                                                                        S0000001
,,31HOpen CASCADE IGES processor 7.9,13HFilename.iges,                  G0000001
16HOpen CASCADE 7.9,31HOpen CASCADE IGES processor 7.9,32,308,15,308,15,G0000002
,1.,2,2HMM,1,0.01,15H20260925.045045,1.01684E-07,208.482431,4Hroot,,11, G0000003
0,15H20260925.045045,;                                                  G0000004
     186       1       0       0       0       0       0       000000000D0000001
     186       0       0       1       0                               0D0000002
     514       2       0       0       0       0       0       000010000D0000003
     514       0       0       4       1                               0D0000004
     510       6       0       0       0       0       0       000010000D0000005
     510       0       0       1       1                               0D0000006
     192       7       0       0       0       0       0       000010000D0000007
     192       0       0       1       1                               0D0000008
     116       8       0       0       0       0       0       000010400D0000009
     116       0       0       1       0                               0D0000010
     123       9       0       0       0       0       0       000010200D0000011
     123       0       0       1       0                               0D0000012
     123      10       0       0       0       0       0       000010200D0000013
     123       0       0       1       0                               0D0000014
     508      11       0       0       0       0       0       000010000D0000015
     508       0       0       8       1                               0D0000016
     504      19       0       0       0       0       0       000010001D0000017
     504       0       0      25       1                               0D0000018
     110      44       0       0       0       0       0       000010000D0000019
     110       0       0       2       0                               0D0000020
     502      46       0       0       0       0       0       000010000D0000021
     502       0       0      48       1                               0D0000022
     100      94       0       0       0       0      25       000010000D0000023
     100       0       0       1       0                               0D0000024
     124      95       0       0       0       0       0       000000000D0000025
     124       0       0       2       0                               0D0000026
     110      97       0       0       0       0       0       000010000D0000027
     110       0       0       2       0                               0D0000028
     100      99       0       0       0       0      31       000010000D0000029
     100       0       0       1       0                               0D0000030
     124     100       0       0       0       0       0       000000000D0000031
     124       0       0       2       0                               0D0000032
     110     102       0       0       0       0       0       000010000D0000033
     110       0       0       2       0                               0D0000034
     100     104       0       0       0       0      37       000010000D0000035
     100       0       0       2       0                               0D0000036
     124     106       0       0       0       0       0       000000000D0000037
     124       0       0       2       0                               0D0000038
     110     108       0       0       0       0       0       000010000D0000039
     110       0       0       2       0                               0D0000040
     100     110       0       0       0       0      43       000010000D0000041
     100       0       0       2       0                               0D0000042
     124     112       0       0       0       0       0       000000000D0000043
     124       0       0       2       0                               0D0000044
     110     114       0       0       0       0       0       000010000D0000045
     110       0       0       2       0                               0D0000046
     100     116       0       0       0       0      49       000010000D0000047
     100       0       0       2       0                               0D0000048
     124     118       0       0       0       0       0       000000000D0000049
     124       0       0       2       0                               0D0000050
     110     120       0       0       0       0       0       000010000D0000051
     110       0       0       2       0                               0D0000052
     100     122       0       0       0       0      55       000010000D0000053
     100       0       0       1       0                               0D0000054
     124     123       0       0       0       0       0       000000000D0000055
     124       0       0       2       0                               0D0000056
     110     125       0       0       0       0       0       000010000D0000057
     110       0       0       2       0                               0D0000058
     126     127       0       0       0       0       0       000010000D0000059
     126       0       0      42       0                               0D0000060
     110     169       0       0       0       0       0       000010000D0000061
     110       0       0       2       0                               0D0000062
     126     171       0       0       0       0       0       000010000D0000063
     126       0       0      42       0                               0D0000064
     110     213       0       0       0       0       0       000010000D0000065
     110       0       0       2       0                               0D0000066
     100     215       0       0       0       0      69       000010000D0000067
     100       0       0       1       0                               0D0000068
     124     216       0       0       0       0       0       000000000D0000069
     124       0       0       2       0                               0D0000070
     126     218       0       0       0       0       0       000010000D0000071
     126       0       0      20       0                               0D0000072
     126     238       0       0       0       0       0       000010000D0000073
     126       0       0      20       0                               0D0000074
     126     258       0       0       0       0       0       000010000D0000075
     126       0       0      20       0                               0D0000076
     126     278       0       0       0       0       0       000010000D0000077
     126       0       0      19       0                               0D0000078
     100     297       0       0       0       0      81       000010000D0000079
     100       0       0       1       0                               0D0000080
     124     298       0       0       0       0       0       000000000D0000081
     124       0       0       2       0                               0D0000082
     126     300       0       0       0       0       0       000010000D0000083
     126       0       0      51       0                               0D0000084
     126     351       0       0       0       0       0       000010000D0000085
     126       0       0      50       0                               0D0000086
     126     401       0       0       0       0       0       000010000D0000087
     126       0       0      50       0                               0D0000088
     126     451       0       0       0       0       0       000010000D0000089
     126       0       0      51       0                               0D0000090
     126     502       0       0       0       0       0       000010000D0000091
     126       0       0      51       0                               0D0000092
     126     553       0       0       0       0       0       000010000D0000093
     126       0       0      51       0                               0D0000094
     126     604       0       0       0       0       0       000010000D0000095
     126       0       0      50       0                               0D0000096
     126     654       0       0       0       0       0       000010000D0000097
     126       0       0      52       0                               0D0000098
     126     706       0       0       0       0       0       000010000D0000099
     126       0       0      47       0                               0D0000100
     126     753       0       0       0       0       0       000010000D0000101
     126       0       0      84       0                               0D0000102
     126     837       0       0       0       0       0       000010000D0000103
     126       0       0      85       0                               0D0000104
     126     922       0       0       0       0       0       000010000D0000105
     126       0       0      51       0                               0D0000106
     126     973       0       0       0       0       0       000010000D0000107
     126       0       0      52       0                               0D0000108
     126    1025       0       0       0       0       0       000010000D0000109
     126       0       0      46       0                               0D0000110
     110    1071       0       0       0       0       0       000010000D0000111
     110       0       0       2       0                               0D0000112
     126    1073       0       0       0       0       0       000010000D0000113
     126       0       0      52       0                               0D0000114
     110    1125       0       0       0       0       0       000010000D0000115
     110       0       0       2       0                               0D0000116
     110    1127       0       0       0       0       0       000010000D0000117
     110       0       0       2       0                               0D0000118
     100    1129       0       0       0       0     121       000010000D0000119
     100       0       0       1       0                               0D0000120
     124    1130       0       0       0       0       0       000000000D0000121
     124       0       0       2       0                               0D0000122
     110    1132       0       0       0       0       0       000010000D0000123
     110       0       0       2       0                               0D0000124
     100    1134       0       0       0       0     127       000010000D0000125
     100       0       0       1       0                               0D0000126
     124    1135       0       0       0       0       0       000000000D0000127
     124       0       0       2       0                               0D0000128
     110    1137       0       0       0       0       0       000010000D0000129
     110       0       0       2       0                               0D0000130
     100    1139       0       0       0       0     133       000010000D0000131
     100       0       0       2       0                               0D0000132
     124    1141       0       0       0       0       0       000000000D0000133
     124       0       0       2       0                               0D0000134
     110    1143       0       0       0       0       0       000010000D0000135
     110       0       0       2       0                               0D0000136
     100    1145       0       0       0       0     139       000010000D0000137
     100       0       0       2       0                               0D0000138
     124    1147       0       0       0       0       0       000000000D0000139
     124       0       0       2       0                               0D0000140
     110    1149       0       0       0       0       0       000010000D0000141
     110       0       0       2       0                               0D0000142
     100    1151       0       0       0       0     145       000010000D0000143
     100       0       0       1       0                               0D0000144
     124    1152       0       0       0       0       0       000000000D0000145
     124       0       0       2       0                               0D0000146
     110    1154       0       0       0       0       0       000010000D0000147
     110       0       0       2       0                               0D0000148
     100    1156       0       0       0       0     151       000010000D0000149
     100       0       0       1       0                               0D0000150
     124    1157       0       0       0       0       0       000000000D0000151
     124       0       0       2       0                               0D0000152
     110    1159       0       0       0       0       0       000010000D0000153
     110       0       0       2       0                               0D0000154
     126    1161       0       0       0       0       0       000010000D0000155
     126       0       0      42       0                               0D0000156
     110    1203       0       0       0       0       0       000010000D0000157
     110       0       0       2       0                               0D0000158
     126    1205       0       0       0       0       0       000010000D0000159
     126       0       0      42       0                               0D0000160
     110    1247       0       0       0       0       0       000010000D0000161
     110       0       0       2       0                               0D0000162
     100    1249       0       0       0       0     165       000010000D0000163
     100       0       0       1       0                               0D0000164
     124    1250       0       0       0       0       0       000000000D0000165
     124       0       0       2       0                               0D0000166
     126    1252       0       0       0       0       0       000010000D0000167
     126       0       0      20       0                               0D0000168
     126    1272       0       0       0       0       0       000010000D0000169
     126       0       0      20       0                               0D0000170
     126    1292       0       0       0       0       0       000010000D0000171
     126       0       0      20       0                               0D0000172
     126    1312       0       0       0       0       0       000010000D0000173
     126       0       0      20       0                               0D0000174
     100    1332       0       0       0       0     177       000010000D0000175
     100       0       0       1       0                               0D0000176
     124    1333       0       0       0       0       0       000000000D0000177
     124       0       0       2       0                               0D0000178
     126    1335       0       0       0       0       0       000010000D0000179
     126       0       0      51       0                               0D0000180
     126    1386       0       0       0       0       0       000010000D0000181
     126       0       0      51       0                               0D0000182
     126    1437       0       0       0       0       0       000010000D0000183
     126       0       0      51       0                               0D0000184
     126    1488       0       0       0       0       0       000010000D0000185
     126       0       0      51       0                               0D0000186
     126    1539       0       0       0       0       0       000010000D0000187
     126       0       0      51       0                               0D0000188
     126    1590       0       0       0       0       0       000010000D0000189
     126       0       0      51       0                               0D0000190
     126    1641       0       0       0       0       0       000010000D0000191
     126       0       0      51       0                               0D0000192
     126    1692       0       0       0       0       0       000010000D0000193
     126       0       0      53       0                               0D0000194
     126    1745       0       0       0       0       0       000010000D0000195
     126       0       0      47       0                               0D0000196
     126    1792       0       0       0       0       0       000010000D0000197
     126       0       0      84       0                               0D0000198
     126    1876       0       0       0       0       0       000010000D0000199
     126       0       0      84       0                               0D0000200
     126    1960       0       0       0       0       0       000010000D0000201
     126       0       0      51       0                               0D0000202
     126    2011       0       0       0       0       0       000010000D0000203
     126       0       0      46       0                               0D0000204
     110    2057       0       0       0       0       0       000010000D0000205
     110       0       0       2       0                               0D0000206
     110    2059       0       0       0       0       0       000010000D0000207
     110       0       0       2       0                               0D0000208
     110    2061       0       0       0       0       0       000010000D0000209
     110       0       0       2       0                               0D0000210
     110    2063       0       0       0       0       0       000010000D0000211
     110       0       0       2       0                               0D0000212
     110    2065       0       0       0       0       0       000010000D0000213
     110       0       0       2       0                               0D0000214
     110    2067       0       0       0       0       0       000010000D0000215
     110       0       0       2       0                               0D0000216
     110    2069       0       0       0       0       0       000010000D0000217
     110       0       0       2       0                               0D0000218
     110    2071       0       0       0       0       0       000010000D0000219
     110       0       0       2       0                               0D0000220
     110    2073       0       0       0       0       0       000010000D0000221
     110       0       0       2       0                               0D0000222
     110    2075       0       0       0       0       0       000010000D0000223
     110       0       0       2       0                               0D0000224
     110    2077       0       0       0       0       0       000010000D0000225
     110       0       0       2       0                               0D0000226
     110    2079       0       0       0       0       0       000010000D0000227
     110       0       0       2       0                               0D0000228
     110    2081       0       0       0       0       0       000010000D0000229
     110       0       0       2       0                               0D0000230
     110    2083       0       0       0       0       0       000010000D0000231
     110       0       0       2       0                               0D0000232
     110    2085       0       0       0       0       0       000010000D0000233
     110       0       0       2       0                               0D0000234
     110    2087       0       0       0       0       0       000010000D0000235
     110       0       0       2       0                               0D0000236
     110    2089       0       0       0       0       0       000010000D0000237
     110       0       0       2       0                               0D0000238
     110    2091       0       0       0       0       0       000010000D0000239
     110       0       0       2       0                               0D0000240
     110    2093       0       0       0       0       0       000010000D0000241
     110       0       0       2       0                               0D0000242
     110    2095       0       0       0       0       0       000010000D0000243
     110       0       0       2       0                               0D0000244
     110    2097       0       0       0       0       0       000010000D0000245
     110       0       0       2       0                               0D0000246
     110    2099       0       0       0       0       0       000010000D0000247
     110       0       0       2       0                               0D0000248
     110    2101       0       0       0       0       0       000010000D0000249
     110       0       0       2       0                               0D0000250
     110    2103       0       0       0       0       0       000010000D0000251
     110       0       0       2       0                               0D0000252
     110    2105       0       0       0       0       0       000010000D0000253
     110       0       0       2       0                               0D0000254
     110    2107       0       0       0       0       0       000010000D0000255
     110       0       0       2       0                               0D0000256
     110    2109       0       0       0       0       0       000010000D0000257
     110       0       0       1       0                               0D0000258
     110    2110       0       0       0       0       0       000010000D0000259
     110       0       0       1       0                               0D0000260
     110    2111       0       0       0       0       0       000010000D0000261
     110       0       0       1       0                               0D0000262
     110    2112       0       0       0       0       0       000010000D0000263
     110       0       0       1       0                               0D0000264
     110    2113       0       0       0       0       0       000010000D0000265
     110       0       0       1       0                               0D0000266
     110    2114       0       0       0       0       0       000010000D0000267
     110       0       0       1       0                               0D0000268
     110    2115       0       0       0       0       0       000010000D0000269
     110       0       0       1       0                               0D0000270
     110    2116       0       0       0       0       0       000010000D0000271
     110       0       0       1       0                               0D0000272
     110    2117       0       0       0       0       0       000010000D0000273
     110       0       0       1       0                               0D0000274
     110    2118       0       0       0       0       0       000010000D0000275
     110       0       0       1       0                               0D0000276
     110    2119       0       0       0       0       0       000010000D0000277
     110       0       0       1       0                               0D0000278
     110    2120       0       0       0       0       0       000010000D0000279
     110       0       0       1       0                               0D0000280
     110    2121       0       0       0       0       0       000010000D0000281
     110       0       0       1       0                               0D0000282
     126    2122       0       0       0       0       0       000010000D0000283
     126       0       0      32       0                               0D0000284
     110    2154       0       0       0       0       0       000010000D0000285
     110       0       0       1       0                               0D0000286
     126    2155       0       0       0       0       0       000010000D0000287
     126       0       0      32       0                               0D0000288
     110    2187       0       0       0       0       0       000010000D0000289
     110       0       0       1       0                               0D0000290
     110    2188       0       0       0       0       0       000010000D0000291
     110       0       0       1       0                               0D0000292
     110    2189       0       0       0       0       0       000010000D0000293
     110       0       0       1       0                               0D0000294
     126    2190       0       0       0       0       0       000010000D0000295
     126       0       0      15       0                               0D0000296
     126    2205       0       0       0       0       0       000010000D0000297
     126       0       0      15       0                               0D0000298
     110    2220       0       0       0       0       0       000010000D0000299
     110       0       0       1       0                               0D0000300
     126    2221       0       0       0       0       0       000010000D0000301
     126       0       0      15       0                               0D0000302
     126    2236       0       0       0       0       0       000010000D0000303
     126       0       0      15       0                               0D0000304
     110    2251       0       0       0       0       0       000010000D0000305
     110       0       0       1       0                               0D0000306
     110    2252       0       0       0       0       0       000010000D0000307
     110       0       0       1       0                               0D0000308
     508    2253       0       0       0       0       0       000010000D0000309
     508       0       0       1       1                               0D0000310
     126    2254       0       0       0       0       0       000010000D0000311
     126       0       0      42       0                               0D0000312
     508    2296       0       0       0       0       0       000010000D0000313
     508       0       0       1       1                               0D0000314
     126    2297       0       0       0       0       0       000010000D0000315
     126       0       0      38       0                               0D0000316
     508    2335       0       0       0       0       0       000010000D0000317
     508       0       0       1       1                               0D0000318
     126    2336       0       0       0       0       0       000010000D0000319
     126       0       0      38       0                               0D0000320
     508    2374       0       0       0       0       0       000010000D0000321
     508       0       0       1       1                               0D0000322
     126    2375       0       0       0       0       0       000010000D0000323
     126       0       0      38       0                               0D0000324
     508    2413       0       0       0       0       0       000010000D0000325
     508       0       0       1       1                               0D0000326
     126    2414       0       0       0       0       0       000010000D0000327
     126       0       0      38       0                               0D0000328
     508    2452       0       0       0       0       0       000010000D0000329
     508       0       0       1       1                               0D0000330
     126    2453       0       0       0       0       0       000010000D0000331
     126       0       0      38       0                               0D0000332
     508    2491       0       0       0       0       0       000010000D0000333
     508       0       0       1       1                               0D0000334
     126    2492       0       0       0       0       0       000010000D0000335
     126       0       0      38       0                               0D0000336
     508    2530       0       0       0       0       0       000010000D0000337
     508       0       0       1       1                               0D0000338
     126    2531       0       0       0       0       0       000010000D0000339
     126       0       0      54       0                               0D0000340
     126    2585       0       0       0       0       0       000010000D0000341
     126       0       0      54       0                               0D0000342
     508    2639       0       0       0       0       0       000010000D0000343
     508       0       0       1       1                               0D0000344
     126    2640       0       0       0       0       0       000010000D0000345
     126       0       0      64       0                               0D0000346
     508    2704       0       0       0       0       0       000010000D0000347
     508       0       0       1       1                               0D0000348
     126    2705       0       0       0       0       0       000010000D0000349
     126       0       0      64       0                               0D0000350
     508    2769       0       0       0       0       0       000010000D0000351
     508       0       0       1       1                               0D0000352
     126    2770       0       0       0       0       0       000010000D0000353
     126       0       0      38       0                               0D0000354
     508    2808       0       0       0       0       0       000010000D0000355
     508       0       0       1       1                               0D0000356
     126    2809       0       0       0       0       0       000010000D0000357
     126       0       0      53       0                               0D0000358
     126    2862       0       0       0       0       0       000010000D0000359
     126       0       0      53       0                               0D0000360
     510    2915       0       0       0       0       0       000010000D0000361
     510       0       0       1       1                               0D0000362
     192    2916       0       0       0       0       0       000010000D0000363
     192       0       0       1       1                               0D0000364
     116    2917       0       0       0       0       0       000010400D0000365
     116       0       0       1       0                               0D0000366
     123    2918       0       0       0       0       0       000010200D0000367
     123       0       0       1       0                               0D0000368
     123    2919       0       0       0       0       0       000010200D0000369
     123       0       0       1       0                               0D0000370
     508    2920       0       0       0       0       0       000010000D0000371
     508       0       0       2       1                               0D0000372
     110    2922       0       0       0       0       0       000010000D0000373
     110       0       0       2       0                               0D0000374
     126    2924       0       0       0       0       0       000010000D0000375
     126       0       0      53       0                               0D0000376
     110    2977       0       0       0       0       0       000010000D0000377
     110       0       0       2       0                               0D0000378
     126    2979       0       0       0       0       0       000010000D0000379
     126       0       0      53       0                               0D0000380
     510    3032       0       0       0       0       0       000010000D0000381
     510       0       0       2       1                               0D0000382
     192    3034       0       0       0       0       0       000010000D0000383
     192       0       0       1       1                               0D0000384
     116    3035       0       0       0       0       0       000010400D0000385
     116       0       0       1       0                               0D0000386
     123    3036       0       0       0       0       0       000010200D0000387
     123       0       0       1       0                               0D0000388
     123    3037       0       0       0       0       0       000010200D0000389
     123       0       0       1       0                               0D0000390
     508    3038       0       0       0       0       0       000010000D0000391
     508       0       0       8       1                               0D0000392
     110    3046       0       0       0       0       0       000010000D0000393
     110       0       0       1       0                               0D0000394
     110    3047       0       0       0       0       0       000010000D0000395
     110       0       0       1       0                               0D0000396
     110    3048       0       0       0       0       0       000010000D0000397
     110       0       0       1       0                               0D0000398
     110    3049       0       0       0       0       0       000010000D0000399
     110       0       0       1       0                               0D0000400
     110    3050       0       0       0       0       0       000010000D0000401
     110       0       0       1       0                               0D0000402
     110    3051       0       0       0       0       0       000010000D0000403
     110       0       0       1       0                               0D0000404
     110    3052       0       0       0       0       0       000010000D0000405
     110       0       0       1       0                               0D0000406
     110    3053       0       0       0       0       0       000010000D0000407
     110       0       0       1       0                               0D0000408
     110    3054       0       0       0       0       0       000010000D0000409
     110       0       0       1       0                               0D0000410
     110    3055       0       0       0       0       0       000010000D0000411
     110       0       0       1       0                               0D0000412
     110    3056       0       0       0       0       0       000010000D0000413
     110       0       0       1       0                               0D0000414
     110    3057       0       0       0       0       0       000010000D0000415
     110       0       0       1       0                               0D0000416
     110    3058       0       0       0       0       0       000010000D0000417
     110       0       0       1       0                               0D0000418
     126    3059       0       0       0       0       0       000010000D0000419
     126       0       0      32       0                               0D0000420
     110    3091       0       0       0       0       0       000010000D0000421
     110       0       0       1       0                               0D0000422
     126    3092       0       0       0       0       0       000010000D0000423
     126       0       0      32       0                               0D0000424
     110    3124       0       0       0       0       0       000010000D0000425
     110       0       0       1       0                               0D0000426
     110    3125       0       0       0       0       0       000010000D0000427
     110       0       0       1       0                               0D0000428
     110    3126       0       0       0       0       0       000010000D0000429
     110       0       0       1       0                               0D0000430
     126    3127       0       0       0       0       0       000010000D0000431
     126       0       0      15       0                               0D0000432
     126    3142       0       0       0       0       0       000010000D0000433
     126       0       0      15       0                               0D0000434
     110    3157       0       0       0       0       0       000010000D0000435
     110       0       0       1       0                               0D0000436
     126    3158       0       0       0       0       0       000010000D0000437
     126       0       0      15       0                               0D0000438
     126    3173       0       0       0       0       0       000010000D0000439
     126       0       0      15       0                               0D0000440
     110    3188       0       0       0       0       0       000010000D0000441
     110       0       0       1       0                               0D0000442
     110    3189       0       0       0       0       0       000010000D0000443
     110       0       0       1       0                               0D0000444
     508    3190       0       0       0       0       0       000010000D0000445
     508       0       0       1       1                               0D0000446
     126    3191       0       0       0       0       0       000010000D0000447
     126       0       0      41       0                               0D0000448
     508    3232       0       0       0       0       0       000010000D0000449
     508       0       0       1       1                               0D0000450
     126    3233       0       0       0       0       0       000010000D0000451
     126       0       0      38       0                               0D0000452
     508    3271       0       0       0       0       0       000010000D0000453
     508       0       0       1       1                               0D0000454
     126    3272       0       0       0       0       0       000010000D0000455
     126       0       0      38       0                               0D0000456
     508    3310       0       0       0       0       0       000010000D0000457
     508       0       0       1       1                               0D0000458
     126    3311       0       0       0       0       0       000010000D0000459
     126       0       0      38       0                               0D0000460
     508    3349       0       0       0       0       0       000010000D0000461
     508       0       0       1       1                               0D0000462
     126    3350       0       0       0       0       0       000010000D0000463
     126       0       0      38       0                               0D0000464
     508    3388       0       0       0       0       0       000010000D0000465
     508       0       0       1       1                               0D0000466
     126    3389       0       0       0       0       0       000010000D0000467
     126       0       0      38       0                               0D0000468
     508    3427       0       0       0       0       0       000010000D0000469
     508       0       0       1       1                               0D0000470
     126    3428       0       0       0       0       0       000010000D0000471
     126       0       0      38       0                               0D0000472
     508    3466       0       0       0       0       0       000010000D0000473
     508       0       0       1       1                               0D0000474
     126    3467       0       0       0       0       0       000010000D0000475
     126       0       0      54       0                               0D0000476
     126    3521       0       0       0       0       0       000010000D0000477
     126       0       0      54       0                               0D0000478
     508    3575       0       0       0       0       0       000010000D0000479
     508       0       0       1       1                               0D0000480
     126    3576       0       0       0       0       0       000010000D0000481
     126       0       0      64       0                               0D0000482
     508    3640       0       0       0       0       0       000010000D0000483
     508       0       0       1       1                               0D0000484
     126    3641       0       0       0       0       0       000010000D0000485
     126       0       0      64       0                               0D0000486
     508    3705       0       0       0       0       0       000010000D0000487
     508       0       0       1       1                               0D0000488
     126    3706       0       0       0       0       0       000010000D0000489
     126       0       0      38       0                               0D0000490
     508    3744       0       0       0       0       0       000010000D0000491
     508       0       0       1       1                               0D0000492
     126    3745       0       0       0       0       0       000010000D0000493
     126       0       0      53       0                               0D0000494
     126    3798       0       0       0       0       0       000010000D0000495
     126       0       0      53       0                               0D0000496
     510    3851       0       0       0       0       0       000010000D0000497
     510       0       0       1       1                               0D0000498
     192    3852       0       0       0       0       0       000010000D0000499
     192       0       0       1       1                               0D0000500
     116    3853       0       0       0       0       0       000010400D0000501
     116       0       0       1       0                               0D0000502
     123    3854       0       0       0       0       0       000010200D0000503
     123       0       0       1       0                               0D0000504
     123    3855       0       0       0       0       0       000010200D0000505
     123       0       0       1       0                               0D0000506
     508    3856       0       0       0       0       0       000010000D0000507
     508       0       0       2       1                               0D0000508
     110    3858       0       0       0       0       0       000010000D0000509
     110       0       0       2       0                               0D0000510
     126    3860       0       0       0       0       0       000010000D0000511
     126       0       0      53       0                               0D0000512
     110    3913       0       0       0       0       0       000010000D0000513
     110       0       0       2       0                               0D0000514
     126    3915       0       0       0       0       0       000010000D0000515
     126       0       0      53       0                               0D0000516
     510    3968       0       0       0       0       0       000010000D0000517
     510       0       0       1       1                               0D0000518
     192    3969       0       0       0       0       0       000010000D0000519
     192       0       0       1       1                               0D0000520
     116    3970       0       0       0       0       0       000010400D0000521
     116       0       0       1       0                               0D0000522
     123    3971       0       0       0       0       0       000010200D0000523
     123       0       0       1       0                               0D0000524
     123    3972       0       0       0       0       0       000010200D0000525
     123       0       0       1       0                               0D0000526
     508    3973       0       0       0       0       0       000010000D0000527
     508       0       0       2       1                               0D0000528
     110    3975       0       0       0       0       0       000010000D0000529
     110       0       0       2       0                               0D0000530
     126    3977       0       0       0       0       0       000010000D0000531
     126       0       0      38       0                               0D0000532
     110    4015       0       0       0       0       0       000010000D0000533
     110       0       0       1       0                               0D0000534
     126    4016       0       0       0       0       0       000010000D0000535
     126       0       0      38       0                               0D0000536
     510    4054       0       0       0       0       0       000010000D0000537
     510       0       0       1       1                               0D0000538
     192    4055       0       0       0       0       0       000010000D0000539
     192       0       0       1       1                               0D0000540
     116    4056       0       0       0       0       0       000010400D0000541
     116       0       0       1       0                               0D0000542
     123    4057       0       0       0       0       0       000010200D0000543
     123       0       0       1       0                               0D0000544
     123    4058       0       0       0       0       0       000010200D0000545
     123       0       0       1       0                               0D0000546
     508    4059       0       0       0       0       0       000010000D0000547
     508       0       0       2       1                               0D0000548
     126    4061       0       0       0       0       0       000010000D0000549
     126       0       0      64       0                               0D0000550
     110    4125       0       0       0       0       0       000010000D0000551
     110       0       0       2       0                               0D0000552
     126    4127       0       0       0       0       0       000010000D0000553
     126       0       0      64       0                               0D0000554
     110    4191       0       0       0       0       0       000010000D0000555
     110       0       0       1       0                               0D0000556
     510    4192       0       0       0       0       0       000010000D0000557
     510       0       0       1       1                               0D0000558
     192    4193       0       0       0       0       0       000010000D0000559
     192       0       0       1       1                               0D0000560
     116    4194       0       0       0       0       0       000010400D0000561
     116       0       0       1       0                               0D0000562
     123    4195       0       0       0       0       0       000010200D0000563
     123       0       0       1       0                               0D0000564
     123    4196       0       0       0       0       0       000010200D0000565
     123       0       0       1       0                               0D0000566
     508    4197       0       0       0       0       0       000010000D0000567
     508       0       0       2       1                               0D0000568
     126    4199       0       0       0       0       0       000010000D0000569
     126       0       0      64       0                               0D0000570
     110    4263       0       0       0       0       0       000010000D0000571
     110       0       0       2       0                               0D0000572
     126    4265       0       0       0       0       0       000010000D0000573
     126       0       0      64       0                               0D0000574
     110    4329       0       0       0       0       0       000010000D0000575
     110       0       0       1       0                               0D0000576
     510    4330       0       0       0       0       0       000010000D0000577
     510       0       0       1       1                               0D0000578
     192    4331       0       0       0       0       0       000010000D0000579
     192       0       0       1       1                               0D0000580
     116    4332       0       0       0       0       0       000010400D0000581
     116       0       0       1       0                               0D0000582
     123    4333       0       0       0       0       0       000010200D0000583
     123       0       0       1       0                               0D0000584
     123    4334       0       0       0       0       0       000010200D0000585
     123       0       0       1       0                               0D0000586
     508    4335       0       0       0       0       0       000010000D0000587
     508       0       0       2       1                               0D0000588
     126    4337       0       0       0       0       0       000010000D0000589
     126       0       0      54       0                               0D0000590
     110    4391       0       0       0       0       0       000010000D0000591
     110       0       0       2       0                               0D0000592
     126    4393       0       0       0       0       0       000010000D0000593
     126       0       0      54       0                               0D0000594
     110    4447       0       0       0       0       0       000010000D0000595
     110       0       0       2       0                               0D0000596
     510    4449       0       0       0       0       0       000010000D0000597
     510       0       0       1       1                               0D0000598
     192    4450       0       0       0       0       0       000010000D0000599
     192       0       0       1       1                               0D0000600
     116    4451       0       0       0       0       0       000010400D0000601
     116       0       0       1       0                               0D0000602
     123    4452       0       0       0       0       0       000010200D0000603
     123       0       0       1       0                               0D0000604
     123    4453       0       0       0       0       0       000010200D0000605
     123       0       0       1       0                               0D0000606
     508    4454       0       0       0       0       0       000010000D0000607
     508       0       0       2       1                               0D0000608
     126    4456       0       0       0       0       0       000010000D0000609
     126       0       0      54       0                               0D0000610
     110    4510       0       0       0       0       0       000010000D0000611
     110       0       0       2       0                               0D0000612
     126    4512       0       0       0       0       0       000010000D0000613
     126       0       0      54       0                               0D0000614
     110    4566       0       0       0       0       0       000010000D0000615
     110       0       0       2       0                               0D0000616
     510    4568       0       0       0       0       0       000010000D0000617
     510       0       0       1       1                               0D0000618
     192    4569       0       0       0       0       0       000010000D0000619
     192       0       0       1       1                               0D0000620
     116    4570       0       0       0       0       0       000010400D0000621
     116       0       0       1       0                               0D0000622
     123    4571       0       0       0       0       0       000010200D0000623
     123       0       0       1       0                               0D0000624
     123    4572       0       0       0       0       0       000010200D0000625
     123       0       0       1       0                               0D0000626
     508    4573       0       0       0       0       0       000010000D0000627
     508       0       0       2       1                               0D0000628
     126    4575       0       0       0       0       0       000010000D0000629
     126       0       0      38       0                               0D0000630
     110    4613       0       0       0       0       0       000010000D0000631
     110       0       0       2       0                               0D0000632
     126    4615       0       0       0       0       0       000010000D0000633
     126       0       0      37       0                               0D0000634
     110    4652       0       0       0       0       0       000010000D0000635
     110       0       0       1       0                               0D0000636
     510    4653       0       0       0       0       0       000010000D0000637
     510       0       0       1       1                               0D0000638
     192    4654       0       0       0       0       0       000010000D0000639
     192       0       0       1       1                               0D0000640
     116    4655       0       0       0       0       0       000010400D0000641
     116       0       0       1       0                               0D0000642
     123    4656       0       0       0       0       0       000010200D0000643
     123       0       0       1       0                               0D0000644
     123    4657       0       0       0       0       0       000010200D0000645
     123       0       0       1       0                               0D0000646
     508    4658       0       0       0       0       0       000010000D0000647
     508       0       0       2       1                               0D0000648
     110    4660       0       0       0       0       0       000010000D0000649
     110       0       0       2       0                               0D0000650
     126    4662       0       0       0       0       0       000010000D0000651
     126       0       0      38       0                               0D0000652
     110    4700       0       0       0       0       0       000010000D0000653
     110       0       0       1       0                               0D0000654
     126    4701       0       0       0       0       0       000010000D0000655
     126       0       0      38       0                               0D0000656
     510    4739       0       0       0       0       0       000010000D0000657
     510       0       0       1       1                               0D0000658
     192    4740       0       0       0       0       0       000010000D0000659
     192       0       0       1       1                               0D0000660
     116    4741       0       0       0       0       0       000010400D0000661
     116       0       0       1       0                               0D0000662
     123    4742       0       0       0       0       0       000010200D0000663
     123       0       0       1       0                               0D0000664
     123    4743       0       0       0       0       0       000010200D0000665
     123       0       0       1       0                               0D0000666
     508    4744       0       0       0       0       0       000010000D0000667
     508       0       0       2       1                               0D0000668
     110    4746       0       0       0       0       0       000010000D0000669
     110       0       0       2       0                               0D0000670
     126    4748       0       0       0       0       0       000010000D0000671
     126       0       0      38       0                               0D0000672
     110    4786       0       0       0       0       0       000010000D0000673
     110       0       0       1       0                               0D0000674
     126    4787       0       0       0       0       0       000010000D0000675
     126       0       0      38       0                               0D0000676
     510    4825       0       0       0       0       0       000010000D0000677
     510       0       0       1       1                               0D0000678
     192    4826       0       0       0       0       0       000010000D0000679
     192       0       0       1       1                               0D0000680
     116    4827       0       0       0       0       0       000010400D0000681
     116       0       0       1       0                               0D0000682
     123    4828       0       0       0       0       0       000010200D0000683
     123       0       0       1       0                               0D0000684
     123    4829       0       0       0       0       0       000010200D0000685
     123       0       0       1       0                               0D0000686
     508    4830       0       0       0       0       0       000010000D0000687
     508       0       0       2       1                               0D0000688
     110    4832       0       0       0       0       0       000010000D0000689
     110       0       0       2       0                               0D0000690
     126    4834       0       0       0       0       0       000010000D0000691
     126       0       0      38       0                               0D0000692
     110    4872       0       0       0       0       0       000010000D0000693
     110       0       0       1       0                               0D0000694
     126    4873       0       0       0       0       0       000010000D0000695
     126       0       0      38       0                               0D0000696
     510    4911       0       0       0       0       0       000010000D0000697
     510       0       0       1       1                               0D0000698
     192    4912       0       0       0       0       0       000010000D0000699
     192       0       0       1       1                               0D0000700
     116    4913       0       0       0       0       0       000010400D0000701
     116       0       0       1       0                               0D0000702
     123    4914       0       0       0       0       0       000010200D0000703
     123       0       0       1       0                               0D0000704
     123    4915       0       0       0       0       0       000010200D0000705
     123       0       0       1       0                               0D0000706
     508    4916       0       0       0       0       0       000010000D0000707
     508       0       0       2       1                               0D0000708
     126    4918       0       0       0       0       0       000010000D0000709
     126       0       0      38       0                               0D0000710
     110    4956       0       0       0       0       0       000010000D0000711
     110       0       0       2       0                               0D0000712
     126    4958       0       0       0       0       0       000010000D0000713
     126       0       0      37       0                               0D0000714
     110    4995       0       0       0       0       0       000010000D0000715
     110       0       0       1       0                               0D0000716
     510    4996       0       0       0       0       0       000010000D0000717
     510       0       0       1       1                               0D0000718
     192    4997       0       0       0       0       0       000010000D0000719
     192       0       0       1       1                               0D0000720
     116    4998       0       0       0       0       0       000010400D0000721
     116       0       0       1       0                               0D0000722
     123    4999       0       0       0       0       0       000010200D0000723
     123       0       0       1       0                               0D0000724
     123    5000       0       0       0       0       0       000010200D0000725
     123       0       0       1       0                               0D0000726
     508    5001       0       0       0       0       0       000010000D0000727
     508       0       0       2       1                               0D0000728
     126    5003       0       0       0       0       0       000010000D0000729
     126       0       0      38       0                               0D0000730
     110    5041       0       0       0       0       0       000010000D0000731
     110       0       0       2       0                               0D0000732
     126    5043       0       0       0       0       0       000010000D0000733
     126       0       0      37       0                               0D0000734
     110    5080       0       0       0       0       0       000010000D0000735
     110       0       0       1       0                               0D0000736
     510    5081       0       0       0       0       0       000010000D0000737
     510       0       0       1       1                               0D0000738
     192    5082       0       0       0       0       0       000010000D0000739
     192       0       0       1       1                               0D0000740
     116    5083       0       0       0       0       0       000010400D0000741
     116       0       0       1       0                               0D0000742
     123    5084       0       0       0       0       0       000010200D0000743
     123       0       0       1       0                               0D0000744
     123    5085       0       0       0       0       0       000010200D0000745
     123       0       0       1       0                               0D0000746
     508    5086       0       0       0       0       0       000010000D0000747
     508       0       0       2       1                               0D0000748
     126    5088       0       0       0       0       0       000010000D0000749
     126       0       0      38       0                               0D0000750
     110    5126       0       0       0       0       0       000010000D0000751
     110       0       0       2       0                               0D0000752
     126    5128       0       0       0       0       0       000010000D0000753
     126       0       0      37       0                               0D0000754
     110    5165       0       0       0       0       0       000010000D0000755
     110       0       0       1       0                               0D0000756
     510    5166       0       0       0       0       0       000010000D0000757
     510       0       0       1       1                               0D0000758
     190    5167       0       0       0       0       0       000010000D0000759
     190       0       0       1       1                               0D0000760
     116    5168       0       0       0       0       0       000010400D0000761
     116       0       0       1       0                               0D0000762
     123    5169       0       0       0       0       0       000010200D0000763
     123       0       0       1       0                               0D0000764
     123    5170       0       0       0       0       0       000010200D0000765
     123       0       0       1       0                               0D0000766
     508    5171       0       0       0       0       0       000010000D0000767
     508       0       0       1       1                               0D0000768
     510    5172       0       0       0       0       0       000010000D0000769
     510       0       0       1       1                               0D0000770
     190    5173       0       0       0       0       0       000010000D0000771
     190       0       0       1       1                               0D0000772
     116    5174       0       0       0       0       0       000010400D0000773
     116       0       0       1       0                               0D0000774
     123    5175       0       0       0       0       0       000010200D0000775
     123       0       0       1       0                               0D0000776
     123    5176       0       0       0       0       0       000010200D0000777
     123       0       0       1       0                               0D0000778
     508    5177       0       0       0       0       0       000010000D0000779
     508       0       0       1       1                               0D0000780
     510    5178       0       0       0       0       0       000010000D0000781
     510       0       0       1       1                               0D0000782
     190    5179       0       0       0       0       0       000010000D0000783
     190       0       0       1       1                               0D0000784
     116    5180       0       0       0       0       0       000010400D0000785
     116       0       0       1       0                               0D0000786
     123    5181       0       0       0       0       0       000010200D0000787
     123       0       0       1       0                               0D0000788
     123    5182       0       0       0       0       0       000010200D0000789
     123       0       0       1       0                               0D0000790
     508    5183       0       0       0       0       0       000010000D0000791
     508       0       0       1       1                               0D0000792
     510    5184       0       0       0       0       0       000010000D0000793
     510       0       0       1       1                               0D0000794
     190    5185       0       0       0       0       0       000010000D0000795
     190       0       0       1       1                               0D0000796
     116    5186       0       0       0       0       0       000010400D0000797
     116       0       0       1       0                               0D0000798
     123    5187       0       0       0       0       0       000010200D0000799
     123       0       0       1       0                               0D0000800
     123    5188       0       0       0       0       0       000010200D0000801
     123       0       0       1       0                               0D0000802
     508    5189       0       0       0       0       0       000010000D0000803
     508       0       0       1       1                               0D0000804
     510    5190       0       0       0       0       0       000010000D0000805
     510       0       0       1       1                               0D0000806
     190    5191       0       0       0       0       0       000010000D0000807
     190       0       0       1       1                               0D0000808
     116    5192       0       0       0       0       0       000010400D0000809
     116       0       0       1       0                               0D0000810
     123    5193       0       0       0       0       0       000010200D0000811
     123       0       0       1       0                               0D0000812
     123    5194       0       0       0       0       0       000010200D0000813
     123       0       0       1       0                               0D0000814
     508    5195       0       0       0       0       0       000010000D0000815
     508       0       0       1       1                               0D0000816
     510    5196       0       0       0       0       0       000010000D0000817
     510       0       0       1       1                               0D0000818
     190    5197       0       0       0       0       0       000010000D0000819
     190       0       0       1       1                               0D0000820
     116    5198       0       0       0       0       0       000010400D0000821
     116       0       0       1       0                               0D0000822
     123    5199       0       0       0       0       0       000010200D0000823
     123       0       0       1       0                               0D0000824
     123    5200       0       0       0       0       0       000010200D0000825
     123       0       0       1       0                               0D0000826
     508    5201       0       0       0       0       0       000010000D0000827
     508       0       0       1       1                               0D0000828
     510    5202       0       0       0       0       0       000010000D0000829
     510       0       0       1       1                               0D0000830
     190    5203       0       0       0       0       0       000010000D0000831
     190       0       0       1       1                               0D0000832
     116    5204       0       0       0       0       0       000010400D0000833
     116       0       0       1       0                               0D0000834
     123    5205       0       0       0       0       0       000010200D0000835
     123       0       0       1       0                               0D0000836
     123    5206       0       0       0       0       0       000010200D0000837
     123       0       0       1       0                               0D0000838
     508    5207       0       0       0       0       0       000010000D0000839
     508       0       0       1       1                               0D0000840
     510    5208       0       0       0       0       0       000010000D0000841
     510       0       0       1       1                               0D0000842
     190    5209       0       0       0       0       0       000010000D0000843
     190       0       0       1       1                               0D0000844
     116    5210       0       0       0       0       0       000010400D0000845
     116       0       0       1       0                               0D0000846
     123    5211       0       0       0       0       0       000010200D0000847
     123       0       0       1       0                               0D0000848
     123    5212       0       0       0       0       0       000010200D0000849
     123       0       0       1       0                               0D0000850
     508    5213       0       0       0       0       0       000010000D0000851
     508       0       0       1       1                               0D0000852
     510    5214       0       0       0       0       0       000010000D0000853
     510       0       0       1       1                               0D0000854
     190    5215       0       0       0       0       0       000010000D0000855
     190       0       0       1       1                               0D0000856
     116    5216       0       0       0       0       0       000010400D0000857
     116       0       0       1       0                               0D0000858
     123    5217       0       0       0       0       0       000010200D0000859
     123       0       0       1       0                               0D0000860
     123    5218       0       0       0       0       0       000010200D0000861
     123       0       0       1       0                               0D0000862
     508    5219       0       0       0       0       0       000010000D0000863
     508       0       0       1       1                               0D0000864
     510    5220       0       0       0       0       0       000010000D0000865
     510       0       0       1       1                               0D0000866
     190    5221       0       0       0       0       0       000010000D0000867
     190       0       0       1       1                               0D0000868
     116    5222       0       0       0       0       0       000010400D0000869
     116       0       0       1       0                               0D0000870
     123    5223       0       0       0       0       0       000010200D0000871
     123       0       0       1       0                               0D0000872
     123    5224       0       0       0       0       0       000010200D0000873
     123       0       0       1       0                               0D0000874
     508    5225       0       0       0       0       0       000010000D0000875
     508       0       0       1       1                               0D0000876
     510    5226       0       0       0       0       0       000010000D0000877
     510       0       0       1       1                               0D0000878
     190    5227       0       0       0       0       0       000010000D0000879
     190       0       0       1       1                               0D0000880
     116    5228       0       0       0       0       0       000010400D0000881
     116       0       0       1       0                               0D0000882
     123    5229       0       0       0       0       0       000010200D0000883
     123       0       0       1       0                               0D0000884
     123    5230       0       0       0       0       0       000010200D0000885
     123       0       0       1       0                               0D0000886
     508    5231       0       0       0       0       0       000010000D0000887
     508       0       0       1       1                               0D0000888
     510    5232       0       0       0       0       0       000010000D0000889
     510       0       0       1       1                               0D0000890
     190    5233       0       0       0       0       0       000010000D0000891
     190       0       0       1       1                               0D0000892
     116    5234       0       0       0       0       0       000010400D0000893
     116       0       0       1       0                               0D0000894
     123    5235       0       0       0       0       0       000010200D0000895
     123       0       0       1       0                               0D0000896
     123    5236       0       0       0       0       0       000010200D0000897
     123       0       0       1       0                               0D0000898
     508    5237       0       0       0       0       0       000010000D0000899
     508       0       0       1       1                               0D0000900
     508    5238       0       0       0       0       0       000010000D0000901
     508       0       0       1       1                               0D0000902
     510    5239       0       0       0       0       0       000010000D0000903
     510       0       0       1       1                               0D0000904
     192    5240       0       0       0       0       0       000010000D0000905
     192       0       0       1       1                               0D0000906
     116    5241       0       0       0       0       0       000010400D0000907
     116       0       0       1       0                               0D0000908
     123    5242       0       0       0       0       0       000010200D0000909
     123       0       0       1       0                               0D0000910
     123    5243       0       0       0       0       0       000010200D0000911
     123       0       0       1       0                               0D0000912
     508    5244       0       0       0       0       0       000010000D0000913
     508       0       0       3       1                               0D0000914
     126    5247       0       0       0       0       0       000010000D0000915
     126       0       0      31       0                               0D0000916
     126    5278       0       0       0       0       0       000010000D0000917
     126       0       0      15       0                               0D0000918
     110    5293       0       0       0       0       0       000010000D0000919
     110       0       0       2       0                               0D0000920
     126    5295       0       0       0       0       0       000010000D0000921
     126       0       0      15       0                               0D0000922
     126    5310       0       0       0       0       0       000010000D0000923
     126       0       0      31       0                               0D0000924
     126    5341       0       0       0       0       0       000010000D0000925
     126       0       0      15       0                               0D0000926
     110    5356       0       0       0       0       0       000010000D0000927
     110       0       0       1       0                               0D0000928
     126    5357       0       0       0       0       0       000010000D0000929
     126       0       0      15       0                               0D0000930
     510    5372       0       0       0       0       0       000010000D0000931
     510       0       0       1       1                               0D0000932
     192    5373       0       0       0       0       0       000010000D0000933
     192       0       0       1       1                               0D0000934
     116    5374       0       0       0       0       0       000010400D0000935
     116       0       0       1       0                               0D0000936
     123    5375       0       0       0       0       0       000010200D0000937
     123       0       0       1       0                               0D0000938
     123    5376       0       0       0       0       0       000010200D0000939
     123       0       0       1       0                               0D0000940
     508    5377       0       0       0       0       0       000010000D0000941
     508       0       0       3       1                               0D0000942
     126    5380       0       0       0       0       0       000010000D0000943
     126       0       0      31       0                               0D0000944
     126    5411       0       0       0       0       0       000010000D0000945
     126       0       0      15       0                               0D0000946
     110    5426       0       0       0       0       0       000010000D0000947
     110       0       0       2       0                               0D0000948
     126    5428       0       0       0       0       0       000010000D0000949
     126       0       0      15       0                               0D0000950
     126    5443       0       0       0       0       0       000010000D0000951
     126       0       0      31       0                               0D0000952
     126    5474       0       0       0       0       0       000010000D0000953
     126       0       0      15       0                               0D0000954
     110    5489       0       0       0       0       0       000010000D0000955
     110       0       0       1       0                               0D0000956
     126    5490       0       0       0       0       0       000010000D0000957
     126       0       0      15       0                               0D0000958
     510    5505       0       0       0       0       0       000010000D0000959
     510       0       0       1       1                               0D0000960
     190    5506       0       0       0       0       0       000010000D0000961
     190       0       0       1       1                               0D0000962
     116    5507       0       0       0       0       0       000010400D0000963
     116       0       0       1       0                               0D0000964
     123    5508       0       0       0       0       0       000010200D0000965
     123       0       0       1       0                               0D0000966
     123    5509       0       0       0       0       0       000010200D0000967
     123       0       0       1       0                               0D0000968
     508    5510       0       0       0       0       0       000010000D0000969
     508       0       0       2       1                               0D0000970
186,3,1,0;                                                       0000001P0000001
514,31,5,1,361,0,381,0,497,0,517,0,537,0,557,0,577,0,597,0,617,  0000003P0000002
0,637,0,657,0,677,0,697,0,717,0,737,0,757,1,769,0,781,0,793,0,   0000003P0000003
805,1,817,0,829,0,841,0,853,1,865,0,877,0,889,1,903,0,931,0,959, 0000003P0000004
0;                                                               0000003P0000005
510,7,13,1,15,309,313,317,321,325,329,333,337,343,347,351,355;   0000005P0000006
192,9,11,31.75,13;                                               0000007P0000007
116,-180.068265406,0.,5.775042675,0;                             0000009P0000008
123,-0.446197813,-0.,-0.894934362;                               0000011P0000009
123,0.894934362,0.,-0.446197813;                                 0000013P0000010
508,26,0,17,1,0,1,0,257,0,17,2,0,1,0,259,0,17,3,1,1,0,261,0,17,  0000015P0000011
4,1,1,0,263,0,17,5,0,1,0,265,0,17,6,0,1,0,267,0,17,7,1,1,0,269,  0000015P0000012
0,17,8,1,1,0,271,0,17,9,0,1,0,273,0,17,10,0,1,0,275,0,17,11,1,1, 0000015P0000013
0,277,0,17,12,1,1,0,279,0,17,13,1,1,0,281,0,17,14,0,1,0,283,0,   0000015P0000014
17,15,1,1,0,285,0,17,16,0,1,0,287,0,17,17,1,1,0,289,0,17,18,0,1, 0000015P0000015
0,291,0,17,17,0,1,0,293,0,17,19,0,1,0,295,0,17,20,0,1,0,297,0,   0000015P0000016
17,15,0,1,0,299,0,17,21,0,1,0,301,0,17,22,0,1,0,303,0,17,13,0,1, 0000015P0000017
0,305,0,17,23,1,1,0,307;                                         0000015P0000018
504,102,19,21,1,21,2,23,21,3,21,1,27,21,3,21,4,29,21,4,21,5,33,  0000017P0000019
21,6,21,5,35,21,7,21,6,39,21,7,21,8,41,21,8,21,9,45,21,10,21,9,  0000017P0000020
47,21,11,21,10,51,21,11,21,12,53,21,12,21,13,57,21,13,21,14,59,  0000017P0000021
21,15,21,14,61,21,15,21,16,63,21,17,21,16,65,21,17,21,18,67,21,  0000017P0000022
18,21,18,71,21,19,21,17,73,21,16,21,19,75,21,20,21,15,77,21,14,  0000017P0000023
21,20,79,21,13,21,2,83,21,21,21,21,85,21,22,21,22,87,21,23,21,   0000017P0000024
23,89,21,24,21,24,91,21,25,21,25,93,21,26,21,26,95,21,27,21,27,  0000017P0000025
97,21,28,21,29,99,21,29,21,28,101,21,30,21,30,103,21,31,21,31,   0000017P0000026
105,21,32,21,32,107,21,33,21,34,109,21,34,21,33,111,21,34,21,35, 0000017P0000027
113,21,36,21,35,115,21,33,21,36,117,21,37,21,38,119,21,39,21,37, 0000017P0000028
123,21,39,21,40,125,21,40,21,41,129,21,42,21,41,131,21,43,21,42, 0000017P0000029
135,21,43,21,44,137,21,44,21,45,141,21,46,21,45,143,21,47,21,46, 0000017P0000030
147,21,47,21,48,149,21,48,21,49,153,21,49,21,50,155,21,51,21,50, 0000017P0000031
157,21,51,21,52,159,21,53,21,52,161,21,53,21,54,163,21,54,21,54, 0000017P0000032
167,21,55,21,53,169,21,52,21,55,171,21,56,21,51,173,21,50,21,56, 0000017P0000033
175,21,49,21,38,179,21,57,21,57,181,21,58,21,58,183,21,59,21,59, 0000017P0000034
185,21,60,21,60,187,21,61,21,61,189,21,62,21,62,191,21,63,21,63, 0000017P0000035
193,21,64,21,65,195,21,65,21,64,197,21,66,21,66,199,21,67,21,67, 0000017P0000036
201,21,68,21,68,203,21,35,21,36,205,21,68,21,32,207,21,67,21,31, 0000017P0000037
209,21,66,21,30,211,21,28,21,64,213,21,29,21,65,215,21,63,21,27, 0000017P0000038
217,21,62,21,26,219,21,61,21,25,221,21,60,21,24,223,21,59,21,23, 0000017P0000039
225,21,58,21,22,227,21,57,21,21,229,21,37,21,1,231,21,2,21,38,   0000017P0000040
233,21,39,21,3,235,21,4,21,40,237,21,5,21,41,239,21,42,21,6,241, 0000017P0000041
21,43,21,7,243,21,8,21,44,245,21,9,21,45,247,21,46,21,10,249,21, 0000017P0000042
47,21,11,251,21,12,21,48,253,21,55,21,19,255,21,56,21,20;        0000017P0000043
110,-168.899357033,31.269993604,15.850035765,-175.146126417,     0000019P0000044
31.269993604,3.320954703;                                        0000019P0000045
502,68,-168.899357033,31.269993604,15.850035765,-175.146126417,  0000021P0000046
31.269993604,3.320954703,-178.743635011,31.269993604,            0000021P0000047
20.758211709,-184.990404395,31.269993604,8.229130647,            0000021P0000048
-206.764702282,-10.871857081,19.085395102,-200.517932898,        0000021P0000049
-10.871857081,31.614476164,-195.595793909,-20.398136523,         0000021P0000050
29.160388192,-201.842563293,-20.398136523,16.63130713,           0000021P0000051
-158.293967519,-20.398136523,-5.08122178,-152.047198135,         0000021P0000052
-20.398136523,7.447859282,-147.125059146,-10.871857081,          0000021P0000053
4.99377131,-153.37182853,-10.871857081,-7.535309752,             0000021P0000054
-151.654099425,0.,-8.391737891,-132.891481384,0.,29.240252014,   0000021P0000055
-128.474123034,0.,38.100102194,-123.521327308,0.,48.033873608,   0000021P0000056
-119.103968959,0.,56.893723788,-83.385834019,0.,128.533219434,   0000021P0000057
-121.660097311,4.95,52.637030468,-131.030251387,4.95,            0000021P0000058
33.843408874,-124.325591808,31.361760155,106.483815084,          0000021P0000059
-134.008084353,31.361760155,87.063739437,-143.690576897,         0000021P0000060
31.361760155,67.643663791,-124.325591808,-31.361760155,          0000021P0000061
106.483815084,-134.008084353,-31.361760155,87.063739437,         0000021P0000062
-143.690576897,-31.361760155,67.643663791,-153.32844966,         0000021P0000063
31.361760155,48.31308158,-167.827583262,31.693263673,            0000021P0000064
26.074027015,-171.223402102,31.693263666,27.767119833,           0000021P0000065
-177.793530917,4.95,80.62412806,-187.163684992,4.95,             0000021P0000066
61.830506466,-153.32844966,-31.361760155,48.31308158,            0000021P0000067
-171.223402102,-31.693263666,27.767119833,-167.827583262,        0000021P0000068
-31.693263673,26.074027015,-167.827583262,-25.629874406,         0000021P0000069
26.074027014,-171.223402103,-25.629874395,27.767119832,          0000021P0000070
-168.899357033,25.104581255,15.850035765,-175.146126417,         0000021P0000071
25.104581255,3.320954703,-178.743635011,25.104581255,            0000021P0000072
20.758211709,-184.990404395,25.104581255,8.229130647,            0000021P0000073
-201.986286423,-7.789150907,16.702964839,-195.73951704,          0000021P0000074
-7.789150907,29.232045902,-190.817378051,-17.315430348,          0000021P0000075
26.777957929,-197.064147434,-17.315430348,14.248876867,          0000021P0000076
-163.072383377,-17.315430348,-2.698791517,-156.825613994,        0000021P0000077
-17.315430348,9.830289545,-151.903475005,-7.789150907,           0000021P0000078
7.376201573,-158.150244388,-7.789150907,-5.152879489,            0000021P0000079
-157.068452313,-4.475859753E-16,-5.692241122,-138.305834271,     0000021P0000080
-4.475859753E-16,31.939748783,-133.888475922,-4.475859753E-16,   0000021P0000081
40.799598963,-128.935680196,-4.475859753E-16,50.733370377,       0000021P0000082
-124.518321846,-4.475859753E-16,59.593220557,-88.800186907,      0000021P0000083
-4.475859753E-16,131.232716203,-127.157650062,4.95,55.378009158, 0000021P0000084
-136.527804137,4.95,36.584387565,-124.325591808,25.218792596,    0000021P0000085
106.483815084,-134.008084353,25.218792596,87.063739437,          0000021P0000086
-143.690576897,25.218792596,67.643663791,-124.325591808,         0000021P0000087
-25.218792596,106.483815084,-134.008084353,-25.218792596,        0000021P0000088
87.063739437,-143.690576897,-25.218792596,67.643663791,          0000021P0000089
-153.32844966,25.218792596,48.31308158,-167.827583262,           0000021P0000090
25.629874406,26.074027014,-171.223402103,25.629874395,           0000021P0000091
27.767119832,-172.295978167,4.95,77.883149369,-181.666132242,    0000021P0000092
4.95,59.089527776,-153.32844966,-25.218792596,48.31308158;       0000021P0000093
100,0.,0.,0.,-5.5,-31.269993604,5.5,-31.269993604;               0000023P0000094
124,0.894934362,0.,-0.446197813,-173.821496022,0.,-1.,0.,0.,     0000025P0000095
-0.446197813,0.,-0.894934362,18.304123737;                       0000025P0000096
110,-178.743635011,31.269993604,20.758211709,-184.990404395,     0000027P0000097
31.269993604,8.229130647;                                        0000027P0000098
100,0.,0.,0.,-5.5,31.269993604,-29.830608837,-10.871857081;      0000029P0000099
124,0.894934362,0.,0.446197813,-180.068265406,0.,1.,0.,0.,       0000031P0000100
-0.446197813,0.,0.894934362,5.775042675;                         0000031P0000101
110,-200.517932898,-10.871857081,31.614476164,-206.764702282,    0000033P0000102
-10.871857081,19.085395102;                                      0000033P0000103
100,0.,0.,0.,-24.330608837,20.398136523,-29.830608837,           0000035P0000104
10.871857081;                                                    0000035P0000105
124,0.894934362,0.,-0.446197813,-173.821496022,0.,-1.,0.,0.,     0000037P0000106
-0.446197813,0.,-0.894934362,18.304123737;                       0000037P0000107
110,-195.595793909,-20.398136523,29.160388192,-201.842563293,    0000039P0000108
-20.398136523,16.63130713;                                       0000039P0000109
100,0.,0.,0.,-24.330608837,-20.398136523,24.330608837,           0000041P0000110
-20.398136523;                                                   0000041P0000111
124,0.894934362,0.,0.446197813,-180.068265406,0.,1.,0.,0.,       0000043P0000112
-0.446197813,0.,0.894934362,5.775042675;                         0000043P0000113
110,-152.047198135,-20.398136523,7.447859282,-158.293967519,     0000045P0000114
-20.398136523,-5.08122178;                                       0000045P0000115
100,0.,0.,0.,29.830608837,10.871857081,24.330608837,             0000047P0000116
20.398136523;                                                    0000047P0000117
124,0.894934362,0.,-0.446197813,-173.821496022,0.,-1.,0.,0.,     0000049P0000118
-0.446197813,0.,-0.894934362,18.304123737;                       0000049P0000119
110,-147.125059146,-10.871857081,4.99377131,-153.37182853,       0000051P0000120
-10.871857081,-7.535309752;                                      0000051P0000121
100,0.,0.,0.,29.830608837,-10.871857081,31.75,-7.776507175E-15;  0000053P0000122
124,0.894934362,0.,0.446197813,-180.068265406,0.,1.,0.,0.,       0000055P0000123
-0.446197813,0.,0.894934362,5.775042675;                         0000055P0000124
110,-151.654099425,0.,-8.391737891,-132.891481384,0.,            0000057P0000125
29.240252014;                                                    0000057P0000126
126,41,6,0,0,1,0,0.,0.,0.,0.,0.,0.,0.,9.324088733E-02,           0000059P0000127
9.324088733E-02,9.324088733E-02,9.324088733E-02,9.324088733E-02, 0000059P0000128
0.231196087,0.231196087,0.231196087,0.231196087,0.231196087,     0000059P0000129
0.355589341,0.355589341,0.355589341,0.355589341,0.355589341,     0000059P0000130
0.500000955,0.500000955,0.500000955,0.500000955,0.500000955,     0000059P0000131
0.644412801,0.644412801,0.644412801,0.644412801,0.644412801,     0000059P0000132
0.768805931,0.768805931,0.768805931,0.768805931,0.768805931,     0000059P0000133
0.906760994,0.906760994,0.906760994,0.906760994,0.906760994,1.,  0000059P0000134
1.,1.,1.,1.,1.,1.,1.,1.,1.,1.,1.,1.,1.,1.,1.,1.,1.,1.,1.,1.,1.,  0000059P0000135
1.,1.,1.,1.,1.,1.,1.,1.,1.,1.,1.,1.,1.,1.,1.,1.,1.,1.,1.,1.,1.,  0000059P0000136
1.,1.,1.,1.,1.,1.,-128.474123034,-3.552713679E-15,38.100102194,  0000059P0000137
-128.474123034,-0.293909497,38.100102194,-128.486388819,         0000059P0000138
-0.587192688,38.082817802,-128.510822416,-0.876708113,           0000059P0000139
38.048387757,-128.546750715,-1.159368485,37.997585756,           0000059P0000140
-128.592950157,-1.432300707,37.931805552,-128.728821496,         0000059P0000141
-2.078718721,37.736649986,-128.82869724,-2.437569264,            0000059P0000142
37.591932243,-128.943273106,-2.767812958,37.423693165,           0000059P0000143
-129.06880367,-3.06866884,37.236081935,-129.202021365,           0000059P0000144
-3.340070711,37.032887562,-129.464597936,-3.801065422,           0000059P0000145
36.623565647,-129.593420445,-3.996730921,36.419111157,           0000059P0000146
-129.724938489,-4.170269043,36.206136182,-129.857924491,         0000059P0000147
-4.322480411,35.986071046,-129.991453063,-4.454088968,           0000059P0000148
35.76002637,-130.279617465,-4.695172444,35.260570095,            0000059P0000149
-130.434188503,-4.797674603,34.98539597,-130.58732193,           0000059P0000150
-4.87397834,34.704896534,-130.738144188,-4.924654462,            0000059P0000151
34.420319667,-130.885976963,-4.95,34.132778602,-131.174526042,   0000059P0000152
-4.95,33.554038683,-131.315198842,-4.924654377,33.262927057,     0000059P0000153
-131.451704812,-4.873978066,32.971212583,-131.583563214,         0000059P0000154
-4.797674455,32.680106899,-131.710303576,-4.69517278,            0000059P0000155
32.391057796,-131.935765741,-4.454088968,31.860338442,           0000059P0000156
-132.035933546,-4.322480411,31.617660701,-132.131652404,         0000059P0000157
-4.170269043,31.379014852,-132.222592247,-3.996730921,           0000059P0000158
31.145808333,-132.308349541,-3.801065422,30.919882319,           0000059P0000159
-132.477226033,-3.340070711,30.463843267,-132.559331864,         0000059P0000160
-3.06866884,30.235165459,-132.633618676,-2.767812958,            0000059P0000161
30.022005037,-132.699026899,-2.437569264,29.829251877,           0000059P0000162
-132.754496905,-2.078718721,29.662394249,-132.828585085,         0000059P0000163
-1.432305707,29.436436769,-132.853316458,-1.15937146,            0000059P0000164
29.359951303,-132.872267062,-0.876704953,29.300682636,           0000059P0000165
-132.885059629,-0.587183474,29.260448528,-132.891481384,         0000059P0000166
-0.293899424,29.240252014,-132.891481384,0.,29.240252014,0.,1.,  0000059P0000167
-0.892962968,6.633868739E-02,0.445214911;                        0000059P0000168
110,-128.474123034,0.,38.100102194,-123.521327308,0.,            0000061P0000169
48.033873608;                                                    0000061P0000170
126,41,6,0,0,1,0,0.,0.,0.,0.,0.,0.,0.,9.324088637E-02,           0000063P0000171
9.324088637E-02,9.324088637E-02,9.324088637E-02,9.324088637E-02, 0000063P0000172
0.231196084,0.231196084,0.231196084,0.231196084,0.231196084,     0000063P0000173
0.355589337,0.355589337,0.355589337,0.355589337,0.355589337,     0000063P0000174
0.50000095,0.50000095,0.50000095,0.50000095,0.50000095,          0000063P0000175
0.644412795,0.644412795,0.644412795,0.644412795,0.644412795,     0000063P0000176
0.768805934,0.768805934,0.768805934,0.768805934,0.768805934,     0000063P0000177
0.906760995,0.906760995,0.906760995,0.906760995,0.906760995,1.,  0000063P0000178
1.,1.,1.,1.,1.,1.,1.,1.,1.,1.,1.,1.,1.,1.,1.,1.,1.,1.,1.,1.,1.,  0000063P0000179
1.,1.,1.,1.,1.,1.,1.,1.,1.,1.,1.,1.,1.,1.,1.,1.,1.,1.,1.,1.,1.,  0000063P0000180
1.,1.,1.,1.,1.,1.,-119.103968959,-3.552713679E-15,56.893723788,  0000063P0000181
-119.103968959,-0.293909497,56.893723788,-119.116234743,         0000063P0000182
-0.587192688,56.876439395,-119.140668341,-0.876708112,           0000063P0000183
56.842009351,-119.17659664,-1.159368485,56.79120735,             0000063P0000184
-119.222796082,-1.432300707,56.725427146,-119.35866742,          0000063P0000185
-2.078718721,56.53027158,-119.458543164,-2.437569264,            0000063P0000186
56.385553836,-119.573119031,-2.767812958,56.217314759,           0000063P0000187
-119.698649594,-3.06866884,56.029703529,-119.83186729,           0000063P0000188
-3.340070711,55.826509156,-120.09444386,-3.801065422,            0000063P0000189
55.41718724,-120.22326637,-3.996730921,55.212732751,             0000063P0000190
-120.354784414,-4.170269043,54.999757776,-120.487770416,         0000063P0000191
-4.322480411,54.77969264,-120.621298988,-4.454088968,            0000063P0000192
54.553647964,-120.90946339,-4.695172444,54.054191689,            0000063P0000193
-121.064034427,-4.797674603,53.779017563,-121.217167855,         0000063P0000194
-4.87397834,53.498518128,-121.367990112,-4.924654462,            0000063P0000195
53.213941261,-121.515822887,-4.95,52.926400195,-121.804371967,   0000063P0000196
-4.95,52.347660276,-121.945044766,-4.924654377,52.056548651,     0000063P0000197
-122.081550737,-4.873978066,51.764834177,-122.213409139,         0000063P0000198
-4.797674455,51.473728492,-122.340149501,-4.69517278,            0000063P0000199
51.18467939,-122.565611675,-4.454088959,50.653960015,            0000063P0000200
-122.665779458,-4.322480432,50.411282325,-122.761498328,         0000063P0000201
-4.170269039,50.172636447,-122.852438184,-3.996730898,           0000063P0000202
49.939429896,-122.938195459,-3.80106544,49.71350393,             0000063P0000203
-123.107071958,-3.340070711,49.257464861,-123.189177789,         0000063P0000204
-3.06866884,49.028787053,-123.2634646,-2.767812958,48.81562663,  0000063P0000205
-123.328872824,-2.437569264,48.62287347,-123.38434283,           0000063P0000206
-2.078718721,48.456015843,-123.458431009,-1.432305707,           0000063P0000207
48.230058363,-123.483162383,-1.15937146,48.153572897,            0000063P0000208
-123.502112986,-0.876704953,48.094304229,-123.514905554,         0000063P0000209
-0.587183474,48.054070122,-123.521327308,-0.293899424,           0000063P0000210
48.033873608,-123.521327308,0.,48.033873608,0.,1.,-0.892962968,  0000063P0000211
6.63386874E-02,0.445214911;                                      0000063P0000212
110,-119.103968959,0.,56.893723788,-83.385834019,0.,             0000065P0000213
128.533219434;                                                   0000065P0000214
100,0.,0.,0.,31.75,0.,31.75,0.;                                  0000067P0000215
124,0.894934362,0.,0.446197813,-111.8,0.,1.,0.,0.,-0.446197813,  0000069P0000216
0.,0.894934362,142.7;                                            0000069P0000217
126,19,7,0,0,1,0,0.,0.,0.,0.,0.,0.,0.,0.,0.537511892,            0000071P0000218
0.537511892,0.537511892,0.537511892,0.537511892,0.537511892,     0000071P0000219
0.81348167,0.81348167,0.81348167,0.81348167,0.81348167,          0000071P0000220
0.81348167,1.,1.,1.,1.,1.,1.,1.,1.,1.,1.,1.,1.,1.,1.,1.,1.,1.,   0000071P0000221
1.,1.,1.,1.,1.,1.,1.,1.,1.,1.,1.,-121.660097311,4.95,            0000071P0000222
52.637030468,-121.429756098,4.95,53.099023468,-121.190914521,    0000071P0000223
4.887189558,53.555847752,-120.945422324,4.761935702,             0000071P0000224
54.003920338,-120.695718968,4.572514884,54.439568037,            0000071P0000225
-120.445489961,4.315722645,54.857830528,-120.20045538,           0000071P0000226
3.987185415,55.251929396,-119.851592312,3.374701108,             0000071P0000227
55.795760473,-119.736711793,3.146212232,55.971647994,            0000071P0000228
-119.626917844,2.896751193,56.136909946,-119.524015088,          0000071P0000229
2.626279947,56.289417221,-119.430007238,2.335040538,             0000071P0000230
56.426901763,-119.347085318,2.023616005,56.546907258,            0000071P0000231
-119.230625072,1.469547707,56.714182163,-119.189796921,          0000071P0000232
1.237352673,56.772412391,-119.156065805,0.997847742,             0000071P0000233
56.820237606,-119.130195976,0.752624319,56.856766244,            0000071P0000234
-119.112729633,0.503388031,56.88137864,-119.103968959,           0000071P0000235
0.251913792,56.893723788,-119.103968959,7.57750207E-16,          0000071P0000236
56.893723788,0.,1.,-0.872619488,-4.668569534E-02,0.486164246;    0000071P0000237
126,19,7,0,0,1,0,0.,0.,0.,0.,0.,0.,0.,0.,0.186522354,            0000073P0000238
0.186522354,0.186522354,0.186522354,0.186522354,0.186522354,     0000073P0000239
0.462492792,0.462492792,0.462492792,0.462492792,0.462492792,     0000073P0000240
0.462492792,1.,1.,1.,1.,1.,1.,1.,1.,1.,1.,1.,1.,1.,1.,1.,1.,1.,  0000073P0000241
1.,1.,1.,1.,1.,1.,1.,1.,1.,1.,1.,-123.521327308,3.941833053E-15, 0000073P0000242
48.033873608,-123.521327308,0.251922426,48.033873608,            0000073P0000243
-123.516740025,0.50339749,48.048300678,-123.507595084,           0000073P0000244
0.752630073,48.077062395,-123.493991095,0.997848272,             0000073P0000245
48.119705715,-123.476096502,1.23734912,48.175425165,             0000073P0000246
-123.454163034,1.469543421,48.243075026,-123.39065839,           0000073P0000247
2.023616005,48.436754363,-123.344721397,2.335040538,             0000073P0000248
48.575199862,-123.291496696,2.626279947,48.733018133,            0000073P0000249
-123.231627395,2.896751193,48.906981097,-123.16571898,           0000073P0000250
3.146212232,49.094123569,-123.094385782,3.374701108,             0000073P0000251
49.291722983,-122.870015655,3.98718092,49.897618682,             0000073P0000252
-122.70273909,4.315722937,50.330488959,-122.51928941,            0000073P0000253
4.572517165,50.782052434,-122.32163998,4.761937015,51.243655198, 0000073P0000254
-122.111534939,4.887189224,51.709368737,-121.89043916,4.95,      0000073P0000255
52.175036192,-121.660097311,4.95,52.637030468,0.,1.,             0000073P0000256
-0.913423546,-4.668569958E-02,0.404323967;                       0000073P0000257
126,19,7,0,0,1,0,0.,0.,0.,0.,0.,0.,0.,0.,0.537511892,            0000075P0000258
0.537511892,0.537511892,0.537511892,0.537511892,0.537511892,     0000075P0000259
0.81348167,0.81348167,0.81348167,0.81348167,0.81348167,          0000075P0000260
0.81348167,1.,1.,1.,1.,1.,1.,1.,1.,1.,1.,1.,1.,1.,1.,1.,1.,1.,   0000075P0000261
1.,1.,1.,1.,1.,1.,1.,1.,1.,1.,1.,-131.030251387,4.95,            0000075P0000262
33.843408874,-130.799910174,4.95,34.305401874,-130.561068596,    0000075P0000263
4.887189558,34.762226159,-130.315576399,4.761935702,             0000075P0000264
35.210298744,-130.065873043,4.572514884,35.645946443,            0000075P0000265
-129.815644037,4.315722645,36.064208935,-129.570609455,          0000075P0000266
3.987185415,36.458307803,-129.221746387,3.374701108,             0000075P0000267
37.002138879,-129.106865868,3.146212232,37.1780264,              0000075P0000268
-128.997071919,2.896751193,37.343288352,-128.894169164,          0000075P0000269
2.626279947,37.495795627,-128.800161313,2.335040538,             0000075P0000270
37.633280169,-128.717239393,2.023616005,37.753285664,            0000075P0000271
-128.600779147,1.469547707,37.92056057,-128.559950996,           0000075P0000272
1.237352673,37.978790797,-128.52621988,0.997847742,38.026616013, 0000075P0000273
-128.500350052,0.752624319,38.06314465,-128.482883709,           0000075P0000274
0.503388031,38.087757046,-128.474123034,0.251913792,             0000075P0000275
38.100102194,-128.474123034,7.57750207E-16,38.100102194,0.,1.,   0000075P0000276
-0.872619488,-4.668569534E-02,0.486164246;                       0000075P0000277
126,19,7,0,0,1,0,0.,0.,0.,0.,0.,0.,0.,0.,0.186522354,            0000077P0000278
0.186522354,0.186522354,0.186522354,0.186522354,0.186522354,     0000077P0000279
0.462492792,0.462492792,0.462492792,0.462492792,0.462492792,     0000077P0000280
0.462492792,1.,1.,1.,1.,1.,1.,1.,1.,1.,1.,1.,1.,1.,1.,1.,1.,1.,  0000077P0000281
1.,1.,1.,1.,1.,1.,1.,1.,1.,1.,1.,-132.891481384,3.941833053E-15, 0000077P0000282
29.240252014,-132.891481384,0.251922426,29.240252014,            0000077P0000283
-132.886894101,0.50339749,29.254679084,-132.877749159,           0000077P0000284
0.752630073,29.283440802,-132.86414517,0.997848272,29.326084121, 0000077P0000285
-132.846250578,1.23734912,29.381803571,-132.82431711,            0000077P0000286
1.469543421,29.449453432,-132.760812465,2.023616005,29.64313277, 0000077P0000287
-132.714875472,2.335040538,29.781578269,-132.661650772,          0000077P0000288
2.626279947,29.93939654,-132.601781471,2.896751193,30.113359503, 0000077P0000289
-132.535873055,3.146212232,30.300501976,-132.464539857,          0000077P0000290
3.374701108,30.49810139,-132.24016973,3.98718092,31.103997089,   0000077P0000291
-132.072893165,4.315722937,31.536867366,-131.889443485,          0000077P0000292
4.572517165,31.98843084,-131.691794055,4.761937015,32.450033604, 0000077P0000293
-131.481689015,4.887189224,32.915747144,-131.260593236,4.95,     0000077P0000294
33.381414598,-131.030251387,4.95,33.843408874,0.,1.,             0000077P0000295
-0.913423546,-4.668569958E-02,0.404323967;                       0000077P0000296
100,0.,0.,0.,31.75,0.,5.5,31.269993604;                          0000079P0000297
124,0.894934362,0.,0.446197813,-180.068265406,0.,1.,0.,0.,       0000081P0000298
-0.446197813,0.,0.894934362,5.775042675;                         0000081P0000299
126,49,7,0,1,1,1,-0.134569049,0.,0.,0.,0.,0.,0.,0.,0.13566636,   0000083P0000300
0.13566636,0.13566636,0.13566636,0.13566636,0.13566636,          0000083P0000301
0.252963382,0.252963382,0.252963382,0.252963382,0.252963382,     0000083P0000302
0.252963382,0.365898565,0.365898565,0.365898565,0.365898565,     0000083P0000303
0.365898565,0.365898565,0.501015166,0.501015166,0.501015166,     0000083P0000304
0.501015166,0.501015166,0.501015166,0.636131748,0.636131748,     0000083P0000305
0.636131748,0.636131748,0.636131748,0.636131748,0.752953431,     0000083P0000306
0.752953431,0.752953431,0.752953431,0.752953431,0.752953431,     0000083P0000307
0.865430951,0.865430951,0.865430951,0.865430951,0.865430951,     0000083P0000308
0.865430951,1.,1.,1.,1.,1.,1.,1.,1.13566636,1.,1.,1.,1.,1.,1.,   0000083P0000309
1.,1.,1.,1.,1.,1.,1.,1.,1.,1.,1.,1.,1.,1.,1.,1.,1.,1.,1.,1.,1.,  0000083P0000310
1.,1.,1.,1.,1.,1.,1.,1.,1.,1.,1.,1.,1.,1.,1.,1.,1.,1.,1.,1.,1.,  0000083P0000311
1.,1.,-124.325591808,31.361760155,106.483815084,-124.09525115,   0000083P0000312
31.361760155,106.945806972,-123.921493226,31.371673646,          0000083P0000313
107.435078927,-123.805788202,31.391443916,107.947859284,         0000083P0000314
-123.751630822,31.420526814,108.481001788,-123.764603729,        0000083P0000315
31.457837458,109.030492467,-123.852467212,31.501281389,          0000083P0000316
109.590570292,-124.174668029,31.586974608,110.635540141,         0000083P0000317
-124.392080247,31.629790738,111.134999723,-124.686634397,        0000083P0000318
31.67241955,111.628900591,-125.061283958,31.710154339,           0000083P0000319
112.096967712,-125.51341448,31.737778979,112.519549353,          0000083P0000320
-126.035913975,31.75149748,112.878416212,-127.177264228,         0000083P0000321
31.74836755,113.425036979,-127.759319232,31.732726065,           0000083P0000322
113.603097435,-128.345627051,31.704684363,113.693528125,         0000083P0000323
-128.919916212,31.667855393,113.702140582,-129.467553788,        0000083P0000324
31.626817241,113.638174534,-129.976426124,31.5856522,            0000083P0000325
113.514543204,-130.989003794,31.501281944,113.148721898,         0000083P0000326
-131.489185898,31.457837508,112.881829276,-131.935840513,        0000083P0000327
31.420526339,112.561493508,-132.329034576,31.391443614,          0000083P0000328
112.197386007,-132.668923596,31.371673643,111.796381566,         0000083P0000329
-132.955101293,31.361760155,111.363165396,-133.415782649,        0000083P0000330
31.361760155,110.439181542,-133.589540565,31.371673645,          0000083P0000331
109.949909613,-133.705245599,31.391443918,109.437129194,         0000083P0000332
-133.759402975,31.420526812,108.903986772,-133.746430064,        0000083P0000333
31.45783746,108.354496028,-133.658566586,31.501281389,           0000083P0000334
107.794418233,-133.336365767,31.586974608,106.749448377,         0000083P0000335
-133.118953549,31.629790738,106.249988795,-132.824399399,        0000083P0000336
31.67241955,105.756087927,-132.449749839,31.710154339,           0000083P0000337
105.288020807,-131.997619316,31.737778979,104.865439166,         0000083P0000338
-131.475119821,31.75149748,104.506572306,-130.333769565,         0000083P0000339
31.74836755,103.959951538,-129.751714577,31.732726065,           0000083P0000340
103.781891087,-129.165406722,31.704684363,103.69146039,          0000083P0000341
-128.591117606,31.667855394,103.682847936,-128.043479997,        0000083P0000342
31.626817241,103.746813986,-127.534607674,31.585652201,          0000083P0000343
103.870445314,-126.522030003,31.501281944,104.23626662,          0000083P0000344
-126.021847899,31.457837508,104.503159242,-125.575193283,        0000083P0000345
31.420526339,104.82349501,-125.18199922,31.391443614,            0000083P0000346
105.187602512,-124.842110201,31.371673643,105.588606952,         0000083P0000347
-124.555932503,31.361760155,106.021823123,-124.325591808,        0000083P0000348
31.361760155,106.483815084,0.,1.,-1.513353415E-13,1.,            0000083P0000349
8.14882608E-14;                                                  0000083P0000350
126,49,7,0,1,1,1,-0.134569048,0.,0.,0.,0.,0.,0.,0.,0.135666362,  0000085P0000351
0.135666362,0.135666362,0.135666362,0.135666362,0.135666362,     0000085P0000352
0.252963384,0.252963384,0.252963384,0.252963384,0.252963384,     0000085P0000353
0.252963384,0.365898568,0.365898568,0.365898568,0.365898568,     0000085P0000354
0.365898568,0.365898568,0.501015168,0.501015168,0.501015168,     0000085P0000355
0.501015168,0.501015168,0.501015168,0.636131749,0.636131749,     0000085P0000356
0.636131749,0.636131749,0.636131749,0.636131749,0.752953432,     0000085P0000357
0.752953432,0.752953432,0.752953432,0.752953432,0.752953432,     0000085P0000358
0.865430952,0.865430952,0.865430952,0.865430952,0.865430952,     0000085P0000359
0.865430952,1.,1.,1.,1.,1.,1.,1.,1.135666362,1.,1.,1.,1.,1.,1.,  0000085P0000360
1.,1.,1.,1.,1.,1.,1.,1.,1.,1.,1.,1.,1.,1.,1.,1.,1.,1.,1.,1.,1.,  0000085P0000361
1.,1.,1.,1.,1.,1.,1.,1.,1.,1.,1.,1.,1.,1.,1.,1.,1.,1.,1.,1.,1.,  0000085P0000362
1.,1.,-134.008084353,31.361760155,87.063739437,-133.777743692,   0000085P0000363
31.361760155,87.52573133,-133.603985776,31.371673645,            0000085P0000364
88.015003259,-133.488280742,31.391443918,88.527783678,           0000085P0000365
-133.434123366,31.420526812,89.060926099,-133.447096277,         0000085P0000366
31.45783746,89.610416844,-133.534959755,31.501281389,            0000085P0000367
90.170494639,-133.857160574,31.586974608,91.215464495,           0000085P0000368
-134.074572792,31.629790738,91.714924076,-134.369126942,         0000085P0000369
31.67241955,92.208824945,-134.743776502,31.710154339,            0000085P0000370
92.676892065,-135.195907024,31.737778979,93.099473706,           0000085P0000371
-135.71840652,31.75149748,93.458340565,-136.859756773,           0000085P0000372
31.74836755,94.004961332,-137.441811776,31.732726065,            0000085P0000373
94.183021788,-138.028119596,31.704684363,94.273452478,           0000085P0000374
-138.602408756,31.667855393,94.282064936,-139.150046332,         0000085P0000375
31.626817241,94.218098887,-139.658918669,31.5856522,             0000085P0000376
94.094467557,-140.671496332,31.501281944,93.728646254,           0000085P0000377
-141.171678464,31.457837506,93.461753617,-141.618333023,         0000085P0000378
31.420526341,93.141417886,-142.01152715,31.391443613,            0000085P0000379
92.777310332,-142.351416127,31.371673644,92.376305937,           0000085P0000380
-142.63759384,31.361760155,91.943089744,-143.098275193,          0000085P0000381
31.361760155,91.019105895,-143.272033109,31.371673645,           0000085P0000382
90.529833966,-143.387738143,31.391443918,90.017053547,           0000085P0000383
-143.441895519,31.420526812,89.483911125,-143.428922608,         0000085P0000384
31.45783746,88.934420381,-143.34105913,31.501281389,             0000085P0000385
88.374342586,-143.018858311,31.586974608,87.32937273,            0000085P0000386
-142.801446094,31.629790738,86.829913149,-142.506891943,         0000085P0000387
31.67241955,86.33601228,-142.132242383,31.710154339,85.86794516, 0000085P0000388
-141.680111861,31.737778979,85.445363519,-141.157612365,         0000085P0000389
31.75149748,85.08649666,-140.01626211,31.74836755,84.539875891,  0000085P0000390
-139.43420712,31.732726065,84.36181544,-138.84789927,            0000085P0000391
31.704684363,84.271384744,-138.273610147,31.667855394,           0000085P0000392
84.26277229,-137.725972544,31.626817241,84.326738339,            0000085P0000393
-137.217100218,31.5856522,84.450369667,-136.204522554,           0000085P0000394
31.501281944,84.816190971,-135.704340421,31.457837506,           0000085P0000395
85.083083607,-135.257685862,31.420526341,85.403419338,           0000085P0000396
-134.864491735,31.391443613,85.767526893,-134.524602758,         0000085P0000397
31.371673644,86.168531288,-134.238425045,31.361760155,           0000085P0000398
86.601747481,-134.008084353,31.361760155,87.063739437,0.,1.,     0000085P0000399
4.07441304E-14,1.,6.984708069E-14;                               0000085P0000400
126,49,7,0,1,1,1,-0.134569049,0.,0.,0.,0.,0.,0.,0.,0.135666361,  0000087P0000401
0.135666361,0.135666361,0.135666361,0.135666361,0.135666361,     0000087P0000402
0.252963383,0.252963383,0.252963383,0.252963383,0.252963383,     0000087P0000403
0.252963383,0.365898566,0.365898566,0.365898566,0.365898566,     0000087P0000404
0.365898566,0.365898566,0.501015168,0.501015168,0.501015168,     0000087P0000405
0.501015168,0.501015168,0.501015168,0.636131749,0.636131749,     0000087P0000406
0.636131749,0.636131749,0.636131749,0.636131749,0.752953432,     0000087P0000407
0.752953432,0.752953432,0.752953432,0.752953432,0.752953432,     0000087P0000408
0.865430951,0.865430951,0.865430951,0.865430951,0.865430951,     0000087P0000409
0.865430951,1.,1.,1.,1.,1.,1.,1.,1.135666361,1.,1.,1.,1.,1.,1.,  0000087P0000410
1.,1.,1.,1.,1.,1.,1.,1.,1.,1.,1.,1.,1.,1.,1.,1.,1.,1.,1.,1.,1.,  0000087P0000411
1.,1.,1.,1.,1.,1.,1.,1.,1.,1.,1.,1.,1.,1.,1.,1.,1.,1.,1.,1.,1.,  0000087P0000412
1.,1.,-143.690576897,31.361760155,67.643663791,-143.460236237,   0000087P0000413
31.361760155,68.105655683,-143.286478321,31.371673645,           0000087P0000414
68.594927612,-143.170773286,31.391443918,69.107708031,           0000087P0000415
-143.116615911,31.420526812,69.640850452,-143.129588821,         0000087P0000416
31.45783746,70.190341197,-143.217452299,31.501281389,            0000087P0000417
70.750418992,-143.539653119,31.586974608,71.795388848,           0000087P0000418
-143.757065336,31.629790738,72.294848429,-144.051619486,         0000087P0000419
31.67241955,72.788749298,-144.426269047,31.710154339,            0000087P0000420
73.256816418,-144.878399569,31.737778979,73.679398059,           0000087P0000421
-145.400899064,31.75149748,74.038264918,-146.542249317,          0000087P0000422
31.74836755,74.584885686,-147.124304321,31.732726065,            0000087P0000423
74.762946141,-147.71061214,31.704684363,74.853376831,            0000087P0000424
-148.284901301,31.667855393,74.861989289,-148.832538877,         0000087P0000425
31.626817241,74.798023241,-149.341411213,31.5856522,74.67439191, 0000087P0000426
-150.353988883,31.501281944,74.308570605,-150.854170987,         0000087P0000427
31.457837508,74.041677982,-151.300825602,31.420526339,           0000087P0000428
73.721342215,-151.694019665,31.391443614,73.357234713,           0000087P0000429
-152.033908685,31.371673643,72.956230273,-152.320086382,         0000087P0000430
31.361760155,72.523014102,-152.780767738,31.361760155,           0000087P0000431
71.599030248,-152.954525654,31.371673645,71.109758319,           0000087P0000432
-153.070230688,31.391443918,70.5969779,-153.124388063,           0000087P0000433
31.420526812,70.063835479,-153.111415153,31.45783746,            0000087P0000434
69.514344734,-153.023551675,31.501281389,68.954266939,           0000087P0000435
-152.701350856,31.586974608,67.909297083,-152.483938638,         0000087P0000436
31.629790738,67.409837502,-152.189384488,31.67241955,            0000087P0000437
66.915936633,-151.814734928,31.710154339,66.447869513,           0000087P0000438
-151.362604405,31.737778979,66.025287872,-150.84010491,          0000087P0000439
31.75149748,65.666421013,-149.698754657,31.74836755,             0000087P0000440
65.119800246,-149.116699653,31.732726065,64.94173979,            0000087P0000441
-148.530391834,31.704684363,64.8513091,-147.956102673,           0000087P0000442
31.667855393,64.842696642,-147.408465097,31.626817241,           0000087P0000443
64.906662691,-146.899592761,31.5856522,65.030294021,             0000087P0000444
-145.887015092,31.501281944,65.396115327,-145.386832987,         0000087P0000445
31.457837508,65.663007949,-144.940178372,31.420526339,           0000087P0000446
65.983343717,-144.546984309,31.391443614,66.347451218,           0000087P0000447
-144.207095289,31.371673643,66.748455658,-143.920917592,         0000087P0000448
31.361760155,67.181671829,-143.690576897,31.361760155,           0000087P0000449
67.643663791,0.,1.,-1.164118011E-14,1.,1.222323912E-13;          0000087P0000450
126,49,7,0,1,1,1,-0.134569049,0.,0.,0.,0.,0.,0.,0.,0.135666361,  0000089P0000451
0.135666361,0.135666361,0.135666361,0.135666361,0.135666361,     0000089P0000452
0.252963384,0.252963384,0.252963384,0.252963384,0.252963384,     0000089P0000453
0.252963384,0.365898567,0.365898567,0.365898567,0.365898567,     0000089P0000454
0.365898567,0.365898567,0.501015167,0.501015167,0.501015167,     0000089P0000455
0.501015167,0.501015167,0.501015167,0.636131748,0.636131748,     0000089P0000456
0.636131748,0.636131748,0.636131748,0.636131748,0.752953431,     0000089P0000457
0.752953431,0.752953431,0.752953431,0.752953431,0.752953431,     0000089P0000458
0.865430951,0.865430951,0.865430951,0.865430951,0.865430951,     0000089P0000459
0.865430951,1.,1.,1.,1.,1.,1.,1.,1.135666361,1.,1.,1.,1.,1.,1.,  0000089P0000460
1.,1.,1.,1.,1.,1.,1.,1.,1.,1.,1.,1.,1.,1.,1.,1.,1.,1.,1.,1.,1.,  0000089P0000461
1.,1.,1.,1.,1.,1.,1.,1.,1.,1.,1.,1.,1.,1.,1.,1.,1.,1.,1.,1.,1.,  0000089P0000462
1.,1.,-124.325591808,-31.361760155,106.483815084,-124.095251148, 0000089P0000463
-31.361760155,106.945806977,-123.921493231,-31.371673645,        0000089P0000464
107.435078905,-123.805788197,-31.391443918,107.947859325,        0000089P0000465
-123.751630822,-31.420526812,108.481001746,-123.764603732,       0000089P0000466
-31.45783746,109.03049249,-123.85246721,-31.501281389,           0000089P0000467
109.590570286,-124.174668029,-31.586974608,110.635540141,        0000089P0000468
-124.392080247,-31.629790738,111.134999723,-124.686634397,       0000089P0000469
-31.67241955,111.628900591,-125.061283958,-31.710154339,         0000089P0000470
112.096967712,-125.51341448,-31.737778979,112.519549353,         0000089P0000471
-126.035913975,-31.75149748,112.878416212,-127.177264228,        0000089P0000472
-31.74836755,113.425036979,-127.759319232,-31.732726065,         0000089P0000473
113.603097435,-128.345627051,-31.704684363,113.693528125,        0000089P0000474
-128.919916212,-31.667855393,113.702140582,-129.467553788,       0000089P0000475
-31.626817241,113.638174534,-129.976426124,-31.5856522,          0000089P0000476
113.514543204,-130.989003787,-31.501281944,113.1487219,          0000089P0000477
-131.48918592,-31.457837506,112.881829264,-131.935840479,        0000089P0000478
-31.420526341,112.561493533,-132.329034605,-31.391443613,        0000089P0000479
112.197385979,-132.668923583,-31.371673644,111.796381583,        0000089P0000480
-132.955101295,-31.361760155,111.363165391,-133.415782649,       0000089P0000481
-31.361760155,110.439181542,-133.589540565,-31.371673645,        0000089P0000482
109.949909613,-133.705245599,-31.391443918,109.437129194,        0000089P0000483
-133.759402975,-31.420526812,108.903986772,-133.746430064,       0000089P0000484
-31.45783746,108.354496028,-133.658566586,-31.501281389,         0000089P0000485
107.794418233,-133.336365767,-31.586974608,106.749448377,        0000089P0000486
-133.118953549,-31.629790738,106.249988795,-132.824399399,       0000089P0000487
-31.67241955,105.756087927,-132.449749839,-31.710154339,         0000089P0000488
105.288020807,-131.997619316,-31.737778979,104.865439166,        0000089P0000489
-131.475119821,-31.75149748,104.506572306,-130.333769568,        0000089P0000490
-31.74836755,103.959951539,-129.751714564,-31.732726065,         0000089P0000491
103.781891084,-129.165406745,-31.704684363,103.691460393,        0000089P0000492
-128.591117584,-31.667855393,103.682847936,-128.043480009,       0000089P0000493
-31.626817241,103.746813984,-127.534607672,-31.5856522,          0000089P0000494
103.870445315,-126.522030003,-31.501281944,104.23626662,         0000089P0000495
-126.021847899,-31.457837508,104.503159242,-125.575193283,       0000089P0000496
-31.420526339,104.82349501,-125.18199922,-31.391443614,          0000089P0000497
105.187602512,-124.842110201,-31.371673643,105.588606952,        0000089P0000498
-124.555932503,-31.361760155,106.021823123,-124.325591808,       0000089P0000499
-31.361760155,106.483815084,0.,1.,-2.095412421E-13,1.,           0000089P0000500
1.775279968E-13;                                                 0000089P0000501
126,49,7,0,1,1,1,-0.134569048,0.,0.,0.,0.,0.,0.,0.,0.135666361,  0000091P0000502
0.135666361,0.135666361,0.135666361,0.135666361,0.135666361,     0000091P0000503
0.252963384,0.252963384,0.252963384,0.252963384,0.252963384,     0000091P0000504
0.252963384,0.365898568,0.365898568,0.365898568,0.365898568,     0000091P0000505
0.365898568,0.365898568,0.501015168,0.501015168,0.501015168,     0000091P0000506
0.501015168,0.501015168,0.501015168,0.636131749,0.636131749,     0000091P0000507
0.636131749,0.636131749,0.636131749,0.636131749,0.752953432,     0000091P0000508
0.752953432,0.752953432,0.752953432,0.752953432,0.752953432,     0000091P0000509
0.865430952,0.865430952,0.865430952,0.865430952,0.865430952,     0000091P0000510
0.865430952,1.,1.,1.,1.,1.,1.,1.,1.135666361,1.,1.,1.,1.,1.,1.,  0000091P0000511
1.,1.,1.,1.,1.,1.,1.,1.,1.,1.,1.,1.,1.,1.,1.,1.,1.,1.,1.,1.,1.,  0000091P0000512
1.,1.,1.,1.,1.,1.,1.,1.,1.,1.,1.,1.,1.,1.,1.,1.,1.,1.,1.,1.,1.,  0000091P0000513
1.,1.,-134.008084353,-31.361760155,87.063739437,-133.777743692,  0000091P0000514
-31.361760155,87.52573133,-133.603985776,-31.371673645,          0000091P0000515
88.015003259,-133.488280742,-31.391443918,88.527783678,          0000091P0000516
-133.434123366,-31.420526812,89.060926099,-133.447096277,        0000091P0000517
-31.45783746,89.610416844,-133.534959755,-31.501281389,          0000091P0000518
90.170494639,-133.857160574,-31.586974608,91.215464495,          0000091P0000519
-134.074572792,-31.629790738,91.714924076,-134.369126942,        0000091P0000520
-31.67241955,92.208824945,-134.743776502,-31.710154339,          0000091P0000521
92.676892065,-135.195907024,-31.737778979,93.099473706,          0000091P0000522
-135.71840652,-31.75149748,93.458340565,-136.859756776,          0000091P0000523
-31.74836755,94.004961334,-137.441811764,-31.732726065,          0000091P0000524
94.183021784,-138.028119618,-31.704684363,94.273452482,          0000091P0000525
-138.602408735,-31.667855394,94.282064935,-139.150046344,        0000091P0000526
-31.626817241,94.218098886,-139.658918666,-31.585652201,         0000091P0000527
94.094467558,-140.671496332,-31.501281944,93.728646254,          0000091P0000528
-141.171678464,-31.457837506,93.461753617,-141.618333023,        0000091P0000529
-31.420526341,93.141417886,-142.01152715,-31.391443613,          0000091P0000530
92.777310332,-142.351416127,-31.371673644,92.376305937,          0000091P0000531
-142.63759384,-31.361760155,91.943089744,-143.098275193,         0000091P0000532
-31.361760155,91.019105895,-143.272033109,-31.371673645,         0000091P0000533
90.529833966,-143.387738143,-31.391443918,90.017053547,          0000091P0000534
-143.441895519,-31.420526812,89.483911125,-143.428922608,        0000091P0000535
-31.45783746,88.934420381,-143.34105913,-31.501281389,           0000091P0000536
88.374342586,-143.018858311,-31.586974608,87.32937273,           0000091P0000537
-142.801446094,-31.629790738,86.829913149,-142.506891943,        0000091P0000538
-31.67241955,86.33601228,-142.132242383,-31.710154339,           0000091P0000539
85.86794516,-141.680111861,-31.737778979,85.445363519,           0000091P0000540
-141.157612365,-31.75149748,85.08649666,-140.01626211,           0000091P0000541
-31.74836755,84.539875891,-139.43420712,-31.732726065,           0000091P0000542
84.36181544,-138.84789927,-31.704684363,84.271384744,            0000091P0000543
-138.273610147,-31.667855394,84.26277229,-137.725972544,         0000091P0000544
-31.626817241,84.326738339,-137.217100218,-31.5856522,           0000091P0000545
84.450369667,-136.204522554,-31.501281944,84.816190971,          0000091P0000546
-135.704340421,-31.457837506,85.083083607,-135.257685862,        0000091P0000547
-31.420526341,85.403419338,-134.864491735,-31.391443613,         0000091P0000548
85.767526893,-134.524602758,-31.371673644,86.168531288,          0000091P0000549
-134.238425045,-31.361760155,86.601747481,-134.008084353,        0000091P0000550
-31.361760155,87.063739437,0.,1.,-2.03720652E-14,1.,             0000091P0000551
1.105912111E-13;                                                 0000091P0000552
126,49,7,0,1,1,1,-0.134569048,0.,0.,0.,0.,0.,0.,0.,0.135666362,  0000093P0000553
0.135666362,0.135666362,0.135666362,0.135666362,0.135666362,     0000093P0000554
0.252963385,0.252963385,0.252963385,0.252963385,0.252963385,     0000093P0000555
0.252963385,0.365898568,0.365898568,0.365898568,0.365898568,     0000093P0000556
0.365898568,0.365898568,0.501015168,0.501015168,0.501015168,     0000093P0000557
0.501015168,0.501015168,0.501015168,0.636131749,0.636131749,     0000093P0000558
0.636131749,0.636131749,0.636131749,0.636131749,0.752953433,     0000093P0000559
0.752953433,0.752953433,0.752953433,0.752953433,0.752953433,     0000093P0000560
0.865430952,0.865430952,0.865430952,0.865430952,0.865430952,     0000093P0000561
0.865430952,1.,1.,1.,1.,1.,1.,1.,1.135666362,1.,1.,1.,1.,1.,1.,  0000093P0000562
1.,1.,1.,1.,1.,1.,1.,1.,1.,1.,1.,1.,1.,1.,1.,1.,1.,1.,1.,1.,1.,  0000093P0000563
1.,1.,1.,1.,1.,1.,1.,1.,1.,1.,1.,1.,1.,1.,1.,1.,1.,1.,1.,1.,1.,  0000093P0000564
1.,1.,-143.690576897,-31.361760155,67.643663791,-143.460236237,  0000093P0000565
-31.361760155,68.105655683,-143.286478321,-31.371673645,         0000093P0000566
68.594927612,-143.170773286,-31.391443918,69.107708031,          0000093P0000567
-143.116615911,-31.420526812,69.640850452,-143.129588821,        0000093P0000568
-31.45783746,70.190341197,-143.217452299,-31.501281389,          0000093P0000569
70.750418992,-143.539653119,-31.586974608,71.795388848,          0000093P0000570
-143.757065336,-31.629790738,72.294848429,-144.051619486,        0000093P0000571
-31.67241955,72.788749298,-144.426269047,-31.710154339,          0000093P0000572
73.256816418,-144.878399569,-31.737778979,73.679398059,          0000093P0000573
-145.400899064,-31.75149748,74.038264918,-146.542249317,         0000093P0000574
-31.74836755,74.584885686,-147.124304321,-31.732726065,          0000093P0000575
74.762946141,-147.71061214,-31.704684363,74.853376831,           0000093P0000576
-148.284901301,-31.667855393,74.861989289,-148.832538877,        0000093P0000577
-31.626817241,74.798023241,-149.341411213,-31.5856522,           0000093P0000578
74.67439191,-150.353988876,-31.501281944,74.308570607,           0000093P0000579
-150.854171009,-31.457837506,74.041677971,-151.300825568,        0000093P0000580
-31.420526341,73.72134224,-151.694019695,-31.391443613,          0000093P0000581
73.357234685,-152.033908672,-31.371673644,72.95623029,           0000093P0000582
-152.320086384,-31.361760155,72.523014097,-152.780767738,        0000093P0000583
-31.361760155,71.599030248,-152.954525654,-31.371673645,         0000093P0000584
71.109758319,-153.070230688,-31.391443918,70.5969779,            0000093P0000585
-153.124388063,-31.420526812,70.063835479,-153.111415153,        0000093P0000586
-31.45783746,69.514344734,-153.023551675,-31.501281389,          0000093P0000587
68.954266939,-152.701350856,-31.586974608,67.909297083,          0000093P0000588
-152.483938638,-31.629790738,67.409837502,-152.189384488,        0000093P0000589
-31.67241955,66.915936633,-151.814734928,-31.710154339,          0000093P0000590
66.447869513,-151.362604405,-31.737778979,66.025287872,          0000093P0000591
-150.84010491,-31.75149748,65.666421013,-149.698754657,          0000093P0000592
-31.74836755,65.119800246,-149.116699653,-31.732726065,          0000093P0000593
64.94173979,-148.530391834,-31.704684363,64.8513091,             0000093P0000594
-147.956102673,-31.667855393,64.842696642,-147.408465097,        0000093P0000595
-31.626817241,64.906662691,-146.899592761,-31.5856522,           0000093P0000596
65.030294021,-145.887015098,-31.501281944,65.396115324,          0000093P0000597
-145.386832965,-31.457837506,65.663007961,-144.940178406,        0000093P0000598
-31.420526341,65.983343692,-144.54698428,-31.391443613,          0000093P0000599
66.347451246,-144.207095303,-31.371673644,66.748455641,          0000093P0000600
-143.92091759,-31.361760155,67.181671834,-143.690576897,         0000093P0000601
-31.361760155,67.643663791,0.,1.,-2.910295029E-14,-1.,           0000093P0000602
1.396941614E-13;                                                 0000093P0000603
126,49,7,0,1,1,1,-0.134569048,0.,0.,0.,0.,0.,0.,0.,0.13566636,   0000095P0000604
0.13566636,0.13566636,0.13566636,0.13566636,0.13566636,          0000095P0000605
0.252963383,0.252963383,0.252963383,0.252963383,0.252963383,     0000095P0000606
0.252963383,0.365898567,0.365898567,0.365898567,0.365898567,     0000095P0000607
0.365898567,0.365898567,0.501015167,0.501015167,0.501015167,     0000095P0000608
0.501015167,0.501015167,0.501015167,0.636131749,0.636131749,     0000095P0000609
0.636131749,0.636131749,0.636131749,0.636131749,0.752953432,     0000095P0000610
0.752953432,0.752953432,0.752953432,0.752953432,0.752953432,     0000095P0000611
0.865430952,0.865430952,0.865430952,0.865430952,0.865430952,     0000095P0000612
0.865430952,1.,1.,1.,1.,1.,1.,1.,1.13566636,1.,1.,1.,1.,1.,1.,   0000095P0000613
1.,1.,1.,1.,1.,1.,1.,1.,1.,1.,1.,1.,1.,1.,1.,1.,1.,1.,1.,1.,1.,  0000095P0000614
1.,1.,1.,1.,1.,1.,1.,1.,1.,1.,1.,1.,1.,1.,1.,1.,1.,1.,1.,1.,1.,  0000095P0000615
1.,1.,-153.32844966,31.361760155,48.31308158,-153.098109002,     0000095P0000616
31.361760155,48.775073467,-152.924351078,31.371673646,           0000095P0000617
49.264345423,-152.808646055,31.391443916,49.77712578,            0000095P0000618
-152.754488674,31.420526814,50.310268284,-152.767461581,         0000095P0000619
31.457837458,50.859758962,-152.855325064,31.501281389,           0000095P0000620
51.419836788,-153.177525882,31.586974608,52.464806637,           0000095P0000621
-153.394938099,31.629790738,52.964266219,-153.689492249,         0000095P0000622
31.67241955,53.458167087,-154.06414181,31.710154339,             0000095P0000623
53.926234207,-154.516272332,31.737778979,54.348815849,           0000095P0000624
-155.038771827,31.75149748,54.707682708,-156.18012208,           0000095P0000625
31.74836755,55.254303475,-156.762177084,31.732726065,            0000095P0000626
55.43236393,-157.348484904,31.704684363,55.522794621,            0000095P0000627
-157.922774064,31.667855393,55.531407078,-158.47041164,          0000095P0000628
31.626817241,55.46744103,-158.979283977,31.5856522,55.343809699, 0000095P0000629
-159.991861639,31.501281944,54.977988396,-160.492043772,         0000095P0000630
31.457837506,54.71109576,-160.938698331,31.420526341,            0000095P0000631
54.390760029,-161.331892458,31.391443613,54.026652475,           0000095P0000632
-161.671781435,31.371673644,53.625648079,-161.957959147,         0000095P0000633
31.361760155,53.192431887,-162.418640501,31.361760155,           0000095P0000634
52.268448037,-162.592398417,31.371673645,51.779176109,           0000095P0000635
-162.708103451,31.391443918,51.26639569,-162.762260827,          0000095P0000636
31.420526812,50.733253268,-162.749287916,31.45783746,            0000095P0000637
50.183762524,-162.661424438,31.501281389,49.623684729,           0000095P0000638
-162.339223619,31.586974608,48.578714873,-162.121811401,         0000095P0000639
31.629790738,48.079255291,-161.827257251,31.67241955,            0000095P0000640
47.585354423,-161.452607691,31.710154339,47.117287302,           0000095P0000641
-161.000477168,31.737778979,46.694705661,-160.477977673,         0000095P0000642
31.75149748,46.335838802,-159.33662742,31.74836755,45.789218035, 0000095P0000643
-158.754572416,31.732726065,45.61115758,-158.168264597,          0000095P0000644
31.704684363,45.520726889,-157.593975436,31.667855393,           0000095P0000645
45.512114432,-157.046337861,31.626817241,45.57608048,            0000095P0000646
-156.537465524,31.5856522,45.699711811,-155.524887861,           0000095P0000647
31.501281944,46.065533114,-155.024705729,31.457837506,           0000095P0000648
46.33242575,-154.57805117,31.420526341,46.652761481,             0000095P0000649
-154.184857043,31.391443613,47.016869035,-153.844968066,         0000095P0000650
31.371673644,47.417873431,-153.558790353,31.361760155,           0000095P0000651
47.851089623,-153.32844966,31.361760155,48.31308158,0.,1.,       0000095P0000652
-1.906243244E-13,1.,1.338735713E-13;                             0000095P0000653
126,49,7,0,0,1,0,0.803366617,0.803366617,0.803366617,            0000097P0000654
0.803366617,0.803366617,0.803366617,0.803366617,0.803366617,     0000097P0000655
0.865430952,0.865430952,0.865430952,0.865430952,0.865430952,     0000097P0000656
0.865430952,1.,1.,1.,1.,1.,1.,1.134569027,1.134569027,           0000097P0000657
1.134569027,1.134569027,1.134569027,1.134569027,1.250917297,     0000097P0000658
1.250917297,1.250917297,1.250917297,1.250917297,1.250917297,     0000097P0000659
1.362939009,1.362939009,1.362939009,1.362939009,1.362939009,     0000097P0000660
1.362939009,1.496962725,1.496962725,1.496962725,1.496962725,     0000097P0000661
1.496962725,1.496962725,1.63098642,1.63098642,1.63098642,        0000097P0000662
1.63098642,1.63098642,1.63098642,1.692647316,1.692647316,        0000097P0000663
1.692647316,1.692647316,1.692647316,1.692647316,1.692647316,     0000097P0000664
1.692647316,1.,1.,1.,1.,1.,1.,1.,1.,1.,1.,1.,1.,1.,1.,1.,1.,1.,  0000097P0000665
1.,1.,1.,1.,1.,1.,1.,1.,1.,1.,1.,1.,1.,1.,1.,1.,1.,1.,1.,1.,1.,  0000097P0000666
1.,1.,1.,1.,1.,1.,1.,1.,1.,1.,1.,1.,-167.827583262,31.693263673, 0000097P0000667
26.074027015,-167.513855889,31.675875765,26.05229324,            0000097P0000668
-167.204551346,31.65624025,26.054230832,-166.9021408,            0000097P0000669
31.635004633,26.078393279,-166.608904371,31.612857424,           0000097P0000670
26.12300627,-166.326904128,31.590469232,26.185958962,            0000097P0000671
-166.057947719,31.568435312,26.264793499,-165.252000187,         0000097P0000672
31.501281944,26.555964031,-164.751818055,31.457837506,           0000097P0000673
26.822856667,-164.305163495,31.420526341,27.143192398,           0000097P0000674
-163.911969369,31.391443613,27.507299952,-163.572080392,         0000097P0000675
31.371673644,27.908304348,-163.285902679,31.361760155,           0000097P0000676
28.34152054,-162.825221328,31.361760155,29.265504385,            0000097P0000677
-162.651463403,31.371673646,29.75477634,-162.53575838,           0000097P0000678
31.391443916,30.267556697,-162.481601,31.420526814,30.800699201, 0000097P0000679
-162.494573907,31.457837458,31.35018988,-162.58243739,           0000097P0000680
31.501281389,31.910267705,-162.904638207,31.586974608,           0000097P0000681
32.955237554,-163.122050425,31.629790738,33.454697136,           0000097P0000682
-163.416604575,31.67241955,33.948598004,-163.791254136,          0000097P0000683
31.710154339,34.416665125,-164.243384658,31.737778979,           0000097P0000684
34.839246766,-164.765884153,31.75149748,35.198113625,            0000097P0000685
-165.907234409,31.74836755,35.744734393,-166.489289399,          0000097P0000686
31.732726065,35.922794844,-167.075597248,31.704684363,           0000097P0000687
36.013225541,-167.649886372,31.667855394,36.021837995,           0000097P0000688
-168.197523975,31.626817241,35.957871946,-168.7063963,           0000097P0000689
31.5856522,35.834240617,-169.718973971,31.501281944,             0000097P0000690
35.468419311,-170.219156076,31.457837508,35.201526689,           0000097P0000691
-170.665810691,31.420526339,34.881190921,-171.059004754,         0000097P0000692
31.391443614,34.51708342,-171.398893774,31.371673643,            0000097P0000693
34.116078979,-171.685071471,31.361760155,33.682862808,           0000097P0000694
-172.145752827,31.361760155,32.758878955,-172.319510743,         0000097P0000695
31.371673645,32.269607026,-172.435215777,31.391443918,           0000097P0000696
31.756826607,-172.489373153,31.420526812,31.223684185,           0000097P0000697
-172.476400242,31.45783746,30.674193441,-172.388536764,          0000097P0000698
31.501281389,30.114115646,-172.136237377,31.568383473,           0000097P0000699
29.295851885,-172.03747937,31.59039995,29.033790639,             0000097P0000700
-171.918087875,31.612796365,28.770590884,-171.777182341,         0000097P0000701
31.634964948,28.509321613,-171.614351532,31.65622223,            0000097P0000702
28.253017743,-171.42961704,31.675871397,28.004653517,            0000097P0000703
-171.223402102,31.693263666,27.767119833,0.803366617,            0000097P0000704
1.692647316,1.032247876E-03,-0.999997314,2.075145425E-03;        0000097P0000705
126,43,8,0,0,1,0,0.376922771,0.376922771,0.376922771,            0000099P0000706
0.376922771,0.376922771,0.376922771,0.376922771,0.376922771,     0000099P0000707
0.376922771,0.411416102,0.411416102,0.411416102,0.411416102,     0000099P0000708
0.411416102,0.411416102,0.411416102,0.5691213,0.5691213,         0000099P0000709
0.5691213,0.5691213,0.5691213,0.5691213,0.5691213,0.707485859,   0000099P0000710
0.707485859,0.707485859,0.707485859,0.707485859,0.707485859,     0000099P0000711
0.707485859,0.827687575,0.827687575,0.827687575,0.827687575,     0000099P0000712
0.827687575,0.827687575,0.827687575,1.,1.,1.,1.,1.,1.,1.,        0000099P0000713
1.125644572,1.125644572,1.125644572,1.125644572,1.125644572,     0000099P0000714
1.125644572,1.125644572,1.125644572,1.125644572,1.,1.,1.,1.,1.,  0000099P0000715
1.,1.,1.,1.,1.,1.,1.,1.,1.,1.,1.,1.,1.,1.,1.,1.,1.,1.,1.,1.,1.,  0000099P0000716
1.,1.,1.,1.,1.,1.,1.,1.,1.,1.,1.,1.,1.,1.,1.,1.,1.,1.,           0000099P0000717
-171.223402091,31.693263686,27.767119805,-171.284690381,         0000099P0000718
31.690670686,27.74127205,-171.344654092,31.688124456,            0000099P0000719
27.713787855,-171.403261588,31.685635019,27.684748079,           0000099P0000720
-171.460485158,31.683211511,27.654232336,-171.516300799,         0000099P0000721
31.680862161,27.622319006,-171.57068804,31.678594294,            0000099P0000722
27.58908523,-171.623629809,31.67641433,27.554606917,             0000099P0000723
-171.910492916,31.664788056,27.355973485,-172.117889496,         0000099P0000724
31.657099404,27.166788011,-172.296973309,31.651777948,           0000099P0000725
26.956137341,-172.447486128,31.649090475,26.727354176,           0000099P0000726
-172.568846996,31.649140227,26.482981801,-172.659936653,         0000099P0000727
31.651908146,26.225109516,-172.718896219,31.657243601,           0000099P0000728
25.955695366,-172.763728636,31.671427148,25.432747849,           0000099P0000729
-172.757785445,31.679798094,25.180058802,-172.722402627,         0000099P0000730
31.689686907,24.921372557,-172.654763419,31.700699227,           0000099P0000731
24.65965116,-172.551923357,31.712241538,24.398798579,            0000099P0000732
-172.410924037,31.723469381,24.143859775,-172.229023006,         0000099P0000733
31.733302945,23.901418551,-171.808864173,31.746938883,           0000099P0000734
23.488529616,-171.584138312,31.751266368,23.315757439,           0000099P0000735
-171.334274182,31.752812439,23.170975296,-171.06620705,          0000099P0000736
31.751128172,23.060431083,-170.788657871,31.746331269,           0000099P0000737
22.987473183,-170.511262301,31.739169076,22.952215862,           0000099P0000738
-170.243645668,31.73064359,22.951139548,-169.638394626,          0000099P0000739
31.708948525,23.013686159,-169.308230547,31.694920644,           0000099P0000740
23.106849258,-169.009359569,31.681457971,23.244043531,           0000099P0000741
-168.74335921,31.669824089,23.416308786,-168.510640838,          0000099P0000742
31.660718721,23.616966769,-168.311235173,31.654526587,           0000099P0000743
23.841194856,-168.145416177,31.651421769,24.085682536,           0000099P0000744
-167.919174422,31.651421769,24.539453297,-167.842593938,         0000099P0000745
31.653072378,24.739888145,-167.785222532,31.656366814,           0000099P0000746
24.948425861,-167.74785309,31.661251141,25.164180067,            0000099P0000747
-167.731668883,31.667620402,25.386145807,-167.738230004,         0000099P0000748
31.675293967,25.613048627,-167.769454112,31.683983087,           0000099P0000749
25.843165703,-167.827583267,31.693263679,26.074027013,           0000099P0000750
0.376922771,1.125644572,3.812141811E-03,0.999963905,             0000099P0000751
7.593197091E-03;                                                 0000099P0000752
126,85,7,0,1,1,1,-0.13436403,0.,0.,0.,0.,0.,0.,0.,0.1343616,     0000101P0000753
0.1343616,0.1343616,0.1343616,0.1343616,0.1343616,0.203345638,   0000101P0000754
0.203345638,0.203345638,0.203345638,0.203345638,0.203345638,     0000101P0000755
0.249969539,0.249969539,0.249969539,0.249969539,0.249969539,     0000101P0000756
0.249969539,0.296595038,0.296595038,0.296595038,0.296595038,     0000101P0000757
0.296595038,0.296595038,0.365580118,0.365580118,0.365580118,     0000101P0000758
0.365580118,0.365580118,0.365580118,0.427783489,0.427783489,     0000101P0000759
0.427783489,0.427783489,0.427783489,0.427783489,0.499997126,     0000101P0000760
0.499997126,0.499997126,0.499997126,0.499997126,0.499997126,     0000101P0000761
0.572210879,0.572210879,0.572210879,0.572210879,0.572210879,     0000101P0000762
0.572210879,0.634414193,0.634414193,0.634414193,0.634414193,     0000101P0000763
0.634414193,0.634414193,0.703399204,0.703399204,0.703399204,     0000101P0000764
0.703399204,0.703399204,0.703399204,0.750023762,0.750023762,     0000101P0000765
0.750023762,0.750023762,0.750023762,0.750023762,0.796649919,     0000101P0000766
0.796649919,0.796649919,0.796649919,0.796649919,0.796649919,     0000101P0000767
0.86563597,0.86563597,0.86563597,0.86563597,0.86563597,          0000101P0000768
0.86563597,1.,1.,1.,1.,1.,1.,1.,1.1343616,1.,1.,1.,1.,1.,1.,1.,  0000101P0000769
1.,1.,1.,1.,1.,1.,1.,1.,1.,1.,1.,1.,1.,1.,1.,1.,1.,1.,1.,1.,1.,  0000101P0000770
1.,1.,1.,1.,1.,1.,1.,1.,1.,1.,1.,1.,1.,1.,1.,1.,1.,1.,1.,1.,1.,  0000101P0000771
1.,1.,1.,1.,1.,1.,1.,1.,1.,1.,1.,1.,1.,1.,1.,1.,1.,1.,1.,1.,1.,  0000101P0000772
1.,1.,1.,1.,1.,1.,1.,1.,1.,1.,1.,1.,1.,1.,1.,1.,-177.793530917,  0000101P0000773
4.95,80.62412806,-177.563189704,4.95,81.08612106,-177.342092058, 0000101P0000774
4.887189558,81.551792143,-177.131986273,4.761935702,             0000101P0000775
82.017507742,-176.934337781,4.572514884,82.479109039,            0000101P0000776
-176.750890078,4.315722645,82.930667461,-176.58361422,           0000101P0000777
3.987185415,83.363535398,-176.359242447,3.374701108,             0000101P0000778
83.969435544,-176.287909249,3.146212232,84.167034958,            0000101P0000779
-176.222000833,2.896751193,84.354177431,-176.162131532,          0000101P0000780
2.626279947,84.528140394,-176.108906832,2.335040538,             0000101P0000781
84.685958665,-176.062969839,2.023616005,84.824404164,            0000101P0000782
-175.999465685,1.469547707,85.018082004,-175.977531952,          0000101P0000783
1.237352673,85.08573264,-175.959636929,0.997847742,85.141453441, 0000101P0000784
-175.946032713,0.752624319,85.184097487,-175.936887888,          0000101P0000785
0.503388031,85.212858839,-175.93230092,0.251913792,85.22728492,  0000101P0000786
-175.93230092,-0.251922426,85.22728492,-175.936888203,           0000101P0000787
-0.50339749,85.21285785,-175.946033145,-0.752630073,             0000101P0000788
85.184096132,-175.959637134,-0.997848272,85.141452813,           0000101P0000789
-175.977531726,-1.23734912,85.085733363,-175.999465194,          0000101P0000790
-1.469543421,85.018083502,-176.062969839,-2.023616005,           0000101P0000791
84.824404164,-176.108906832,-2.335040538,84.685958665,           0000101P0000792
-176.162131532,-2.626279947,84.528140394,-176.222000833,         0000101P0000793
-2.896751193,84.354177431,-176.287909249,-3.146212232,           0000101P0000794
84.167034958,-176.359242447,-3.374701108,83.969435544,           0000101P0000795
-176.503993725,-3.769839432,83.578544929,-176.576687972,         0000101P0000796
-3.940826493,83.386278891,-176.653155681,-4.095895562,           0000101P0000797
83.188467733,-176.733152268,-4.235502487,82.986245289,           0000101P0000798
-176.816468131,-4.360082856,82.780539736,-176.902921657,         0000101P0000799
-4.470026795,82.572113129,-177.096174671,-4.676669774,           0000101P0000800
82.11721146,-177.204007453,-4.768388272,81.870015705,            0000101P0000801
-177.315566961,-4.841276738,81.621083426,-177.430580492,         0000101P0000802
-4.895696678,81.371302907,-177.548776121,-4.931896044,           0000101P0000803
81.121434242,-177.669867125,-4.95,80.872159255,-177.917194907,   0000101P0000804
-4.95,80.376096468,-178.043400628,-4.931895984,80.129370981,     0000101P0000805
-178.17182276,-4.895696485,79.884600987,-178.302089259,          0000101P0000806
-4.841276518,79.642425882,-178.433756849,-4.768388262,           0000101P0000807
79.403519997,-178.56628053,-4.676670062,79.168635176,            0000101P0000808
-178.813278943,-4.470026787,78.740529184,-178.927706783,         0000101P0000809
-4.360082868,78.546050096,-179.041849806,-4.235502493,           0000101P0000810
78.355714395,-179.155208698,-4.09589555,78.170125751,            0000101P0000811
-179.267168299,-3.940826481,77.990010193,-179.376970276,         0000101P0000812
-3.769839447,77.816245425,-179.602035917,-3.374701108,           0000101P0000813
77.465398055,-179.716916435,-3.146212232,77.289510534,           0000101P0000814
-179.826710385,-2.896751193,77.124248582,-179.92961314,          0000101P0000815
-2.626279947,76.971741307,-180.023620991,-2.335040538,           0000101P0000816
76.834256765,-180.106542911,-2.023616005,76.71425127,            0000101P0000817
-180.223003157,-1.469547707,76.546976364,-180.263831308,         0000101P0000818
-1.237352673,76.488746137,-180.297562424,-0.997847742,           0000101P0000819
76.440920921,-180.323432252,-0.752624319,76.404392284,           0000101P0000820
-180.340898595,-0.503388031,76.379779888,-180.34965927,          0000101P0000821
-0.251913792,76.36743474,-180.34965927,0.251922426,76.36743474,  0000101P0000822
-180.340897995,0.50339749,76.379780735,-180.323431429,           0000101P0000823
0.752630073,76.404393443,-180.297562045,0.997848272,             0000101P0000824
76.440921463,-180.263831748,1.23734912,76.488745522,             0000101P0000825
-180.223004058,1.469543421,76.546975071,-180.106542911,          0000101P0000826
2.023616005,76.71425127,-180.023620991,2.335040538,76.834256765, 0000101P0000827
-179.92961314,2.626279947,76.971741307,-179.826710385,           0000101P0000828
2.896751193,77.124248582,-179.716916435,3.146212232,             0000101P0000829
77.289510534,-179.602035917,3.374701108,77.465398055,            0000101P0000830
-179.253175409,3.98718092,78.00922514,-179.008139385,            0000101P0000831
4.315722937,78.40332598,-178.757907533,4.572517165,78.821593092, 0000101P0000832
-178.50820357,4.761937015,79.257242424,-178.26271257,            0000101P0000833
4.887189224,79.705313174,-178.023872766,4.95,80.162133784,       0000101P0000834
-177.793530917,4.95,80.62412806,0.,1.,-0.894934321,              0000101P0000835
3.001454877E-04,0.446197793;                                     0000101P0000836
126,85,7,0,1,1,1,-0.134364028,0.,0.,0.,0.,0.,0.,0.,0.1343616,    0000103P0000837
0.1343616,0.1343616,0.1343616,0.1343616,0.1343616,0.203345637,   0000103P0000838
0.203345637,0.203345637,0.203345637,0.203345637,0.203345637,     0000103P0000839
0.249969538,0.249969538,0.249969538,0.249969538,0.249969538,     0000103P0000840
0.249969538,0.296595037,0.296595037,0.296595037,0.296595037,     0000103P0000841
0.296595037,0.296595037,0.365580116,0.365580116,0.365580116,     0000103P0000842
0.365580116,0.365580116,0.365580116,0.427783492,0.427783492,     0000103P0000843
0.427783492,0.427783492,0.427783492,0.427783492,0.499997129,     0000103P0000844
0.499997129,0.499997129,0.499997129,0.499997129,0.499997129,     0000103P0000845
0.572210882,0.572210882,0.572210882,0.572210882,0.572210882,     0000103P0000846
0.572210882,0.634414196,0.634414196,0.634414196,0.634414196,     0000103P0000847
0.634414196,0.634414196,0.703399206,0.703399206,0.703399206,     0000103P0000848
0.703399206,0.703399206,0.703399206,0.750023765,0.750023765,     0000103P0000849
0.750023765,0.750023765,0.750023765,0.750023765,0.796649921,     0000103P0000850
0.796649921,0.796649921,0.796649921,0.796649921,0.796649921,     0000103P0000851
0.865635972,0.865635972,0.865635972,0.865635972,0.865635972,     0000103P0000852
0.865635972,1.,1.,1.,1.,1.,1.,1.,1.1343616,1.,1.,1.,1.,1.,1.,1., 0000103P0000853
1.,1.,1.,1.,1.,1.,1.,1.,1.,1.,1.,1.,1.,1.,1.,1.,1.,1.,1.,1.,1.,  0000103P0000854
1.,1.,1.,1.,1.,1.,1.,1.,1.,1.,1.,1.,1.,1.,1.,1.,1.,1.,1.,1.,1.,  0000103P0000855
1.,1.,1.,1.,1.,1.,1.,1.,1.,1.,1.,1.,1.,1.,1.,1.,1.,1.,1.,1.,1.,  0000103P0000856
1.,1.,1.,1.,1.,1.,1.,1.,1.,1.,1.,1.,1.,1.,1.,1.,-187.163684992,  0000103P0000857
4.95,61.830506466,-186.933343779,4.95,62.292499467,              0000103P0000858
-186.712246134,4.887189558,62.75817055,-186.502140348,           0000103P0000859
4.761935702,63.223886149,-186.304491856,4.572514884,             0000103P0000860
63.685487446,-186.121044154,4.315722645,64.137045867,            0000103P0000861
-185.953768296,3.987185415,64.569913805,-185.729396522,          0000103P0000862
3.374701108,65.175813951,-185.658063324,3.146212232,             0000103P0000863
65.373413365,-185.592154908,2.896751193,65.560555837,            0000103P0000864
-185.532285608,2.626279947,65.734518801,-185.479060907,          0000103P0000865
2.335040538,65.892337072,-185.433123914,2.023616005,             0000103P0000866
66.030782571,-185.369619761,1.469547707,66.22446041,             0000103P0000867
-185.347686028,1.237352673,66.292111047,-185.329791005,          0000103P0000868
0.997847742,66.347831847,-185.316186789,0.752624319,             0000103P0000869
66.390475894,-185.307041963,0.503388031,66.419237245,            0000103P0000870
-185.302454996,0.251913792,66.433663326,-185.302454996,          0000103P0000871
-0.251922426,66.433663326,-185.307042278,-0.50339749,            0000103P0000872
66.419236256,-185.31618722,-0.752630073,66.390474539,            0000103P0000873
-185.329791209,-0.997848272,66.347831219,-185.347685801,         0000103P0000874
-1.23734912,66.292111769,-185.369619269,-1.469543421,            0000103P0000875
66.224461908,-185.433123914,-2.023616005,66.030782571,           0000103P0000876
-185.479060907,-2.335040538,65.892337072,-185.532285608,         0000103P0000877
-2.626279947,65.734518801,-185.592154908,-2.896751193,           0000103P0000878
65.560555837,-185.658063324,-3.146212232,65.373413365,           0000103P0000879
-185.729396522,-3.374701108,65.175813951,-185.874147806,         0000103P0000880
-3.769839447,64.784923319,-185.946842041,-3.940826481,           0000103P0000881
64.592657314,-186.023309752,-4.09589555,64.394846152,            0000103P0000882
-186.103306349,-4.235502493,64.192623682,-186.186622213,         0000103P0000883
-4.360082868,63.986918126,-186.273075725,-4.470026787,           0000103P0000884
63.778491552,-186.466328747,-4.676669774,63.323589866,           0000103P0000885
-186.574161528,-4.768388272,63.076394112,-186.685721037,         0000103P0000886
-4.841276738,62.827461833,-186.800734567,-4.895696678,           0000103P0000887
62.577681313,-186.918930196,-4.931896044,62.327812649,           0000103P0000888
-187.0400212,-4.95,62.078537662,-187.287348982,-4.95,            0000103P0000889
61.582474874,-187.413554703,-4.931895984,61.335749387,           0000103P0000890
-187.541976836,-4.895696485,61.090979393,-187.672243334,         0000103P0000891
-4.841276518,60.848804289,-187.803910924,-4.768388262,           0000103P0000892
60.609898403,-187.936434605,-4.676670062,60.375013582,           0000103P0000893
-188.183433018,-4.470026787,59.94690759,-188.297860859,          0000103P0000894
-4.360082868,59.752428502,-188.412003882,-4.235502493,           0000103P0000895
59.562092801,-188.525362773,-4.09589555,59.376504158,            0000103P0000896
-188.637322374,-3.940826481,59.196388599,-188.747124351,         0000103P0000897
-3.769839447,59.022623831,-188.972189992,-3.374701108,           0000103P0000898
58.671776461,-189.087070511,-3.146212232,58.49588894,            0000103P0000899
-189.19686446,-2.896751193,58.330626988,-189.299767216,          0000103P0000900
-2.626279947,58.178119714,-189.393775066,-2.335040538,           0000103P0000901
58.040635171,-189.476696986,-2.023616005,57.920629676,           0000103P0000902
-189.593157232,-1.469547707,57.753354771,-189.633985383,         0000103P0000903
-1.237352673,57.695124543,-189.667716499,-0.997847742,           0000103P0000904
57.647299328,-189.693586327,-0.752624319,57.61077069,            0000103P0000905
-189.711052671,-0.503388031,57.586158294,-189.719813345,         0000103P0000906
-0.251913792,57.573813146,-189.719813345,0.251922426,            0000103P0000907
57.573813146,-189.71105207,0.50339749,57.586159141,              0000103P0000908
-189.693585505,0.752630073,57.61077185,-189.667716121,           0000103P0000909
0.997848272,57.647299869,-189.633985824,1.23734912,57.695123928, 0000103P0000910
-189.593158133,1.469543421,57.753353477,-189.476696986,          0000103P0000911
2.023616005,57.920629676,-189.393775066,2.335040538,             0000103P0000912
58.040635171,-189.299767216,2.626279947,58.178119714,            0000103P0000913
-189.19686446,2.896751193,58.330626988,-189.087070511,           0000103P0000914
3.146212232,58.49588894,-188.972189992,3.374701108,58.671776461, 0000103P0000915
-188.623329487,3.987180916,59.215603542,-188.37829345,           0000103P0000916
4.315722951,59.609704404,-188.128061627,4.572517146,             0000103P0000917
60.027971466,-187.878357627,4.761937029,60.463620863,            0000103P0000918
-187.632866655,4.88718922,60.911691562,-187.394026839,4.95,      0000103P0000919
61.368512195,-187.163684992,4.95,61.830506466,0.,1.,             0000103P0000920
-0.894934321,3.001454866E-04,0.446197793;                        0000103P0000921
126,49,7,0,1,1,1,-0.134569048,0.,0.,0.,0.,0.,0.,0.,0.13566636,   0000105P0000922
0.13566636,0.13566636,0.13566636,0.13566636,0.13566636,          0000105P0000923
0.252963383,0.252963383,0.252963383,0.252963383,0.252963383,     0000105P0000924
0.252963383,0.365898567,0.365898567,0.365898567,0.365898567,     0000105P0000925
0.365898567,0.365898567,0.501015167,0.501015167,0.501015167,     0000105P0000926
0.501015167,0.501015167,0.501015167,0.636131749,0.636131749,     0000105P0000927
0.636131749,0.636131749,0.636131749,0.636131749,0.752953432,     0000105P0000928
0.752953432,0.752953432,0.752953432,0.752953432,0.752953432,     0000105P0000929
0.865430952,0.865430952,0.865430952,0.865430952,0.865430952,     0000105P0000930
0.865430952,1.,1.,1.,1.,1.,1.,1.,1.13566636,1.,1.,1.,1.,1.,1.,   0000105P0000931
1.,1.,1.,1.,1.,1.,1.,1.,1.,1.,1.,1.,1.,1.,1.,1.,1.,1.,1.,1.,1.,  0000105P0000932
1.,1.,1.,1.,1.,1.,1.,1.,1.,1.,1.,1.,1.,1.,1.,1.,1.,1.,1.,1.,1.,  0000105P0000933
1.,1.,-153.32844966,-31.361760155,48.31308158,-153.098109002,    0000105P0000934
-31.361760155,48.775073467,-152.924351078,-31.371673646,         0000105P0000935
49.264345423,-152.808646055,-31.391443916,49.77712578,           0000105P0000936
-152.754488674,-31.420526814,50.310268284,-152.767461581,        0000105P0000937
-31.457837458,50.859758962,-152.855325064,-31.501281389,         0000105P0000938
51.419836788,-153.177525882,-31.586974608,52.464806637,          0000105P0000939
-153.394938099,-31.629790738,52.964266219,-153.689492249,        0000105P0000940
-31.67241955,53.458167087,-154.06414181,-31.710154339,           0000105P0000941
53.926234207,-154.516272332,-31.737778979,54.348815849,          0000105P0000942
-155.038771827,-31.75149748,54.707682708,-156.180122083,         0000105P0000943
-31.74836755,55.254303476,-156.762177073,-31.732726065,          0000105P0000944
55.432363927,-157.348484923,-31.704684363,55.522794624,          0000105P0000945
-157.922774046,-31.667855394,55.531407078,-158.470411649,        0000105P0000946
-31.626817241,55.467441029,-158.979283974,-31.5856522,           0000105P0000947
55.3438097,-159.991861639,-31.501281944,54.977988396,            0000105P0000948
-160.492043772,-31.457837506,54.71109576,-160.938698331,         0000105P0000949
-31.420526341,54.390760029,-161.331892458,-31.391443613,         0000105P0000950
54.026652475,-161.671781435,-31.371673644,53.625648079,          0000105P0000951
-161.957959147,-31.361760155,53.192431887,-162.418640501,        0000105P0000952
-31.361760155,52.268448037,-162.592398417,-31.371673645,         0000105P0000953
51.779176109,-162.708103451,-31.391443918,51.26639569,           0000105P0000954
-162.762260827,-31.420526812,50.733253268,-162.749287916,        0000105P0000955
-31.45783746,50.183762524,-162.661424438,-31.501281389,          0000105P0000956
49.623684729,-162.339223619,-31.586974608,48.578714873,          0000105P0000957
-162.121811401,-31.629790738,48.079255291,-161.827257251,        0000105P0000958
-31.67241955,47.585354423,-161.452607691,-31.710154339,          0000105P0000959
47.117287303,-161.000477168,-31.737778979,46.694705661,          0000105P0000960
-160.477977673,-31.75149748,46.335838802,-159.336627417,         0000105P0000961
-31.74836755,45.789218034,-158.754572427,-31.732726065,          0000105P0000962
45.611157583,-158.168264578,-31.704684363,45.520726886,          0000105P0000963
-157.593975455,-31.667855394,45.512114432,-157.046337851,        0000105P0000964
-31.626817241,45.576080481,-156.537465526,-31.5856522,           0000105P0000965
45.69971181,-155.524887861,-31.501281944,46.065533114,           0000105P0000966
-155.024705729,-31.457837506,46.33242575,-154.57805117,          0000105P0000967
-31.420526341,46.652761481,-154.184857043,-31.391443613,         0000105P0000968
47.016869035,-153.844968066,-31.371673644,47.417873431,          0000105P0000969
-153.558790353,-31.361760155,47.851089623,-153.32844966,         0000105P0000970
-31.361760155,48.31308158,0.,1.,-2.313684548E-13,-1.,            0000105P0000971
3.492354034E-14;                                                 0000105P0000972
126,49,7,0,0,1,0,0.,0.,0.,0.,0.,0.,0.,0.,6.216370424E-02,        0000107P0000973
6.216370424E-02,6.216370424E-02,6.216370424E-02,6.216370424E-02, 0000107P0000974
6.216370424E-02,0.197280285,0.197280285,0.197280285,0.197280285, 0000107P0000975
0.197280285,0.197280285,0.332396886,0.332396886,0.332396886,     0000107P0000976
0.332396886,0.332396886,0.332396886,0.44533207,0.44533207,       0000107P0000977
0.44533207,0.44533207,0.44533207,0.44533207,0.562629092,         0000107P0000978
0.562629092,0.562629092,0.562629092,0.562629092,0.562629092,     0000107P0000979
0.698295453,0.698295453,0.698295453,0.698295453,0.698295453,     0000107P0000980
0.698295453,0.833961834,0.833961834,0.833961834,0.833961834,     0000107P0000981
0.833961834,0.833961834,0.896532268,0.896532268,0.896532268,     0000107P0000982
0.896532268,0.896532268,0.896532268,0.896532268,0.896532268,1.,  0000107P0000983
1.,1.,1.,1.,1.,1.,1.,1.,1.,1.,1.,1.,1.,1.,1.,1.,1.,1.,1.,1.,1.,  0000107P0000984
1.,1.,1.,1.,1.,1.,1.,1.,1.,1.,1.,1.,1.,1.,1.,1.,1.,1.,1.,1.,1.,  0000107P0000985
1.,1.,1.,1.,1.,1.,1.,-171.223402102,-31.693263666,27.767119833,  0000107P0000986
-171.42961704,-31.675871397,28.004653517,-171.614351532,         0000107P0000987
-31.65622223,28.253017743,-171.777182341,-31.634964948,          0000107P0000988
28.509321613,-171.918087875,-31.612796365,28.770590884,          0000107P0000989
-172.03747937,-31.59039995,29.033790639,-172.136237377,          0000107P0000990
-31.568383473,29.295851885,-172.388536764,-31.501281389,         0000107P0000991
30.114115646,-172.476400242,-31.45783746,30.674193441,           0000107P0000992
-172.489373153,-31.420526812,31.223684185,-172.435215777,        0000107P0000993
-31.391443918,31.756826607,-172.319510743,-31.371673645,         0000107P0000994
32.269607026,-172.145752827,-31.361760155,32.758878955,          0000107P0000995
-171.685071471,-31.361760155,33.682862808,-171.398893774,        0000107P0000996
-31.371673643,34.116078979,-171.059004754,-31.391443614,         0000107P0000997
34.51708342,-170.665810691,-31.420526339,34.881190921,           0000107P0000998
-170.219156076,-31.457837508,35.201526689,-169.718973971,        0000107P0000999
-31.501281944,35.468419311,-168.7063963,-31.5856522,             0000107P0001000
35.834240617,-168.197523975,-31.626817241,35.957871946,          0000107P0001001
-167.649886372,-31.667855394,36.021837995,-167.075597248,        0000107P0001002
-31.704684363,36.013225541,-166.489289399,-31.732726065,         0000107P0001003
35.922794844,-165.907234409,-31.74836755,35.744734393,           0000107P0001004
-164.765884153,-31.75149748,35.198113625,-164.243384658,         0000107P0001005
-31.737778979,34.839246766,-163.791254136,-31.710154339,         0000107P0001006
34.416665124,-163.416604575,-31.67241955,33.948598004,           0000107P0001007
-163.122050425,-31.629790738,33.454697136,-162.904638207,        0000107P0001008
-31.586974608,32.955237554,-162.582437388,-31.501281389,         0000107P0001009
31.910267699,-162.49457391,-31.45783746,31.350189903,            0000107P0001010
-162.481601,-31.420526812,30.800699159,-162.535758375,           0000107P0001011
-31.391443918,30.267556738,-162.651463409,-31.371673645,         0000107P0001012
29.754776318,-162.825221325,-31.361760155,29.26550439,           0000107P0001013
-163.285902681,-31.361760155,28.341520536,-163.572080379,        0000107P0001014
-31.371673643,27.908304365,-163.911969398,-31.391443614,         0000107P0001015
27.507299925,-164.305163461,-31.420526339,27.143192423,          0000107P0001016
-164.751818077,-31.457837508,26.822856655,-165.252000181,        0000107P0001017
-31.501281944,26.555964033,-166.057947718,-31.568435311,         0000107P0001018
26.264793499,-166.32690413,-31.590469232,26.185958962,           0000107P0001019
-166.608904371,-31.612857424,26.12300627,-166.9021408,           0000107P0001020
-31.635004633,26.078393279,-167.204551346,-31.65624025,          0000107P0001021
26.054230832,-167.513855889,-31.675875765,26.05229324,           0000107P0001022
-167.827583262,-31.693263673,26.074027015,0.,0.896532268,        0000107P0001023
1.032247876E-03,0.999997314,2.075145425E-03;                     0000107P0001024
126,43,8,0,0,1,0,0.,0.,0.,0.,0.,0.,0.,0.,0.,0.127179332,         0000109P0001025
0.127179332,0.127179332,0.127179332,0.127179332,0.127179332,     0000109P0001026
0.127179332,0.301596575,0.301596575,0.301596575,0.301596575,     0000109P0001027
0.301596575,0.301596575,0.301596575,0.423266568,0.423266568,     0000109P0001028
0.423266568,0.423266568,0.423266568,0.423266568,0.423266568,     0000109P0001029
0.563321267,0.563321267,0.563321267,0.563321267,0.563321267,     0000109P0001030
0.563321267,0.563321267,0.722952853,0.722952853,0.722952853,     0000109P0001031
0.722952853,0.722952853,0.722952853,0.722952853,0.757867523,     0000109P0001032
0.757867523,0.757867523,0.757867523,0.757867523,0.757867523,     0000109P0001033
0.757867523,0.757867523,0.757867523,1.,1.,1.,1.,1.,1.,1.,1.,1.,  0000109P0001034
1.,1.,1.,1.,1.,1.,1.,1.,1.,1.,1.,1.,1.,1.,1.,1.,1.,1.,1.,1.,1.,  0000109P0001035
1.,1.,1.,1.,1.,1.,1.,1.,1.,1.,1.,1.,1.,1.,-167.827583267,        0000109P0001036
-31.693263679,26.074027013,-167.769454112,-31.683983087,         0000109P0001037
25.843165703,-167.738230004,-31.675293967,25.613048629,          0000109P0001038
-167.731668885,-31.667620402,25.386145811,-167.74785309,         0000109P0001039
-31.661251141,25.164180062,-167.785222531,-31.656366814,         0000109P0001040
24.948425857,-167.842593937,-31.653072378,24.739888154,          0000109P0001041
-167.919174424,-31.651421769,24.539453293,-168.145416177,        0000109P0001042
-31.651421769,24.085682536,-168.311235173,-31.654526587,         0000109P0001043
23.841194856,-168.510640838,-31.660718721,23.616966769,          0000109P0001044
-168.74335921,-31.669824089,23.416308786,-169.009359569,         0000109P0001045
-31.681457971,23.244043531,-169.308230547,-31.694920644,         0000109P0001046
23.106849258,-169.638394626,-31.708948525,23.013686159,          0000109P0001047
-170.243645668,-31.73064359,22.951139548,-170.511262301,         0000109P0001048
-31.739169076,22.952215862,-170.788657871,-31.746331269,         0000109P0001049
22.987473183,-171.06620705,-31.751128172,23.060431083,           0000109P0001050
-171.334274182,-31.752812439,23.170975296,-171.584138312,        0000109P0001051
-31.751266368,23.315757439,-171.808864173,-31.746938883,         0000109P0001052
23.488529616,-172.229023006,-31.733302945,23.901418551,          0000109P0001053
-172.410924037,-31.723469381,24.143859775,-172.551923357,        0000109P0001054
-31.712241538,24.398798579,-172.654763419,-31.700699227,         0000109P0001055
24.65965116,-172.722402627,-31.689686907,24.921372557,           0000109P0001056
-172.757785445,-31.679798094,25.180058802,-172.763728636,        0000109P0001057
-31.671427148,25.432747849,-172.718896219,-31.657243601,         0000109P0001058
25.955695366,-172.659936653,-31.651908146,26.225109516,          0000109P0001059
-172.568846996,-31.649140227,26.482981801,-172.447486128,        0000109P0001060
-31.649090475,26.727354176,-172.296973309,-31.651777948,         0000109P0001061
26.956137341,-172.117889496,-31.657099404,27.166788011,          0000109P0001062
-171.910492916,-31.664788056,27.355973485,-171.623629809,        0000109P0001063
-31.67641433,27.554606917,-171.57068804,-31.678594294,           0000109P0001064
27.58908523,-171.516300799,-31.680862161,27.622319006,           0000109P0001065
-171.460485158,-31.683211511,27.654232336,-171.403261588,        0000109P0001066
-31.685635019,27.684748079,-171.344654092,-31.688124456,         0000109P0001067
27.713787855,-171.284690381,-31.690670686,27.74127205,           0000109P0001068
-171.223402091,-31.693263686,27.767119805,0.,0.757867523,        0000109P0001069
3.812141811E-03,-0.999963905,7.593197091E-03;                    0000109P0001070
110,-167.827583261,-31.693263673,26.074027013,-167.827583261,    0000111P0001071
-25.629874406,26.074027013;                                      0000111P0001072
126,49,7,0,0,1,0,0.,0.,0.,0.,0.,0.,0.,0.,6.221257811E-02,        0000113P0001073
6.221257811E-02,6.221257811E-02,6.221257811E-02,6.221257811E-02, 0000113P0001074
6.221257811E-02,0.197301612,0.197301612,0.197301612,0.197301612, 0000113P0001075
0.197301612,0.197301612,0.332390596,0.332390596,0.332390596,     0000113P0001076
0.332390596,0.332390596,0.332390596,0.445358926,0.445358926,     0000113P0001077
0.445358926,0.445358926,0.445358926,0.445358926,0.562695508,     0000113P0001078
0.562695508,0.562695508,0.562695508,0.562695508,0.562695508,     0000113P0001079
0.698354886,0.698354886,0.698354886,0.698354886,0.698354886,     0000113P0001080
0.698354886,0.834014211,0.834014211,0.834014211,0.834014211,     0000113P0001081
0.834014211,0.834014211,0.89664793,0.89664793,0.89664793,        0000113P0001082
0.89664793,0.89664793,0.89664793,0.89664793,0.89664793,1.,1.,1., 0000113P0001083
1.,1.,1.,1.,1.,1.,1.,1.,1.,1.,1.,1.,1.,1.,1.,1.,1.,1.,1.,1.,1.,  0000113P0001084
1.,1.,1.,1.,1.,1.,1.,1.,1.,1.,1.,1.,1.,1.,1.,1.,1.,1.,1.,1.,1.,  0000113P0001085
1.,1.,1.,1.,1.,-171.223402103,-25.629874395,27.767119832,        0000113P0001086
-171.429716544,-25.608357167,28.004768129,-171.614484083,        0000113P0001087
-25.584043907,28.253204763,-171.777307805,-25.557735832,         0000113P0001088
28.509537264,-171.918185763,-25.530292419,28.770796011,          0000113P0001089
-172.037542241,-25.502557527,29.033952739,-172.136265893,        0000113P0001090
-25.475284022,29.295944369,-172.388303893,-25.392188989,         0000113P0001091
30.113360392,-172.476241591,-25.338325712,30.672937967,          0000113P0001092
-172.489427875,-25.291972085,31.222259486,-172.43546684,         0000113P0001093
-25.255774775,31.755547101,-172.31982924,-25.231144704,          0000113P0001094
32.268696549,-172.145974967,-25.218792596,32.75843341,           0000113P0001095
-171.684849452,-25.218792596,33.68330811,-171.398358453,         0000113P0001096
-25.231144688,34.116881158,-171.058134,-25.255774395,            0000113P0001097
34.518053968,-170.664705845,-25.291971494,34.882092003,          0000113P0001098
-170.218057901,-25.338325776,35.20215558,-169.718230593,         0000113P0001099
-25.392189683,35.468687877,-168.706788367,-25.49665962,          0000113P0001100
35.834098972,-168.198356043,-25.547609451,35.957673726,          0000113P0001101
-167.651128932,-25.598369731,36.021714746,-167.077100369,        0000113P0001102
-25.643901871,36.013312977,-166.490745379,-25.678595376,         0000113P0001103
35.923149268,-165.908186913,-25.697980027,35.745190571,          0000113P0001104
-164.764869377,-25.701853441,35.197627623,-164.242124854,        0000113P0001105
-25.684840662,34.838264012,-163.79018953,-25.650659114,          0000113P0001106
34.415455029,-163.415885471,-25.604010617,33.947453139,          0000113P0001107
-163.121661437,-25.551283657,33.453830122,-162.904494869,        0000113P0001108
-25.498292143,32.954772676,-162.58267026,-25.392188989,          0000113P0001109
31.911022952,-162.494732561,-25.338325712,31.351445377,          0000113P0001110
-162.481546277,-25.291972085,30.802123858,-162.535507312,        0000113P0001111
-25.255774775,30.268836243,-162.651144912,-25.231144704,         0000113P0001112
29.755686795,-162.824999185,-25.218792596,29.265949934,          0000113P0001113
-163.286124698,-25.218792596,28.341075239,-163.572615713,        0000113P0001114
-25.231144689,27.907502169,-163.912840123,-25.255774393,         0000113P0001115
27.506329403,-164.306268341,-25.291971497,27.142291316,          0000113P0001116
-164.752916229,-25.338325774,26.822227776,-165.252743566,        0000113P0001117
-25.392189684,26.555695465,-166.057875033,-25.475350176,         0000113P0001118
26.264819759,-166.32676062,-25.502645759,26.186000328,           0000113P0001119
-166.608702347,-25.530369941,26.123048538,-166.901906369,        0000113P0001120
-25.557786029,26.078422325,-167.204327559,-25.584066561,         0000113P0001121
26.054237876,-167.513704548,-25.608362576,26.052282754,          0000113P0001122
-167.827583262,-25.629874406,26.074027014,0.,0.89664793,         0000113P0001123
1.276408422E-03,0.999995893,2.565925289E-03;                     0000113P0001124
110,-171.223402104,-31.693263666,27.767119832,-171.223402104,    0000115P0001125
-25.629874395,27.767119832;                                      0000115P0001126
110,-168.899357033,25.104581255,15.850035765,-175.146126417,     0000117P0001127
25.104581255,3.320954703;                                        0000117P0001128
100,0.,0.,0.,-5.5,-25.104581255,5.5,-25.104581255;               0000119P0001129
124,0.894934362,0.,-0.446197813,-173.821496022,0.,-1.,0.,        0000121P0001130
-4.475859753E-16,-0.446197813,0.,-0.894934362,18.304123737;      0000121P0001131
110,-178.743635011,25.104581255,20.758211709,-184.990404395,     0000123P0001132
25.104581255,8.229130647;                                        0000123P0001133
100,0.,0.,0.,-5.5,25.104581255,-24.491205118,-7.789150907;       0000125P0001134
124,0.894934362,0.,0.446197813,-180.068265406,0.,1.,0.,          0000127P0001135
-4.475859753E-16,-0.446197813,0.,0.894934362,5.775042675;        0000127P0001136
110,-195.73951704,-7.789150907,29.232045902,-201.986286423,      0000129P0001137
-7.789150907,16.702964839;                                       0000129P0001138
100,0.,0.,0.,-18.991205118,17.315430348,-24.491205118,           0000131P0001139
7.789150907;                                                     0000131P0001140
124,0.894934362,0.,-0.446197813,-173.821496022,0.,-1.,0.,        0000133P0001141
-4.475859753E-16,-0.446197813,0.,-0.894934362,18.304123737;      0000133P0001142
110,-190.817378051,-17.315430348,26.777957929,-197.064147434,    0000135P0001143
-17.315430348,14.248876867;                                      0000135P0001144
100,0.,0.,0.,-18.991205118,-17.315430348,18.991205118,           0000137P0001145
-17.315430348;                                                   0000137P0001146
124,0.894934362,0.,0.446197813,-180.068265406,0.,1.,0.,          0000139P0001147
-4.475859753E-16,-0.446197813,0.,0.894934362,5.775042675;        0000139P0001148
110,-156.825613994,-17.315430348,9.830289545,-163.072383377,     0000141P0001149
-17.315430348,-2.698791517;                                      0000141P0001150
100,0.,0.,0.,24.491205118,7.789150907,18.991205118,17.315430348; 0000143P0001151
124,0.894934362,0.,-0.446197813,-173.821496022,0.,-1.,0.,        0000145P0001152
-4.475859753E-16,-0.446197813,0.,-0.894934362,18.304123737;      0000145P0001153
110,-151.903475005,-7.789150907,7.376201573,-158.150244388,      0000147P0001154
-7.789150907,-5.152879489;                                       0000147P0001155
100,0.,0.,0.,24.491205118,-7.789150907,25.7,-6.294684548E-15;    0000149P0001156
124,0.894934362,0.,0.446197813,-180.068265406,0.,1.,0.,          0000151P0001157
-4.475859753E-16,-0.446197813,0.,0.894934362,5.775042675;        0000151P0001158
110,-157.068452313,-4.475859753E-16,-5.692241122,-138.305834271, 0000153P0001159
-4.475859753E-16,31.939748783;                                   0000153P0001160
126,41,6,0,0,1,0,0.,0.,0.,0.,0.,0.,0.,9.319181204E-02,           0000155P0001161
9.319181204E-02,9.319181204E-02,9.319181204E-02,9.319181204E-02, 0000155P0001162
0.231271018,0.231271018,0.231271018,0.231271018,0.231271018,     0000155P0001163
0.350087106,0.350087106,0.350087106,0.350087106,0.350087106,     0000155P0001164
0.500001039,0.500001039,0.500001039,0.500001039,0.500001039,     0000155P0001165
0.649915215,0.649915215,0.649915215,0.649915215,0.649915215,     0000155P0001166
0.76873115,0.76873115,0.76873115,0.76873115,0.76873115,          0000155P0001167
0.906810189,0.906810189,0.906810189,0.906810189,0.906810189,1.,  0000155P0001168
1.,1.,1.,1.,1.,1.,1.,1.,1.,1.,1.,1.,1.,1.,1.,1.,1.,1.,1.,1.,1.,  0000155P0001169
1.,1.,1.,1.,1.,1.,1.,1.,1.,1.,1.,1.,1.,1.,1.,1.,1.,1.,1.,1.,1.,  0000155P0001170
1.,1.,1.,1.,1.,1.,-133.888475922,-2.664535259E-15,40.799598963,  0000155P0001171
-133.888475922,-0.294046947,40.799598963,-133.901441645,         0000155P0001172
-0.587433318,40.782641656,-133.927263944,-0.877002988,           0000155P0001173
40.748870535,-133.965207242,-1.159653589,40.699045573,           0000155P0001174
-134.013936538,-1.432494642,40.634530786,-134.157123841,         0000155P0001175
-2.078981397,40.442994868,-134.262301946,-2.437880152,           0000155P0001176
40.300835026,-134.382713937,-2.768045994,40.1355014,             0000155P0001177
-134.51430763,-3.068784081,39.950984944,-134.653582765,          0000155P0001178
-3.340095625,39.750906614,-134.921426062,-3.791056369,           0000155P0001179
39.355969357,-135.049125264,-3.978799044,39.16376371,            0000155P0001180
-135.179120072,-4.146391065,38.963552499,-135.31024356,          0000155P0001181
-4.294518853,38.756536724,-135.441603468,-4.423804883,           0000155P0001182
38.543660233,-135.7376558,-4.674703175,38.050670396,             0000155P0001183
-135.90207205,-4.785449438,37.767544817,-136.064250402,          0000155P0001184
-4.867878848,37.478007598,-136.22311467,-4.922619821,            0000155P0001185
37.183455536,-136.377850684,-4.95,36.885147662,-136.677757834,   0000155P0001186
-4.95,36.283626978,-136.822874946,-4.922619728,35.980522483,     0000155P0001187
-136.962507638,-4.867878537,35.676382162,-137.096140524,         0000155P0001188
-4.785449271,35.372613911,-137.223306193,-4.674703573,           0000155P0001189
35.070916854,-137.438856976,-4.423804891,34.53778943,            0000155P0001190
-137.529813352,-4.294518836,34.30476843,-137.616231407,          0000155P0001191
-4.146391068,34.075463377,-137.697894351,-3.978799063,           0000155P0001192
33.851154819,-137.774545322,-3.791056354,33.633497416,           0000155P0001193
-137.928764115,-3.340095625,33.181909088,-138.004735906,         0000155P0001194
-3.068784081,32.950268875,-138.072902238,-2.768045994,           0000155P0001195
32.734128703,-138.132477798,-2.437880152,32.538463151,           0000155P0001196
-138.182713932,-2.078981397,32.368910253,-138.249508502,         0000155P0001197
-1.432499918,32.13928847,-138.271706746,-1.159656722,            0000155P0001198
32.061544016,-138.288664357,-0.876999694,32.00125399,            0000155P0001199
-138.300094941,-0.58742371,31.960307367,-138.305834271,          0000155P0001200
-0.294036462,31.939748783,-138.305834271,-3.552713679E-15,       0000155P0001201
31.939748783,0.,1.,-0.89191456,8.208087175E-02,0.444692194;      0000155P0001202
110,-133.888475922,-4.475859753E-16,40.799598963,-128.935680196, 0000157P0001203
-4.475859753E-16,50.733370377;                                   0000157P0001204
126,41,6,0,0,1,0,0.,0.,0.,0.,0.,0.,0.,9.319181212E-02,           0000159P0001205
9.319181212E-02,9.319181212E-02,9.319181212E-02,9.319181212E-02, 0000159P0001206
0.231271018,0.231271018,0.231271018,0.231271018,0.231271018,     0000159P0001207
0.350087098,0.350087098,0.350087098,0.350087098,0.350087098,     0000159P0001208
0.500001031,0.500001031,0.500001031,0.500001031,0.500001031,     0000159P0001209
0.649915207,0.649915207,0.649915207,0.649915207,0.649915207,     0000159P0001210
0.76873115,0.76873115,0.76873115,0.76873115,0.76873115,          0000159P0001211
0.906810189,0.906810189,0.906810189,0.906810189,0.906810189,1.,  0000159P0001212
1.,1.,1.,1.,1.,1.,1.,1.,1.,1.,1.,1.,1.,1.,1.,1.,1.,1.,1.,1.,1.,  0000159P0001213
1.,1.,1.,1.,1.,1.,1.,1.,1.,1.,1.,1.,1.,1.,1.,1.,1.,1.,1.,1.,1.,  0000159P0001214
1.,1.,1.,1.,1.,1.,-124.518321846,-2.664535259E-15,59.593220557,  0000159P0001215
-124.518321846,-0.294046947,59.593220557,-124.53128757,          0000159P0001216
-0.587433318,59.576263249,-124.557109869,-0.877002988,           0000159P0001217
59.542492129,-124.595053167,-1.159653589,59.492667167,           0000159P0001218
-124.643782463,-1.432494642,59.428152379,-124.786969766,         0000159P0001219
-2.078981397,59.236616462,-124.89214787,-2.437880152,            0000159P0001220
59.09445662,-125.012559861,-2.768045994,58.929122994,            0000159P0001221
-125.144153555,-3.068784081,58.744606538,-125.28342869,          0000159P0001222
-3.340095625,58.544528208,-125.551271978,-3.791056354,           0000159P0001223
58.149590963,-125.678971203,-3.978799063,57.957385281,           0000159P0001224
-125.808965997,-4.146391068,57.757174094,-125.94008947,          0000159P0001225
-4.294518836,57.55015834,-126.071449402,-4.423804891,            0000159P0001226
57.337281811,-126.367501725,-4.674703175,56.84429199,            0000159P0001227
-126.531917975,-4.785449438,56.56116641,-126.694096326,          0000159P0001228
-4.867878848,56.271629191,-126.852960595,-4.922619821,           0000159P0001229
55.977077129,-127.007696609,-4.95,55.678769256,-127.307603759,   0000159P0001230
-4.95,55.077248571,-127.452720871,-4.922619728,54.774144077,     0000159P0001231
-127.592353562,-4.867878537,54.470003756,-127.725986448,         0000159P0001232
-4.785449271,54.166235505,-127.853152117,-4.674703573,           0000159P0001233
53.864538448,-128.068702908,-4.423804883,53.331411007,           0000159P0001234
-128.159659267,-4.294518853,53.098390049,-128.246077331,         0000159P0001235
-4.146391065,52.869084972,-128.327740285,-3.978799044,           0000159P0001236
52.644776387,-128.404391242,-3.791056369,52.427119025,           0000159P0001237
-128.55861004,-3.340095625,51.975530682,-128.634581831,          0000159P0001238
-3.068784081,51.743890468,-128.702748163,-2.768045994,           0000159P0001239
51.527750297,-128.762323722,-2.437880152,51.332084745,           0000159P0001240
-128.812559857,-2.078981397,51.162531847,-128.879354427,         0000159P0001241
-1.432499918,50.932910064,-128.90155267,-1.159656722,            0000159P0001242
50.85516561,-128.918510282,-0.876999694,50.794875584,            0000159P0001243
-128.929940865,-0.58742371,50.753928961,-128.935680196,          0000159P0001244
-0.294036462,50.733370377,-128.935680196,-3.552713679E-15,       0000159P0001245
50.733370377,0.,1.,-0.89191456,8.208087175E-02,0.444692194;      0000159P0001246
110,-124.518321846,-4.475859753E-16,59.593220557,-88.800186907,  0000161P0001247
-4.475859753E-16,131.232716203;                                  0000161P0001248
100,0.,0.,0.,25.7,0.,25.7,0.;                                    0000163P0001249
124,0.894934362,0.,0.446197813,-111.8,0.,1.,0.,-4.475859753E-16, 0000165P0001250
-0.446197813,0.,0.894934362,142.7;                               0000165P0001251
126,19,7,0,0,1,0,0.,0.,0.,0.,0.,0.,0.,0.,0.537345191,            0000167P0001252
0.537345191,0.537345191,0.537345191,0.537345191,0.537345191,     0000167P0001253
0.813573188,0.813573188,0.813573188,0.813573188,0.813573188,     0000167P0001254
0.813573188,1.,1.,1.,1.,1.,1.,1.,1.,1.,1.,1.,1.,1.,1.,1.,1.,1.,  0000167P0001255
1.,1.,1.,1.,1.,1.,1.,1.,1.,1.,1.,-127.157650062,4.95,            0000167P0001256
55.378009158,-126.92708675,4.95,55.840447621,-126.685857994,     0000167P0001257
4.887068373,56.2965945,-126.435882622,4.761589523,56.742767311,  0000167P0001258
-126.179793501,4.571928331,57.175278295,-125.921581582,          0000167P0001259
4.315020612,57.589285228,-125.667436883,3.986640161,             0000167P0001260
57.978304807,-125.303994929,3.374722463,58.514203111,            0000167P0001261
-125.183946451,3.146301665,58.687441301,-125.068957159,          0000167P0001262
2.896933745,58.850044513,-124.960954722,2.626546347,             0000167P0001263
58.999980262,-124.862096983,2.33533765,59.135073718,             0000167P0001264
-124.774757014,2.023841156,59.252952971,-124.652026041,          0000167P0001265
1.469714174,59.417125275,-124.608976314,1.237611921,             0000167P0001266
59.474233735,-124.573370866,0.99813842,59.521139127,             0000167P0001267
-124.546042263,0.752895701,59.556966652,-124.527582417,          0000167P0001268
0.503598782,59.581109059,-124.518321846,0.252031253,             0000167P0001269
59.593220557,-124.518321846,5.339572193E-16,59.593220557,0.,1.,  0000167P0001270
-0.866675792,-5.765345903E-02,0.495529161;                       0000167P0001271
126,19,7,0,0,1,0,0.,0.,0.,0.,0.,0.,0.,0.,0.186431013,            0000169P0001272
0.186431013,0.186431013,0.186431013,0.186431013,0.186431013,     0000169P0001273
0.462659641,0.462659641,0.462659641,0.462659641,0.462659641,     0000169P0001274
0.462659641,1.,1.,1.,1.,1.,1.,1.,1.,1.,1.,1.,1.,1.,1.,1.,1.,1.,  0000169P0001275
1.,1.,1.,1.,1.,1.,1.,1.,1.,1.,1.,-128.935680196,                 0000169P0001276
-6.784431118E-16,50.733370377,-128.935680196,0.25204024,         0000169P0001277
50.733370377,-128.931580381,0.50360864,50.748056127,             0000169P0001278
-128.923408702,0.752901701,50.777328468,-128.911242542,          0000169P0001279
0.99813896,50.820714832,-128.895210527,1.237608175,50.877377537, 0000169P0001280
-128.875509911,1.469709652,50.946126475,-128.818256955,          0000169P0001281
2.023841156,51.142946753,-128.776676904,2.33533765,51.28364106,  0000169P0001282
-128.728280546,2.626546347,51.443893631,-128.67353402,           0000169P0001283
2.896933745,51.620381799,-128.612875605,3.146301665,             0000169P0001284
51.810073386,-128.546768412,3.374722463,52.010205709,            0000169P0001285
-128.337507383,3.986635604,52.622970447,-128.179769999,          0000169P0001286
4.315020904,53.060059677,-128.004523315,4.571930583,             0000169P0001287
53.515437549,-127.813221949,4.761590873,53.980252568,            0000169P0001288
-127.607332102,4.887068092,54.448403247,-127.388213903,4.95,     0000169P0001289
54.915569636,-127.157650062,4.95,55.378009158,0.,1.,             0000169P0001290
-0.917325694,-5.765346467E-02,0.393941175;                       0000169P0001291
126,19,7,0,0,1,0,0.,0.,0.,0.,0.,0.,0.,0.,0.537345191,            0000171P0001292
0.537345191,0.537345191,0.537345191,0.537345191,0.537345191,     0000171P0001293
0.813573188,0.813573188,0.813573188,0.813573188,0.813573188,     0000171P0001294
0.813573188,1.,1.,1.,1.,1.,1.,1.,1.,1.,1.,1.,1.,1.,1.,1.,1.,1.,  0000171P0001295
1.,1.,1.,1.,1.,1.,1.,1.,1.,1.,1.,-136.527804137,4.95,            0000171P0001296
36.584387565,-136.297240825,4.95,37.046826027,-136.05601207,     0000171P0001297
4.887068373,37.502972907,-135.806036697,4.761589523,             0000171P0001298
37.949145717,-135.549947576,4.571928331,38.381656702,            0000171P0001299
-135.291735657,4.315020612,38.795663635,-135.037590958,          0000171P0001300
3.986640161,39.184683213,-134.674149004,3.374722463,             0000171P0001301
39.720581517,-134.554100526,3.146301665,39.893819707,            0000171P0001302
-134.439111234,2.896933745,40.056422919,-134.331108798,          0000171P0001303
2.626546347,40.206358669,-134.232251059,2.33533765,40.341452124, 0000171P0001304
-134.144911089,2.023841156,40.459331377,-134.022180117,          0000171P0001305
1.469714174,40.623503681,-133.979130389,1.237611921,             0000171P0001306
40.680612141,-133.943524941,0.99813842,40.727517534,             0000171P0001307
-133.916196338,0.752895701,40.763345058,-133.897736493,          0000171P0001308
0.503598782,40.787487465,-133.888475922,0.252031253,             0000171P0001309
40.799598963,-133.888475922,5.339572193E-16,40.799598963,0.,1.,  0000171P0001310
-0.866675792,-5.765345903E-02,0.495529161;                       0000171P0001311
126,19,7,0,0,1,0,0.,0.,0.,0.,0.,0.,0.,0.,0.186431014,            0000173P0001312
0.186431014,0.186431014,0.186431014,0.186431014,0.186431014,     0000173P0001313
0.462659644,0.462659644,0.462659644,0.462659644,0.462659644,     0000173P0001314
0.462659644,1.,1.,1.,1.,1.,1.,1.,1.,1.,1.,1.,1.,1.,1.,1.,1.,1.,  0000173P0001315
1.,1.,1.,1.,1.,1.,1.,1.,1.,1.,1.,-138.305834271,                 0000173P0001316
-6.784431118E-16,31.939748783,-138.305834271,0.25204024,         0000173P0001317
31.939748783,-138.301734456,0.50360864,31.954434533,             0000173P0001318
-138.293562777,0.752901701,31.983706875,-138.281396617,          0000173P0001319
0.99813896,32.027093238,-138.265364603,1.237608175,32.083755943, 0000173P0001320
-138.245663986,1.469709652,32.152504882,-138.188411031,          0000173P0001321
2.023841156,32.349325159,-138.146830979,2.33533765,32.490019466, 0000173P0001322
-138.098434621,2.626546347,32.650272038,-138.043688096,          0000173P0001323
2.896933745,32.826760205,-137.98302968,3.146301665,33.016451793, 0000173P0001324
-137.916922487,3.374722463,33.216584116,-137.70766146,3.9866356, 0000173P0001325
33.829348849,-137.549924067,4.315020918,34.266438102,            0000173P0001326
-137.374677405,4.571930564,34.721815921,-137.18337601,           0000173P0001327
4.761590886,35.186631009,-136.977486186,4.887068087,             0000173P0001328
35.654781634,-136.758367976,4.95,36.121948047,-136.527804137,    0000173P0001329
4.95,36.584387565,0.,1.,-0.917325694,-5.765346468E-02,           0000173P0001330
0.393941175;                                                     0000173P0001331
100,0.,0.,0.,25.7,0.,5.5,25.104581255;                           0000175P0001332
124,0.894934362,0.,0.446197813,-180.068265406,0.,1.,0.,          0000177P0001333
-4.475859753E-16,-0.446197813,0.,0.894934362,5.775042675;        0000177P0001334
126,49,7,0,1,1,1,-0.134521037,0.,0.,0.,0.,0.,0.,0.,0.135659378,  0000179P0001335
0.135659378,0.135659378,0.135659378,0.135659378,0.135659378,     0000179P0001336
0.25299596,0.25299596,0.25299596,0.25299596,0.25299596,          0000179P0001337
0.25299596,0.365964289,0.365964289,0.365964289,0.365964289,      0000179P0001338
0.365964289,0.365964289,0.501053272,0.501053272,0.501053272,     0000179P0001339
0.501053272,0.501053272,0.501053272,0.636142307,0.636142307,     0000179P0001340
0.636142307,0.636142307,0.636142307,0.636142307,0.752985579,     0000179P0001341
0.752985579,0.752985579,0.752985579,0.752985579,0.752985579,     0000179P0001342
0.865478963,0.865478963,0.865478963,0.865478963,0.865478963,     0000179P0001343
0.865478963,1.,1.,1.,1.,1.,1.,1.,1.135659378,1.,1.,1.,1.,1.,1.,  0000179P0001344
1.,1.,1.,1.,1.,1.,1.,1.,1.,1.,1.,1.,1.,1.,1.,1.,1.,1.,1.,1.,1.,  0000179P0001345
1.,1.,1.,1.,1.,1.,1.,1.,1.,1.,1.,1.,1.,1.,1.,1.,1.,1.,1.,1.,1.,  0000179P0001346
1.,1.,-124.325591808,25.218792596,106.483815084,-124.095029007,  0000179P0001347
25.218792596,106.946252522,-123.921174734,25.231144704,          0000179P0001348
107.435989382,-123.805537134,25.255774775,107.94913883,          0000179P0001349
-123.751576099,25.291972085,108.482426445,-123.764762383,        0000179P0001350
25.338325712,109.031747964,-123.852700082,25.392188989,          0000179P0001351
109.591325539,-124.174524691,25.498292143,110.635075264,         0000179P0001352
-124.391691259,25.551283657,111.134132709,-124.685915293,        0000179P0001353
25.604010617,111.627755726,-125.060219352,25.650659114,          0000179P0001354
112.095757617,-125.512154676,25.684840662,112.518566599,         0000179P0001355
-126.034899199,25.701853441,112.87793021,-127.178216735,         0000179P0001356
25.697980027,113.425493158,-127.760775202,25.678595376,          0000179P0001357
113.603451855,-128.347130191,25.643901871,113.693615564,         0000179P0001358
-128.921158754,25.598369731,113.702017333,-129.468385865,        0000179P0001359
25.547609451,113.637976313,-129.976818189,25.49665962,           0000179P0001360
113.51440156,-130.988260415,25.392189683,113.148990464,          0000179P0001361
-131.488087724,25.338325776,112.882458167,-131.934735667,        0000179P0001362
25.291971494,112.56239459,-132.328163822,25.255774395,           0000179P0001363
112.198356555,-132.668388275,25.231144688,111.797183745,         0000179P0001364
-132.954879274,25.218792596,111.363610697,-133.416004792,        0000179P0001365
25.218792596,110.438735992,-133.589859056,25.231144704,          0000179P0001366
109.948999157,-133.705496668,25.255774777,109.435849649,         0000179P0001367
-133.759457697,25.291972082,108.902562115,-133.74627141,         0000179P0001368
25.338325713,108.353240531,-133.658333717,25.392188988,          0000179P0001369
107.793662985,-133.336509105,25.498292143,106.749913255,         0000179P0001370
-133.119342537,25.551283657,106.250855809,-132.825118503,        0000179P0001371
25.604010617,105.757232793,-132.450814444,25.650659114,          0000179P0001372
105.289230902,-131.998879121,25.684840662,104.866421919,         0000179P0001373
-131.476134597,25.701853441,104.507058308,-130.332817061,        0000179P0001374
25.697980027,103.95949536,-129.750258595,25.678595376,           0000179P0001375
103.781536663,-129.163903605,25.643901871,103.691372954,         0000179P0001376
-128.589875043,25.598369731,103.682971185,-128.042647931,        0000179P0001377
25.547609451,103.747012205,-127.534215607,25.49665962,           0000179P0001378
103.870586959,-126.522773381,25.392189683,104.235998054,         0000179P0001379
-126.022946073,25.338325776,104.502530351,-125.576298129,        0000179P0001380
25.291971494,104.822593928,-125.182869974,25.255774395,          0000179P0001381
105.186631963,-124.842645522,25.231144688,105.587804773,         0000179P0001382
-124.556154522,25.218792596,106.021377821,-124.325591808,        0000179P0001383
25.218792596,106.483815084,0.,1.,-2.328239254E-13,1.,            0000179P0001384
5.529568227E-14;                                                 0000179P0001385
126,49,7,0,1,1,1,-0.134521037,0.,0.,0.,0.,0.,0.,0.,0.135659379,  0000181P0001386
0.135659379,0.135659379,0.135659379,0.135659379,0.135659379,     0000181P0001387
0.252995961,0.252995961,0.252995961,0.252995961,0.252995961,     0000181P0001388
0.252995961,0.36596429,0.36596429,0.36596429,0.36596429,         0000181P0001389
0.36596429,0.36596429,0.501053273,0.501053273,0.501053273,       0000181P0001390
0.501053273,0.501053273,0.501053273,0.636142307,0.636142307,     0000181P0001391
0.636142307,0.636142307,0.636142307,0.636142307,0.752985579,     0000181P0001392
0.752985579,0.752985579,0.752985579,0.752985579,0.752985579,     0000181P0001393
0.865478963,0.865478963,0.865478963,0.865478963,0.865478963,     0000181P0001394
0.865478963,1.,1.,1.,1.,1.,1.,1.,1.135659379,1.,1.,1.,1.,1.,1.,  0000181P0001395
1.,1.,1.,1.,1.,1.,1.,1.,1.,1.,1.,1.,1.,1.,1.,1.,1.,1.,1.,1.,1.,  0000181P0001396
1.,1.,1.,1.,1.,1.,1.,1.,1.,1.,1.,1.,1.,1.,1.,1.,1.,1.,1.,1.,1.,  0000181P0001397
1.,1.,-134.008084353,25.218792596,87.063739437,-133.777521549,   0000181P0001398
25.218792596,87.52617688,-133.603667284,25.231144704,            0000181P0001399
88.015913714,-133.488029673,25.255774777,88.529063223,           0000181P0001400
-133.434068644,25.291972082,89.062350757,-133.447254931,         0000181P0001401
25.338325713,89.611672341,-133.535192624,25.392188988,           0000181P0001402
90.171249886,-133.857017236,25.498292143,91.214999617,           0000181P0001403
-134.074183804,25.551283657,91.714057062,-134.368407837,         0000181P0001404
25.604010617,92.207680079,-134.742711896,25.650659114,           0000181P0001405
92.67568197,-135.19464722,25.684840662,93.098490952,             0000181P0001406
-135.717391744,25.701853441,93.457854564,-136.86070928,          0000181P0001407
25.697980027,94.005417511,-137.443267746,25.678595376,           0000181P0001408
94.183376209,-138.029622735,25.643901871,94.273539918,           0000181P0001409
-138.603651298,25.598369731,94.281941686,-139.15087841,          0000181P0001410
25.547609451,94.217900666,-139.659310734,25.49665962,            0000181P0001411
94.094325913,-140.670752959,25.392189683,93.728914817,           0000181P0001412
-141.170580268,25.338325776,93.46238252,-141.617228211,          0000181P0001413
25.291971494,93.142318944,-142.010656367,25.255774395,           0000181P0001414
92.778280909,-142.350880819,25.231144688,92.377108098,           0000181P0001415
-142.637371818,25.218792596,91.94353505,-143.098497334,          0000181P0001416
25.218792596,91.01866035,-143.272351607,25.231144704,            0000181P0001417
90.52892349,-143.387989207,25.255774775,90.015774042,            0000181P0001418
-143.441950241,25.291972085,89.482486427,-143.428763958,         0000181P0001419
25.338325712,88.933164907,-143.340826259,25.392188989,           0000181P0001420
88.373587332,-143.019001649,25.498292143,87.329837608,           0000181P0001421
-142.801835081,25.551283657,86.830780162,-142.507611048,         0000181P0001422
25.604010617,86.337157146,-142.133306989,25.650659114,           0000181P0001423
85.869155255,-141.681371665,25.684840662,85.446346272,           0000181P0001424
-141.158627142,25.701853441,85.086982661,-140.015309606,         0000181P0001425
25.697980027,84.539419713,-139.432751139,25.678595376,           0000181P0001426
84.361461016,-138.84639615,25.643901871,84.271297307,            0000181P0001427
-138.272367587,25.598369731,84.262895538,-137.725140476,         0000181P0001428
25.547609451,84.326936558,-137.216708152,25.49665962,            0000181P0001429
84.450511312,-136.205265926,25.392189683,84.815922408,           0000181P0001430
-135.705438617,25.338325776,85.082454704,-135.258790674,         0000181P0001431
25.291971494,85.402518281,-134.865362518,25.255774395,           0000181P0001432
85.766556316,-134.525138066,25.231144688,86.167729126,           0000181P0001433
-134.238647067,25.218792596,86.601302174,-134.008084353,         0000181P0001434
25.218792596,87.063739437,0.,1.,2.1827243E-13,1.,                0000181P0001435
4.947508414E-14;                                                 0000181P0001436
126,49,7,0,1,1,1,-0.134521037,0.,0.,0.,0.,0.,0.,0.,0.135659379,  0000183P0001437
0.135659379,0.135659379,0.135659379,0.135659379,0.135659379,     0000183P0001438
0.252995961,0.252995961,0.252995961,0.252995961,0.252995961,     0000183P0001439
0.252995961,0.36596429,0.36596429,0.36596429,0.36596429,         0000183P0001440
0.36596429,0.36596429,0.501053273,0.501053273,0.501053273,       0000183P0001441
0.501053273,0.501053273,0.501053273,0.636142307,0.636142307,     0000183P0001442
0.636142307,0.636142307,0.636142307,0.636142307,0.752985579,     0000183P0001443
0.752985579,0.752985579,0.752985579,0.752985579,0.752985579,     0000183P0001444
0.865478963,0.865478963,0.865478963,0.865478963,0.865478963,     0000183P0001445
0.865478963,1.,1.,1.,1.,1.,1.,1.,1.135659379,1.,1.,1.,1.,1.,1.,  0000183P0001446
1.,1.,1.,1.,1.,1.,1.,1.,1.,1.,1.,1.,1.,1.,1.,1.,1.,1.,1.,1.,1.,  0000183P0001447
1.,1.,1.,1.,1.,1.,1.,1.,1.,1.,1.,1.,1.,1.,1.,1.,1.,1.,1.,1.,1.,  0000183P0001448
1.,1.,-143.690576897,25.218792596,67.643663791,-143.460014094,   0000183P0001449
25.218792596,68.106101233,-143.286159829,25.231144704,           0000183P0001450
68.595838067,-143.170522218,25.255774777,69.108987576,           0000183P0001451
-143.116561188,25.291972082,69.64227511,-143.129747475,          0000183P0001452
25.338325713,70.191596694,-143.217685169,25.392188988,           0000183P0001453
70.75117424,-143.53950978,25.498292143,71.79492397,              0000183P0001454
-143.756676348,25.551283657,72.293981416,-144.050900382,         0000183P0001455
25.604010617,72.787604432,-144.425204441,25.650659114,           0000183P0001456
73.255606323,-144.877139765,25.684840662,73.678415306,           0000183P0001457
-145.399884288,25.701853441,74.037778917,-146.543201824,         0000183P0001458
25.697980027,74.585341865,-147.125760291,25.678595376,           0000183P0001459
74.763300562,-147.71211528,25.643901871,74.853464271,            0000183P0001460
-148.286143842,25.598369731,74.86186604,-148.833370954,          0000183P0001461
25.547609451,74.79782502,-149.341803278,25.49665962,             0000183P0001462
74.674250266,-150.353245504,25.392189683,74.30883917,            0000183P0001463
-150.853072812,25.338325776,74.042306874,-151.299720756,         0000183P0001464
25.291971494,73.722243297,-151.693148911,25.255774395,           0000183P0001465
73.358205262,-152.033373364,25.231144688,72.957032452,           0000183P0001466
-152.319864363,25.218792596,72.523459404,-152.780989878,         0000183P0001467
25.218792596,71.598584703,-152.954844151,25.231144704,           0000183P0001468
71.108847843,-153.070481751,25.255774775,70.595698395,           0000183P0001469
-153.124442786,25.291972085,70.06241078,-153.111256502,          0000183P0001470
25.338325712,69.513089261,-153.023318803,25.392188989,           0000183P0001471
68.953511685,-152.701494194,25.498292143,67.909761961,           0000183P0001472
-152.484327626,25.551283657,67.410704516,-152.190103592,         0000183P0001473
25.604010617,66.917081499,-151.815799533,25.650659114,           0000183P0001474
66.449079608,-151.36386421,25.684840662,66.026270625,            0000183P0001475
-150.841119686,25.701853441,65.666907014,-149.69780215,          0000183P0001476
25.697980027,65.119344067,-149.115243684,25.678595376,           0000183P0001477
64.941385369,-148.528888694,25.643901871,64.85122166,            0000183P0001478
-147.954860132,25.598369731,64.842819892,-147.40763302,          0000183P0001479
25.547609451,64.906860912,-146.899200696,25.49665962,            0000183P0001480
65.030435665,-145.88775847,25.392189683,65.395846761,            0000183P0001481
-145.387931162,25.338325776,65.662379057,-144.941283218,         0000183P0001482
25.291971494,65.982442634,-144.547855063,25.255774395,           0000183P0001483
66.346480669,-144.20763061,25.231144688,66.74765348,             0000183P0001484
-143.921139611,25.218792596,67.181226528,-143.690576897,         0000183P0001485
25.218792596,67.643663791,0.,1.,-2.211827291E-13,-1.,            0000183P0001486
1.949900375E-13;                                                 0000183P0001487
126,49,7,0,1,1,1,-0.134521036,0.,0.,0.,0.,0.,0.,0.,0.135659378,  0000185P0001488
0.135659378,0.135659378,0.135659378,0.135659378,0.135659378,     0000185P0001489
0.25299596,0.25299596,0.25299596,0.25299596,0.25299596,          0000185P0001490
0.25299596,0.36596429,0.36596429,0.36596429,0.36596429,          0000185P0001491
0.36596429,0.36596429,0.501053273,0.501053273,0.501053273,       0000185P0001492
0.501053273,0.501053273,0.501053273,0.636142308,0.636142308,     0000185P0001493
0.636142308,0.636142308,0.636142308,0.636142308,0.752985579,     0000185P0001494
0.752985579,0.752985579,0.752985579,0.752985579,0.752985579,     0000185P0001495
0.865478964,0.865478964,0.865478964,0.865478964,0.865478964,     0000185P0001496
0.865478964,1.,1.,1.,1.,1.,1.,1.,1.135659378,1.,1.,1.,1.,1.,1.,  0000185P0001497
1.,1.,1.,1.,1.,1.,1.,1.,1.,1.,1.,1.,1.,1.,1.,1.,1.,1.,1.,1.,1.,  0000185P0001498
1.,1.,1.,1.,1.,1.,1.,1.,1.,1.,1.,1.,1.,1.,1.,1.,1.,1.,1.,1.,1.,  0000185P0001499
1.,1.,-124.325591808,-25.218792596,106.483815084,-124.095029007, 0000185P0001500
-25.218792596,106.946252522,-123.921174734,-25.231144704,        0000185P0001501
107.435989382,-123.805537134,-25.255774775,107.94913883,         0000185P0001502
-123.751576099,-25.291972085,108.482426445,-123.764762383,       0000185P0001503
-25.338325712,109.031747964,-123.852700082,-25.392188989,        0000185P0001504
109.591325539,-124.174524691,-25.498292143,110.635075263,        0000185P0001505
-124.391691259,-25.551283657,111.134132709,-124.685915293,       0000185P0001506
-25.604010617,111.627755726,-125.060219352,-25.650659114,        0000185P0001507
112.095757616,-125.512154676,-25.684840662,112.518566599,        0000185P0001508
-126.034899199,-25.701853441,112.87793021,-127.178216735,        0000185P0001509
-25.697980027,113.425493158,-127.760775202,-25.678595376,        0000185P0001510
113.603451855,-128.347130191,-25.643901871,113.693615564,        0000185P0001511
-128.921158754,-25.598369731,113.702017333,-129.468385865,       0000185P0001512
-25.547609451,113.637976313,-129.976818189,-25.49665962,         0000185P0001513
113.51440156,-130.988260415,-25.392189683,113.148990464,         0000185P0001514
-131.488087724,-25.338325776,112.882458167,-131.934735667,       0000185P0001515
-25.291971494,112.56239459,-132.328163822,-25.255774395,         0000185P0001516
112.198356555,-132.668388275,-25.231144688,111.797183745,        0000185P0001517
-132.954879274,-25.218792596,111.363610697,-133.416004789,       0000185P0001518
-25.218792596,110.438735997,-133.589859063,-25.231144704,        0000185P0001519
109.948999136,-133.705496662,-25.255774775,109.435849688,        0000185P0001520
-133.759457697,-25.291972085,108.902562073,-133.746271413,       0000185P0001521
-25.338325712,108.353240554,-133.658333715,-25.392188989,        0000185P0001522
107.793662979,-133.336509105,-25.498292143,106.749913255,        0000185P0001523
-133.119342537,-25.551283657,106.250855809,-132.825118503,       0000185P0001524
-25.604010617,105.757232793,-132.450814444,-25.650659114,        0000185P0001525
105.289230902,-131.998879121,-25.684840662,104.866421919,        0000185P0001526
-131.476134597,-25.701853441,104.507058308,-130.332817061,       0000185P0001527
-25.697980027,103.95949536,-129.750258595,-25.678595376,         0000185P0001528
103.781536663,-129.163903605,-25.643901871,103.691372954,        0000185P0001529
-128.589875043,-25.598369731,103.682971185,-128.042647931,       0000185P0001530
-25.547609451,103.747012205,-127.534215607,-25.49665962,         0000185P0001531
103.870586959,-126.522773388,-25.392189684,104.235998052,        0000185P0001532
-126.022946051,-25.338325774,104.502530363,-125.576298163,       0000185P0001533
-25.291971497,104.822593903,-125.182869945,-25.255774393,        0000185P0001534
105.18663199,-124.842645535,-25.231144689,105.587804757,         0000185P0001535
-124.55615452,-25.218792596,106.021377826,-124.325591808,        0000185P0001536
-25.218792596,106.483815084,0.,1.,-1.775282431E-13,-1.,          0000185P0001537
2.270033272E-13;                                                 0000185P0001538
126,49,7,0,1,1,1,-0.134521037,0.,0.,0.,0.,0.,0.,0.,0.135659379,  0000187P0001539
0.135659379,0.135659379,0.135659379,0.135659379,0.135659379,     0000187P0001540
0.252995961,0.252995961,0.252995961,0.252995961,0.252995961,     0000187P0001541
0.252995961,0.36596429,0.36596429,0.36596429,0.36596429,         0000187P0001542
0.36596429,0.36596429,0.501053273,0.501053273,0.501053273,       0000187P0001543
0.501053273,0.501053273,0.501053273,0.636142308,0.636142308,     0000187P0001544
0.636142308,0.636142308,0.636142308,0.636142308,0.752985579,     0000187P0001545
0.752985579,0.752985579,0.752985579,0.752985579,0.752985579,     0000187P0001546
0.865478963,0.865478963,0.865478963,0.865478963,0.865478963,     0000187P0001547
0.865478963,1.,1.,1.,1.,1.,1.,1.,1.135659379,1.,1.,1.,1.,1.,1.,  0000187P0001548
1.,1.,1.,1.,1.,1.,1.,1.,1.,1.,1.,1.,1.,1.,1.,1.,1.,1.,1.,1.,1.,  0000187P0001549
1.,1.,1.,1.,1.,1.,1.,1.,1.,1.,1.,1.,1.,1.,1.,1.,1.,1.,1.,1.,1.,  0000187P0001550
1.,1.,-134.008084353,-25.218792596,87.063739437,-133.777521549,  0000187P0001551
-25.218792596,87.52617688,-133.603667284,-25.231144704,          0000187P0001552
88.015913714,-133.488029673,-25.255774777,88.529063223,          0000187P0001553
-133.434068644,-25.291972082,89.062350757,-133.447254931,        0000187P0001554
-25.338325713,89.611672341,-133.535192624,-25.392188988,         0000187P0001555
90.171249886,-133.857017236,-25.498292143,91.214999617,          0000187P0001556
-134.074183804,-25.551283657,91.714057062,-134.368407837,        0000187P0001557
-25.604010617,92.207680079,-134.742711896,-25.650659114,         0000187P0001558
92.67568197,-135.19464722,-25.684840662,93.098490952,            0000187P0001559
-135.717391744,-25.701853441,93.457854564,-136.86070928,         0000187P0001560
-25.697980027,94.005417511,-137.443267746,-25.678595376,         0000187P0001561
94.183376209,-138.029622735,-25.643901871,94.273539918,          0000187P0001562
-138.603651298,-25.598369731,94.281941686,-139.150878409,        0000187P0001563
-25.547609451,94.217900666,-139.659310734,-25.49665962,          0000187P0001564
94.094325913,-140.670752959,-25.392189683,93.728914817,          0000187P0001565
-141.170580268,-25.338325776,93.46238252,-141.617228211,         0000187P0001566
-25.291971494,93.142318944,-142.010656367,-25.255774395,         0000187P0001567
92.778280909,-142.350880819,-25.231144688,92.377108098,          0000187P0001568
-142.637371818,-25.218792596,91.94353505,-143.098497336,         0000187P0001569
-25.218792596,91.018660345,-143.272351601,-25.231144704,         0000187P0001570
90.528923511,-143.387989212,-25.255774777,90.015774002,          0000187P0001571
-143.441950242,-25.291972082,89.482486468,-143.428763954,        0000187P0001572
-25.338325713,88.933164884,-143.340826261,-25.392188988,         0000187P0001573
88.373587338,-143.019001649,-25.498292143,87.329837608,          0000187P0001574
-142.801835081,-25.551283657,86.830780163,-142.507611048,        0000187P0001575
-25.604010617,86.337157146,-142.133306989,-25.650659114,         0000187P0001576
85.869155255,-141.681371665,-25.684840662,85.446346272,          0000187P0001577
-141.158627142,-25.701853441,85.086982661,-140.015309606,        0000187P0001578
-25.697980027,84.539419713,-139.432751139,-25.678595376,         0000187P0001579
84.361461016,-138.84639615,-25.643901871,84.271297307,           0000187P0001580
-138.272367587,-25.598369731,84.262895538,-137.725140476,        0000187P0001581
-25.547609451,84.326936558,-137.216708152,-25.49665962,          0000187P0001582
84.450511312,-136.205265926,-25.392189683,84.815922408,          0000187P0001583
-135.705438617,-25.338325776,85.082454704,-135.258790674,        0000187P0001584
-25.291971494,85.402518281,-134.865362518,-25.255774395,         0000187P0001585
85.766556316,-134.525138066,-25.231144688,86.167729126,          0000187P0001586
-134.238647067,-25.218792596,86.601302174,-134.008084353,        0000187P0001587
-25.218792596,87.063739437,0.,1.,7.857807481E-14,1.,             0000187P0001588
5.238538321E-14;                                                 0000187P0001589
126,49,7,0,1,1,1,-0.134521036,0.,0.,0.,0.,0.,0.,0.,0.135659378,  0000189P0001590
0.135659378,0.135659378,0.135659378,0.135659378,0.135659378,     0000189P0001591
0.25299596,0.25299596,0.25299596,0.25299596,0.25299596,          0000189P0001592
0.25299596,0.36596429,0.36596429,0.36596429,0.36596429,          0000189P0001593
0.36596429,0.36596429,0.501053273,0.501053273,0.501053273,       0000189P0001594
0.501053273,0.501053273,0.501053273,0.636142308,0.636142308,     0000189P0001595
0.636142308,0.636142308,0.636142308,0.636142308,0.752985579,     0000189P0001596
0.752985579,0.752985579,0.752985579,0.752985579,0.752985579,     0000189P0001597
0.865478964,0.865478964,0.865478964,0.865478964,0.865478964,     0000189P0001598
0.865478964,1.,1.,1.,1.,1.,1.,1.,1.135659378,1.,1.,1.,1.,1.,1.,  0000189P0001599
1.,1.,1.,1.,1.,1.,1.,1.,1.,1.,1.,1.,1.,1.,1.,1.,1.,1.,1.,1.,1.,  0000189P0001600
1.,1.,1.,1.,1.,1.,1.,1.,1.,1.,1.,1.,1.,1.,1.,1.,1.,1.,1.,1.,1.,  0000189P0001601
1.,1.,-143.690576897,-25.218792596,67.643663791,-143.460014096,  0000189P0001602
-25.218792596,68.106101228,-143.286159823,-25.231144704,         0000189P0001603
68.595838088,-143.170522223,-25.255774775,69.108987536,          0000189P0001604
-143.116561188,-25.291972085,69.642275151,-143.129747472,        0000189P0001605
-25.338325712,70.191596671,-143.217685171,-25.392188989,         0000189P0001606
70.751174246,-143.53950978,-25.498292143,71.79492397,            0000189P0001607
-143.756676348,-25.551283657,72.293981416,-144.050900382,        0000189P0001608
-25.604010617,72.787604432,-144.425204441,-25.650659114,         0000189P0001609
73.255606323,-144.877139765,-25.684840662,73.678415306,          0000189P0001610
-145.399884288,-25.701853441,74.037778917,-146.543201824,        0000189P0001611
-25.697980027,74.585341865,-147.125760291,-25.678595376,         0000189P0001612
74.763300562,-147.71211528,-25.643901871,74.853464271,           0000189P0001613
-148.286143842,-25.598369731,74.86186604,-148.833370954,         0000189P0001614
-25.547609451,74.79782502,-149.341803278,-25.49665962,           0000189P0001615
74.674250266,-150.353245504,-25.392189683,74.30883917,           0000189P0001616
-150.853072812,-25.338325776,74.042306874,-151.299720756,        0000189P0001617
-25.291971494,73.722243297,-151.693148911,-25.255774395,         0000189P0001618
73.358205262,-152.033373364,-25.231144688,72.957032452,          0000189P0001619
-152.319864363,-25.218792596,72.523459404,-152.780989878,        0000189P0001620
-25.218792596,71.598584703,-152.954844151,-25.231144704,         0000189P0001621
71.108847843,-153.070481751,-25.255774775,70.595698395,          0000189P0001622
-153.124442786,-25.291972085,70.06241078,-153.111256502,         0000189P0001623
-25.338325712,69.513089261,-153.023318803,-25.392188989,         0000189P0001624
68.953511685,-152.701494194,-25.498292143,67.909761961,          0000189P0001625
-152.484327626,-25.551283657,67.410704516,-152.190103592,        0000189P0001626
-25.604010617,66.917081499,-151.815799533,-25.650659114,         0000189P0001627
66.449079608,-151.36386421,-25.684840662,66.026270626,           0000189P0001628
-150.841119686,-25.701853441,65.666907014,-149.69780215,         0000189P0001629
-25.697980027,65.119344067,-149.115243684,-25.678595376,         0000189P0001630
64.941385369,-148.528888694,-25.643901871,64.85122166,           0000189P0001631
-147.954860132,-25.598369731,64.842819892,-147.40763302,         0000189P0001632
-25.547609451,64.906860912,-146.899200696,-25.49665962,          0000189P0001633
65.030435665,-145.887758477,-25.392189684,65.395846758,          0000189P0001634
-145.38793114,-25.338325774,65.662379069,-144.941283252,         0000189P0001635
-25.291971497,65.98244261,-144.547855034,-25.255774393,          0000189P0001636
66.346480697,-144.207630623,-25.231144689,66.747653463,          0000189P0001637
-143.921139609,-25.218792596,67.181226532,-143.690576897,        0000189P0001638
-25.218792596,67.643663791,0.,1.,-2.37189374E-13,-1.,            0000189P0001639
3.46325589E-13;                                                  0000189P0001640
126,49,7,0,1,1,1,-0.134521037,0.,0.,0.,0.,0.,0.,0.,0.135659379,  0000191P0001641
0.135659379,0.135659379,0.135659379,0.135659379,0.135659379,     0000191P0001642
0.252995961,0.252995961,0.252995961,0.252995961,0.252995961,     0000191P0001643
0.252995961,0.365964291,0.365964291,0.365964291,0.365964291,     0000191P0001644
0.365964291,0.365964291,0.501053272,0.501053272,0.501053272,     0000191P0001645
0.501053272,0.501053272,0.501053272,0.636142308,0.636142308,     0000191P0001646
0.636142308,0.636142308,0.636142308,0.636142308,0.752985579,     0000191P0001647
0.752985579,0.752985579,0.752985579,0.752985579,0.752985579,     0000191P0001648
0.865478963,0.865478963,0.865478963,0.865478963,0.865478963,     0000191P0001649
0.865478963,1.,1.,1.,1.,1.,1.,1.,1.135659379,1.,1.,1.,1.,1.,1.,  0000191P0001650
1.,1.,1.,1.,1.,1.,1.,1.,1.,1.,1.,1.,1.,1.,1.,1.,1.,1.,1.,1.,1.,  0000191P0001651
1.,1.,1.,1.,1.,1.,1.,1.,1.,1.,1.,1.,1.,1.,1.,1.,1.,1.,1.,1.,1.,  0000191P0001652
1.,1.,-153.32844966,25.218792596,48.31308158,-153.097886857,     0000191P0001653
25.218792596,48.775519022,-152.924032592,25.231144704,           0000191P0001654
49.265255857,-152.808394981,25.255774777,49.778405366,           0000191P0001655
-152.754433951,25.291972082,50.311692899,-152.767620238,         0000191P0001656
25.338325713,50.861014484,-152.855557932,25.392188988,           0000191P0001657
51.420592029,-153.177382543,25.498292143,52.464341759,           0000191P0001658
-153.394549111,25.551283657,52.963399205,-153.688773145,         0000191P0001659
25.604010617,53.457022222,-154.063077204,25.650659114,           0000191P0001660
53.925024112,-154.515012528,25.684840662,54.347833095,           0000191P0001661
-155.037757051,25.701853441,54.707196706,-156.181074587,         0000191P0001662
25.697980027,55.254759654,-156.763633054,25.678595376,           0000191P0001663
55.432718351,-157.349988043,25.643901871,55.52288206,            0000191P0001664
-157.924016606,25.598369731,55.531283829,-158.471243717,         0000191P0001665
25.547609451,55.467242809,-158.979676041,25.49665962,            0000191P0001666
55.343668055,-159.991118261,25.392189684,54.978256962,           0000191P0001667
-160.490945597,25.338325774,54.711724651,-160.937593485,         0000191P0001668
25.291971497,54.391661111,-161.331021704,25.255774393,           0000191P0001669
54.027623024,-161.671246114,25.231144689,53.626450258,           0000191P0001670
-161.957737128,25.218792596,53.192877188,-162.418862644,         0000191P0001671
25.218792596,52.268002488,-162.592716909,25.231144704,           0000191P0001672
51.778265653,-162.70835452,25.255774777,51.265116144,            0000191P0001673
-162.762315549,25.291972082,50.731828611,-162.749129262,         0000191P0001674
25.338325713,50.182507026,-162.661191569,25.392188988,           0000191P0001675
49.622929481,-162.339366957,25.498292143,48.57917975,            0000191P0001676
-162.122200389,25.551283657,48.080122305,-161.827976356,         0000191P0001677
25.604010617,47.586499289,-161.453672296,25.650659114,           0000191P0001678
47.118497397,-161.001736973,25.684840662,46.695688415,           0000191P0001679
-160.47899245,25.701853441,46.336324804,-159.335674913,          0000191P0001680
25.697980027,45.788761856,-158.753116447,25.678595376,           0000191P0001681
45.610803159,-158.166761457,25.643901871,45.52063945,            0000191P0001682
-157.592732895,25.598369731,45.512237681,-157.045505784,         0000191P0001683
25.547609451,45.576278701,-156.537073459,25.49665962,            0000191P0001684
45.699853455,-155.525631234,25.392189683,46.06526455,            0000191P0001685
-155.025803925,25.338325776,46.331796847,-154.579155981,         0000191P0001686
25.291971494,46.651860424,-154.185727826,25.255774395,           0000191P0001687
47.015898459,-153.845503374,25.231144688,47.417071269,           0000191P0001688
-153.559012375,25.218792596,47.850644317,-153.32844966,          0000191P0001689
25.218792596,48.31308158,0.,1.,-1.673421964E-13,-1.,             0000191P0001690
1.105913645E-13;                                                 0000191P0001691
126,49,7,0,0,1,0,0.803370792,0.803370792,0.803370792,            0000193P0001692
0.803370792,0.803370792,0.803370792,0.803370792,0.803370792,     0000193P0001693
0.865478964,0.865478964,0.865478964,0.865478964,0.865478964,     0000193P0001694
0.865478964,1.,1.,1.,1.,1.,1.,1.134521088,1.134521088,           0000193P0001695
1.134521088,1.134521088,1.134521088,1.134521088,1.250873123,     0000193P0001696
1.250873123,1.250873123,1.250873123,1.250873123,1.250873123,     0000193P0001697
1.362893559,1.362893559,1.362893559,1.362893559,1.362893559,     0000193P0001698
1.362893559,1.496849037,1.496849037,1.496849037,1.496849037,     0000193P0001699
1.496849037,1.496849037,1.630804568,1.630804568,1.630804568,     0000193P0001700
1.630804568,1.630804568,1.630804568,1.692495133,1.692495133,     0000193P0001701
1.692495133,1.692495133,1.692495133,1.692495133,1.692495133,     0000193P0001702
1.692495133,1.,1.,1.,1.,1.,1.,1.,1.,1.,1.,1.,1.,1.,1.,1.,1.,1.,  0000193P0001703
1.,1.,1.,1.,1.,1.,1.,1.,1.,1.,1.,1.,1.,1.,1.,1.,1.,1.,1.,1.,1.,  0000193P0001704
1.,1.,1.,1.,1.,1.,1.,1.,1.,1.,1.,1.,-167.827583262,25.629874406, 0000193P0001705
26.074027014,-167.513704548,25.608362576,26.052282754,           0000193P0001706
-167.204327559,25.584066561,26.054237876,-166.901906369,         0000193P0001707
25.557786029,26.078422325,-166.608702347,25.530369941,           0000193P0001708
26.123048538,-166.32676062,25.502645759,26.186000328,            0000193P0001709
-166.057875033,25.475350176,26.264819759,-165.252743566,         0000193P0001710
25.392189684,26.555695465,-164.752916229,25.338325774,           0000193P0001711
26.822227776,-164.306268341,25.291971497,27.142291316,           0000193P0001712
-163.912840123,25.255774393,27.506329403,-163.572615713,         0000193P0001713
25.231144689,27.907502169,-163.286124698,25.218792596,           0000193P0001714
28.341075239,-162.824999185,25.218792596,29.265949934,           0000193P0001715
-162.651144912,25.231144704,29.755686795,-162.535507312,         0000193P0001716
25.255774775,30.268836243,-162.481546277,25.291972085,           0000193P0001717
30.802123858,-162.494732561,25.338325712,31.351445377,           0000193P0001718
-162.58267026,25.392188989,31.911022952,-162.904494869,          0000193P0001719
25.498292143,32.954772676,-163.121661437,25.551283657,           0000193P0001720
33.453830122,-163.415885471,25.604010617,33.947453139,           0000193P0001721
-163.79018953,25.650659114,34.415455029,-164.242124854,          0000193P0001722
25.684840662,34.838264012,-164.764869377,25.701853441,           0000193P0001723
35.197627623,-165.908186913,25.697980027,35.745190571,           0000193P0001724
-166.490745379,25.678595376,35.923149268,-167.077100369,         0000193P0001725
25.643901871,36.013312977,-167.651128932,25.598369731,           0000193P0001726
36.021714746,-168.198356043,25.547609451,35.957673726,           0000193P0001727
-168.706788367,25.49665962,35.834098972,-169.718230586,          0000193P0001728
25.392189684,35.468687879,-170.218057923,25.338325774,           0000193P0001729
35.202155568,-170.664705811,25.291971497,34.882092028,           0000193P0001730
-171.058134029,25.255774393,34.518053941,-171.39835844,          0000193P0001731
25.231144689,34.116881175,-171.684849454,25.218792596,           0000193P0001732
33.683308105,-172.14597497,25.218792596,32.758433405,            0000193P0001733
-172.319829234,25.231144704,32.26869657,-172.435466845,          0000193P0001734
25.255774777,31.755547061,-172.489427875,25.291972082,           0000193P0001735
31.222259528,-172.476241588,25.338325713,30.672937944,           0000193P0001736
-172.388303894,25.392188988,30.113360398,-172.136265893,         0000193P0001737
25.475284022,29.295944369,-172.037542241,25.502557527,           0000193P0001738
29.033952739,-171.918185763,25.530292419,28.770796011,           0000193P0001739
-171.777307805,25.557735832,28.509537264,-171.614484083,         0000193P0001740
25.584043907,28.253204763,-171.429716544,25.608357167,           0000193P0001741
28.004768129,-171.223402103,25.629874395,27.767119832,           0000193P0001742
0.803370792,1.692495133,1.276408422E-03,-0.999995893,            0000193P0001743
2.565925289E-03;                                                 0000193P0001744
126,43,8,0,0,1,0,0.376966927,0.376966927,0.376966927,            0000195P0001745
0.376966927,0.376966927,0.376966927,0.376966927,0.376966927,     0000195P0001746
0.376966927,0.411459282,0.411459282,0.411459282,0.411459282,     0000195P0001747
0.411459282,0.411459282,0.411459282,0.569097375,0.569097375,     0000195P0001748
0.569097375,0.569097375,0.569097375,0.569097375,0.569097375,     0000195P0001749
0.707467558,0.707467558,0.707467558,0.707467558,0.707467558,     0000195P0001750
0.707467558,0.707467558,0.827673517,0.827673517,0.827673517,     0000195P0001751
0.827673517,0.827673517,0.827673517,0.827673517,1.,1.,1.,1.,1.,  0000195P0001752
1.,1.,1.12564844,1.12564844,1.12564844,1.12564844,1.12564844,    0000195P0001753
1.12564844,1.12564844,1.12564844,1.12564844,1.,1.,1.,1.,1.,1.,   0000195P0001754
1.,1.,1.,1.,1.,1.,1.,1.,1.,1.,1.,1.,1.,1.,1.,1.,1.,1.,1.,1.,1.,  0000195P0001755
1.,1.,1.,1.,1.,1.,1.,1.,1.,1.,1.,1.,1.,1.,1.,1.,1.,              0000195P0001756
-171.223402093,25.629874426,27.767119804,-171.284683423,         0000195P0001757
25.62666835,27.741274984,-171.344641744,25.623519871,            0000195P0001758
27.713793561,-171.403245655,25.620441377,27.684756112,           0000195P0001759
-171.460467663,25.617444162,27.654241925,-171.516283962,         0000195P0001760
25.61453841,27.622329006,-171.57067425,25.611733189,             0000195P0001761
27.589094083,-171.623621597,25.609036456,27.554612604,           0000195P0001762
-171.910436947,25.594657538,27.35601224,-172.11782444,           0000195P0001763
25.585144817,27.166854733,-172.296928794,25.578557621,           0000195P0001764
26.956207208,-172.447470871,25.575229734,26.727401427,           0000195P0001765
-172.568852545,25.575291236,26.482991715,-172.659946694,         0000195P0001766
25.578718109,26.225086364,-172.718898901,25.585321112,           0000195P0001767
25.955664088,-172.763736054,25.602870339,25.43266133,            0000195P0001768
-172.757776022,25.613227922,25.179940663,-172.7223749,           0000195P0001769
25.625459468,24.921263199,-172.65472824,25.639075973,            0000195P0001770
24.659573613,-172.55189504,25.653343304,24.398759056,            0000195P0001771
-172.4109124,25.667218715,24.143850245,-172.229026375,           0000195P0001772
25.67936987,23.901421862,-171.808862288,25.696218661,            0000195P0001773
23.488527764,-171.584118231,25.701565429,23.315738639,           0000195P0001774
-171.334224793,25.703474872,23.17094322,-171.066124981,          0000195P0001775
25.701393169,23.060395294,-170.788546911,25.695465956,           0000195P0001776
22.98744436,-170.511138221,25.686614985,22.952205823,            0000195P0001777
-170.243546759,25.67607952,22.951149769,-169.638519925,          0000195P0001778
25.6492746,23.013673211,-169.308447769,25.631938443,             0000195P0001779
23.106785324,-169.009615543,25.615292734,23.243913583,           0000195P0001780
-168.743595822,25.600898737,23.416128321,-168.51081553,          0000195P0001781
25.589627114,23.616777398,-168.311333097,25.581959783,           0000195P0001782
23.841046804,-168.145452084,25.578115646,24.085610518,           0000195P0001783
-167.919153086,25.578115646,24.539496089,-167.842560921,         0000195P0001784
25.580159095,24.739975327,-167.785190501,25.584237487,           0000195P0001785
24.948550697,-167.747833346,25.590283209,25.164327238,           0000195P0001786
-167.731667311,25.598164818,25.386293233,-167.738244211,         0000195P0001787
25.607657124,25.613170661,-167.769472084,25.618401816,           0000195P0001788
25.843237081,-167.827583266,25.629874416,26.074027012,           0000195P0001789
0.376966927,1.12564844,4.71214253E-03,0.999944848,               0000195P0001790
9.385992281E-03;                                                 0000195P0001791
126,85,7,0,1,1,1,-0.134319884,0.,0.,0.,0.,0.,0.,0.,0.134317423,  0000197P0001792
0.134317423,0.134317423,0.134317423,0.134317423,0.134317423,     0000197P0001793
0.20336472,0.20336472,0.20336472,0.20336472,0.20336472,          0000197P0001794
0.20336472,0.249964874,0.249964874,0.249964874,0.249964874,      0000197P0001795
0.249964874,0.249964874,0.296566691,0.296566691,0.296566691,     0000197P0001796
0.296566691,0.296566691,0.296566691,0.365615051,0.365615051,     0000197P0001797
0.365615051,0.365615051,0.365615051,0.365615051,0.42503063,      0000197P0001798
0.42503063,0.42503063,0.42503063,0.42503063,0.42503063,          0000197P0001799
0.499997104,0.499997104,0.499997104,0.499997104,0.499997104,     0000197P0001800
0.499997104,0.5749637,0.5749637,0.5749637,0.5749637,0.5749637,   0000197P0001801
0.5749637,0.634379207,0.634379207,0.634379207,0.634379207,       0000197P0001802
0.634379207,0.634379207,0.703427483,0.703427483,0.703427483,     0000197P0001803
0.703427483,0.703427483,0.703427483,0.750028299,0.750028299,     0000197P0001804
0.750028299,0.750028299,0.750028299,0.750028299,0.796630776,     0000197P0001805
0.796630776,0.796630776,0.796630776,0.796630776,0.796630776,     0000197P0001806
0.865680116,0.865680116,0.865680116,0.865680116,0.865680116,     0000197P0001807
0.865680116,1.,1.,1.,1.,1.,1.,1.,1.134317423,1.,1.,1.,1.,1.,1.,  0000197P0001808
1.,1.,1.,1.,1.,1.,1.,1.,1.,1.,1.,1.,1.,1.,1.,1.,1.,1.,1.,1.,1.,  0000197P0001809
1.,1.,1.,1.,1.,1.,1.,1.,1.,1.,1.,1.,1.,1.,1.,1.,1.,1.,1.,1.,1.,  0000197P0001810
1.,1.,1.,1.,1.,1.,1.,1.,1.,1.,1.,1.,1.,1.,1.,1.,1.,1.,1.,1.,1.,  0000197P0001811
1.,1.,1.,1.,1.,1.,1.,1.,1.,1.,1.,1.,1.,1.,1.,1.,1.,              0000197P0001812
-172.295978167,4.95,77.883149369,-172.065414854,4.95,            0000197P0001813
78.345587832,-171.846294847,4.887068373,78.812757727,            0000197P0001814
-171.640404332,4.761589523,79.280910436,-171.449103982,          0000197P0001815
4.571928331,79.74572391,-171.273859156,4.315020612,80.20109671,  0000197P0001816
-171.116122404,3.986640161,80.638183518,-170.906859817,          0000197P0001817
3.374722463,81.250952818,-170.840752624,3.146301665,             0000197P0001818
81.451085141,-170.780094208,2.896933745,81.640776729,            0000197P0001819
-170.725347683,2.626546347,81.817264896,-170.676951325,          0000197P0001820
2.33533765,81.977517468,-170.635371273,2.023841156,82.118211775, 0000197P0001821
-170.578118785,1.469714174,82.315030446,-170.558417913,          0000197P0001822
1.237611921,82.383780217,-170.542385495,0.99813842,82.440444361, 0000197P0001823
-170.530219125,0.752895701,82.483831497,-170.522047554,          0000197P0001824
0.503598782,82.513103448,-170.517948033,0.252031253,             0000197P0001825
82.527788151,-170.517948033,-0.25204024,82.527788151,            0000197P0001826
-170.522047847,-0.50360864,82.513102401,-170.530219527,          0000197P0001827
-0.752901701,82.483830059,-170.542385687,-0.99813896,            0000197P0001828
82.440443696,-170.558417701,-1.237608175,82.383780991,           0000197P0001829
-170.578118318,-1.469709652,82.315032052,-170.635371273,         0000197P0001830
-2.023841156,82.118211775,-170.676951325,-2.33533765,            0000197P0001831
81.977517468,-170.725347683,-2.626546347,81.817264896,           0000197P0001832
-170.780094208,-2.896933745,81.640776729,-170.840752624,         0000197P0001833
-3.146301665,81.451085141,-170.906859817,-3.374722463,           0000197P0001834
81.250952818,-171.039047358,-3.761260243,80.863877096,           0000197P0001835
-171.10398767,-3.925158279,80.678569958,-171.172552489,          0000197P0001836
-4.074565913,80.488205806,-171.244587211,-4.209874403,           0000197P0001837
80.293799951,-171.319956493,-4.331457719,80.096191062,           0000197P0001838
-171.39854008,-4.439652309,79.896073779,-171.583297607,          0000197P0001839
-4.654707988,79.439108126,-171.691308607,-4.753807648,           0000197P0001840
79.181122438,-171.804003648,-4.832551958,78.921340621,           0000197P0001841
-171.921117721,-4.891339265,78.660807875,-172.042369854,         0000197P0001842
-4.930442729,78.400412207,-172.167446635,-4.95,78.140943739,     0000197P0001843
-172.424509907,-4.95,77.625354581,-172.556457831,-4.930442663,   0000197P0001844
77.369311271,-172.691447766,-4.891339047,77.115764929,           0000197P0001845
-172.829037213,-4.832551708,76.865441455,-172.968686196,         0000197P0001846
-4.753807643,76.619099349,-173.109719812,-4.654708329,           0000197P0001847
76.377578682,-173.363479356,-4.439652309,75.955015295,           0000197P0001848
-173.476007341,-4.331457719,75.771822065,-173.588466451,         0000197P0001849
-4.209874403,75.592705481,-173.700374292,-4.074565913,           0000197P0001850
75.41817963,-173.811142526,-3.925158279,75.248857325,            0000197P0001851
-173.920053331,-3.761260243,75.085473066,-174.1496333,           0000197P0001852
-3.374722463,74.746955417,-174.269681778,-3.146301665,           0000197P0001853
74.573717227,-174.38467107,-2.896933745,74.411114015,            0000197P0001854
-174.492673506,-2.626546347,74.261178265,-174.591531245,         0000197P0001855
-2.33533765,74.12608481,-174.678871215,-2.023841156,             0000197P0001856
74.008205557,-174.801602187,-1.469714174,73.844033253,           0000197P0001857
-174.844651915,-1.237611921,73.786924793,-174.880257362,         0000197P0001858
-0.99813842,73.7400194,-174.907585966,-0.752895701,73.704191876, 0000197P0001859
-174.926045811,-0.503598782,73.680049469,-174.935306382,         0000197P0001860
-0.252031253,73.667937971,-174.935306382,0.25204024,             0000197P0001861
73.667937971,-174.926045151,0.50360864,73.680050333,             0000197P0001862
-174.907585059,0.752901701,73.704193062,-174.880256946,          0000197P0001863
0.99813896,73.740019954,-174.844652406,1.237608175,73.786924157, 0000197P0001864
-174.801603189,1.469709652,73.844031913,-174.678871215,          0000197P0001865
2.023841156,74.008205557,-174.591531245,2.33533765,74.12608481,  0000197P0001866
-174.492673506,2.626546347,74.261178265,-174.38467107,           0000197P0001867
2.896933745,74.411114015,-174.269681778,3.146301665,             0000197P0001868
74.573717227,-174.1496333,3.374722463,74.746955417,              0000197P0001869
-173.786194052,3.986635604,75.28284973,-173.532047799,           0000197P0001870
4.315020904,75.671871272,-173.273832947,4.571930583,             0000197P0001871
76.085882741,-173.017743204,4.761590873,76.518395466,            0000197P0001872
-172.76776905,4.887068092,76.964566521,-172.526542007,4.95,      0000197P0001873
77.420709847,-172.295978167,4.95,77.883149369,0.,1.,             0000197P0001874
-0.894934301,3.679025553E-04,0.446197783;                        0000197P0001875
126,85,7,0,1,1,1,-0.134319883,0.,0.,0.,0.,0.,0.,0.,0.134317424,  0000199P0001876
0.134317424,0.134317424,0.134317424,0.134317424,0.134317424,     0000199P0001877
0.203364721,0.203364721,0.203364721,0.203364721,0.203364721,     0000199P0001878
0.203364721,0.249964876,0.249964876,0.249964876,0.249964876,     0000199P0001879
0.249964876,0.249964876,0.296566692,0.296566692,0.296566692,     0000199P0001880
0.296566692,0.296566692,0.296566692,0.365615053,0.365615053,     0000199P0001881
0.365615053,0.365615053,0.365615053,0.365615053,0.425030629,     0000199P0001882
0.425030629,0.425030629,0.425030629,0.425030629,0.425030629,     0000199P0001883
0.499997103,0.499997103,0.499997103,0.499997103,0.499997103,     0000199P0001884
0.499997103,0.574963699,0.574963699,0.574963699,0.574963699,     0000199P0001885
0.574963699,0.574963699,0.634379207,0.634379207,0.634379207,     0000199P0001886
0.634379207,0.634379207,0.634379207,0.703427483,0.703427483,     0000199P0001887
0.703427483,0.703427483,0.703427483,0.703427483,0.750028299,     0000199P0001888
0.750028299,0.750028299,0.750028299,0.750028299,0.750028299,     0000199P0001889
0.796630777,0.796630777,0.796630777,0.796630777,0.796630777,     0000199P0001890
0.796630777,0.865680117,0.865680117,0.865680117,0.865680117,     0000199P0001891
0.865680117,0.865680117,1.,1.,1.,1.,1.,1.,1.,1.134317424,1.,1.,  0000199P0001892
1.,1.,1.,1.,1.,1.,1.,1.,1.,1.,1.,1.,1.,1.,1.,1.,1.,1.,1.,1.,1.,  0000199P0001893
1.,1.,1.,1.,1.,1.,1.,1.,1.,1.,1.,1.,1.,1.,1.,1.,1.,1.,1.,1.,1.,  0000199P0001894
1.,1.,1.,1.,1.,1.,1.,1.,1.,1.,1.,1.,1.,1.,1.,1.,1.,1.,1.,1.,1.,  0000199P0001895
1.,1.,1.,1.,1.,1.,1.,1.,1.,1.,1.,1.,1.,1.,1.,1.,1.,1.,1.,1.,1.,  0000199P0001896
-181.666132242,4.95,59.089527776,-181.435568929,4.95,            0000199P0001897
59.551966239,-181.216448923,4.887068373,60.019136134,            0000199P0001898
-181.010558407,4.761589523,60.487288843,-180.819258057,          0000199P0001899
4.571928331,60.952102317,-180.644013231,4.315020612,             0000199P0001900
61.407475117,-180.486276479,3.986640161,61.844561924,            0000199P0001901
-180.277013892,3.374722463,62.457331225,-180.210906699,          0000199P0001902
3.146301665,62.657463548,-180.150248283,2.896933745,             0000199P0001903
62.847155135,-180.095501758,2.626546347,63.023643303,            0000199P0001904
-180.0471054,2.33533765,63.183895874,-180.005525349,2.023841156, 0000199P0001905
63.324590181,-179.94827286,1.469714174,63.521408852,             0000199P0001906
-179.928571989,1.237611921,63.590158623,-179.91253957,           0000199P0001907
0.99813842,63.646822768,-179.900373201,0.752895701,63.690209903, 0000199P0001908
-179.89220163,0.503598782,63.719481854,-179.888102108,           0000199P0001909
0.252031253,63.734166557,-179.888102108,-0.25204024,             0000199P0001910
63.734166557,-179.892201923,-0.50360864,63.719480807,            0000199P0001911
-179.900373602,-0.752901701,63.690208466,-179.912539762,         0000199P0001912
-0.99813896,63.646822102,-179.928571777,-1.237608175,            0000199P0001913
63.590159398,-179.948272393,-1.469709652,63.521410459,           0000199P0001914
-180.005525349,-2.023841156,63.324590181,-180.0471054,           0000199P0001915
-2.33533765,63.183895874,-180.095501758,-2.626546347,            0000199P0001916
63.023643303,-180.150248283,-2.896933745,62.847155135,           0000199P0001917
-180.210906699,-3.146301665,62.657463548,-180.277013892,         0000199P0001918
-3.374722463,62.457331225,-180.409201429,-3.76126023,            0000199P0001919
62.070255515,-180.47414175,-3.925158289,61.884948351,            0000199P0001920
-180.542706567,-4.074565923,61.694584202,-180.614741281,         0000199P0001921
-4.209874397,61.500178369,-180.690110563,-4.331457709,           0000199P0001922
61.302569482,-180.768694161,-4.439652316,61.102452172,           0000199P0001923
-180.953451682,-4.654707988,60.645486533,-181.061462682,         0000199P0001924
-4.753807648,60.387500844,-181.174157723,-4.832551958,           0000199P0001925
60.127719027,-181.291271796,-4.891339265,59.867186281,           0000199P0001926
-181.41252393,-4.930442729,59.606790613,-181.537600711,-4.95,    0000199P0001927
59.347322145,-181.794663982,-4.95,58.831732987,-181.926611906,   0000199P0001928
-4.930442663,58.575689677,-182.061601842,-4.891339047,           0000199P0001929
58.322143335,-182.199191288,-4.832551708,58.071819861,           0000199P0001930
-182.338840271,-4.753807643,57.825477755,-182.479873887,         0000199P0001931
-4.654708329,57.583957089,-182.733633432,-4.439652309,           0000199P0001932
57.161393701,-182.846161417,-4.331457719,56.978200471,           0000199P0001933
-182.958620526,-4.209874403,56.799083888,-183.070528368,         0000199P0001934
-4.074565913,56.624558037,-183.181296601,-3.925158279,           0000199P0001935
56.455235731,-183.290207406,-3.761260243,56.291851473,           0000199P0001936
-183.519787375,-3.374722463,55.953333823,-183.639835853,         0000199P0001937
-3.146301665,55.780095633,-183.754825145,-2.896933745,           0000199P0001938
55.617492421,-183.862827581,-2.626546347,55.467556672,           0000199P0001939
-183.961685321,-2.33533765,55.332463216,-184.04902529,           0000199P0001940
-2.023841156,55.214583963,-184.171756262,-1.469714174,           0000199P0001941
55.050411659,-184.21480599,-1.237611921,54.993303199,            0000199P0001942
-184.250411438,-0.99813842,54.946397807,-184.277740041,          0000199P0001943
-0.752895701,54.910570282,-184.296199887,-0.503598782,           0000199P0001944
54.886427875,-184.305460458,-0.252031253,54.874316377,           0000199P0001945
-184.305460458,0.25204024,54.874316377,-184.296199226,           0000199P0001946
0.50360864,54.88642874,-184.277739135,0.752901701,54.910571468,  0000199P0001947
-184.250411022,0.99813896,54.946398361,-184.214806481,           0000199P0001948
1.237608175,54.993302564,-184.171757264,1.469709652,55.05041032, 0000199P0001949
-184.04902529,2.023841156,55.214583963,-183.961685321,           0000199P0001950
2.33533765,55.332463216,-183.862827581,2.626546347,55.467556672, 0000199P0001951
-183.754825145,2.896933745,55.617492421,-183.639835853,          0000199P0001952
3.146301665,55.780095633,-183.519787375,3.374722463,             0000199P0001953
55.953333823,-183.15634813,3.9866356,56.489228133,               0000199P0001954
-182.902201864,4.315020918,56.878249695,-182.643987041,          0000199P0001955
4.571930564,57.292261115,-182.38789726,4.761590886,57.724773905, 0000199P0001956
-182.137923136,4.887068087,58.170944909,-181.89669608,4.95,      0000199P0001957
58.627088258,-181.666132242,4.95,59.089527776,0.,1.,             0000199P0001958
-0.894934301,3.679025546E-04,0.446197783;                        0000199P0001959
126,49,7,0,1,1,1,-0.134521038,0.,0.,0.,0.,0.,0.,0.,0.135659378,  0000201P0001960
0.135659378,0.135659378,0.135659378,0.135659378,0.135659378,     0000201P0001961
0.25299596,0.25299596,0.25299596,0.25299596,0.25299596,          0000201P0001962
0.25299596,0.36596429,0.36596429,0.36596429,0.36596429,          0000201P0001963
0.36596429,0.36596429,0.501053272,0.501053272,0.501053272,       0000201P0001964
0.501053272,0.501053272,0.501053272,0.636142306,0.636142306,     0000201P0001965
0.636142306,0.636142306,0.636142306,0.636142306,0.752985578,     0000201P0001966
0.752985578,0.752985578,0.752985578,0.752985578,0.752985578,     0000201P0001967
0.865478962,0.865478962,0.865478962,0.865478962,0.865478962,     0000201P0001968
0.865478962,1.,1.,1.,1.,1.,1.,1.,1.135659378,1.,1.,1.,1.,1.,1.,  0000201P0001969
1.,1.,1.,1.,1.,1.,1.,1.,1.,1.,1.,1.,1.,1.,1.,1.,1.,1.,1.,1.,1.,  0000201P0001970
1.,1.,1.,1.,1.,1.,1.,1.,1.,1.,1.,1.,1.,1.,1.,1.,1.,1.,1.,1.,1.,  0000201P0001971
1.,1.,-153.32844966,-25.218792596,48.31308158,-153.097886859,    0000201P0001972
-25.218792596,48.775519017,-152.924032586,-25.231144704,         0000201P0001973
49.265255878,-152.808394986,-25.255774775,49.778405326,          0000201P0001974
-152.754433952,-25.291972085,50.311692941,-152.767620235,        0000201P0001975
-25.338325712,50.86101446,-152.855557934,-25.392188989,          0000201P0001976
51.420592035,-153.177382543,-25.498292143,52.464341759,          0000201P0001977
-153.394549111,-25.551283657,52.963399205,-153.688773145,        0000201P0001978
-25.604010617,53.457022221,-154.063077204,-25.650659114,         0000201P0001979
53.925024112,-154.515012528,-25.684840662,54.347833095,          0000201P0001980
-155.037757051,-25.701853441,54.707196706,-156.181074587,        0000201P0001981
-25.697980027,55.254759654,-156.763633054,-25.678595376,         0000201P0001982
55.432718351,-157.349988043,-25.643901871,55.52288206,           0000201P0001983
-157.924016606,-25.598369731,55.531283829,-158.471243717,        0000201P0001984
-25.547609451,55.467242809,-158.979676041,-25.49665962,          0000201P0001985
55.343668055,-159.991118261,-25.392189684,54.978256962,          0000201P0001986
-160.490945597,-25.338325774,54.711724651,-160.937593485,        0000201P0001987
-25.291971497,54.391661111,-161.331021704,-25.255774393,         0000201P0001988
54.027623024,-161.671246114,-25.231144689,53.626450258,          0000201P0001989
-161.957737128,-25.218792596,53.192877188,-162.418862641,        0000201P0001990
-25.218792596,52.268002493,-162.592716915,-25.231144704,         0000201P0001991
51.778265632,-162.708354515,-25.255774775,51.265116184,          0000201P0001992
-162.762315549,-25.291972085,50.731828569,-162.749129265,        0000201P0001993
-25.338325712,50.18250705,-162.661191567,-25.392188989,          0000201P0001994
49.622929475,-162.339366957,-25.498292143,48.579179751,          0000201P0001995
-162.122200389,-25.551283657,48.080122305,-161.827976355,        0000201P0001996
-25.604010617,47.586499288,-161.453672296,-25.650659114,         0000201P0001997
47.118497398,-161.001736973,-25.684840662,46.695688415,          0000201P0001998
-160.478992449,-25.701853441,46.336324804,-159.335674913,        0000201P0001999
-25.697980027,45.788761856,-158.753116447,-25.678595376,         0000201P0002000
45.610803159,-158.166761458,-25.643901871,45.52063945,           0000201P0002001
-157.592732895,-25.598369731,45.512237681,-157.045505783,        0000201P0002002
-25.547609451,45.576278701,-156.537073459,-25.49665962,          0000201P0002003
45.699853455,-155.525631234,-25.392189683,46.06526455,           0000201P0002004
-155.025803925,-25.338325776,46.331796847,-154.579155981,        0000201P0002005
-25.291971494,46.651860424,-154.185727826,-25.255774395,         0000201P0002006
47.015898459,-153.845503374,-25.231144688,47.417071269,          0000201P0002007
-153.559012375,-25.218792596,47.850644317,-153.32844966,         0000201P0002008
-25.218792596,48.31308158,0.,1.,-1.557010001E-13,1.,             0000201P0002009
3.172225983E-13;                                                 0000201P0002010
126,43,8,0,0,1,0,0.,0.,0.,0.,0.,0.,0.,0.,0.,0.127190166,         0000203P0002011
0.127190166,0.127190166,0.127190166,0.127190166,0.127190166,     0000203P0002012
0.127190166,0.301631122,0.301631122,0.301631122,0.301631122,     0000203P0002013
0.301631122,0.301631122,0.301631122,0.423312028,0.423312028,     0000203P0002014
0.423312028,0.423312028,0.423312028,0.423312028,0.423312028,     0000203P0002015
0.563380035,0.563380035,0.563380035,0.563380035,0.563380035,     0000203P0002016
0.563380035,0.563380035,0.722952373,0.722952373,0.722952373,     0000203P0002017
0.722952373,0.722952373,0.722952373,0.722952373,0.757867954,     0000203P0002018
0.757867954,0.757867954,0.757867954,0.757867954,0.757867954,     0000203P0002019
0.757867954,0.757867954,0.757867954,1.,1.,1.,1.,1.,1.,1.,1.,1.,  0000203P0002020
1.,1.,1.,1.,1.,1.,1.,1.,1.,1.,1.,1.,1.,1.,1.,1.,1.,1.,1.,1.,1.,  0000203P0002021
1.,1.,1.,1.,1.,1.,1.,1.,1.,1.,1.,1.,1.,1.,-167.827583266,        0000203P0002022
-25.629874416,26.074027012,-167.769472084,-25.618401816,         0000203P0002023
25.843237081,-167.738244211,-25.607657124,25.613170661,          0000203P0002024
-167.731667311,-25.598164818,25.386293233,-167.747833346,        0000203P0002025
-25.590283209,25.164327238,-167.785190501,-25.584237487,         0000203P0002026
24.948550697,-167.842560921,-25.580159095,24.739975327,          0000203P0002027
-167.919153086,-25.578115646,24.539496089,-168.145452084,        0000203P0002028
-25.578115646,24.085610518,-168.311333097,-25.581959783,         0000203P0002029
23.841046804,-168.51081553,-25.589627114,23.616777398,           0000203P0002030
-168.743595822,-25.600898737,23.416128321,-169.009615543,        0000203P0002031
-25.615292734,23.243913583,-169.308447769,-25.631938443,         0000203P0002032
23.106785324,-169.638519925,-25.6492746,23.013673211,            0000203P0002033
-170.243546759,-25.67607952,22.951149769,-170.511138221,         0000203P0002034
-25.686614985,22.952205823,-170.788546911,-25.695465956,         0000203P0002035
22.98744436,-171.066124981,-25.701393169,23.060395294,           0000203P0002036
-171.334224793,-25.703474871,23.17094322,-171.584118231,         0000203P0002037
-25.701565429,23.315738639,-171.808862288,-25.696218661,         0000203P0002038
23.488527764,-172.229026375,-25.67936987,23.901421862,           0000203P0002039
-172.4109124,-25.667218715,24.143850245,-172.55189504,           0000203P0002040
-25.653343304,24.398759056,-172.65472824,-25.639075973,          0000203P0002041
24.659573613,-172.7223749,-25.625459468,24.921263199,            0000203P0002042
-172.757776022,-25.613227922,25.179940663,-172.763736054,        0000203P0002043
-25.602870339,25.43266133,-172.718898901,-25.585321112,          0000203P0002044
25.955664088,-172.659946694,-25.578718109,26.225086364,          0000203P0002045
-172.568852545,-25.575291236,26.482991715,-172.447470871,        0000203P0002046
-25.575229734,26.727401427,-172.296928794,-25.578557621,         0000203P0002047
26.956207208,-172.11782444,-25.585144817,27.166854733,           0000203P0002048
-171.910436947,-25.594657538,27.35601224,-171.623621597,         0000203P0002049
-25.609036456,27.554612604,-171.57067425,-25.611733189,          0000203P0002050
27.589094083,-171.516283962,-25.61453841,27.622329006,           0000203P0002051
-171.460467663,-25.617444162,27.654241925,-171.403245655,        0000203P0002052
-25.620441377,27.684756112,-171.344641744,-25.623519871,         0000203P0002053
27.713793561,-171.284683423,-25.62666835,27.741274984,           0000203P0002054
-171.223402093,-25.629874426,27.767119804,0.,0.757867954,        0000203P0002055
4.71214253E-03,-0.999944848,9.38599228E-03;                      0000203P0002056
110,-153.32844966,-25.218792596,48.31308158,-153.32844966,       0000205P0002057
-31.361760155,48.31308158;                                       0000205P0002058
110,-181.666132242,4.95,59.089527776,-187.163684992,4.95,        0000207P0002059
61.830506466;                                                    0000207P0002060
110,-172.295978167,4.95,77.883149369,-177.793530917,4.95,        0000209P0002061
80.62412806;                                                     0000209P0002062
110,-167.827583261,31.693263673,26.074027013,-167.827583261,     0000211P0002063
25.629874406,26.074027013;                                       0000211P0002064
110,-171.223402104,31.693263666,27.767119832,-171.223402104,     0000213P0002065
25.629874395,27.767119832;                                       0000213P0002066
110,-153.32844966,25.218792596,48.31308158,-153.32844966,        0000215P0002067
31.361760155,48.31308158;                                        0000215P0002068
110,-143.690576897,-25.218792596,67.643663791,-143.690576897,    0000217P0002069
-31.361760155,67.643663791;                                      0000217P0002070
110,-134.008084353,-25.218792596,87.063739437,-134.008084353,    0000219P0002071
-31.361760155,87.063739437;                                      0000219P0002072
110,-124.325591808,-25.218792596,106.483815084,-124.325591808,   0000221P0002073
-31.361760155,106.483815084;                                     0000221P0002074
110,-143.690576897,25.218792596,67.643663791,-143.690576897,     0000223P0002075
31.361760155,67.643663791;                                       0000223P0002076
110,-134.008084353,25.218792596,87.063739437,-134.008084353,     0000225P0002077
31.361760155,87.063739437;                                       0000225P0002078
110,-124.325591808,25.218792596,106.483815084,-124.325591808,    0000227P0002079
31.361760155,106.483815084;                                      0000227P0002080
110,-168.899357033,25.104581255,15.850035765,-168.899357033,     0000229P0002081
31.269993604,15.850035765;                                       0000229P0002082
110,-175.146126417,31.269993604,3.320954703,-175.146126417,      0000231P0002083
25.104581255,3.320954703;                                        0000231P0002084
110,-178.743635011,25.104581255,20.758211709,-178.743635011,     0000233P0002085
31.269993604,20.758211709;                                       0000233P0002086
110,-184.990404395,31.269993604,8.229130647,-184.990404395,      0000235P0002087
25.104581255,8.229130647;                                        0000235P0002088
110,-206.764702282,-10.871857081,19.085395102,-201.986286423,    0000237P0002089
-7.789150907,16.702964839;                                       0000237P0002090
110,-195.73951704,-7.789150907,29.232045902,-200.517932898,      0000239P0002091
-10.871857081,31.614476164;                                      0000239P0002092
110,-190.817378051,-17.315430348,26.777957929,-195.595793909,    0000241P0002093
-20.398136523,29.160388192;                                      0000241P0002094
110,-201.842563293,-20.398136523,16.63130713,-197.064147434,     0000243P0002095
-17.315430348,14.248876867;                                      0000243P0002096
110,-158.293967519,-20.398136523,-5.08122178,-163.072383377,     0000245P0002097
-17.315430348,-2.698791517;                                      0000245P0002098
110,-156.825613994,-17.315430348,9.830289545,-152.047198135,     0000247P0002099
-20.398136523,7.447859282;                                       0000247P0002100
110,-151.903475005,-7.789150907,7.376201573,-147.125059146,      0000249P0002101
-10.871857081,4.99377131;                                        0000249P0002102
110,-153.37182853,-10.871857081,-7.535309752,-158.150244388,     0000251P0002103
-7.789150907,-5.152879489;                                       0000251P0002104
110,-127.157650062,4.95,55.378009158,-121.660097312,4.95,        0000253P0002105
52.637030468;                                                    0000253P0002106
110,-136.527804137,4.95,36.584387565,-131.030251387,4.95,        0000255P0002107
33.843408874;                                                    0000255P0002108
110,279.97557528,0.,-0.,279.97557528,-14.,-0.;                   0000257P0002109
110,279.97557528,-14.,-0.,260.02442472,-14.,-0.;                 0000259P0002110
110,260.02442472,-14.,0.,260.02442472,0.,0.;                     0000261P0002111
110,260.02442472,0.,0.,159.97557528,0.,0.;                       0000263P0002112
110,159.97557528,0.,-0.,159.97557528,-14.,-0.;                   0000265P0002113
110,159.97557528,-14.,-0.,140.024424719,-14.,-0.;                0000267P0002114
110,140.02442472,-14.,0.,140.02442472,0.,0.;                     0000269P0002115
110,140.02442472,0.,0.,39.97557528,0.,0.;                        0000271P0002116
110,39.97557528,0.,-0.,39.97557528,-14.,-0.;                     0000273P0002117
110,39.97557528,-14.,-0.,20.02442472,-14.,-0.;                   0000275P0002118
110,20.02442472,-14.,0.,20.02442472,0.,0.;                       0000277P0002119
110,20.024424719,0.,0.,0.,0.,0.;                                 0000279P0002120
110,-2.37142157E-11,0.,0.,-2.37142157E-11,-42.05,0.;             0000281P0002121
126,41,6,1,0,1,0,0.,0.,0.,0.,0.,0.,0.,9.323900641E-02,           0000283P0002122
9.323900641E-02,9.323900641E-02,9.323900641E-02,9.323900641E-02, 0000283P0002123
0.231194069,0.231194069,0.231194069,0.231194069,0.231194069,     0000283P0002124
0.355587199,0.355587199,0.355587199,0.355587199,0.355587199,     0000283P0002125
0.499999045,0.499999045,0.499999045,0.499999045,0.499999045,     0000283P0002126
0.644410659,0.644410659,0.644410659,0.644410659,0.644410659,     0000283P0002127
0.768803913,0.768803913,0.768803913,0.768803913,0.768803913,     0000283P0002128
0.906759113,0.906759113,0.906759113,0.906759113,0.906759113,1.,  0000283P0002129
1.,1.,1.,1.,1.,1.,1.,1.,1.,1.,1.,1.,1.,1.,1.,1.,1.,1.,1.,1.,1.,  0000283P0002130
1.,1.,1.,1.,1.,1.,1.,1.,1.,1.,1.,1.,1.,1.,1.,1.,1.,1.,1.,1.,1.,  0000283P0002131
1.,1.,1.,1.,1.,1.,-2.37142157E-11,-42.05,0.,0.530368397,-42.05,  0000283P0002132
-0.,1.059626333,-42.070939927,-0.,1.582175936,-42.112654828,-0., 0000283P0002133
2.092517755,-42.174152113,-0.,2.585506094,-42.25363667,-0.,      0000283P0002134
3.753679443,-42.488911766,-0.,4.402723968,-42.662988986,-0.,     0000283P0002135
5.000660774,-42.864675419,-0.,5.545992559,-43.088586618,-0.,     0000283P0002136
6.038448786,-43.329873689,-0.,6.875702754,-43.813351027,-0.,     0000283P0002137
7.231443603,-44.053804697,-0.,7.547258829,-44.303086384,-0.,     0000283P0002138
7.824491811,-44.5593683,-0.,8.064359571,-44.821243604,-0.,       0000283P0002139
8.503986515,-45.396803315,-0.,8.691072616,-45.712034562,-0.,     0000283P0002140
8.830429943,-46.031389973,-0.,8.923012009,-46.353363944,-0.,     0000283P0002141
8.969316734,-46.676657637,-0.,8.969316734,-47.323341845,-0.,     0000283P0002142
8.923012164,-47.646634886,-0.,8.830430443,-47.968609064,-0.,     0000283P0002143
8.691072886,-48.287965448,-0.,8.503985902,-48.603197487,-0.,     0000283P0002144
8.064359571,-49.178756396,-0.,7.824491811,-49.4406317,-0.,       0000283P0002145
7.547258829,-49.696913616,-0.,7.231443603,-49.946195302,-0.,     0000283P0002146
6.875702754,-50.186648973,-0.,6.038448786,-50.670126311,-0.,     0000283P0002147
5.545992559,-50.911413382,-0.,5.000660774,-51.135324581,-0.,     0000283P0002148
4.402723968,-51.337011014,-0.,3.753679443,-51.511088234,-0.,     0000283P0002149
2.585497059,-51.74636515,-0.,2.09251239,-51.825848205,-0.,       0000283P0002150
1.582181645,-51.88734379,-0.,1.05964296,-51.929058637,-0.,       0000283P0002151
0.530386574,-51.95,-0.,-2.37142157E-11,-51.95,0.,0.,1.,-0.,-0.,  0000283P0002152
1.;                                                              0000283P0002153
110,-2.37142157E-11,-51.95,0.,-2.37142157E-11,-63.05,0.;         0000285P0002154
126,41,6,1,0,1,0,0.,0.,0.,0.,0.,0.,0.,9.323900538E-02,           0000287P0002155
9.323900538E-02,9.323900538E-02,9.323900538E-02,9.323900538E-02, 0000287P0002156
0.231194066,0.231194066,0.231194066,0.231194066,0.231194066,     0000287P0002157
0.355587205,0.355587205,0.355587205,0.355587205,0.355587205,     0000287P0002158
0.49999905,0.49999905,0.49999905,0.49999905,0.49999905,          0000287P0002159
0.644410663,0.644410663,0.644410663,0.644410663,0.644410663,     0000287P0002160
0.768803916,0.768803916,0.768803916,0.768803916,0.768803916,     0000287P0002161
0.906759114,0.906759114,0.906759114,0.906759114,0.906759114,1.,  0000287P0002162
1.,1.,1.,1.,1.,1.,1.,1.,1.,1.,1.,1.,1.,1.,1.,1.,1.,1.,1.,1.,1.,  0000287P0002163
1.,1.,1.,1.,1.,1.,1.,1.,1.,1.,1.,1.,1.,1.,1.,1.,1.,1.,1.,1.,1.,  0000287P0002164
1.,1.,1.,1.,1.,1.,-2.37142157E-11,-63.05,0.,0.530368397,-63.05,  0000287P0002165
-0.,1.059626333,-63.070939927,-0.,1.582175936,-63.112654828,-0., 0000287P0002166
2.092517755,-63.174152113,-0.,2.585506094,-63.25363667,-0.,      0000287P0002167
3.753679443,-63.488911766,-0.,4.402723968,-63.662988986,-0.,     0000287P0002168
5.000660774,-63.864675419,-0.,5.545992559,-64.088586618,-0.,     0000287P0002169
6.038448786,-64.329873689,-0.,6.875702787,-64.813351046,-0.,     0000287P0002170
7.231443561,-65.053804665,-0.,7.547258821,-65.303086386,-0.,     0000287P0002171
7.824491849,-65.559368333,-0.,8.064359555,-65.821243582,-0.,     0000287P0002172
8.503986515,-66.396803315,-0.,8.691072616,-66.712034562,-0.,     0000287P0002173
8.830429943,-67.031389973,-0.,8.923012009,-67.353363944,-0.,     0000287P0002174
8.969316734,-67.676657637,-0.,8.969316734,-68.323341845,-0.,     0000287P0002175
8.923012164,-68.646634886,-0.,8.830430443,-68.968609064,-0.,     0000287P0002176
8.691072886,-69.287965448,-0.,8.503985902,-69.603197487,-0.,     0000287P0002177
8.064359571,-70.178756396,-0.,7.824491811,-70.4406317,-0.,       0000287P0002178
7.547258829,-70.696913616,-0.,7.231443603,-70.946195302,-0.,     0000287P0002179
6.875702754,-71.186648973,-0.,6.038448786,-71.670126311,-0.,     0000287P0002180
5.545992559,-71.911413382,-0.,5.000660774,-72.135324581,-0.,     0000287P0002181
4.402723968,-72.337011014,-0.,3.753679443,-72.511088234,-0.,     0000287P0002182
2.585497059,-72.74636515,-0.,2.09251239,-72.825848205,-0.,       0000287P0002183
1.582181645,-72.88734379,-0.,1.05964296,-72.929058637,-0.,       0000287P0002184
0.530386574,-72.95,-0.,-2.37142157E-11,-72.95,0.,0.,1.,-0.,-0.,  0000287P0002185
1.;                                                              0000287P0002186
110,-2.37142157E-11,-72.95,0.,-2.37142157E-11,-153.,0.;          0000289P0002187
110,0.,-153.,0.,360.,-153.,0.;                                   0000291P0002188
110,360.,-153.,-0.,360.,-72.95,-0.;                              0000293P0002189
126,19,7,1,0,1,0,0.,0.,0.,0.,0.,0.,0.,0.,0.18651833,0.18651833,  0000295P0002190
0.18651833,0.18651833,0.18651833,0.18651833,0.462488108,         0000295P0002191
0.462488108,0.462488108,0.462488108,0.462488108,0.462488108,1.,  0000295P0002192
1.,1.,1.,1.,1.,1.,1.,1.,1.,1.,1.,1.,1.,1.,1.,1.,1.,1.,1.,1.,1.,  0000295P0002193
1.,1.,1.,1.,1.,1.,360.,-72.95,-0.,359.545398517,-72.95,-0.,      0000295P0002194
359.09159022,-72.935042909,-0.,358.641773894,-72.905222986,-0.,  0000295P0002195
358.199106142,-72.860989192,-0.,357.766628434,-72.803138013,-0., 0000295P0002196
357.34719156,-72.732808351,-0.,356.345900118,-72.531143982,-0.,  0000295P0002197
355.782717325,-72.386747362,-0.,355.255597857,-72.221761624,-0., 0000295P0002198
354.765625604,-72.039362639,-0.,354.313305662,-71.842474219,-0., 0000295P0002199
353.898655835,-71.633806996,-0.,352.786267982,-70.991451941,-0., 0000295P0002200
352.18833261,-70.529425428,-0.,351.720092531,-70.043456317,-0.,  0000295P0002201
351.374264435,-69.54216313,-0.,351.145433482,-69.031629495,-0.,  0000295P0002202
351.030683266,-68.516231156,-0.,351.030683266,-68.,-0.,0.,1.,    0000295P0002203
-0.,-0.,1.;                                                      0000295P0002204
126,19,7,1,0,1,0,0.,0.,0.,0.,0.,0.,0.,0.,0.537507208,            0000297P0002205
0.537507208,0.537507208,0.537507208,0.537507208,0.537507208,     0000297P0002206
0.813477646,0.813477646,0.813477646,0.813477646,0.813477646,     0000297P0002207
0.813477646,1.,1.,1.,1.,1.,1.,1.,1.,1.,1.,1.,1.,1.,1.,1.,1.,1.,  0000297P0002208
1.,1.,1.,1.,1.,1.,1.,1.,1.,1.,1.,351.030683266,-68.,-0.,         0000297P0002209
351.030683266,-67.483767418,-0.,351.145434094,-66.968373159,-0., 0000297P0002210
351.374262034,-66.457841701,-0.,351.720088364,-65.956546783,-0., 0000297P0002211
352.188332108,-65.470572266,-0.,352.786276146,-65.008543344,-0., 0000297P0002212
353.898655835,-64.366193004,-0.,354.313305662,-64.157525781,-0., 0000297P0002213
354.765625604,-63.960637361,-0.,355.255597857,-63.778238376,-0., 0000297P0002214
355.782717325,-63.613252638,-0.,356.345900118,-63.468856018,-0., 0000297P0002215
357.347199305,-63.26719009,-0.,357.766634848,-63.196861239,-0.,  0000297P0002216
358.199105178,-63.139011461,-0.,358.641763505,-63.094778419,-0., 0000297P0002217
359.09157315,-63.064958116,-0.,359.545382937,-63.05,-0.,360.,    0000297P0002218
-63.05,-0.,0.,1.,-0.,-0.,1.;                                     0000297P0002219
110,360.,-63.05,-0.,360.,-51.95,-0.;                             0000299P0002220
126,19,7,1,0,1,0,0.,0.,0.,0.,0.,0.,0.,0.,0.18651833,0.18651833,  0000301P0002221
0.18651833,0.18651833,0.18651833,0.18651833,0.462488108,         0000301P0002222
0.462488108,0.462488108,0.462488108,0.462488108,0.462488108,1.,  0000301P0002223
1.,1.,1.,1.,1.,1.,1.,1.,1.,1.,1.,1.,1.,1.,1.,1.,1.,1.,1.,1.,1.,  0000301P0002224
1.,1.,1.,1.,1.,1.,360.,-51.95,-0.,359.545398517,-51.95,-0.,      0000301P0002225
359.09159022,-51.935042909,-0.,358.641773894,-51.905222986,-0.,  0000301P0002226
358.199106142,-51.860989192,-0.,357.766628434,-51.803138013,-0., 0000301P0002227
357.34719156,-51.732808351,-0.,356.345900118,-51.531143982,-0.,  0000301P0002228
355.782717325,-51.386747362,-0.,355.255597857,-51.221761624,-0., 0000301P0002229
354.765625604,-51.039362639,-0.,354.313305662,-50.842474219,-0., 0000301P0002230
353.898655835,-50.633806996,-0.,352.786267982,-49.991451941,-0., 0000301P0002231
352.18833261,-49.529425428,-0.,351.720092531,-49.043456317,-0.,  0000301P0002232
351.374264435,-48.54216313,-0.,351.145433482,-48.031629495,-0.,  0000301P0002233
351.030683266,-47.516231156,-0.,351.030683266,-47.,-0.,0.,1.,    0000301P0002234
-0.,-0.,1.;                                                      0000301P0002235
126,19,7,1,0,1,0,0.,0.,0.,0.,0.,0.,0.,0.,0.537507208,            0000303P0002236
0.537507208,0.537507208,0.537507208,0.537507208,0.537507208,     0000303P0002237
0.813477646,0.813477646,0.813477646,0.813477646,0.813477646,     0000303P0002238
0.813477646,1.,1.,1.,1.,1.,1.,1.,1.,1.,1.,1.,1.,1.,1.,1.,1.,1.,  0000303P0002239
1.,1.,1.,1.,1.,1.,1.,1.,1.,1.,1.,351.030683266,-47.,-0.,         0000303P0002240
351.030683266,-46.483767418,-0.,351.145434094,-45.968373159,-0., 0000303P0002241
351.374262034,-45.457841701,-0.,351.720088364,-44.956546783,-0., 0000303P0002242
352.188332108,-44.470572266,-0.,352.786276146,-44.008543344,-0., 0000303P0002243
353.898655834,-43.366193004,-0.,354.313305662,-43.157525781,-0., 0000303P0002244
354.765625604,-42.960637361,-0.,355.255597857,-42.778238376,-0., 0000303P0002245
355.782717325,-42.613252638,-0.,356.345900118,-42.468856018,-0., 0000303P0002246
357.347199305,-42.26719009,-0.,357.766634848,-42.196861239,-0.,  0000303P0002247
358.199105178,-42.139011461,-0.,358.641763505,-42.094778419,-0., 0000303P0002248
359.09157315,-42.064958116,-0.,359.545382937,-42.05,-0.,360.,    0000303P0002249
-42.05,-0.,0.,1.,-0.,-0.,1.;                                     0000303P0002250
110,360.,-42.05,0.,360.,0.,0.;                                   0000305P0002251
110,360.,0.,0.,279.975575281,0.,0.;                              0000307P0002252
508,1,0,17,24,1,1,0,311;                                         0000309P0002253
126,49,7,1,1,1,1,-0.134569049,0.,0.,0.,0.,0.,0.,0.,0.13566636,   0000311P0002254
0.13566636,0.13566636,0.13566636,0.13566636,0.13566636,          0000311P0002255
0.252963382,0.252963382,0.252963382,0.252963382,0.252963382,     0000311P0002256
0.252963382,0.365898565,0.365898565,0.365898565,0.365898565,     0000311P0002257
0.365898565,0.365898565,0.501015166,0.501015166,0.501015166,     0000311P0002258
0.501015166,0.501015166,0.501015166,0.636131748,0.636131748,     0000311P0002259
0.636131748,0.636131748,0.636131748,0.636131748,0.752953431,     0000311P0002260
0.752953431,0.752953431,0.752953431,0.752953431,0.752953431,     0000311P0002261
0.865430951,0.865430951,0.865430951,0.865430951,0.865430951,     0000311P0002262
0.865430951,1.,1.,1.,1.,1.,1.,1.,1.13566636,1.,1.,1.,1.,1.,1.,   0000311P0002263
1.,1.,1.,1.,1.,1.,1.,1.,1.,1.,1.,1.,1.,1.,1.,1.,1.,1.,1.,1.,1.,  0000311P0002264
1.,1.,1.,1.,1.,1.,1.,1.,1.,1.,1.,1.,1.,1.,1.,1.,1.,1.,1.,1.,1.,  0000311P0002265
1.,1.,278.969316734,-115.,-0.,278.969316734,-115.516229913,-0.,  0000311P0002266
278.854567071,-116.031626603,-0.,278.625737548,-116.542158694,   0000311P0002267
-0.,278.279911459,-117.043451144,-0.,277.811672828,              0000311P0002268
-117.529420751,-0.,277.213736855,-117.991449148,-0.,             0000311P0002269
275.843218397,-118.782863274,-0.,275.086025481,-119.132837959,   0000311P0002270
-0.,274.209398244,-119.4434174,-0.,273.2254461,-119.695138935,   0000311P0002271
-0.,272.154342494,-119.871582116,-0.,271.021613121,              0000311P0002272
-119.959606267,-0.,268.738194185,-119.939527988,-0.,             0000311P0002273
267.654738508,-119.839168738,-0.,266.634223024,-119.658489003,   0000311P0002274
-0.,265.697754938,-119.40995002,-0.,264.861676646,               0000311P0002275
-119.108349917,-0.,264.135631928,-118.770650267,-0.,             0000311P0002276
262.786272013,-117.991454269,-0.,262.188325724,-117.529422729,   0000311P0002277
-0.,261.720083391,-117.043446931,-0.,261.374258786,              0000311P0002278
-116.542152285,-0.,261.145432943,-116.031621896,-0.,             0000311P0002279
261.030683266,-115.516229995,-0.,261.030683266,-114.483770082,   0000311P0002280
-0.,261.145432922,-113.968373418,-0.,261.374262477,              0000311P0002281
-113.457841268,-0.,261.720088506,-112.956548893,-0.,             0000311P0002282
262.188327197,-112.470579229,-0.,262.786263137,-112.008550856,   0000311P0002283
-0.,264.156781603,-111.217136726,-0.,264.913974519,              0000311P0002284
-110.867162041,-0.,265.790601756,-110.5565826,-0.,266.7745539,   0000311P0002285
-110.304861065,-0.,267.845657506,-110.128417884,-0.,             0000311P0002286
268.978386879,-110.040393733,-0.,271.261805822,-110.060472012,   0000311P0002287
-0.,272.345261468,-110.16083126,-0.,273.365777016,               0000311P0002288
-110.341511004,-0.,274.302245027,-110.590049971,-0.,             0000311P0002289
275.138323371,-110.89165009,-0.,275.864368068,-111.229349731,    0000311P0002290
-0.,277.213727987,-112.008545731,-0.,277.811674276,              0000311P0002291
-112.470577271,-0.,278.279916609,-112.956553069,-0.,             0000311P0002292
278.625741214,-113.457847714,-0.,278.854567057,-113.968378104,   0000311P0002293
-0.,278.969316734,-114.483770004,-0.,278.969316734,-115.,-0.,0., 0000311P0002294
1.,-0.,-0.,1.;                                                   0000311P0002295
508,1,0,17,25,1,1,0,315;                                         0000313P0002296
126,49,7,1,1,1,1,-0.134569048,0.,0.,0.,0.,0.,0.,0.,0.135666362,  0000315P0002297
0.135666362,0.135666362,0.135666362,0.135666362,0.135666362,     0000315P0002298
0.252963384,0.252963384,0.252963384,0.252963384,0.252963384,     0000315P0002299
0.252963384,0.365898568,0.365898568,0.365898568,0.365898568,     0000315P0002300
0.365898568,0.365898568,0.501015168,0.501015168,0.501015168,     0000315P0002301
0.501015168,0.501015168,0.501015168,0.636131749,0.636131749,     0000315P0002302
0.636131749,0.636131749,0.636131749,0.636131749,0.752953432,     0000315P0002303
0.752953432,0.752953432,0.752953432,0.752953432,0.752953432,     0000315P0002304
0.865430952,0.865430952,0.865430952,0.865430952,0.865430952,     0000315P0002305
0.865430952,1.,1.,1.,1.,1.,1.,1.,1.135666362,1.,1.,1.,1.,1.,1.,  0000315P0002306
1.,1.,1.,1.,1.,1.,1.,1.,1.,1.,1.,1.,1.,1.,1.,1.,1.,1.,1.,1.,1.,  0000315P0002307
1.,1.,1.,1.,1.,1.,1.,1.,1.,1.,1.,1.,1.,1.,1.,1.,1.,1.,1.,1.,1.,  0000315P0002308
1.,1.,278.969316734,-93.3,-0.,278.969316734,-93.816229918,-0.,   0000315P0002309
278.854567078,-94.331626582,-0.,278.625737523,-94.842158732,-0., 0000315P0002310
278.279911494,-95.343451107,-0.,277.811672803,-95.829420771,-0., 0000315P0002311
277.213736863,-96.291449144,-0.,275.843218397,-97.082863274,-0., 0000315P0002312
275.086025481,-97.432837959,-0.,274.209398244,-97.7434174,-0.,   0000315P0002313
273.2254461,-97.995138935,-0.,272.154342494,-98.171582116,-0.,   0000315P0002314
271.021613121,-98.259606267,-0.,268.738194185,-98.239527988,-0., 0000315P0002315
267.654738508,-98.139168738,-0.,266.634223024,-97.958489003,-0., 0000315P0002316
265.697754938,-97.70995002,-0.,264.861676646,-97.408349917,-0.,  0000315P0002317
264.135631928,-97.070650267,-0.,262.786272021,-96.291454274,-0., 0000315P0002318
262.188325697,-95.829422709,-0.,261.720083426,-95.343446969,-0., 0000315P0002319
261.37425876,-94.842152247,-0.,261.145432951,-94.331621917,-0.,  0000315P0002320
261.030683266,-93.81622999,-0.,261.030683266,-92.783770082,-0.,  0000315P0002321
261.145432922,-92.268373418,-0.,261.374262477,-91.757841268,-0., 0000315P0002322
261.720088506,-91.256548893,-0.,262.188327197,-90.770579229,-0., 0000315P0002323
262.786263137,-90.308550856,-0.,264.156781603,-89.517136726,-0., 0000315P0002324
264.913974519,-89.167162041,-0.,265.790601756,-88.8565826,-0.,   0000315P0002325
266.7745539,-88.604861065,-0.,267.845657506,-88.428417884,-0.,   0000315P0002326
268.978386879,-88.340393733,-0.,271.261805821,-88.360472012,-0., 0000315P0002327
272.345261472,-88.46083126,-0.,273.36577701,-88.641511003,-0.,   0000315P0002328
274.302245033,-88.890049972,-0.,275.138323369,-89.191650089,-0., 0000315P0002329
275.864368069,-89.529349731,-0.,277.213727979,-90.308545726,-0., 0000315P0002330
277.811674302,-90.770577291,-0.,278.279916573,-91.256553031,-0., 0000315P0002331
278.62574124,-91.757847752,-0.,278.854567049,-92.268378083,-0.,  0000315P0002332
278.969316734,-92.78377001,-0.,278.969316734,-93.3,-0.,0.,1.,    0000315P0002333
-0.,-0.,1.;                                                      0000315P0002334
508,1,0,17,26,1,1,0,319;                                         0000317P0002335
126,49,7,1,1,1,1,-0.134569049,0.,0.,0.,0.,0.,0.,0.,0.135666361,  0000319P0002336
0.135666361,0.135666361,0.135666361,0.135666361,0.135666361,     0000319P0002337
0.252963383,0.252963383,0.252963383,0.252963383,0.252963383,     0000319P0002338
0.252963383,0.365898566,0.365898566,0.365898566,0.365898566,     0000319P0002339
0.365898566,0.365898566,0.501015168,0.501015168,0.501015168,     0000319P0002340
0.501015168,0.501015168,0.501015168,0.636131749,0.636131749,     0000319P0002341
0.636131749,0.636131749,0.636131749,0.636131749,0.752953432,     0000319P0002342
0.752953432,0.752953432,0.752953432,0.752953432,0.752953432,     0000319P0002343
0.865430951,0.865430951,0.865430951,0.865430951,0.865430951,     0000319P0002344
0.865430951,1.,1.,1.,1.,1.,1.,1.,1.135666361,1.,1.,1.,1.,1.,1.,  0000319P0002345
1.,1.,1.,1.,1.,1.,1.,1.,1.,1.,1.,1.,1.,1.,1.,1.,1.,1.,1.,1.,1.,  0000319P0002346
1.,1.,1.,1.,1.,1.,1.,1.,1.,1.,1.,1.,1.,1.,1.,1.,1.,1.,1.,1.,1.,  0000319P0002347
1.,1.,278.969316734,-71.6,-0.,278.969316734,-72.116229918,-0.,   0000319P0002348
278.854567078,-72.631626582,-0.,278.625737523,-73.142158732,-0., 0000319P0002349
278.279911494,-73.643451107,-0.,277.811672803,-74.129420771,-0., 0000319P0002350
277.213736863,-74.591449144,-0.,275.843218397,-75.382863274,-0., 0000319P0002351
275.086025481,-75.732837959,-0.,274.209398244,-76.0434174,-0.,   0000319P0002352
273.2254461,-76.295138935,-0.,272.154342494,-76.471582116,-0.,   0000319P0002353
271.021613121,-76.559606267,-0.,268.738194185,-76.539527988,-0., 0000319P0002354
267.654738508,-76.439168738,-0.,266.634223024,-76.258489003,-0., 0000319P0002355
265.697754938,-76.00995002,-0.,264.861676646,-75.708349917,-0.,  0000319P0002356
264.135631928,-75.370650267,-0.,262.786272013,-74.591454269,-0., 0000319P0002357
262.188325724,-74.129422729,-0.,261.720083391,-73.643446931,-0., 0000319P0002358
261.374258786,-73.142152286,-0.,261.145432943,-72.631621896,-0., 0000319P0002359
261.030683266,-72.116229996,-0.,261.030683266,-71.083770082,-0., 0000319P0002360
261.145432922,-70.568373418,-0.,261.374262477,-70.057841268,-0., 0000319P0002361
261.720088506,-69.556548893,-0.,262.188327197,-69.070579229,-0., 0000319P0002362
262.786263137,-68.608550856,-0.,264.156781603,-67.817136726,-0., 0000319P0002363
264.913974519,-67.467162041,-0.,265.790601756,-67.1565826,-0.,   0000319P0002364
266.7745539,-66.904861065,-0.,267.845657506,-66.728417884,-0.,   0000319P0002365
268.978386879,-66.640393733,-0.,271.261805815,-66.660472012,-0., 0000319P0002366
272.345261492,-66.760831262,-0.,273.365776976,-66.941510997,-0., 0000319P0002367
274.302245062,-67.19004998,-0.,275.138323354,-67.491650083,-0.,  0000319P0002368
275.864368072,-67.829349733,-0.,277.213727987,-68.608545731,-0., 0000319P0002369
277.811674276,-69.070577271,-0.,278.279916609,-69.556553069,-0., 0000319P0002370
278.625741214,-70.057847714,-0.,278.854567057,-70.568378104,-0., 0000319P0002371
278.969316734,-71.083770004,-0.,278.969316734,-71.6,-0.,0.,1.,   0000319P0002372
-0.,-0.,1.;                                                      0000319P0002373
508,1,0,17,27,0,1,0,323;                                         0000321P0002374
126,49,7,1,1,1,1,-0.135666361,0.,0.,0.,0.,0.,0.,0.,0.134569049,  0000323P0002375
0.134569049,0.134569049,0.134569049,0.134569049,0.134569049,     0000323P0002376
0.247046569,0.247046569,0.247046569,0.247046569,0.247046569,     0000323P0002377
0.247046569,0.363868252,0.363868252,0.363868252,0.363868252,     0000323P0002378
0.363868252,0.363868252,0.498984833,0.498984833,0.498984833,     0000323P0002379
0.498984833,0.498984833,0.498984833,0.634101433,0.634101433,     0000323P0002380
0.634101433,0.634101433,0.634101433,0.634101433,0.747036616,     0000323P0002381
0.747036616,0.747036616,0.747036616,0.747036616,0.747036616,     0000323P0002382
0.864333639,0.864333639,0.864333639,0.864333639,0.864333639,     0000323P0002383
0.864333639,1.,1.,1.,1.,1.,1.,1.,1.134569049,1.,1.,1.,1.,1.,1.,  0000323P0002384
1.,1.,1.,1.,1.,1.,1.,1.,1.,1.,1.,1.,1.,1.,1.,1.,1.,1.,1.,1.,1.,  0000323P0002385
1.,1.,1.,1.,1.,1.,1.,1.,1.,1.,1.,1.,1.,1.,1.,1.,1.,1.,1.,1.,1.,  0000323P0002386
1.,1.,81.030683266,-115.,-0.,81.030683266,-114.483770004,-0.,    0000323P0002387
81.145432943,-113.968378104,-0.,81.374258786,-113.457847714,-0., 0000323P0002388
81.720083391,-112.956553069,-0.,82.188325724,-112.470577271,-0., 0000323P0002389
82.786272013,-112.008545731,-0.,84.135631928,-111.229349733,-0., 0000323P0002390
84.861676646,-110.891650083,-0.,85.697754937,-110.59004998,-0.,  0000323P0002391
86.634223024,-110.341510997,-0.,87.654738508,-110.160831262,-0., 0000323P0002392
88.738194185,-110.060472012,-0.,91.021613121,-110.040393733,-0., 0000323P0002393
92.154342494,-110.128417884,-0.,93.2254461,-110.304861065,-0.,   0000323P0002394
94.209398244,-110.5565826,-0.,95.086025481,-110.867162041,-0.,   0000323P0002395
95.843218397,-111.217136726,-0.,97.213736863,-112.008550856,-0., 0000323P0002396
97.811672803,-112.470579229,-0.,98.279911494,-112.956548893,-0., 0000323P0002397
98.625737523,-113.457841268,-0.,98.854567078,-113.968373418,-0., 0000323P0002398
98.969316734,-114.483770082,-0.,98.969316734,-115.51622999,-0.,  0000323P0002399
98.854567049,-116.031621917,-0.,98.62574124,-116.542152247,-0.,  0000323P0002400
98.279916573,-117.043446969,-0.,97.811674302,-117.529422709,-0., 0000323P0002401
97.213727979,-117.991454274,-0.,95.864368072,-118.770650267,-0., 0000323P0002402
95.138323354,-119.108349916,-0.,94.302245063,-119.40995002,-0.,  0000323P0002403
93.365776976,-119.658489003,-0.,92.345261491,-119.839168738,-0., 0000323P0002404
91.261805815,-119.939527988,-0.,88.978386879,-119.959606267,-0., 0000323P0002405
87.845657506,-119.871582116,-0.,86.7745539,-119.695138935,-0.,   0000323P0002406
85.790601756,-119.4434174,-0.,84.913974519,-119.132837959,-0.,   0000323P0002407
84.156781603,-118.782863274,-0.,82.786263137,-117.991449144,-0., 0000323P0002408
82.188327197,-117.529420771,-0.,81.720088506,-117.043451107,-0., 0000323P0002409
81.374262477,-116.542158732,-0.,81.145432922,-116.031626582,-0., 0000323P0002410
81.030683266,-115.516229918,-0.,81.030683266,-115.,-0.,0.,1.,    0000323P0002411
-0.,-0.,1.;                                                      0000323P0002412
508,1,0,17,28,0,1,0,327;                                         0000325P0002413
126,49,7,1,1,1,1,-0.135666361,0.,0.,0.,0.,0.,0.,0.,0.134569048,  0000327P0002414
0.134569048,0.134569048,0.134569048,0.134569048,0.134569048,     0000327P0002415
0.247046568,0.247046568,0.247046568,0.247046568,0.247046568,     0000327P0002416
0.247046568,0.363868251,0.363868251,0.363868251,0.363868251,     0000327P0002417
0.363868251,0.363868251,0.498984832,0.498984832,0.498984832,     0000327P0002418
0.498984832,0.498984832,0.498984832,0.634101432,0.634101432,     0000327P0002419
0.634101432,0.634101432,0.634101432,0.634101432,0.747036616,     0000327P0002420
0.747036616,0.747036616,0.747036616,0.747036616,0.747036616,     0000327P0002421
0.864333639,0.864333639,0.864333639,0.864333639,0.864333639,     0000327P0002422
0.864333639,1.,1.,1.,1.,1.,1.,1.,1.134569048,1.,1.,1.,1.,1.,1.,  0000327P0002423
1.,1.,1.,1.,1.,1.,1.,1.,1.,1.,1.,1.,1.,1.,1.,1.,1.,1.,1.,1.,1.,  0000327P0002424
1.,1.,1.,1.,1.,1.,1.,1.,1.,1.,1.,1.,1.,1.,1.,1.,1.,1.,1.,1.,1.,  0000327P0002425
1.,1.,81.030683266,-93.3,-0.,81.030683266,-92.78377001,-0.,      0000327P0002426
81.145432951,-92.268378083,-0.,81.37425876,-91.757847752,-0.,    0000327P0002427
81.720083426,-91.256553031,-0.,82.188325698,-90.770577291,-0.,   0000327P0002428
82.786272021,-90.308545726,-0.,84.135631931,-89.529349731,-0.,   0000327P0002429
84.861676631,-89.191650089,-0.,85.697754968,-88.890049972,-0.,   0000327P0002430
86.63422299,-88.641511003,-0.,87.654738528,-88.46083126,-0.,     0000327P0002431
88.738194179,-88.360472012,-0.,91.021613121,-88.340393733,-0.,   0000327P0002432
92.154342494,-88.428417884,-0.,93.2254461,-88.604861065,-0.,     0000327P0002433
94.209398244,-88.8565826,-0.,95.086025481,-89.167162041,-0.,     0000327P0002434
95.843218397,-89.517136726,-0.,97.213736863,-90.308550856,-0.,   0000327P0002435
97.811672803,-90.770579229,-0.,98.279911494,-91.256548893,-0.,   0000327P0002436
98.625737523,-91.757841268,-0.,98.854567078,-92.268373418,-0.,   0000327P0002437
98.969316734,-92.783770082,-0.,98.969316734,-93.81622999,-0.,    0000327P0002438
98.854567049,-94.331621917,-0.,98.62574124,-94.842152247,-0.,    0000327P0002439
98.279916573,-95.343446969,-0.,97.811674302,-95.829422709,-0.,   0000327P0002440
97.213727979,-96.291454274,-0.,95.864368068,-97.070650269,-0.,   0000327P0002441
95.138323371,-97.40834991,-0.,94.302245027,-97.709950029,-0.,    0000327P0002442
93.365777016,-97.958488996,-0.,92.345261468,-98.13916874,-0.,    0000327P0002443
91.261805822,-98.239527988,-0.,88.978386879,-98.259606267,-0.,   0000327P0002444
87.845657506,-98.171582116,-0.,86.7745539,-97.995138935,-0.,     0000327P0002445
85.790601756,-97.7434174,-0.,84.913974519,-97.432837959,-0.,     0000327P0002446
84.156781603,-97.082863274,-0.,82.786263137,-96.291449144,-0.,   0000327P0002447
82.188327197,-95.829420771,-0.,81.720088506,-95.343451107,-0.,   0000327P0002448
81.374262477,-94.842158732,-0.,81.145432922,-94.331626582,-0.,   0000327P0002449
81.030683266,-93.816229918,-0.,81.030683266,-93.3,-0.,0.,1.,-0., 0000327P0002450
-0.,1.;                                                          0000327P0002451
508,1,0,17,29,0,1,0,331;                                         0000329P0002452
126,49,7,1,1,1,1,-0.135666362,0.,0.,0.,0.,0.,0.,0.,0.134569048,  0000331P0002453
0.134569048,0.134569048,0.134569048,0.134569048,0.134569048,     0000331P0002454
0.247046567,0.247046567,0.247046567,0.247046567,0.247046567,     0000331P0002455
0.247046567,0.363868251,0.363868251,0.363868251,0.363868251,     0000331P0002456
0.363868251,0.363868251,0.498984832,0.498984832,0.498984832,     0000331P0002457
0.498984832,0.498984832,0.498984832,0.634101432,0.634101432,     0000331P0002458
0.634101432,0.634101432,0.634101432,0.634101432,0.747036615,     0000331P0002459
0.747036615,0.747036615,0.747036615,0.747036615,0.747036615,     0000331P0002460
0.864333638,0.864333638,0.864333638,0.864333638,0.864333638,     0000331P0002461
0.864333638,1.,1.,1.,1.,1.,1.,1.,1.134569048,1.,1.,1.,1.,1.,1.,  0000331P0002462
1.,1.,1.,1.,1.,1.,1.,1.,1.,1.,1.,1.,1.,1.,1.,1.,1.,1.,1.,1.,1.,  0000331P0002463
1.,1.,1.,1.,1.,1.,1.,1.,1.,1.,1.,1.,1.,1.,1.,1.,1.,1.,1.,1.,1.,  0000331P0002464
1.,1.,81.030683266,-71.6,-0.,81.030683266,-71.08377001,-0.,      0000331P0002465
81.145432951,-70.568378083,-0.,81.37425876,-70.057847752,-0.,    0000331P0002466
81.720083426,-69.556553031,-0.,82.188325697,-69.070577291,-0.,   0000331P0002467
82.786272021,-68.608545726,-0.,84.135631928,-67.829349733,-0.,   0000331P0002468
84.861676646,-67.491650083,-0.,85.697754937,-67.19004998,-0.,    0000331P0002469
86.634223024,-66.941510997,-0.,87.654738508,-66.760831262,-0.,   0000331P0002470
88.738194185,-66.660472012,-0.,91.021613121,-66.640393733,-0.,   0000331P0002471
92.154342494,-66.728417884,-0.,93.2254461,-66.904861065,-0.,     0000331P0002472
94.209398244,-67.1565826,-0.,95.086025481,-67.467162041,-0.,     0000331P0002473
95.843218397,-67.817136726,-0.,97.213736863,-68.608550856,-0.,   0000331P0002474
97.811672803,-69.070579229,-0.,98.279911494,-69.556548893,-0.,   0000331P0002475
98.625737523,-70.057841268,-0.,98.854567078,-70.568373418,-0.,   0000331P0002476
98.969316734,-71.083770082,-0.,98.969316734,-72.11622999,-0.,    0000331P0002477
98.854567049,-72.631621917,-0.,98.62574124,-73.142152247,-0.,    0000331P0002478
98.279916573,-73.643446969,-0.,97.811674302,-74.129422709,-0.,   0000331P0002479
97.213727979,-74.591454274,-0.,95.864368072,-75.370650267,-0.,   0000331P0002480
95.138323354,-75.708349917,-0.,94.302245063,-76.00995002,-0.,    0000331P0002481
93.365776976,-76.258489003,-0.,92.345261492,-76.439168738,-0.,   0000331P0002482
91.261805815,-76.539527988,-0.,88.978386879,-76.559606267,-0.,   0000331P0002483
87.845657506,-76.471582116,-0.,86.7745539,-76.295138935,-0.,     0000331P0002484
85.790601756,-76.0434174,-0.,84.913974519,-75.732837959,-0.,     0000331P0002485
84.156781603,-75.382863274,-0.,82.786263137,-74.591449144,-0.,   0000331P0002486
82.188327197,-74.129420771,-0.,81.720088506,-73.643451107,-0.,   0000331P0002487
81.374262477,-73.142158732,-0.,81.145432922,-72.631626582,-0.,   0000331P0002488
81.030683266,-72.116229918,-0.,81.030683266,-71.6,-0.,0.,1.,-0., 0000331P0002489
-0.,1.;                                                          0000331P0002490
508,1,0,17,30,1,1,0,335;                                         0000333P0002491
126,49,7,1,1,1,1,-0.134569048,0.,0.,0.,0.,0.,0.,0.,0.13566636,   0000335P0002492
0.13566636,0.13566636,0.13566636,0.13566636,0.13566636,          0000335P0002493
0.252963383,0.252963383,0.252963383,0.252963383,0.252963383,     0000335P0002494
0.252963383,0.365898567,0.365898567,0.365898567,0.365898567,     0000335P0002495
0.365898567,0.365898567,0.501015167,0.501015167,0.501015167,     0000335P0002496
0.501015167,0.501015167,0.501015167,0.636131749,0.636131749,     0000335P0002497
0.636131749,0.636131749,0.636131749,0.636131749,0.752953432,     0000335P0002498
0.752953432,0.752953432,0.752953432,0.752953432,0.752953432,     0000335P0002499
0.865430952,0.865430952,0.865430952,0.865430952,0.865430952,     0000335P0002500
0.865430952,1.,1.,1.,1.,1.,1.,1.,1.13566636,1.,1.,1.,1.,1.,1.,   0000335P0002501
1.,1.,1.,1.,1.,1.,1.,1.,1.,1.,1.,1.,1.,1.,1.,1.,1.,1.,1.,1.,1.,  0000335P0002502
1.,1.,1.,1.,1.,1.,1.,1.,1.,1.,1.,1.,1.,1.,1.,1.,1.,1.,1.,1.,1.,  0000335P0002503
1.,1.,278.969316734,-50.,-0.,278.969316734,-50.516229913,-0.,    0000335P0002504
278.854567071,-51.031626603,-0.,278.625737548,-51.542158694,-0., 0000335P0002505
278.279911459,-52.043451144,-0.,277.811672828,-52.529420752,-0., 0000335P0002506
277.213736855,-52.991449148,-0.,275.843218397,-53.782863274,-0., 0000335P0002507
275.086025481,-54.132837959,-0.,274.209398244,-54.4434174,-0.,   0000335P0002508
273.2254461,-54.695138935,-0.,272.154342494,-54.871582116,-0.,   0000335P0002509
271.021613121,-54.959606267,-0.,268.738194185,-54.939527988,-0., 0000335P0002510
267.654738508,-54.839168738,-0.,266.634223024,-54.658489003,-0., 0000335P0002511
265.697754938,-54.40995002,-0.,264.861676646,-54.108349917,-0.,  0000335P0002512
264.135631928,-53.770650267,-0.,262.786272021,-52.991454274,-0., 0000335P0002513
262.188325697,-52.529422709,-0.,261.720083426,-52.043446969,-0., 0000335P0002514
261.37425876,-51.542152247,-0.,261.145432951,-51.031621917,-0.,  0000335P0002515
261.030683266,-50.51622999,-0.,261.030683266,-49.483770082,-0.,  0000335P0002516
261.145432922,-48.968373418,-0.,261.374262477,-48.457841268,-0., 0000335P0002517
261.720088506,-47.956548893,-0.,262.188327197,-47.470579229,-0., 0000335P0002518
262.786263137,-47.008550856,-0.,264.156781603,-46.217136726,-0., 0000335P0002519
264.913974519,-45.867162041,-0.,265.790601756,-45.5565826,-0.,   0000335P0002520
266.7745539,-45.304861065,-0.,267.845657506,-45.128417884,-0.,   0000335P0002521
268.978386879,-45.040393733,-0.,271.261805815,-45.060472012,-0., 0000335P0002522
272.345261492,-45.160831262,-0.,273.365776976,-45.341510997,-0., 0000335P0002523
274.302245062,-45.59004998,-0.,275.138323354,-45.891650083,-0.,  0000335P0002524
275.864368072,-46.229349733,-0.,277.213727979,-47.008545726,-0., 0000335P0002525
277.811674302,-47.470577291,-0.,278.279916573,-47.956553031,-0., 0000335P0002526
278.62574124,-48.457847753,-0.,278.854567049,-48.968378083,-0.,  0000335P0002527
278.969316734,-49.48377001,-0.,278.969316734,-50.,-0.,0.,1.,-0., 0000335P0002528
-0.,1.;                                                          0000335P0002529
508,2,0,17,31,1,1,0,339,0,17,32,1,1,0,341;                       0000337P0002530
126,68,3,1,0,1,0,0.803366617,0.803366617,0.803366617,            0000339P0002531
0.803366617,0.816840567,0.830314517,0.843788467,0.857262417,     0000339P0002532
0.870736367,0.884210317,0.897684267,0.911158217,0.924632167,     0000339P0002533
0.938106117,0.951580067,0.965054017,0.978527967,0.992001917,     0000339P0002534
1.005475867,1.018949817,1.032423767,1.045897717,1.059371667,     0000339P0002535
1.072845617,1.086319567,1.099793517,1.113267467,1.126741417,     0000339P0002536
1.140215367,1.153689316,1.167163266,1.180637216,1.194111166,     0000339P0002537
1.207585116,1.221059066,1.234533016,1.248006966,1.261480916,     0000339P0002538
1.274954866,1.288428816,1.301902766,1.315376716,1.328850666,     0000339P0002539
1.342324616,1.355798566,1.369272516,1.382746466,1.396220416,     0000339P0002540
1.409694366,1.423168316,1.436642266,1.450116216,1.463590166,     0000339P0002541
1.477064116,1.490538066,1.504012016,1.517485966,1.530959916,     0000339P0002542
1.544433866,1.557907816,1.571381766,1.584855716,1.598329666,     0000339P0002543
1.611803616,1.625277566,1.638751516,1.652225466,1.665699416,     0000339P0002544
1.679173366,1.692647316,1.692647316,1.692647316,1.692647316,1.,  0000339P0002545
1.,1.,1.,1.,1.,1.,1.,1.,1.,1.,1.,1.,1.,1.,1.,1.,1.,1.,1.,1.,1.,  0000339P0002546
1.,1.,1.,1.,1.,1.,1.,1.,1.,1.,1.,1.,1.,1.,1.,1.,1.,1.,1.,1.,1.,  0000339P0002547
1.,1.,1.,1.,1.,1.,1.,1.,1.,1.,1.,1.,1.,1.,1.,1.,1.,1.,1.,1.,1.,  0000339P0002548
1.,1.,1.,1.,1.,273.425792354,-23.628024195,-0.,273.691879703,    0000339P0002549
-23.68905003,-0.,274.206607631,-23.823894754,-0.,274.922052597,  0000339P0002550
-24.058811336,-0.,275.575905947,-24.320662264,-0.,276.16545627,  0000339P0002551
-24.603681603,-0.,276.686636804,-24.900035934,-0.,277.15062158,  0000339P0002552
-25.210825398,-0.,277.55906071,-25.533860217,-0.,277.913388062,  0000339P0002553
-25.866875801,-0.,278.214978105,-26.208014867,-0.,278.465062471, 0000339P0002554
-26.555641438,-0.,278.664714784,-26.908341243,-0.,278.814821171, 0000339P0002555
-27.264872344,-0.,278.916053385,-27.624149617,-0.,278.968854448, 0000339P0002556
-27.985158048,-0.,278.973375157,-28.347124736,-0.,278.929612011, 0000339P0002557
-28.708379266,-0.,278.837471959,-29.068054204,-0.,278.69655752,  0000339P0002558
-29.425179765,-0.,278.506240981,-29.778686081,-0.,278.265672,    0000339P0002559
-30.127364118,-0.,277.973819479,-30.469829923,-0.,277.629445549, 0000339P0002560
-30.804510432,-0.,277.231324392,-31.129526441,-0.,276.777562055, 0000339P0002561
-31.442945432,-0.,276.268284639,-31.741631167,-0.,275.69025063,  0000339P0002562
-32.028277523,-0.,275.046195758,-32.295235725,-0.,274.339358534, 0000339P0002563
-32.536264954,-0.,273.574430078,-32.745329896,-0.,272.757236613, 0000339P0002564
-32.916929011,-0.,271.894441699,-33.046032516,-0.,270.994478489, 0000339P0002565
-33.128050454,-0.,270.06361732,-33.159067472,-0.,269.120367223,  0000339P0002566
-33.13497454,-0.,268.21396372,-33.058708437,-0.,267.343656654,   0000339P0002567
-32.934743664,-0.,266.519444222,-32.767655593,-0.,265.747249823, 0000339P0002568
-32.562506222,-0.,265.03277836,-32.324701829,-0.,264.380555992,  0000339P0002569
-32.060149882,-0.,263.793463985,-31.774738778,-0.,263.275053968, 0000339P0002570
-31.476222386,-0.,262.813591483,-31.163024335,-0.,262.408161722, 0000339P0002571
-30.837765726,-0.,262.057119002,-30.502595467,-0.,261.759136533, 0000339P0002572
-30.159400595,-0.,261.512966975,-29.809807189,-0.,261.317544595, 0000339P0002573
-29.45523052,-0.,261.17199176,-29.096909803,-0.,261.075653033,   0000339P0002574
-28.735934325,-0.,261.028106167,-28.373305314,-0.,261.029234808, 0000339P0002575
-28.009856103,-0.,261.079038505,-27.647286818,-0.,261.177648343, 0000339P0002576
-27.286409068,-0.,261.325497634,-26.928236219,-0.,261.52325227,  0000339P0002577
-26.573861901,-0.,261.771798355,-26.224533671,-0.,262.07221177,  0000339P0002578
-25.881674029,-0.,262.425739412,-25.546924437,-0.,262.833743333, 0000339P0002579
-25.22216448,-0.,263.297768216,-24.909628815,-0.,263.8191343,    0000339P0002580
-24.61168615,-0.,264.410670972,-24.326460782,-0.,265.067983743,  0000339P0002581
-24.062321776,-0.,265.788042188,-23.825356298,-0.,266.306306876, 0000339P0002582
-23.68945703,-0.,266.574207645,-23.628024195,-0.,0.803366617,    0000339P0002583
1.692647316,-0.,-0.,1.;                                          0000339P0002584
126,68,3,1,0,1,0,0.376922771,0.376922771,0.376922771,            0000341P0002585
0.376922771,0.388267041,0.399611311,0.41095558,0.42229985,       0000341P0002586
0.43364412,0.44498839,0.456332659,0.467676929,0.479021199,       0000341P0002587
0.490365468,0.501709738,0.513054008,0.524398277,0.535742547,     0000341P0002588
0.547086817,0.558431087,0.569775356,0.581119626,0.592463896,     0000341P0002589
0.603808165,0.615152435,0.626496705,0.637840974,0.649185244,     0000341P0002590
0.660529514,0.671873784,0.683218053,0.694562323,0.705906593,     0000341P0002591
0.717250862,0.728595132,0.739939402,0.751283671,0.762627941,     0000341P0002592
0.773972211,0.785316481,0.79666075,0.80800502,0.81934929,        0000341P0002593
0.830693559,0.842037829,0.853382099,0.864726368,0.876070638,     0000341P0002594
0.887414908,0.898759178,0.910103447,0.921447717,0.932791987,     0000341P0002595
0.944136256,0.955480526,0.966824796,0.978169065,0.989513335,     0000341P0002596
1.000857605,1.012201875,1.023546144,1.034890414,1.046234684,     0000341P0002597
1.057578953,1.068923223,1.080267493,1.091611762,1.102956032,     0000341P0002598
1.114300302,1.125644572,1.125644572,1.125644572,1.125644572,1.,  0000341P0002599
1.,1.,1.,1.,1.,1.,1.,1.,1.,1.,1.,1.,1.,1.,1.,1.,1.,1.,1.,1.,1.,  0000341P0002600
1.,1.,1.,1.,1.,1.,1.,1.,1.,1.,1.,1.,1.,1.,1.,1.,1.,1.,1.,1.,1.,  0000341P0002601
1.,1.,1.,1.,1.,1.,1.,1.,1.,1.,1.,1.,1.,1.,1.,1.,1.,1.,1.,1.,1.,  0000341P0002602
1.,1.,1.,1.,1.,266.574207687,-23.628024175,-0.,266.505522567,    0000341P0002603
-23.583748775,-0.,266.375164609,-23.4934556,-0.,266.200311155,   0000341P0002604
-23.353697632,-0.,266.045981074,-23.210703126,-0.,265.91133788,  0000341P0002605
-23.064949136,-0.,265.795437481,-22.916408555,-0.,265.698094449, 0000341P0002606
-22.765700623,-0.,265.618981518,-22.613218105,-0.,265.557871651, 0000341P0002607
-22.459369828,-0.,265.51457486,-22.304524666,-0.,265.488956716,  0000341P0002608
-22.149034929,-0.,265.480934838,-21.993238132,-0.,265.490481387, 0000341P0002609
-21.837464074,-0.,265.517623274,-21.682041248,-0.,265.562445323, 0000341P0002610
-21.527300339,-0.,265.625083834,-21.373590488,-0.,265.705755666, 0000341P0002611
-21.221248594,-0.,265.804655002,-21.070745676,-0.,265.922347412, 0000341P0002612
-20.922170253,-0.,266.059407072,-20.77592215,-0.,266.216174837,  0000341P0002613
-20.632741891,-0.,266.393017936,-20.493357788,-0.,266.590246573, 0000341P0002614
-20.358585976,-0.,266.808121944,-20.229309252,-0.,267.046837742, 0000341P0002615
-20.106489018,-0.,267.306509676,-19.991168373,-0.,267.587150067, 0000341P0002616
-19.884480995,-0.,267.888681903,-19.787650283,-0.,268.210794992, 0000341P0002617
-19.702027396,-0.,268.5533763,-19.628990197,-0.,268.914780619,   0000341P0002618
-19.570367629,-0.,269.288078231,-19.528289463,-0.,269.669716543, 0000341P0002619
-19.503666136,-0.,270.055095953,-19.497144802,-0.,270.43980661,  0000341P0002620
-19.508868767,-0.,270.819404796,-19.538548293,-0.,271.189567953, 0000341P0002621
-19.585442906,-0.,271.546190968,-19.648383885,-0.,271.885330704, 0000341P0002622
-19.725721723,-0.,272.203802749,-19.815530313,-0.,272.497299953, 0000341P0002623
-19.914855688,-0.,272.768767655,-20.022902764,-0.,273.019422591, 0000341P0002624
-20.138908722,-0.,273.249301138,-20.261728618,-0.,273.458813225, 0000341P0002625
-20.390462392,-0.,273.648306293,-20.524272094,-0.,273.81816479,  0000341P0002626
-20.662417721,-0.,273.968768148,-20.804235883,-0.,274.100488334, 0000341P0002627
-20.949134934,-0.,274.21367814,-21.096586667,-0.,274.30866303,   0000341P0002628
-21.246119533,-0.,274.385732817,-21.397312448,-0.,274.445133988, 0000341P0002629
-21.549787066,-0.,274.487062043,-21.70320702,-0.,274.51165448,   0000341P0002630
-21.857251449,-0.,274.518981574,-22.011684246,-0.,274.509044893, 0000341P0002631
-22.166061305,-0.,274.481843708,-22.320007434,-0.,274.437300361, 0000341P0002632
-22.473266065,-0.,274.375273007,-22.625518909,-0.,274.295561203, 0000341P0002633
-22.776426062,-0.,274.19791327,-22.925607321,-0.,274.082033211,  0000341P0002634
-23.072639041,-0.,273.947588075,-23.217047493,-0.,273.794215486, 0000341P0002635
-23.358299626,-0.,273.621532456,-23.495805761,-0.,273.493272367, 0000341P0002636
-23.584518071,-0.,273.425792346,-23.628024192,-0.,0.376922771,   0000341P0002637
1.125644572,-0.,-0.,1.;                                          0000341P0002638
508,1,0,17,33,1,1,0,345;                                         0000343P0002639
126,85,7,1,1,1,1,-0.13436403,0.,0.,0.,0.,0.,0.,0.,0.1343616,     0000345P0002640
0.1343616,0.1343616,0.1343616,0.1343616,0.1343616,0.203345638,   0000345P0002641
0.203345638,0.203345638,0.203345638,0.203345638,0.203345638,     0000345P0002642
0.249969539,0.249969539,0.249969539,0.249969539,0.249969539,     0000345P0002643
0.249969539,0.296595038,0.296595038,0.296595038,0.296595038,     0000345P0002644
0.296595038,0.296595038,0.365580118,0.365580118,0.365580118,     0000345P0002645
0.365580118,0.365580118,0.365580118,0.427783489,0.427783489,     0000345P0002646
0.427783489,0.427783489,0.427783489,0.427783489,0.499997126,     0000345P0002647
0.499997126,0.499997126,0.499997126,0.499997126,0.499997126,     0000345P0002648
0.572210879,0.572210879,0.572210879,0.572210879,0.572210879,     0000345P0002649
0.572210879,0.634414193,0.634414193,0.634414193,0.634414193,     0000345P0002650
0.634414193,0.634414193,0.703399204,0.703399204,0.703399204,     0000345P0002651
0.703399204,0.703399204,0.703399204,0.750023762,0.750023762,     0000345P0002652
0.750023762,0.750023762,0.750023762,0.750023762,0.796649919,     0000345P0002653
0.796649919,0.796649919,0.796649919,0.796649919,0.796649919,     0000345P0002654
0.86563597,0.86563597,0.86563597,0.86563597,0.86563597,          0000345P0002655
0.86563597,1.,1.,1.,1.,1.,1.,1.,1.1343616,1.,1.,1.,1.,1.,1.,1.,  0000345P0002656
1.,1.,1.,1.,1.,1.,1.,1.,1.,1.,1.,1.,1.,1.,1.,1.,1.,1.,1.,1.,1.,  0000345P0002657
1.,1.,1.,1.,1.,1.,1.,1.,1.,1.,1.,1.,1.,1.,1.,1.,1.,1.,1.,1.,1.,  0000345P0002658
1.,1.,1.,1.,1.,1.,1.,1.,1.,1.,1.,1.,1.,1.,1.,1.,1.,1.,1.,1.,1.,  0000345P0002659
1.,1.,1.,1.,1.,1.,1.,1.,1.,1.,1.,1.,1.,1.,1.,1.,188.969316734,   0000345P0002660
-68.,-0.,188.969316734,-68.516231156,-0.,188.854566518,          0000345P0002661
-69.031629495,-0.,188.625735565,-69.54216313,-0.,188.279907469,  0000345P0002662
-70.043456317,-0.,187.81166739,-70.529425428,-0.,187.213732018,  0000345P0002663
-70.991451941,-0.,186.101344165,-71.633806996,-0.,185.686694338, 0000345P0002664
-71.842474219,-0.,185.234374396,-72.039362639,-0.,184.744402143, 0000345P0002665
-72.221761624,-0.,184.217282675,-72.386747362,-0.,183.654099882, 0000345P0002666
-72.531143982,-0.,182.65280844,-72.732808351,-0.,182.233371566,  0000345P0002667
-72.803138013,-0.,181.800893858,-72.860989192,-0.,181.358226106, 0000345P0002668
-72.905222986,-0.,180.90840978,-72.935042909,-0.,180.454601483,  0000345P0002669
-72.95,-0.,179.545382937,-72.95,-0.,179.09157315,-72.935041884,  0000345P0002670
-0.,178.641763505,-72.905221581,-0.,178.199105178,-72.860988539, 0000345P0002671
-0.,177.766634848,-72.803138761,-0.,177.347199305,-72.73280991,  0000345P0002672
-0.,176.345900118,-72.531143982,-0.,175.782717325,-72.386747362, 0000345P0002673
-0.,175.255597857,-72.221761624,-0.,174.765625604,-72.039362639, 0000345P0002674
-0.,174.313305662,-71.842474219,-0.,173.898655835,-71.633806996, 0000345P0002675
-0.,173.181009576,-71.219397849,-0.,172.87019664,-71.014896351,  0000345P0002676
-0.,172.588090554,-70.803748624,-0.,172.333927036,-70.587078509, 0000345P0002677
-0.,172.106974543,-70.365810185,-0.,171.9065771,-70.140706678,   0000345P0002678
-0.,171.52975453,-69.647370471,-0.,171.362380538,-69.378031745,  0000345P0002679
-0.,171.229294224,-69.105476086,-0.,171.129891677,-68.830620131, 0000345P0002680
-0.,171.063757959,-68.554265446,-0.,171.030683266,-68.277150153, 0000345P0002681
-0.,171.030683266,-67.722849403,-0.,171.063758069,-67.445733571, 0000345P0002682
-0.,171.129892029,-67.169378818,-0.,171.229294626,-66.894523368, 0000345P0002683
-0.,171.362380555,-66.621968492,-0.,171.529754005,-66.352630217, 0000345P0002684
-0.,171.906577114,-65.859293303,-0.,172.106974521,-65.634189833, 0000345P0002685
-0.,172.333927024,-65.412921506,-0.,172.588090576,-65.196251362, 0000345P0002686
-0.,172.87019666,-64.985103631,-0.,173.181009548,-64.780602167,  0000345P0002687
-0.,173.898655835,-64.366193004,-0.,174.313305662,-64.157525781, 0000345P0002688
-0.,174.765625604,-63.960637361,-0.,175.255597857,-63.778238376, 0000345P0002689
-0.,175.782717325,-63.613252638,-0.,176.345900118,-63.468856018, 0000345P0002690
-0.,177.34719156,-63.267191649,-0.,177.766628434,-63.196861987,  0000345P0002691
-0.,178.199106142,-63.139010808,-0.,178.641773894,-63.094777014, 0000345P0002692
-0.,179.09159022,-63.064957091,-0.,179.545398517,-63.05,-0.,     0000345P0002693
180.454617063,-63.05,-0.,180.90842685,-63.064958116,-0.,         0000345P0002694
181.358236495,-63.094778419,-0.,181.800894822,-63.139011461,-0., 0000345P0002695
182.233365152,-63.196861239,-0.,182.652800695,-63.26719009,-0.,  0000345P0002696
183.654099882,-63.468856018,-0.,184.217282675,-63.613252638,-0., 0000345P0002697
184.744402143,-63.778238376,-0.,185.234374396,-63.960637361,-0., 0000345P0002698
185.686694338,-64.157525781,-0.,186.101344165,-64.366193004,-0., 0000345P0002699
187.213723854,-65.008543344,-0.,187.811667892,-65.470572266,-0., 0000345P0002700
188.279911636,-65.956546783,-0.,188.625737966,-66.457841701,-0., 0000345P0002701
188.854565906,-66.968373159,-0.,188.969316734,-67.483767418,-0., 0000345P0002702
188.969316734,-68.,-0.,0.,1.,-0.,-0.,1.;                         0000345P0002703
508,1,0,17,34,1,1,0,349;                                         0000347P0002704
126,85,7,1,1,1,1,-0.134364028,0.,0.,0.,0.,0.,0.,0.,0.1343616,    0000349P0002705
0.1343616,0.1343616,0.1343616,0.1343616,0.1343616,0.203345637,   0000349P0002706
0.203345637,0.203345637,0.203345637,0.203345637,0.203345637,     0000349P0002707
0.249969538,0.249969538,0.249969538,0.249969538,0.249969538,     0000349P0002708
0.249969538,0.296595037,0.296595037,0.296595037,0.296595037,     0000349P0002709
0.296595037,0.296595037,0.365580116,0.365580116,0.365580116,     0000349P0002710
0.365580116,0.365580116,0.365580116,0.427783492,0.427783492,     0000349P0002711
0.427783492,0.427783492,0.427783492,0.427783492,0.499997129,     0000349P0002712
0.499997129,0.499997129,0.499997129,0.499997129,0.499997129,     0000349P0002713
0.572210882,0.572210882,0.572210882,0.572210882,0.572210882,     0000349P0002714
0.572210882,0.634414196,0.634414196,0.634414196,0.634414196,     0000349P0002715
0.634414196,0.634414196,0.703399206,0.703399206,0.703399206,     0000349P0002716
0.703399206,0.703399206,0.703399206,0.750023765,0.750023765,     0000349P0002717
0.750023765,0.750023765,0.750023765,0.750023765,0.796649921,     0000349P0002718
0.796649921,0.796649921,0.796649921,0.796649921,0.796649921,     0000349P0002719
0.865635972,0.865635972,0.865635972,0.865635972,0.865635972,     0000349P0002720
0.865635972,1.,1.,1.,1.,1.,1.,1.,1.1343616,1.,1.,1.,1.,1.,1.,1., 0000349P0002721
1.,1.,1.,1.,1.,1.,1.,1.,1.,1.,1.,1.,1.,1.,1.,1.,1.,1.,1.,1.,1.,  0000349P0002722
1.,1.,1.,1.,1.,1.,1.,1.,1.,1.,1.,1.,1.,1.,1.,1.,1.,1.,1.,1.,1.,  0000349P0002723
1.,1.,1.,1.,1.,1.,1.,1.,1.,1.,1.,1.,1.,1.,1.,1.,1.,1.,1.,1.,1.,  0000349P0002724
1.,1.,1.,1.,1.,1.,1.,1.,1.,1.,1.,1.,1.,1.,1.,1.,188.969316734,   0000349P0002725
-47.,-0.,188.969316734,-47.516231156,-0.,188.854566518,          0000349P0002726
-48.031629495,-0.,188.625735565,-48.54216313,-0.,188.279907469,  0000349P0002727
-49.043456317,-0.,187.81166739,-49.529425428,-0.,187.213732018,  0000349P0002728
-49.991451941,-0.,186.101344165,-50.633806996,-0.,185.686694338, 0000349P0002729
-50.842474219,-0.,185.234374396,-51.039362639,-0.,184.744402143, 0000349P0002730
-51.221761624,-0.,184.217282675,-51.386747362,-0.,183.654099882, 0000349P0002731
-51.531143982,-0.,182.65280844,-51.732808351,-0.,182.233371566,  0000349P0002732
-51.803138013,-0.,181.800893858,-51.860989192,-0.,181.358226106, 0000349P0002733
-51.905222986,-0.,180.90840978,-51.935042909,-0.,180.454601483,  0000349P0002734
-51.95,-0.,179.545382937,-51.95,-0.,179.09157315,-51.935041884,  0000349P0002735
-0.,178.641763505,-51.905221581,-0.,178.199105178,-51.860988539, 0000349P0002736
-0.,177.766634848,-51.803138761,-0.,177.347199305,-51.73280991,  0000349P0002737
-0.,176.345900118,-51.531143982,-0.,175.782717325,-51.386747362, 0000349P0002738
-0.,175.255597857,-51.221761624,-0.,174.765625604,-51.039362639, 0000349P0002739
-0.,174.313305662,-50.842474219,-0.,173.898655835,-50.633806996, 0000349P0002740
-0.,173.181009548,-50.219397833,-0.,172.87019666,-50.014896369,  0000349P0002741
-0.,172.588090576,-49.803748638,-0.,172.333927024,-49.587078494, 0000349P0002742
-0.,172.106974521,-49.365810167,-0.,171.906577114,-49.140706697, 0000349P0002743
-0.,171.52975453,-48.647370471,-0.,171.362380538,-48.378031745,  0000349P0002744
-0.,171.229294224,-48.105476086,-0.,171.129891677,-47.830620131, 0000349P0002745
-0.,171.063757959,-47.554265446,-0.,171.030683266,-47.277150153, 0000349P0002746
-0.,171.030683266,-46.722849403,-0.,171.063758069,-46.445733571, 0000349P0002747
-0.,171.129892029,-46.169378818,-0.,171.229294626,-45.894523368, 0000349P0002748
-0.,171.362380555,-45.621968492,-0.,171.529754005,-45.352630217, 0000349P0002749
-0.,171.906577114,-44.859293303,-0.,172.106974521,-44.634189833, 0000349P0002750
-0.,172.333927024,-44.412921506,-0.,172.588090576,-44.196251362, 0000349P0002751
-0.,172.87019666,-43.985103631,-0.,173.181009548,-43.780602167,  0000349P0002752
-0.,173.898655835,-43.366193004,-0.,174.313305662,-43.157525781, 0000349P0002753
-0.,174.765625604,-42.960637361,-0.,175.255597857,-42.778238376, 0000349P0002754
-0.,175.782717325,-42.613252638,-0.,176.345900118,-42.468856018, 0000349P0002755
-0.,177.34719156,-42.267191649,-0.,177.766628434,-42.196861987,  0000349P0002756
-0.,178.199106142,-42.139010808,-0.,178.641773894,-42.094777014, 0000349P0002757
-0.,179.09159022,-42.064957091,-0.,179.545398517,-42.05,-0.,     0000349P0002758
180.454617063,-42.05,-0.,180.90842685,-42.064958116,-0.,         0000349P0002759
181.358236495,-42.094778419,-0.,181.800894822,-42.139011461,-0., 0000349P0002760
182.233365152,-42.196861239,-0.,182.652800695,-42.26719009,-0.,  0000349P0002761
183.654099882,-42.468856018,-0.,184.217282675,-42.613252638,-0., 0000349P0002762
184.744402143,-42.778238376,-0.,185.234374396,-42.960637361,-0., 0000349P0002763
185.686694338,-43.157525781,-0.,186.101344165,-43.366193004,-0., 0000349P0002764
187.213723845,-44.008543339,-0.,187.811667918,-44.470572286,-0., 0000349P0002765
188.279911601,-44.956546745,-0.,188.625737991,-45.457841739,-0., 0000349P0002766
188.854565898,-45.968373138,-0.,188.969316734,-46.483767424,-0., 0000349P0002767
188.969316734,-47.,-0.,0.,1.,-0.,-0.,1.;                         0000349P0002768
508,1,0,17,35,0,1,0,353;                                         0000351P0002769
126,49,7,1,1,1,1,-0.13566636,0.,0.,0.,0.,0.,0.,0.,0.134569048,   0000353P0002770
0.134569048,0.134569048,0.134569048,0.134569048,0.134569048,     0000353P0002771
0.247046568,0.247046568,0.247046568,0.247046568,0.247046568,     0000353P0002772
0.247046568,0.363868251,0.363868251,0.363868251,0.363868251,     0000353P0002773
0.363868251,0.363868251,0.498984833,0.498984833,0.498984833,     0000353P0002774
0.498984833,0.498984833,0.498984833,0.634101433,0.634101433,     0000353P0002775
0.634101433,0.634101433,0.634101433,0.634101433,0.747036617,     0000353P0002776
0.747036617,0.747036617,0.747036617,0.747036617,0.747036617,     0000353P0002777
0.86433364,0.86433364,0.86433364,0.86433364,0.86433364,          0000353P0002778
0.86433364,1.,1.,1.,1.,1.,1.,1.,1.134569048,1.,1.,1.,1.,1.,1.,   0000353P0002779
1.,1.,1.,1.,1.,1.,1.,1.,1.,1.,1.,1.,1.,1.,1.,1.,1.,1.,1.,1.,1.,  0000353P0002780
1.,1.,1.,1.,1.,1.,1.,1.,1.,1.,1.,1.,1.,1.,1.,1.,1.,1.,1.,1.,1.,  0000353P0002781
1.,1.,81.030683266,-50.,-0.,81.030683266,-49.48377001,-0.,       0000353P0002782
81.145432951,-48.968378083,-0.,81.37425876,-48.457847753,-0.,    0000353P0002783
81.720083426,-47.956553031,-0.,82.188325697,-47.470577291,-0.,   0000353P0002784
82.786272021,-47.008545726,-0.,84.135631931,-46.229349731,-0.,   0000353P0002785
84.861676631,-45.891650089,-0.,85.697754968,-45.590049972,-0.,   0000353P0002786
86.63422299,-45.341511003,-0.,87.654738528,-45.16083126,-0.,     0000353P0002787
88.738194179,-45.060472012,-0.,91.021613121,-45.040393733,-0.,   0000353P0002788
92.154342494,-45.128417884,-0.,93.2254461,-45.304861065,-0.,     0000353P0002789
94.209398244,-45.5565826,-0.,95.086025481,-45.867162041,-0.,     0000353P0002790
95.843218397,-46.217136726,-0.,97.213736863,-47.008550856,-0.,   0000353P0002791
97.811672803,-47.470579229,-0.,98.279911494,-47.956548893,-0.,   0000353P0002792
98.625737523,-48.457841268,-0.,98.854567078,-48.968373418,-0.,   0000353P0002793
98.969316734,-49.483770082,-0.,98.969316734,-50.51622999,-0.,    0000353P0002794
98.854567049,-51.031621917,-0.,98.62574124,-51.542152247,-0.,    0000353P0002795
98.279916573,-52.043446969,-0.,97.811674302,-52.529422709,-0.,   0000353P0002796
97.213727979,-52.991454274,-0.,95.864368069,-53.770650269,-0.,   0000353P0002797
95.138323369,-54.108349911,-0.,94.302245033,-54.409950028,-0.,   0000353P0002798
93.365777009,-54.658488998,-0.,92.345261472,-54.83916874,-0.,    0000353P0002799
91.261805821,-54.939527988,-0.,88.978386879,-54.959606267,-0.,   0000353P0002800
87.845657506,-54.871582116,-0.,86.7745539,-54.695138935,-0.,     0000353P0002801
85.790601756,-54.4434174,-0.,84.913974519,-54.132837959,-0.,     0000353P0002802
84.156781603,-53.782863274,-0.,82.786263145,-52.991449148,-0.,   0000353P0002803
82.188327172,-52.529420752,-0.,81.720088541,-52.043451144,-0.,   0000353P0002804
81.374262452,-51.542158694,-0.,81.145432929,-51.031626603,-0.,   0000353P0002805
81.030683266,-50.516229913,-0.,81.030683266,-50.,-0.,0.,1.,-0.,  0000353P0002806
-0.,1.;                                                          0000353P0002807
508,2,0,17,36,1,1,0,357,0,17,37,1,1,0,359;                       0000355P0002808
126,68,3,1,0,1,0,0.,0.,0.,0.,1.358382224E-02,2.716764448E-02,    0000357P0002809
4.075146672E-02,5.433528896E-02,6.79191112E-02,8.150293343E-02,  0000357P0002810
9.508675567E-02,0.108670578,0.1222544,0.135838222,0.149422045,   0000357P0002811
0.163005867,0.176589689,0.190173511,0.203757334,0.217341156,     0000357P0002812
0.230924978,0.2445088,0.258092623,0.271676445,0.285260267,       0000357P0002813
0.298844089,0.312427911,0.326011734,0.339595556,0.353179378,     0000357P0002814
0.3667632,0.380347023,0.393930845,0.407514667,0.421098489,       0000357P0002815
0.434682312,0.448266134,0.461849956,0.475433778,0.489017601,     0000357P0002816
0.502601423,0.516185245,0.529769067,0.54335289,0.556936712,      0000357P0002817
0.570520534,0.584104356,0.597688179,0.611272001,0.624855823,     0000357P0002818
0.638439645,0.652023467,0.66560729,0.679191112,0.692774934,      0000357P0002819
0.706358756,0.719942579,0.733526401,0.747110223,0.760694045,     0000357P0002820
0.774277868,0.78786169,0.801445512,0.815029334,0.828613157,      0000357P0002821
0.842196979,0.855780801,0.869364623,0.882948446,0.896532268,     0000357P0002822
0.896532268,0.896532268,0.896532268,1.,1.,1.,1.,1.,1.,1.,1.,1.,  0000357P0002823
1.,1.,1.,1.,1.,1.,1.,1.,1.,1.,1.,1.,1.,1.,1.,1.,1.,1.,1.,1.,1.,  0000357P0002824
1.,1.,1.,1.,1.,1.,1.,1.,1.,1.,1.,1.,1.,1.,1.,1.,1.,1.,1.,1.,1.,  0000357P0002825
1.,1.,1.,1.,1.,1.,1.,1.,1.,1.,1.,1.,1.,1.,1.,1.,1.,1.,           0000357P0002826
93.425792355,-23.628024195,-0.,93.693693124,-23.68945703,-0.,    0000357P0002827
94.211957815,-23.825356299,-0.,94.932016261,-24.062321778,-0.,   0000357P0002828
95.589329034,-24.326460784,-0.,96.180865706,-24.611686153,-0.,   0000357P0002829
96.702231791,-24.909628819,-0.,97.166256675,-25.222164485,-0.,   0000357P0002830
97.574260596,-25.546924443,-0.,97.927788238,-25.881674037,-0.,   0000357P0002831
98.228201652,-26.224533679,-0.,98.476747737,-26.573861911,-0.,   0000357P0002832
98.674502371,-26.92823623,-0.,98.822351661,-27.286409081,-0.,    0000357P0002833
98.920961498,-27.647286831,-0.,98.970765193,-28.009856117,-0.,   0000357P0002834
98.971893832,-28.37330533,-0.,98.924346964,-28.735934341,-0.,    0000357P0002835
98.828008235,-29.09690982,-0.,98.682455396,-29.455230538,-0.,    0000357P0002836
98.487033013,-29.809807208,-0.,98.240863451,-30.159400615,-0.,   0000357P0002837
97.942880979,-30.502595487,-0.,97.591838255,-30.837765747,-0.,   0000357P0002838
97.186408489,-31.163024356,-0.,96.724945999,-31.476222407,-0.,   0000357P0002839
96.206535976,-31.774738799,-0.,95.619443962,-32.060149902,-0.,   0000357P0002840
94.967221588,-32.324701849,-0.,94.252750118,-32.56250624,-0.,    0000357P0002841
93.480555712,-32.767655608,-0.,92.656343274,-32.934743677,-0.,   0000357P0002842
91.786036201,-33.058708446,-0.,90.879632693,-33.134974545,-0.,   0000357P0002843
89.936382591,-33.159067472,-0.,89.005521423,-33.128050448,-0.,   0000357P0002844
88.105558213,-33.046032505,-0.,87.242763301,-32.916928995,-0.,   0000357P0002845
86.425569838,-32.745329876,-0.,85.660641386,-32.53626493,-0.,    0000357P0002846
84.953804167,-32.295235696,-0.,84.3097493,-32.028277491,-0.,     0000357P0002847
83.731715296,-31.741631132,-0.,83.222437888,-31.442945396,-0.,   0000357P0002848
82.768675564,-31.129526408,-0.,82.370554416,-30.8045104,-0.,     0000357P0002849
82.026180493,-30.469829893,-0.,81.734327978,-30.12736409,-0.,    0000357P0002850
81.493759004,-29.778686056,-0.,81.303442471,-29.425179743,-0.,   0000357P0002851
81.162528035,-29.068054184,-0.,81.070387986,-28.708379249,-0.,   0000357P0002852
81.026624842,-28.347124724,-0.,81.031145553,-27.985158035,-0.,   0000357P0002853
81.083946617,-27.62414961,-0.,81.185178831,-27.264872339,-0.,    0000357P0002854
81.335285218,-26.90834124,-0.,81.534937528,-26.555641438,-0.,    0000357P0002855
81.785021892,-26.208014871,-0.,82.086611933,-25.866875806,-0.,   0000357P0002856
82.440939282,-25.533860225,-0.,82.849378408,-25.210825407,-0.,   0000357P0002857
83.313363174,-24.900035947,-0.,83.83454371,-24.603681614,-0.,    0000357P0002858
84.424094037,-24.320662271,-0.,85.07794739,-24.05881134,-0.,     0000357P0002859
85.793392361,-23.823894756,-0.,86.308120294,-23.689050031,-0.,   0000357P0002860
86.574207647,-23.628024195,-0.,0.,0.896532268,-0.,-0.,1.;        0000357P0002861
126,68,3,1,0,1,0,0.,0.,0.,0.,1.148284126E-02,2.296568253E-02,    0000359P0002862
3.444852379E-02,4.593136505E-02,5.741420632E-02,6.889704758E-02, 0000359P0002863
8.037988885E-02,9.186273011E-02,0.103345571,0.114828413,         0000359P0002864
0.126311254,0.137794095,0.149276936,0.160759778,0.172242619,     0000359P0002865
0.18372546,0.195208301,0.206691143,0.218173984,0.229656825,      0000359P0002866
0.241139667,0.252622508,0.264105349,0.27558819,0.287071032,      0000359P0002867
0.298553873,0.310036714,0.321519555,0.333002397,0.344485238,     0000359P0002868
0.355968079,0.36745092,0.378933762,0.390416603,0.401899444,      0000359P0002869
0.413382285,0.424865127,0.436347968,0.447830809,0.459313651,     0000359P0002870
0.470796492,0.482279333,0.493762174,0.505245016,0.516727857,     0000359P0002871
0.528210698,0.539693539,0.551176381,0.562659222,0.574142063,     0000359P0002872
0.585624904,0.597107746,0.608590587,0.620073428,0.63155627,      0000359P0002873
0.643039111,0.654521952,0.666004793,0.677487635,0.688970476,     0000359P0002874
0.700453317,0.711936158,0.723419,0.734901841,0.746384682,        0000359P0002875
0.757867523,0.757867523,0.757867523,0.757867523,1.,1.,1.,1.,1.,  0000359P0002876
1.,1.,1.,1.,1.,1.,1.,1.,1.,1.,1.,1.,1.,1.,1.,1.,1.,1.,1.,1.,1.,  0000359P0002877
1.,1.,1.,1.,1.,1.,1.,1.,1.,1.,1.,1.,1.,1.,1.,1.,1.,1.,1.,1.,1.,  0000359P0002878
1.,1.,1.,1.,1.,1.,1.,1.,1.,1.,1.,1.,1.,1.,1.,1.,1.,1.,1.,1.,1.,  0000359P0002879
1.,86.574207654,-23.628024192,-0.,86.506727631,-23.58451807,-0., 0000359P0002880
86.378467541,-23.495805759,-0.,86.20578451,-23.358299622,-0.,    0000359P0002881
86.052411919,-23.217047487,-0.,85.917966782,-23.072639032,-0.,   0000359P0002882
85.802086722,-22.92560731,-0.,85.704438788,-22.776426047,-0.,    0000359P0002883
85.624726985,-22.625518892,-0.,85.562699632,-22.473266047,-0.,   0000359P0002884
85.518156288,-22.320007413,-0.,85.490955104,-22.16606128,-0.,    0000359P0002885
85.481018425,-22.011684218,-0.,85.488345523,-21.857251422,-0.,   0000359P0002886
85.512937963,-21.703206994,-0.,85.554866021,-21.549787041,-0.,   0000359P0002887
85.614267195,-21.397312423,-0.,85.691336984,-21.246119509,-0.,   0000359P0002888
85.786321876,-21.096586643,-0.,85.899511685,-20.949134912,-0.,   0000359P0002889
86.031231873,-20.804235861,-0.,86.181835234,-20.6624177,-0.,     0000359P0002890
86.351693733,-20.524272074,-0.,86.541186803,-20.390462374,-0.,   0000359P0002891
86.750698892,-20.2617286,-0.,86.980577442,-20.138908706,-0.,     0000359P0002892
87.231232379,-20.02290275,-0.,87.502700083,-19.914855675,-0.,    0000359P0002893
87.796197289,-19.815530302,-0.,88.114669336,-19.725721713,-0.,   0000359P0002894
88.453809073,-19.648383877,-0.,88.810432089,-19.5854429,-0.,     0000359P0002895
89.180595246,-19.538548288,-0.,89.560193432,-19.508868765,-0.,   0000359P0002896
89.944904088,-19.497144801,-0.,90.330283497,-19.503666137,-0.,   0000359P0002897
90.711921807,-19.528289467,-0.,91.085219416,-19.570367633,-0.,   0000359P0002898
91.446623733,-19.628990203,-0.,91.789205037,-19.702027403,-0.,   0000359P0002899
92.111318124,-19.787650291,-0.,92.412849957,-19.884481004,-0.,   0000359P0002900
92.693490346,-19.991168382,-0.,92.953162277,-20.106489028,-0.,   0000359P0002901
93.191878073,-20.229309261,-0.,93.409753441,-20.358585986,-0.,   0000359P0002902
93.606982076,-20.493357797,-0.,93.783825174,-20.6327419,-0.,     0000359P0002903
93.940592937,-20.775922159,-0.,94.077652596,-20.922170262,-0.,   0000359P0002904
94.195345004,-21.070745685,-0.,94.294244338,-21.221248602,-0.,   0000359P0002905
94.37491617,-21.373590495,-0.,94.437554679,-21.527300346,-0.,    0000359P0002906
94.482376728,-21.682041255,-0.,94.509518613,-21.83746408,-0.,    0000359P0002907
94.519065162,-21.993238137,-0.,94.511043284,-22.149034934,-0.,   0000359P0002908
94.485425139,-22.304524671,-0.,94.442128348,-22.459369832,-0.,   0000359P0002909
94.381018481,-22.613218108,-0.,94.301905549,-22.765700626,-0.,   0000359P0002910
94.204562517,-22.916408558,-0.,94.088662118,-23.064949138,-0.,   0000359P0002911
93.954018925,-23.210703128,-0.,93.799688844,-23.353697633,-0.,   0000359P0002912
93.62483539,-23.493455601,-0.,93.494477433,-23.583748775,-0.,    0000359P0002913
93.425792313,-23.628024175,-0.,0.,0.757867523,-0.,-0.,1.;        0000359P0002914
510,363,1,1,371;                                                 0000361P0002915
192,365,367,4.95,369;                                            0000363P0002916
116,-167.485487076,0.,31.012191672,0;                            0000365P0002917
123,0.,1.,0.;                                                    0000367P0002918
123,0.894934362,0.,-0.446197813;                                 0000369P0002919
508,4,0,17,38,1,1,0,373,0,17,39,0,1,0,375,0,17,40,0,1,0,377,0,   0000371P0002920
17,36,1,1,0,379;                                                 0000371P0002921
110,427.462889729,-31.693263673,0.,427.462889729,-25.629874406,  0000373P0002922
0.;                                                              0000373P0002923
126,68,3,1,0,1,0,0.,0.,0.,0.,1.35855747E-02,2.71711494E-02,      0000375P0002924
4.07567241E-02,5.43422988E-02,6.79278735E-02,8.15134482E-02,     0000375P0002925
9.509902291E-02,0.108684598,0.122270172,0.135855747,0.149441322, 0000375P0002926
0.163026896,0.176612471,0.190198046,0.203783621,0.217369195,     0000375P0002927
0.23095477,0.244540345,0.258125919,0.271711494,0.285297069,      0000375P0002928
0.298882643,0.312468218,0.326053793,0.339639368,0.353224942,     0000375P0002929
0.366810517,0.380396092,0.393981666,0.407567241,0.421152816,     0000375P0002930
0.43473839,0.448323965,0.46190954,0.475495115,0.489080689,       0000375P0002931
0.502666264,0.516251839,0.529837413,0.543422988,0.557008563,     0000375P0002932
0.570594137,0.584179712,0.597765287,0.611350862,0.624936436,     0000375P0002933
0.638522011,0.652107586,0.66569316,0.679278735,0.69286431,       0000375P0002934
0.706449884,0.720035459,0.733621034,0.747206609,0.760792183,     0000375P0002935
0.774377758,0.787963333,0.801548907,0.815134482,0.828720057,     0000375P0002936
0.842305631,0.855891206,0.869476781,0.883062356,0.89664793,      0000375P0002937
0.89664793,0.89664793,0.89664793,1.,1.,1.,1.,1.,1.,1.,1.,1.,1.,  0000375P0002938
1.,1.,1.,1.,1.,1.,1.,1.,1.,1.,1.,1.,1.,1.,1.,1.,1.,1.,1.,1.,1.,  0000375P0002939
1.,1.,1.,1.,1.,1.,1.,1.,1.,1.,1.,1.,1.,1.,1.,1.,1.,1.,1.,1.,1.,  0000375P0002940
1.,1.,1.,1.,1.,1.,1.,1.,1.,1.,1.,1.,1.,1.,1.,1.,1.,              0000375P0002941
427.462889732,-25.629874406,-0.,425.620022892,-25.618986226,-0., 0000375P0002942
421.979927724,-25.595377197,-0.,416.668552654,-25.556201437,-0., 0000375P0002943
411.518260579,-25.515038474,-0.,406.539745704,-25.473526059,-0., 0000375P0002944
401.773848621,-25.433368587,-0.,397.126426854,-25.394880891,-0., 0000375P0002945
392.57914771,-25.358844085,-0.,388.1192344,-25.325944905,-0.,    0000375P0002946
383.733510946,-25.296739349,-0.,379.409712733,-25.271679587,-0., 0000375P0002947
375.135879258,-25.251122711,-0.,370.900343556,-25.235342762,-0., 0000375P0002948
366.691368565,-25.224540479,-0.,362.497669285,-25.218850273,-0., 0000375P0002949
358.305786325,-25.218350711,-0.,354.113369647,-25.223050524,-0., 0000375P0002950
349.908213782,-25.232881292,-0.,345.678661127,-25.247720545,-0., 0000375P0002951
341.413076188,-25.267380505,-0.,337.099771427,-25.291602091,-0., 0000375P0002952
332.72693546,-25.320044214,-0.,328.282060811,-25.352276516,-0.,  0000375P0002953
323.75330515,-25.387754199,-0.,319.123511766,-25.425853401,-0.,  0000375P0002954
314.391483249,-25.465675954,-0.,309.4412461,-25.507131094,-0.,   0000375P0002955
304.307249604,-25.548606311,-0.,299.006935934,-25.58841563,-0.,  0000375P0002956
293.556313223,-25.624763697,-0.,287.967024938,-25.655863992,-0., 0000375P0002957
282.246098462,-25.680023981,-0.,276.402680016,-25.695724755,-0., 0000375P0002958
270.42339364,-25.70175416,-0.,264.36554951,-25.697111886,-0.,    0000375P0002959
258.490243314,-25.682520502,-0.,252.735917919,-25.659280686,-0., 0000375P0002960
247.121150395,-25.628892868,-0.,241.647014634,-25.593050591,-0., 0000375P0002961
236.323006992,-25.553527737,-0.,231.162322959,-25.512113827,-0., 0000375P0002962
226.176880636,-25.47046897,-0.,221.404752182,-25.430272935,-0.,  0000375P0002963
216.74526547,-25.391782881,-0.,212.187087438,-25.355839034,-0.,  0000375P0002964
207.715446257,-25.323109702,-0.,203.317572265,-25.294152128,-0., 0000375P0002965
198.980952238,-25.269413616,-0.,194.693544326,-25.249247404,-0., 0000375P0002966
190.443524647,-25.23392291,-0.,186.219059946,-25.223636095,-0.,  0000375P0002967
182.008512859,-25.218516034,-0.,177.798930392,-25.218636266,-0., 0000375P0002968
173.588052526,-25.223994713,-0.,169.362644448,-25.234515389,-0., 0000375P0002969
165.111166934,-25.250066275,-0.,160.821767809,-25.270448196,-0., 0000375P0002970
156.482629057,-25.295388041,-0.,152.081669715,-25.324528658,-0., 0000375P0002971
147.606426317,-25.357417486,-0.,143.04379502,-25.393494649,-0.,  0000375P0002972
138.380031372,-25.432076841,-0.,133.599663293,-25.472352239,-0., 0000375P0002973
128.594029293,-25.514119897,-0.,123.409347676,-25.555606951,-0., 0000375P0002974
118.05944109,-25.595114133,-0.,114.39289117,-25.618910631,-0.,   0000375P0002975
112.537110272,-25.629874395,-0.,0.,0.89664793,0.,0.,1.;          0000375P0002976
110,112.537110272,-25.629874395,-0.,112.537110272,-31.693263666, 0000377P0002977
-0.;                                                             0000377P0002978
126,68,3,1,0,1,0,0.,0.,0.,0.,1.358382224E-02,2.716764448E-02,    0000379P0002979
4.075146672E-02,5.433528896E-02,6.79191112E-02,8.150293343E-02,  0000379P0002980
9.508675567E-02,0.108670578,0.1222544,0.135838222,0.149422045,   0000379P0002981
0.163005867,0.176589689,0.190173511,0.203757334,0.217341156,     0000379P0002982
0.230924978,0.2445088,0.258092623,0.271676445,0.285260267,       0000379P0002983
0.298844089,0.312427911,0.326011734,0.339595556,0.353179378,     0000379P0002984
0.3667632,0.380347023,0.393930845,0.407514667,0.421098489,       0000379P0002985
0.434682312,0.448266134,0.461849956,0.475433778,0.489017601,     0000379P0002986
0.502601423,0.516185245,0.529769067,0.54335289,0.556936712,      0000379P0002987
0.570520534,0.584104356,0.597688179,0.611272001,0.624855823,     0000379P0002988
0.638439645,0.652023467,0.66560729,0.679191112,0.692774934,      0000379P0002989
0.706358756,0.719942579,0.733526401,0.747110223,0.760694045,     0000379P0002990
0.774277868,0.78786169,0.801445512,0.815029334,0.828613157,      0000379P0002991
0.842196979,0.855780801,0.869364623,0.882948446,0.896532268,     0000379P0002992
0.896532268,0.896532268,0.896532268,1.,1.,1.,1.,1.,1.,1.,1.,1.,  0000379P0002993
1.,1.,1.,1.,1.,1.,1.,1.,1.,1.,1.,1.,1.,1.,1.,1.,1.,1.,1.,1.,1.,  0000379P0002994
1.,1.,1.,1.,1.,1.,1.,1.,1.,1.,1.,1.,1.,1.,1.,1.,1.,1.,1.,1.,1.,  0000379P0002995
1.,1.,1.,1.,1.,1.,1.,1.,1.,1.,1.,1.,1.,1.,1.,1.,1.,1.,           0000379P0002996
112.537110266,-31.693263666,-0.,114.393221659,-31.684395844,-0., 0000379P0002997
118.060931499,-31.66514972,-0.,123.413693028,-31.633205189,-0.,  0000379P0002998
128.601975868,-31.599672483,-0.,133.611543321,-31.565930024,-0., 0000379P0002999
138.396365651,-31.53340882,-0.,143.063265494,-31.502283349,-0.,  0000379P0003000
147.627563375,-31.473207037,-0.,152.103137697,-31.446725057,-0., 0000379P0003001
156.503169167,-31.423281838,-0.,160.840235683,-31.403234191,-0., 0000379P0003002
165.12654604,-31.386861863,-0.,169.374068026,-31.374377358,-0.,  0000379P0003003
173.594817831,-31.365934691,-0.,177.800533972,-31.361635406,-0., 0000379P0003004
182.004604934,-31.361537704,-0.,186.20996332,-31.36564319,-0.,   0000379P0003005
190.429727838,-31.373895569,-0.,194.675733706,-31.386195613,-0., 0000379P0003006
198.959980118,-31.402391868,-0.,203.294441342,-31.422274808,-0., 0000379P0003007
207.691288206,-31.445567876,-0.,212.163147532,-31.471918567,-0., 0000379P0003008
216.72287145,-31.50088473,-0.,221.385346654,-31.53193332,-0.,    0000379P0003009
226.161826708,-31.564388712,-0.,231.151437984,-31.598033171,-0., 0000379P0003010
236.316119405,-31.631509484,-0.,241.643459114,-31.663470068,-0., 0000379P0003011
247.119826158,-31.69246198,-0.,252.73523927,-31.717044667,-0.,   0000379P0003012
258.487879393,-31.735845033,-0.,264.359023065,-31.747650018,-0., 0000379P0003013
270.407340211,-31.751417296,-0.,276.380476354,-31.746570841,-0., 0000379P0003014
282.221295155,-31.733901065,-0.,287.942154543,-31.71438272,-0.,  0000379P0003015
293.533368181,-31.689243696,-0.,298.987373165,-31.659856886,-0., 0000379P0003016
304.2921035,-31.627673019,-0.,309.431198942,-31.594149764,-0.,   0000379P0003017
314.386936587,-31.560654543,-0.,319.124649678,-31.528492566,-0., 0000379P0003018
323.758306352,-31.497751245,-0.,328.28951993,-31.469150089,-0.,  0000379P0003019
332.73544235,-31.443187665,-0.,337.108041911,-31.420296338,-0.,  0000379P0003020
341.41993791,-31.400815508,-0.,345.683079977,-31.385012393,-0.,  0000379P0003021
349.909309901,-31.373088653,-0.,354.110437277,-31.365189574,-0., 0000379P0003022
358.298307925,-31.361409448,-0.,362.485344707,-31.361800774,-0., 0000379P0003023
366.674551417,-31.366357026,-0.,370.879515918,-31.375018077,-0., 0000379P0003024
375.111732875,-31.387680575,-0.,379.383103702,-31.404189285,-0., 0000379P0003025
383.705448189,-31.424330928,-0.,388.090856268,-31.447825705,-0., 0000379P0003026
392.551712173,-31.474316981,-0.,397.10126257,-31.503363182,-0.,  0000379P0003027
401.752456421,-31.53441634,-0.,406.523350415,-31.566846637,-0.,  0000379P0003028
411.506722326,-31.600390551,-0.,416.661732012,-31.633670294,-0., 0000379P0003029
421.977187579,-31.665355654,-0.,425.619281043,-31.684455032,-0., 0000379P0003030
427.462889736,-31.693263673,-0.,0.,0.896532268,-0.,-0.,1.;       0000379P0003031
510,383,13,1,391,445,449,453,457,461,465,469,473,479,483,487,    0000381P0003032
491;                                                             0000381P0003033
192,385,387,25.7,389;                                            0000383P0003034
116,-180.068265406,-4.475859753E-16,5.775042675,0;               0000385P0003035
123,-0.446197813,-0.,-0.894934362;                               0000387P0003036
123,0.894934362,0.,-0.446197813;                                 0000389P0003037
508,26,0,17,41,0,1,0,393,0,17,42,0,1,0,395,0,17,43,1,1,0,397,0,  0000391P0003038
17,44,1,1,0,399,0,17,45,0,1,0,401,0,17,46,0,1,0,403,0,17,47,1,1, 0000391P0003039
0,405,0,17,48,1,1,0,407,0,17,49,0,1,0,409,0,17,50,0,1,0,411,0,   0000391P0003040
17,51,1,1,0,413,0,17,52,1,1,0,415,0,17,53,1,1,0,417,0,17,54,0,1, 0000391P0003041
0,419,0,17,55,1,1,0,421,0,17,56,0,1,0,423,0,17,57,1,1,0,425,0,   0000391P0003042
17,58,0,1,0,427,0,17,57,0,1,0,429,0,17,59,0,1,0,431,0,17,60,0,1, 0000391P0003043
0,433,0,17,55,0,1,0,435,0,17,61,0,1,0,437,0,17,62,0,1,0,439,0,   0000391P0003044
17,53,0,1,0,441,0,17,63,1,1,0,443;                               0000391P0003045
110,282.357322581,0.,-0.,282.357322581,-14.,-0.;                 0000393P0003046
110,282.357322581,-14.,-0.,257.642677419,-14.,-0.;               0000395P0003047
110,257.642677419,-14.,0.,257.642677419,0.,0.;                   0000397P0003048
110,257.642677419,0.,0.,162.357322581,0.,0.;                     0000399P0003049
110,162.357322581,0.,-0.,162.357322581,-14.,-0.;                 0000401P0003050
110,162.357322581,-14.,-0.,137.642677419,-14.,-0.;               0000403P0003051
110,137.642677419,-14.,0.,137.642677419,0.,0.;                   0000405P0003052
110,137.642677419,0.,0.,42.357322581,0.,0.;                      0000407P0003053
110,42.357322581,0.,-0.,42.357322581,-14.,-0.;                   0000409P0003054
110,42.357322581,-14.,-0.,17.642677419,-14.,-0.;                 0000411P0003055
110,17.642677419,-14.,0.,17.642677419,0.,0.;                     0000413P0003056
110,17.642677419,0.,0.,0.,0.,0.;                                 0000415P0003057
110,-2.37142157E-11,0.,0.,-2.37142157E-11,-42.05,0.;             0000417P0003058
126,41,6,1,0,1,0,0.,0.,0.,0.,0.,0.,0.,9.318981139E-02,           0000419P0003059
9.318981139E-02,9.318981139E-02,9.318981139E-02,9.318981139E-02, 0000419P0003060
0.23126885,0.23126885,0.23126885,0.23126885,0.23126885,          0000419P0003061
0.350084785,0.350084785,0.350084785,0.350084785,0.350084785,     0000419P0003062
0.499998961,0.499998961,0.499998961,0.499998961,0.499998961,     0000419P0003063
0.649912894,0.649912894,0.649912894,0.649912894,0.649912894,     0000419P0003064
0.768728982,0.768728982,0.768728982,0.768728982,0.768728982,     0000419P0003065
0.906808188,0.906808188,0.906808188,0.906808188,0.906808188,1.,  0000419P0003066
1.,1.,1.,1.,1.,1.,1.,1.,1.,1.,1.,1.,1.,1.,1.,1.,1.,1.,1.,1.,1.,  0000419P0003067
1.,1.,1.,1.,1.,1.,1.,1.,1.,1.,1.,1.,1.,1.,1.,1.,1.,1.,1.,1.,1.,  0000419P0003068
1.,1.,1.,1.,1.,1.,-2.37142157E-11,-42.05,0.,0.655527171,-42.05,  0000419P0003069
-0.,1.309607049,-42.07095946,-0.,1.955344091,-42.112704301,-0.,  0000419P0003070
2.585962856,-42.174226367,-0.,3.195097414,-42.253707357,-0.,     0000419P0003071
4.63950571,-42.489007372,-0.,5.442407268,-42.66316134,-0.,       0000419P0003072
6.182227349,-42.86485165,-0.,6.857252155,-43.088698585,-0.,      0000419P0003073
7.467201729,-43.329899818,-0.,8.482489656,-43.802853819,-0.,     0000419P0003074
8.905822032,-44.031844403,-0.,9.284252422,-44.269023667,-0.,     0000419P0003075
9.619143211,-44.512796185,-0.,9.91173163,-44.76191922,-0.,       0000419P0003076
10.480003397,-45.33521156,-0.,10.731213693,-45.661951666,-0.,    0000419P0003077
10.918389661,-45.993431014,-0.,11.042758627,-46.32792044,-0.,    0000419P0003078
11.104965209,-46.663930004,-0.,11.104965209,-47.336069449,-0.,   0000419P0003079
11.042758839,-47.672078286,-0.,10.918390369,-48.006567937,-0.,   0000419P0003080
10.73121407,-48.338048369,-0.,10.480002495,-48.66478935,-0.,     0000419P0003081
9.911731612,-49.238080797,-0.,9.61914325,-49.487203788,-0.,      0000419P0003082
9.284252415,-49.730976332,-0.,8.905821989,-49.968155624,-0.,     0000419P0003083
8.482489689,-50.197146166,-0.,7.467201729,-50.670100182,-0.,     0000419P0003084
6.857252155,-50.911301415,-0.,6.182227349,-51.13514835,-0.,      0000419P0003085
5.442407268,-51.33683866,-0.,4.63950571,-51.510992628,-0.,       0000419P0003086
3.195085627,-51.746294563,-0.,2.585955874,-51.825773968,-0.,     0000419P0003087
1.95535145,-51.887294256,-0.,1.30962847,-51.929039045,-0.,       0000419P0003088
0.655550545,-51.95,-0.,-2.37142157E-11,-51.95,0.,0.,1.,-0.,-0.,  0000419P0003089
1.;                                                              0000419P0003090
110,-2.37142157E-11,-51.95,0.,-2.37142157E-11,-63.05,0.;         0000421P0003091
126,41,6,1,0,1,0,0.,0.,0.,0.,0.,0.,0.,9.318981132E-02,           0000423P0003092
9.318981132E-02,9.318981132E-02,9.318981132E-02,9.318981132E-02, 0000423P0003093
0.23126885,0.23126885,0.23126885,0.23126885,0.23126885,          0000423P0003094
0.350084793,0.350084793,0.350084793,0.350084793,0.350084793,     0000423P0003095
0.499998969,0.499998969,0.499998969,0.499998969,0.499998969,     0000423P0003096
0.649912902,0.649912902,0.649912902,0.649912902,0.649912902,     0000423P0003097
0.768728982,0.768728982,0.768728982,0.768728982,0.768728982,     0000423P0003098
0.906808188,0.906808188,0.906808188,0.906808188,0.906808188,1.,  0000423P0003099
1.,1.,1.,1.,1.,1.,1.,1.,1.,1.,1.,1.,1.,1.,1.,1.,1.,1.,1.,1.,1.,  0000423P0003100
1.,1.,1.,1.,1.,1.,1.,1.,1.,1.,1.,1.,1.,1.,1.,1.,1.,1.,1.,1.,1.,  0000423P0003101
1.,1.,1.,1.,1.,1.,-2.37142157E-11,-63.05,0.,0.655527171,-63.05,  0000423P0003102
-0.,1.309607049,-63.07095946,-0.,1.955344091,-63.112704301,-0.,  0000423P0003103
2.585962856,-63.174226367,-0.,3.195097414,-63.253707357,-0.,     0000423P0003104
4.63950571,-63.489007372,-0.,5.442407268,-63.66316134,-0.,       0000423P0003105
6.182227349,-63.86485165,-0.,6.857252155,-64.088698585,-0.,      0000423P0003106
7.467201729,-64.329899818,-0.,8.482489689,-64.802853834,-0.,     0000423P0003107
8.905821989,-65.031844376,-0.,9.284252415,-65.269023668,-0.,     0000423P0003108
9.61914325,-65.512796212,-0.,9.911731612,-65.761919203,-0.,      0000423P0003109
10.480003397,-66.33521156,-0.,10.731213693,-66.661951666,-0.,    0000423P0003110
10.918389661,-66.993431014,-0.,11.042758627,-67.32792044,-0.,    0000423P0003111
11.104965209,-67.663930004,-0.,11.104965209,-68.336069449,-0.,   0000423P0003112
11.042758839,-68.672078286,-0.,10.918390369,-69.006567937,-0.,   0000423P0003113
10.73121407,-69.338048369,-0.,10.480002495,-69.66478935,-0.,     0000423P0003114
9.91173163,-70.23808078,-0.,9.619143211,-70.487203815,-0.,       0000423P0003115
9.284252422,-70.730976333,-0.,8.905822032,-70.968155597,-0.,     0000423P0003116
8.482489656,-71.197146181,-0.,7.467201729,-71.670100182,-0.,     0000423P0003117
6.857252155,-71.911301415,-0.,6.182227349,-72.13514835,-0.,      0000423P0003118
5.442407268,-72.33683866,-0.,4.63950571,-72.510992628,-0.,       0000423P0003119
3.195085627,-72.746294563,-0.,2.585955874,-72.825773968,-0.,     0000423P0003120
1.95535145,-72.887294256,-0.,1.30962847,-72.929039045,-0.,       0000423P0003121
0.655550545,-72.95,-0.,-2.37142157E-11,-72.95,0.,0.,1.,-0.,-0.,  0000423P0003122
1.;                                                              0000423P0003123
110,-2.37142157E-11,-72.95,0.,-2.37142157E-11,-153.,0.;          0000425P0003124
110,0.,-153.,0.,360.,-153.,0.;                                   0000427P0003125
110,360.,-153.,-0.,360.,-72.95,-0.;                              0000429P0003126
126,19,7,1,0,1,0,0.,0.,0.,0.,0.,0.,0.,0.,0.186426812,            0000431P0003127
0.186426812,0.186426812,0.186426812,0.186426812,0.186426812,     0000431P0003128
0.462654809,0.462654809,0.462654809,0.462654809,0.462654809,     0000431P0003129
0.462654809,1.,1.,1.,1.,1.,1.,1.,1.,1.,1.,1.,1.,1.,1.,1.,1.,1.,  0000431P0003130
1.,1.,1.,1.,1.,1.,1.,1.,1.,1.,1.,360.,-72.95,-0.,359.438119568,  0000431P0003131
-72.95,-0.,358.877272916,-72.935028957,-0.,358.321400355,        0000431P0003132
-72.905186345,-0.,357.774390724,-72.860929099,-0.,357.239998699, 0000431P0003133
-72.803064779,-0.,356.721756229,-72.732747761,-0.,355.483691975, 0000431P0003134
-72.531062034,-0.,354.786993177,-72.386596937,-0.,354.1348384,   0000431P0003135
-72.221587054,-0.,353.528476305,-72.039213949,-0.,352.968476538, 0000431P0003136
-71.842386777,-0.,352.454839797,-71.6337846,-0.,351.077175154,   0000431P0003137
-70.992023788,-0.,350.335489653,-70.530477991,-0.,349.75355,     0000431P0003138
-70.044755367,-0.,349.323094628,-69.54342002,-0.,349.038011916,  0000431P0003139
-69.032586176,-0.,348.895034791,-68.516728916,-0.,348.895034791, 0000431P0003140
-68.,-0.,0.,1.,-0.,-0.,1.;                                       0000431P0003141
126,19,7,1,0,1,0,0.,0.,0.,0.,0.,0.,0.,0.,0.537340359,            0000433P0003142
0.537340359,0.537340359,0.537340359,0.537340359,0.537340359,     0000433P0003143
0.813568987,0.813568987,0.813568987,0.813568987,0.813568987,     0000433P0003144
0.813568987,1.,1.,1.,1.,1.,1.,1.,1.,1.,1.,1.,1.,1.,1.,1.,1.,1.,  0000433P0003145
1.,1.,1.,1.,1.,1.,1.,1.,1.,1.,1.,348.895034791,-68.,-0.,         0000433P0003146
348.895034791,-67.4832699,-0.,349.038012558,-66.967416584,-0.,   0000433P0003147
349.323091557,-66.456584856,-0.,349.753544883,-65.955247673,-0., 0000433P0003148
350.335489048,-65.46951968,-0.,351.077185412,-65.007971433,-0.,  0000433P0003149
352.454839798,-64.3662154,-0.,352.968476538,-64.157613223,-0.,   0000433P0003150
353.528476305,-63.960786051,-0.,354.1348384,-63.778412946,-0.,   0000433P0003151
354.786993177,-63.613403063,-0.,355.483691975,-63.468937966,-0., 0000433P0003152
356.721766332,-63.267250593,-0.,357.240007054,-63.196934433,-0., 0000433P0003153
357.774389511,-63.139071582,-0.,358.32138697,-63.09481512,-0.,   0000433P0003154
358.877250937,-63.064972111,-0.,359.438099533,-63.05,-0.,360.,   0000433P0003155
-63.05,-0.,0.,1.,-0.,-0.,1.;                                     0000433P0003156
110,360.,-63.05,-0.,360.,-51.95,-0.;                             0000435P0003157
126,19,7,1,0,1,0,0.,0.,0.,0.,0.,0.,0.,0.,0.186426812,            0000437P0003158
0.186426812,0.186426812,0.186426812,0.186426812,0.186426812,     0000437P0003159
0.462654809,0.462654809,0.462654809,0.462654809,0.462654809,     0000437P0003160
0.462654809,1.,1.,1.,1.,1.,1.,1.,1.,1.,1.,1.,1.,1.,1.,1.,1.,1.,  0000437P0003161
1.,1.,1.,1.,1.,1.,1.,1.,1.,1.,1.,360.,-51.95,-0.,359.438119568,  0000437P0003162
-51.95,-0.,358.877272916,-51.935028957,-0.,358.321400355,        0000437P0003163
-51.905186345,-0.,357.774390724,-51.860929099,-0.,357.239998699, 0000437P0003164
-51.803064779,-0.,356.721756229,-51.732747761,-0.,355.483691975, 0000437P0003165
-51.531062034,-0.,354.786993177,-51.386596937,-0.,354.1348384,   0000437P0003166
-51.221587054,-0.,353.528476305,-51.039213949,-0.,352.968476538, 0000437P0003167
-50.842386777,-0.,352.454839798,-50.6337846,-0.,351.077175154,   0000437P0003168
-49.992023788,-0.,350.335489653,-49.530477991,-0.,349.75355,     0000437P0003169
-49.044755367,-0.,349.323094628,-48.54342002,-0.,349.038011916,  0000437P0003170
-48.032586176,-0.,348.895034791,-47.516728916,-0.,348.895034791, 0000437P0003171
-47.,-0.,0.,1.,-0.,-0.,1.;                                       0000437P0003172
126,19,7,1,0,1,0,0.,0.,0.,0.,0.,0.,0.,0.,0.537340356,            0000439P0003173
0.537340356,0.537340356,0.537340356,0.537340356,0.537340356,     0000439P0003174
0.813568986,0.813568986,0.813568986,0.813568986,0.813568986,     0000439P0003175
0.813568986,1.,1.,1.,1.,1.,1.,1.,1.,1.,1.,1.,1.,1.,1.,1.,1.,1.,  0000439P0003176
1.,1.,1.,1.,1.,1.,1.,1.,1.,1.,1.,348.895034791,-47.,-0.,         0000439P0003177
348.895034791,-46.483269905,-0.,349.038012568,-45.967416563,-0., 0000439P0003178
349.323091526,-45.456584893,-0.,349.753544926,-44.955247635,-0., 0000439P0003179
350.335489017,-44.4695197,-0.,351.077185423,-44.007971428,-0.,   0000439P0003180
352.454839797,-43.3662154,-0.,352.968476538,-43.157613223,-0.,   0000439P0003181
353.528476305,-42.960786051,-0.,354.1348384,-42.778412946,-0.,   0000439P0003182
354.786993177,-42.613403063,-0.,355.483691975,-42.468937966,-0., 0000439P0003183
356.721766332,-42.267250593,-0.,357.240007054,-42.196934433,-0., 0000439P0003184
357.774389511,-42.139071582,-0.,358.32138697,-42.09481512,-0.,   0000439P0003185
358.877250937,-42.064972111,-0.,359.438099532,-42.05,-0.,360.,   0000439P0003186
-42.05,-0.,0.,1.,-0.,-0.,1.;                                     0000439P0003187
110,360.,-42.05,0.,360.,0.,0.;                                   0000441P0003188
110,360.,0.,0.,282.357322581,0.,0.;                              0000443P0003189
508,1,0,17,64,1,1,0,447;                                         0000445P0003190
126,49,7,1,1,1,1,-0.134521037,0.,0.,0.,0.,0.,0.,0.,0.135659378,  0000447P0003191
0.135659378,0.135659378,0.135659378,0.135659378,0.135659378,     0000447P0003192
0.25299596,0.25299596,0.25299596,0.25299596,0.25299596,          0000447P0003193
0.25299596,0.365964289,0.365964289,0.365964289,0.365964289,      0000447P0003194
0.365964289,0.365964289,0.501053272,0.501053272,0.501053272,     0000447P0003195
0.501053272,0.501053272,0.501053272,0.636142307,0.636142307,     0000447P0003196
0.636142307,0.636142307,0.636142307,0.636142307,0.752985579,     0000447P0003197
0.752985579,0.752985579,0.752985579,0.752985579,0.752985579,     0000447P0003198
0.865478963,0.865478963,0.865478963,0.865478963,0.865478963,     0000447P0003199
0.865478963,1.,1.,1.,1.,1.,1.,1.,1.135659378,1.,1.,1.,1.,1.,1.,  0000447P0003200
1.,1.,1.,1.,1.,1.,1.,1.,1.,1.,1.,1.,1.,1.,1.,1.,1.,1.,1.,1.,1.,  0000447P0003201
1.,1.,1.,1.,1.,1.,1.,1.,1.,1.,1.,1.,1.,1.,1.,1.,1.,1.,1.,1.,1.,  0000447P0003202
1.,1.,281.104965209,-115.,-0.,281.104965209,-115.51672777,-0.,   0000447P0003203
280.961988705,-116.032583511,-0.,280.6769077,-116.543415829,-0., 0000447P0003204
280.246454616,-117.044750536,-0.,279.664516755,-117.530473548,   0000447P0003205
-0.,278.922830531,-117.99202114,-0.,277.225889581,               0000447P0003206
-118.782511196,-0.,276.288773875,-119.132235604,-0.,275.2046019, 0000447P0003207
-119.442713683,-0.,273.98846375,-119.694531004,-0.,              0000447P0003208
272.664944429,-119.871264738,-0.,271.264619935,-119.959624119,   0000447P0003209
-0.,268.438797758,-119.939511231,-0.,267.099340177,              0000447P0003210
-119.838836271,-0.,265.838218437,-119.657896558,-0.,             0000447P0003211
264.680681612,-119.4092853,-0.,263.646614136,-119.107801251,-0., 0000447P0003212
262.748000965,-118.770348566,-0.,261.077180571,-117.992026312,   0000447P0003213
-0.,260.335481468,-117.530475549,-0.,259.753538976,              0000447P0003214
-117.04474632,-0.,259.323087673,-116.543409391,-0.,259.03801116, 0000447P0003215
-116.032578652,-0.,258.895034791,-115.516727576,-0.,             0000447P0003216
258.895034791,-114.483272224,-0.,259.038011285,-113.96741651,    0000447P0003217
-0.,259.32309233,-113.456584133,-0.,259.753545341,               0000447P0003218
-112.955249501,-0.,260.335483276,-112.469526432,-0.,             0000447P0003219
261.077169459,-112.007978865,-0.,262.774110418,-111.217488804,   0000447P0003220
-0.,263.711226125,-110.867764396,-0.,264.795398101,              0000447P0003221
-110.557286317,-0.,266.01153625,-110.305468996,-0.,              0000447P0003222
267.335055571,-110.128735262,-0.,268.735380065,-110.040375881,   0000447P0003223
-0.,271.561202242,-110.060488768,-0.,272.900659822,              0000447P0003224
-110.161163729,-0.,274.161781563,-110.342103442,-0.,             0000447P0003225
275.319318388,-110.590714699,-0.,276.353385864,-110.892198749,   0000447P0003226
-0.,277.251999035,-111.229651433,-0.,278.922819429,              0000447P0003227
-112.007973688,-0.,279.664518532,-112.469524451,-0.,             0000447P0003228
280.246461024,-112.95525368,-0.,280.676912327,-113.456590608,    0000447P0003229
-0.,280.96198884,-113.967421348,-0.,281.104965209,               0000447P0003230
-114.483272424,-0.,281.104965209,-115.,-0.,0.,1.,-0.,-0.,1.;     0000447P0003231
508,1,0,17,65,1,1,0,451;                                         0000449P0003232
126,49,7,1,1,1,1,-0.134521037,0.,0.,0.,0.,0.,0.,0.,0.135659379,  0000451P0003233
0.135659379,0.135659379,0.135659379,0.135659379,0.135659379,     0000451P0003234
0.252995961,0.252995961,0.252995961,0.252995961,0.252995961,     0000451P0003235
0.252995961,0.36596429,0.36596429,0.36596429,0.36596429,         0000451P0003236
0.36596429,0.36596429,0.501053273,0.501053273,0.501053273,       0000451P0003237
0.501053273,0.501053273,0.501053273,0.636142307,0.636142307,     0000451P0003238
0.636142307,0.636142307,0.636142307,0.636142307,0.752985579,     0000451P0003239
0.752985579,0.752985579,0.752985579,0.752985579,0.752985579,     0000451P0003240
0.865478963,0.865478963,0.865478963,0.865478963,0.865478963,     0000451P0003241
0.865478963,1.,1.,1.,1.,1.,1.,1.,1.135659379,1.,1.,1.,1.,1.,1.,  0000451P0003242
1.,1.,1.,1.,1.,1.,1.,1.,1.,1.,1.,1.,1.,1.,1.,1.,1.,1.,1.,1.,1.,  0000451P0003243
1.,1.,1.,1.,1.,1.,1.,1.,1.,1.,1.,1.,1.,1.,1.,1.,1.,1.,1.,1.,1.,  0000451P0003244
1.,1.,281.104965209,-93.3,-0.,281.104965209,-93.816727776,-0.,   0000451P0003245
280.961988715,-94.33258349,-0.,280.67690767,-94.843415867,-0.,   0000451P0003246
280.246454659,-95.344750499,-0.,279.664516724,-95.830473568,-0., 0000451P0003247
278.922830541,-96.292021135,-0.,277.225889582,-97.082511195,-0., 0000451P0003248
276.288773875,-97.432235604,-0.,275.204601899,-97.742713683,-0., 0000451P0003249
273.98846375,-97.994531004,-0.,272.664944429,-98.171264738,-0.,  0000451P0003250
271.264619935,-98.259624119,-0.,268.438797758,-98.239511231,-0., 0000451P0003251
267.099340177,-98.138836271,-0.,265.838218437,-97.957896558,-0., 0000451P0003252
264.680681612,-97.7092853,-0.,263.646614136,-97.407801251,-0.,   0000451P0003253
262.748000965,-97.070348566,-0.,261.077180571,-96.292026312,-0., 0000451P0003254
260.335481468,-95.830475549,-0.,259.753538976,-95.34474632,-0.,  0000451P0003255
259.323087673,-94.843409391,-0.,259.03801116,-94.332578652,-0.,  0000451P0003256
258.895034791,-93.816727576,-0.,258.895034791,-92.78327223,-0.,  0000451P0003257
259.038011295,-92.267416489,-0.,259.3230923,-91.756584171,-0.,   0000451P0003258
259.753545384,-91.255249464,-0.,260.335483245,-90.769526452,-0., 0000451P0003259
261.077169469,-90.30797886,-0.,262.774110418,-89.517488805,-0.,  0000451P0003260
263.711226125,-89.167764396,-0.,264.795398101,-88.857286317,-0., 0000451P0003261
266.01153625,-88.605468996,-0.,267.335055571,-88.428735262,-0.,  0000451P0003262
268.735380065,-88.340375881,-0.,271.561202242,-88.360488769,-0., 0000451P0003263
272.900659822,-88.461163729,-0.,274.161781563,-88.642103442,-0., 0000451P0003264
275.319318388,-88.8907147,-0.,276.353385864,-89.192198749,-0.,   0000451P0003265
277.251999035,-89.529651434,-0.,278.922819429,-90.307973688,-0., 0000451P0003266
279.664518532,-90.769524451,-0.,280.246461024,-91.25525368,-0.,  0000451P0003267
280.676912327,-91.756590609,-0.,280.96198884,-92.267421348,-0.,  0000451P0003268
281.104965209,-92.783272424,-0.,281.104965209,-93.3,-0.,0.,1.,   0000451P0003269
-0.,-0.,1.;                                                      0000451P0003270
508,1,0,17,66,1,1,0,455;                                         0000453P0003271
126,49,7,1,1,1,1,-0.134521037,0.,0.,0.,0.,0.,0.,0.,0.135659379,  0000455P0003272
0.135659379,0.135659379,0.135659379,0.135659379,0.135659379,     0000455P0003273
0.252995961,0.252995961,0.252995961,0.252995961,0.252995961,     0000455P0003274
0.252995961,0.36596429,0.36596429,0.36596429,0.36596429,         0000455P0003275
0.36596429,0.36596429,0.501053273,0.501053273,0.501053273,       0000455P0003276
0.501053273,0.501053273,0.501053273,0.636142307,0.636142307,     0000455P0003277
0.636142307,0.636142307,0.636142307,0.636142307,0.752985579,     0000455P0003278
0.752985579,0.752985579,0.752985579,0.752985579,0.752985579,     0000455P0003279
0.865478963,0.865478963,0.865478963,0.865478963,0.865478963,     0000455P0003280
0.865478963,1.,1.,1.,1.,1.,1.,1.,1.135659379,1.,1.,1.,1.,1.,1.,  0000455P0003281
1.,1.,1.,1.,1.,1.,1.,1.,1.,1.,1.,1.,1.,1.,1.,1.,1.,1.,1.,1.,1.,  0000455P0003282
1.,1.,1.,1.,1.,1.,1.,1.,1.,1.,1.,1.,1.,1.,1.,1.,1.,1.,1.,1.,1.,  0000455P0003283
1.,1.,281.104965209,-71.6,-0.,281.104965209,-72.116727776,-0.,   0000455P0003284
280.961988715,-72.63258349,-0.,280.67690767,-73.143415867,-0.,   0000455P0003285
280.246454659,-73.644750499,-0.,279.664516724,-74.130473568,-0., 0000455P0003286
278.922830541,-74.592021135,-0.,277.225889582,-75.382511195,-0., 0000455P0003287
276.288773875,-75.732235604,-0.,275.204601899,-76.042713683,-0., 0000455P0003288
273.98846375,-76.294531004,-0.,272.664944429,-76.471264738,-0.,  0000455P0003289
271.264619935,-76.559624119,-0.,268.438797758,-76.539511231,-0., 0000455P0003290
267.099340177,-76.438836271,-0.,265.838218437,-76.257896558,-0., 0000455P0003291
264.680681612,-76.0092853,-0.,263.646614136,-75.707801251,-0.,   0000455P0003292
262.748000965,-75.370348566,-0.,261.077180571,-74.592026312,-0., 0000455P0003293
260.335481468,-74.130475549,-0.,259.753538976,-73.64474632,-0.,  0000455P0003294
259.323087673,-73.143409391,-0.,259.03801116,-72.632578652,-0.,  0000455P0003295
258.895034791,-72.116727576,-0.,258.895034791,-71.08327223,-0.,  0000455P0003296
259.038011295,-70.567416489,-0.,259.3230923,-70.056584171,-0.,   0000455P0003297
259.753545384,-69.555249464,-0.,260.335483245,-69.069526452,-0., 0000455P0003298
261.077169469,-68.60797886,-0.,262.774110419,-67.817488804,-0.,  0000455P0003299
263.711226125,-67.467764396,-0.,264.7953981,-67.157286317,-0.,   0000455P0003300
266.01153625,-66.905468996,-0.,267.335055571,-66.728735262,-0.,  0000455P0003301
268.735380065,-66.640375881,-0.,271.561202242,-66.660488769,-0., 0000455P0003302
272.900659822,-66.761163729,-0.,274.161781563,-66.942103442,-0., 0000455P0003303
275.319318388,-67.1907147,-0.,276.353385864,-67.492198749,-0.,   0000455P0003304
277.251999035,-67.829651434,-0.,278.922819429,-68.607973688,-0., 0000455P0003305
279.664518532,-69.069524451,-0.,280.246461024,-69.55525368,-0.,  0000455P0003306
280.676912327,-70.056590609,-0.,280.96198884,-70.567421348,-0.,  0000455P0003307
281.104965209,-71.083272424,-0.,281.104965209,-71.6,-0.,0.,1.,   0000455P0003308
-0.,-0.,1.;                                                      0000455P0003309
508,1,0,17,67,0,1,0,459;                                         0000457P0003310
126,49,7,1,1,1,1,-0.135659378,0.,0.,0.,0.,0.,0.,0.,0.134521036,  0000459P0003311
0.134521036,0.134521036,0.134521036,0.134521036,0.134521036,     0000459P0003312
0.247014421,0.247014421,0.247014421,0.247014421,0.247014421,     0000459P0003313
0.247014421,0.363857692,0.363857692,0.363857692,0.363857692,     0000459P0003314
0.363857692,0.363857692,0.498946727,0.498946727,0.498946727,     0000459P0003315
0.498946727,0.498946727,0.498946727,0.63403571,0.63403571,       0000459P0003316
0.63403571,0.63403571,0.63403571,0.63403571,0.74700404,          0000459P0003317
0.74700404,0.74700404,0.74700404,0.74700404,0.74700404,          0000459P0003318
0.864340622,0.864340622,0.864340622,0.864340622,0.864340622,     0000459P0003319
0.864340622,1.,1.,1.,1.,1.,1.,1.,1.134521036,1.,1.,1.,1.,1.,1.,  0000459P0003320
1.,1.,1.,1.,1.,1.,1.,1.,1.,1.,1.,1.,1.,1.,1.,1.,1.,1.,1.,1.,1.,  0000459P0003321
1.,1.,1.,1.,1.,1.,1.,1.,1.,1.,1.,1.,1.,1.,1.,1.,1.,1.,1.,1.,1.,  0000459P0003322
1.,1.,78.895034791,-115.,-0.,78.895034791,-114.483272429,-0.,    0000459P0003323
79.038011169,-113.967421327,-0.,79.323087642,-113.456590646,-0., 0000459P0003324
79.75353902,-112.955253642,-0.,80.335481436,-112.469524471,-0.,  0000459P0003325
81.077180582,-112.007973683,-0.,82.748000965,-111.229651433,-0., 0000459P0003326
83.646614136,-110.892198749,-0.,84.680681612,-110.590714699,-0., 0000459P0003327
85.838218437,-110.342103442,-0.,87.099340178,-110.161163729,-0., 0000459P0003328
88.438797758,-110.060488768,-0.,91.264619935,-110.040375881,-0., 0000459P0003329
92.664944429,-110.128735262,-0.,93.98846375,-110.305468996,-0.,  0000459P0003330
95.2046019,-110.557286317,-0.,96.288773875,-110.867764396,-0.,   0000459P0003331
97.225889581,-111.217488804,-0.,98.922830531,-112.00797886,-0.,  0000459P0003332
99.664516755,-112.469526452,-0.,100.246454616,-112.955249464,    0000459P0003333
-0.,100.6769077,-113.456584171,-0.,100.961988705,-113.967416489, 0000459P0003334
-0.,101.104965209,-114.48327223,-0.,101.104965209,               0000459P0003335
-115.516727576,-0.,100.96198884,-116.032578652,-0.,              0000459P0003336
100.676912327,-116.543409391,-0.,100.246461024,-117.04474632,    0000459P0003337
-0.,99.664518532,-117.530475549,-0.,98.922819429,-117.992026312, 0000459P0003338
-0.,97.251999035,-118.770348566,-0.,96.353385864,-119.107801251, 0000459P0003339
-0.,95.319318388,-119.4092853,-0.,94.161781563,-119.657896558,   0000459P0003340
-0.,92.900659822,-119.838836271,-0.,91.561202242,-119.939511231, 0000459P0003341
-0.,88.735380065,-119.959624119,-0.,87.335055571,-119.871264738, 0000459P0003342
-0.,86.01153625,-119.694531004,-0.,84.795398101,-119.442713683,  0000459P0003343
-0.,83.711226125,-119.132235604,-0.,82.774110418,-118.782511195, 0000459P0003344
-0.,81.077169469,-117.99202114,-0.,80.335483245,-117.530473548,  0000459P0003345
-0.,79.753545384,-117.044750536,-0.,79.3230923,-116.543415829,   0000459P0003346
-0.,79.038011295,-116.032583511,-0.,78.895034791,-115.51672777,  0000459P0003347
-0.,78.895034791,-115.,-0.,0.,1.,-0.,-0.,1.;                     0000459P0003348
508,1,0,17,68,0,1,0,463;                                         0000461P0003349
126,49,7,1,1,1,1,-0.135659379,0.,0.,0.,0.,0.,0.,0.,0.134521037,  0000463P0003350
0.134521037,0.134521037,0.134521037,0.134521037,0.134521037,     0000463P0003351
0.247014421,0.247014421,0.247014421,0.247014421,0.247014421,     0000463P0003352
0.247014421,0.363857692,0.363857692,0.363857692,0.363857692,     0000463P0003353
0.363857692,0.363857692,0.498946727,0.498946727,0.498946727,     0000463P0003354
0.498946727,0.498946727,0.498946727,0.63403571,0.63403571,       0000463P0003355
0.63403571,0.63403571,0.63403571,0.63403571,0.747004039,         0000463P0003356
0.747004039,0.747004039,0.747004039,0.747004039,0.747004039,     0000463P0003357
0.864340621,0.864340621,0.864340621,0.864340621,0.864340621,     0000463P0003358
0.864340621,1.,1.,1.,1.,1.,1.,1.,1.134521037,1.,1.,1.,1.,1.,1.,  0000463P0003359
1.,1.,1.,1.,1.,1.,1.,1.,1.,1.,1.,1.,1.,1.,1.,1.,1.,1.,1.,1.,1.,  0000463P0003360
1.,1.,1.,1.,1.,1.,1.,1.,1.,1.,1.,1.,1.,1.,1.,1.,1.,1.,1.,1.,1.,  0000463P0003361
1.,1.,78.895034791,-93.3,-0.,78.895034791,-92.783272424,-0.,     0000463P0003362
79.03801116,-92.267421348,-0.,79.323087673,-91.756590609,-0.,    0000463P0003363
79.753538976,-91.25525368,-0.,80.335481468,-90.769524451,-0.,    0000463P0003364
81.077180571,-90.307973688,-0.,82.748000965,-89.529651434,-0.,   0000463P0003365
83.646614136,-89.192198749,-0.,84.680681611,-88.8907147,-0.,     0000463P0003366
85.838218437,-88.642103442,-0.,87.099340178,-88.461163729,-0.,   0000463P0003367
88.438797758,-88.360488769,-0.,91.264619935,-88.340375881,-0.,   0000463P0003368
92.664944429,-88.428735262,-0.,93.98846375,-88.605468996,-0.,    0000463P0003369
95.204601899,-88.857286317,-0.,96.288773875,-89.167764396,-0.,   0000463P0003370
97.225889581,-89.517488804,-0.,98.922830541,-90.307978865,-0.,   0000463P0003371
99.664516724,-90.769526432,-0.,100.246454659,-91.255249501,-0.,  0000463P0003372
100.67690767,-91.756584133,-0.,100.961988715,-92.26741651,-0.,   0000463P0003373
101.104965209,-92.783272224,-0.,101.104965209,-93.816727576,-0., 0000463P0003374
100.96198884,-94.332578652,-0.,100.676912327,-94.843409391,-0.,  0000463P0003375
100.246461024,-95.34474632,-0.,99.664518532,-95.830475549,-0.,   0000463P0003376
98.922819429,-96.292026312,-0.,97.251999035,-97.070348566,-0.,   0000463P0003377
96.353385864,-97.407801251,-0.,95.319318388,-97.7092853,-0.,     0000463P0003378
94.161781563,-97.957896558,-0.,92.900659823,-98.138836271,-0.,   0000463P0003379
91.561202242,-98.239511231,-0.,88.735380065,-98.259624119,-0.,   0000463P0003380
87.335055571,-98.171264738,-0.,86.01153625,-97.994531004,-0.,    0000463P0003381
84.795398101,-97.742713683,-0.,83.711226125,-97.432235604,-0.,   0000463P0003382
82.774110418,-97.082511195,-0.,81.077169459,-96.292021135,-0.,   0000463P0003383
80.335483276,-95.830473568,-0.,79.753545341,-95.344750499,-0.,   0000463P0003384
79.32309233,-94.843415867,-0.,79.038011285,-94.33258349,-0.,     0000463P0003385
78.895034791,-93.816727776,-0.,78.895034791,-93.3,-0.,0.,1.,-0., 0000463P0003386
-0.,1.;                                                          0000463P0003387
508,1,0,17,69,0,1,0,467;                                         0000465P0003388
126,49,7,1,1,1,1,-0.135659378,0.,0.,0.,0.,0.,0.,0.,0.134521036,  0000467P0003389
0.134521036,0.134521036,0.134521036,0.134521036,0.134521036,     0000467P0003390
0.247014421,0.247014421,0.247014421,0.247014421,0.247014421,     0000467P0003391
0.247014421,0.363857692,0.363857692,0.363857692,0.363857692,     0000467P0003392
0.363857692,0.363857692,0.498946727,0.498946727,0.498946727,     0000467P0003393
0.498946727,0.498946727,0.498946727,0.63403571,0.63403571,       0000467P0003394
0.63403571,0.63403571,0.63403571,0.63403571,0.74700404,          0000467P0003395
0.74700404,0.74700404,0.74700404,0.74700404,0.74700404,          0000467P0003396
0.864340622,0.864340622,0.864340622,0.864340622,0.864340622,     0000467P0003397
0.864340622,1.,1.,1.,1.,1.,1.,1.,1.134521036,1.,1.,1.,1.,1.,1.,  0000467P0003398
1.,1.,1.,1.,1.,1.,1.,1.,1.,1.,1.,1.,1.,1.,1.,1.,1.,1.,1.,1.,1.,  0000467P0003399
1.,1.,1.,1.,1.,1.,1.,1.,1.,1.,1.,1.,1.,1.,1.,1.,1.,1.,1.,1.,1.,  0000467P0003400
1.,1.,78.895034791,-71.6,-0.,78.895034791,-71.083272429,-0.,     0000467P0003401
79.038011169,-70.567421327,-0.,79.323087642,-70.056590646,-0.,   0000467P0003402
79.75353902,-69.555253642,-0.,80.335481436,-69.069524471,-0.,    0000467P0003403
81.077180582,-68.607973683,-0.,82.748000965,-67.829651434,-0.,   0000467P0003404
83.646614136,-67.492198749,-0.,84.680681612,-67.1907147,-0.,     0000467P0003405
85.838218437,-66.942103442,-0.,87.099340178,-66.761163729,-0.,   0000467P0003406
88.438797758,-66.660488769,-0.,91.264619935,-66.640375881,-0.,   0000467P0003407
92.664944429,-66.728735262,-0.,93.98846375,-66.905468996,-0.,    0000467P0003408
95.204601899,-67.157286317,-0.,96.288773875,-67.467764396,-0.,   0000467P0003409
97.225889582,-67.817488805,-0.,98.922830531,-68.60797886,-0.,    0000467P0003410
99.664516755,-69.069526452,-0.,100.246454616,-69.555249464,-0.,  0000467P0003411
100.6769077,-70.056584171,-0.,100.961988705,-70.567416489,-0.,   0000467P0003412
101.104965209,-71.08327223,-0.,101.104965209,-72.116727576,-0.,  0000467P0003413
100.96198884,-72.632578652,-0.,100.676912327,-73.143409391,-0.,  0000467P0003414
100.246461024,-73.64474632,-0.,99.664518532,-74.130475549,-0.,   0000467P0003415
98.922819429,-74.592026312,-0.,97.251999035,-75.370348566,-0.,   0000467P0003416
96.353385864,-75.707801251,-0.,95.319318388,-76.0092853,-0.,     0000467P0003417
94.161781563,-76.257896558,-0.,92.900659822,-76.438836271,-0.,   0000467P0003418
91.561202242,-76.539511231,-0.,88.735380065,-76.559624119,-0.,   0000467P0003419
87.335055571,-76.471264738,-0.,86.01153625,-76.294531004,-0.,    0000467P0003420
84.795398101,-76.042713683,-0.,83.711226125,-75.732235604,-0.,   0000467P0003421
82.774110418,-75.382511195,-0.,81.077169469,-74.59202114,-0.,    0000467P0003422
80.335483245,-74.130473548,-0.,79.753545384,-73.644750536,-0.,   0000467P0003423
79.3230923,-73.143415829,-0.,79.038011295,-72.632583511,-0.,     0000467P0003424
78.895034791,-72.11672777,-0.,78.895034791,-71.6,-0.,0.,1.,-0.,  0000467P0003425
-0.,1.;                                                          0000467P0003426
508,1,0,17,70,1,1,0,471;                                         0000469P0003427
126,49,7,1,1,1,1,-0.134521037,0.,0.,0.,0.,0.,0.,0.,0.135659379,  0000471P0003428
0.135659379,0.135659379,0.135659379,0.135659379,0.135659379,     0000471P0003429
0.252995961,0.252995961,0.252995961,0.252995961,0.252995961,     0000471P0003430
0.252995961,0.365964291,0.365964291,0.365964291,0.365964291,     0000471P0003431
0.365964291,0.365964291,0.501053272,0.501053272,0.501053272,     0000471P0003432
0.501053272,0.501053272,0.501053272,0.636142308,0.636142308,     0000471P0003433
0.636142308,0.636142308,0.636142308,0.636142308,0.752985579,     0000471P0003434
0.752985579,0.752985579,0.752985579,0.752985579,0.752985579,     0000471P0003435
0.865478963,0.865478963,0.865478963,0.865478963,0.865478963,     0000471P0003436
0.865478963,1.,1.,1.,1.,1.,1.,1.,1.135659379,1.,1.,1.,1.,1.,1.,  0000471P0003437
1.,1.,1.,1.,1.,1.,1.,1.,1.,1.,1.,1.,1.,1.,1.,1.,1.,1.,1.,1.,1.,  0000471P0003438
1.,1.,1.,1.,1.,1.,1.,1.,1.,1.,1.,1.,1.,1.,1.,1.,1.,1.,1.,1.,1.,  0000471P0003439
1.,1.,281.104965209,-50.,-0.,281.104965209,-50.516727776,-0.,    0000471P0003440
280.961988715,-51.03258349,-0.,280.67690767,-51.543415867,-0.,   0000471P0003441
280.246454659,-52.044750499,-0.,279.664516724,-52.530473568,-0., 0000471P0003442
278.922830541,-52.992021135,-0.,277.225889582,-53.782511195,-0., 0000471P0003443
276.288773875,-54.132235604,-0.,275.204601899,-54.442713683,-0., 0000471P0003444
273.98846375,-54.694531004,-0.,272.664944429,-54.871264738,-0.,  0000471P0003445
271.264619935,-54.959624119,-0.,268.438797758,-54.939511231,-0., 0000471P0003446
267.099340177,-54.838836271,-0.,265.838218437,-54.657896558,-0., 0000471P0003447
264.680681612,-54.4092853,-0.,263.646614136,-54.107801251,-0.,   0000471P0003448
262.748000965,-53.770348566,-0.,261.077180582,-52.992026317,-0., 0000471P0003449
260.335481436,-52.530475529,-0.,259.75353902,-52.044746358,-0.,  0000471P0003450
259.323087642,-51.543409354,-0.,259.038011169,-51.032578673,-0., 0000471P0003451
258.895034791,-50.516727571,-0.,258.895034791,-49.483272224,-0., 0000471P0003452
259.038011285,-48.96741651,-0.,259.32309233,-48.456584133,-0.,   0000471P0003453
259.753545341,-47.955249501,-0.,260.335483276,-47.469526432,-0., 0000471P0003454
261.077169459,-47.007978865,-0.,262.774110419,-46.217488804,-0., 0000471P0003455
263.711226125,-45.867764396,-0.,264.7953981,-45.557286317,-0.,   0000471P0003456
266.01153625,-45.305468996,-0.,267.335055571,-45.128735262,-0.,  0000471P0003457
268.735380065,-45.040375881,-0.,271.561202242,-45.060488769,-0., 0000471P0003458
272.900659823,-45.161163729,-0.,274.161781563,-45.342103442,-0., 0000471P0003459
275.319318388,-45.5907147,-0.,276.353385864,-45.892198749,-0.,   0000471P0003460
277.251999035,-46.229651434,-0.,278.922819429,-47.007973688,-0., 0000471P0003461
279.664518532,-47.469524451,-0.,280.246461024,-47.95525368,-0.,  0000471P0003462
280.676912327,-48.456590609,-0.,280.96198884,-48.967421348,-0.,  0000471P0003463
281.104965209,-49.483272424,-0.,281.104965209,-50.,-0.,0.,1.,    0000471P0003464
-0.,-0.,1.;                                                      0000471P0003465
508,2,0,17,71,1,1,0,475,0,17,72,1,1,0,477;                       0000473P0003466
126,68,3,1,0,1,0,0.803370792,0.803370792,0.803370792,            0000475P0003467
0.803370792,0.816842373,0.830313954,0.843785535,0.857257116,     0000475P0003468
0.870728696,0.884200277,0.897671858,0.911143439,0.92461502,      0000475P0003469
0.938086601,0.951558182,0.965029763,0.978501344,0.991972925,     0000475P0003470
1.005444506,1.018916087,1.032387668,1.045859248,1.059330829,     0000475P0003471
1.07280241,1.086273991,1.099745572,1.113217153,1.126688734,      0000475P0003472
1.140160315,1.153631896,1.167103477,1.180575058,1.194046639,     0000475P0003473
1.20751822,1.220989801,1.234461381,1.247932962,1.261404543,      0000475P0003474
1.274876124,1.288347705,1.301819286,1.315290867,1.328762448,     0000475P0003475
1.342234029,1.35570561,1.369177191,1.382648772,1.396120353,      0000475P0003476
1.409591933,1.423063514,1.436535095,1.450006676,1.463478257,     0000475P0003477
1.476949838,1.490421419,1.503893,1.517364581,1.530836162,        0000475P0003478
1.544307743,1.557779324,1.571250905,1.584722486,1.598194066,     0000475P0003479
1.611665647,1.625137228,1.638608809,1.65208039,1.665551971,      0000475P0003480
1.679023552,1.692495133,1.692495133,1.692495133,1.692495133,1.,  0000475P0003481
1.,1.,1.,1.,1.,1.,1.,1.,1.,1.,1.,1.,1.,1.,1.,1.,1.,1.,1.,1.,1.,  0000475P0003482
1.,1.,1.,1.,1.,1.,1.,1.,1.,1.,1.,1.,1.,1.,1.,1.,1.,1.,1.,1.,1.,  0000475P0003483
1.,1.,1.,1.,1.,1.,1.,1.,1.,1.,1.,1.,1.,1.,1.,1.,1.,1.,1.,1.,1.,  0000475P0003484
1.,1.,1.,1.,1.,274.233583247,-23.628024194,-0.,274.562483673,    0000475P0003485
-23.689026869,-0.,275.198789857,-23.823791397,-0.,276.083502577, 0000475P0003486
-24.058497152,-0.,276.892434582,-24.320050634,-0.,277.62225235,  0000475P0003487
-24.602714951,-0.,278.26783349,-24.898663008,-0.,278.843106037,  0000475P0003488
-25.209094012,-0.,279.350014224,-25.531862458,-0.,279.790178765, 0000475P0003489
-25.864711334,-0.,280.165167271,-26.205792259,-0.,280.476376105, 0000475P0003490
-26.553469575,-0.,280.725020328,-26.906323896,-0.,280.912098944, 0000475P0003491
-27.263102266,-0.,281.038364417,-27.622704227,-0.,281.104307601, 0000475P0003492
-27.984092888,-0.,281.110078648,-28.346478642,-0.,281.055668723, 0000475P0003493
-28.708127968,-0.,280.940996758,-29.068148891,-0.,280.765625289, 0000475P0003494
-29.425551538,-0.,280.528853848,-29.779249847,-0.,280.229725294, 0000475P0003495
-30.128023683,-0.,279.867075798,-30.470483459,-0.,279.43949801,  0000475P0003496
-30.805057088,-0.,278.945614346,-31.129871132,-0.,278.383208744, 0000475P0003497
-31.443012248,-0.,277.752631977,-31.741345921,-0.,277.037321274, 0000475P0003498
-32.02771499,-0.,276.240710231,-32.2944868,-0.,275.366812299,    0000475P0003499
-32.535435007,-0.,274.421381028,-32.74452977,-0.,273.411512165,  0000475P0003500
-32.916262745,-0.,272.345267272,-33.045581163,-0.,271.232853716, 0000475P0003501
-33.127848351,-0.,270.08168938,-33.159084426,-0.,268.914545678,  0000475P0003502
-33.135052412,-0.,267.79381799,-33.05875591,-0.,266.717899225,   0000475P0003503
-32.934762707,-0.,265.699010528,-32.76769599,-0.,264.74426146,   0000475P0003504
-32.562645546,-0.,263.860589318,-32.325024012,-0.,263.053532306, 0000475P0003505
-32.060732341,-0.,262.326635452,-31.775632802,-0.,261.684387327, 0000475P0003506
-31.477475501,-0.,261.112144904,-31.164573516,-0.,260.608904582, 0000475P0003507
-30.839517162,-0.,260.172776381,-30.504445652,-0.,259.802254206, 0000475P0003508
-30.161239123,-0.,259.495921695,-29.811524178,-0.,259.252573337, 0000475P0003509
-29.456722347,-0.,259.071219848,-29.098084812,-0.,258.9511279,   0000475P0003510
-28.736717448,-0.,258.891830771,-28.373643417,-0.,258.893219664, 0000475P0003511
-28.009717081,-0.,258.955292916,-27.64670427,-0.,259.078176291,  0000475P0003512
-27.285436468,-0.,259.26234896,-26.926948948,-0.,259.508556097,  0000475P0003513
-26.572351546,-0.,259.817796487,-26.222903457,-0.,260.191287431, 0000475P0003514
-25.880033019,-0.,260.630443907,-25.545381879,-0.,261.136815929, 0000475P0003515
-25.220821899,-0.,261.712165602,-24.908578846,-0.,262.35800845,  0000475P0003516
-24.610985162,-0.,263.0903899,-24.326039408,-0.,263.903759827,   0000475P0003517
-24.062122282,-0.,264.794375096,-23.825300776,-0.,265.435200351, 0000475P0003518
-23.689447314,-0.,265.76641675,-23.628024194,-0.,0.803370792,    0000475P0003519
1.692495133,-0.,-0.,1.;                                          0000475P0003520
126,68,3,1,0,1,0,0.376966927,0.376966927,0.376966927,            0000477P0003521
0.376966927,0.388310586,0.399654246,0.410997905,0.422341564,     0000477P0003522
0.433685223,0.445028883,0.456372542,0.467716201,0.479059861,     0000477P0003523
0.49040352,0.501747179,0.513090838,0.524434498,0.535778157,      0000477P0003524
0.547121816,0.558465476,0.569809135,0.581152794,0.592496453,     0000477P0003525
0.603840113,0.615183772,0.626527431,0.63787109,0.64921475,       0000477P0003526
0.660558409,0.671902068,0.683245728,0.694589387,0.705933046,     0000477P0003527
0.717276705,0.728620365,0.739964024,0.751307683,0.762651343,     0000477P0003528
0.773995002,0.785338661,0.79668232,0.80802598,0.819369639,       0000477P0003529
0.830713298,0.842056958,0.853400617,0.864744276,0.876087935,     0000477P0003530
0.887431595,0.898775254,0.910118913,0.921462573,0.932806232,     0000477P0003531
0.944149891,0.95549355,0.96683721,0.978180869,0.989524528,       0000477P0003532
1.000868188,1.012211847,1.023555506,1.034899165,1.046242825,     0000477P0003533
1.057586484,1.068930143,1.080273803,1.091617462,1.102961121,     0000477P0003534
1.11430478,1.12564844,1.12564844,1.12564844,1.12564844,1.,1.,1., 0000477P0003535
1.,1.,1.,1.,1.,1.,1.,1.,1.,1.,1.,1.,1.,1.,1.,1.,1.,1.,1.,1.,1.,  0000477P0003536
1.,1.,1.,1.,1.,1.,1.,1.,1.,1.,1.,1.,1.,1.,1.,1.,1.,1.,1.,1.,1.,  0000477P0003537
1.,1.,1.,1.,1.,1.,1.,1.,1.,1.,1.,1.,1.,1.,1.,1.,1.,1.,1.,1.,1.,  0000477P0003538
1.,1.,1.,265.766416802,-23.628024173,-0.,265.681494438,          0000477P0003539
-23.583754884,-0.,265.520304242,-23.493472439,-0.,265.304053504, 0000477P0003540
-23.353721281,-0.,265.113144325,-23.210717834,-0.,264.946557586, 0000477P0003541
-23.064938472,-0.,264.803144805,-22.91636281,-0.,264.682684539,  0000477P0003542
-22.765609076,-0.,264.584781486,-22.613071641,-0.,264.509162225, 0000477P0003543
-22.459160726,-0.,264.455597865,-22.30424707,-0.,264.423926575,  0000477P0003544
-22.148685058,-0.,264.414049236,-21.992814477,-0.,264.425932443, 0000477P0003545
-21.836967513,-0.,264.459608749,-21.681475084,-0.,264.515180537, 0000477P0003546
-21.526670302,-0.,264.592812202,-21.372904511,-0.,264.692765713, 0000477P0003547
-21.220517098,-0.,264.815274708,-21.069979598,-0.,264.961026228, 0000477P0003548
-20.921386461,-0.,265.130711434,-20.775143711,-0.,265.324745,    0000477P0003549
-20.631985256,-0.,265.543572104,-20.492636554,-0.,265.787569114, 0000477P0003550
-20.357910261,-0.,266.057052597,-20.228686306,-0.,266.352256835, 0000477P0003551
-20.105923566,-0.,266.673321064,-19.990663075,-0.,267.020258053, 0000477P0003552
-19.884036982,-0.,267.392972795,-19.787267605,-0.,267.791081043, 0000477P0003553
-19.701706061,-0.,268.214456349,-19.628729323,-0.,268.661037452, 0000477P0003554
-19.570171947,-0.,269.122279243,-19.52816048,-0.,269.593793008,  0000477P0003555
-19.503606091,-0.,270.069901605,-19.497154983,-0.,270.545163579, 0000477P0003556
-19.508949,-0.,271.014095832,-19.538696195,-0.,271.471363169,    0000477P0003557
-19.585653058,-0.,271.91189653,-19.648646968,-0.,272.330821078,  0000477P0003558
-19.726022526,-0.,272.724201711,-19.815848285,-0.,273.086685921, 0000477P0003559
-19.915153903,-0.,273.422022213,-20.02317224,-0.,273.731700351,  0000477P0003560
-20.139142878,-0.,274.015761768,-20.261924613,-0.,274.274704622, 0000477P0003561
-20.390620389,-0.,274.508949572,-20.52439498,-0.,274.718962004,  0000477P0003562
-20.662510631,-0.,274.905200776,-20.804305696,-0.,275.06811545,  0000477P0003563
-20.949189712,-0.,275.208132177,-21.096635069,-0.,275.325643915, 0000477P0003564
-21.246170196,-0.,275.421000444,-21.397373354,-0.,275.494499167, 0000477P0003565
-21.549864925,-0.,275.546375918,-21.703306614,-0.,275.576796593, 0000477P0003566
-21.85737519,-0.,275.585846,-22.011831082,-0.,275.573526453,     0000477P0003567
-22.166228247,-0.,275.539838604,-22.320191106,-0.,275.484689593, 0000477P0003568
-22.473460919,-0.,275.407908737,-22.625718087,-0.,275.309254286, 0000477P0003569
-22.776621616,-0.,275.188422372,-22.925790646,-0.,275.045055409, 0000477P0003570
-23.07280129,-0.,274.878751003,-23.217180027,-0.,274.689071068,  0000477P0003571
-23.358394479,-0.,274.475552501,-23.49585606,-0.,274.316994491,  0000477P0003572
-23.584535236,-0.,274.233583238,-23.628024191,-0.,0.376966927,   0000477P0003573
1.12564844,-0.,-0.,1.;                                           0000477P0003574
508,1,0,17,73,1,1,0,481;                                         0000479P0003575
126,85,7,1,1,1,1,-0.134319884,0.,0.,0.,0.,0.,0.,0.,0.134317423,  0000481P0003576
0.134317423,0.134317423,0.134317423,0.134317423,0.134317423,     0000481P0003577
0.20336472,0.20336472,0.20336472,0.20336472,0.20336472,          0000481P0003578
0.20336472,0.249964874,0.249964874,0.249964874,0.249964874,      0000481P0003579
0.249964874,0.249964874,0.296566691,0.296566691,0.296566691,     0000481P0003580
0.296566691,0.296566691,0.296566691,0.365615051,0.365615051,     0000481P0003581
0.365615051,0.365615051,0.365615051,0.365615051,0.42503063,      0000481P0003582
0.42503063,0.42503063,0.42503063,0.42503063,0.42503063,          0000481P0003583
0.499997104,0.499997104,0.499997104,0.499997104,0.499997104,     0000481P0003584
0.499997104,0.5749637,0.5749637,0.5749637,0.5749637,0.5749637,   0000481P0003585
0.5749637,0.634379207,0.634379207,0.634379207,0.634379207,       0000481P0003586
0.634379207,0.634379207,0.703427483,0.703427483,0.703427483,     0000481P0003587
0.703427483,0.703427483,0.703427483,0.750028299,0.750028299,     0000481P0003588
0.750028299,0.750028299,0.750028299,0.750028299,0.796630776,     0000481P0003589
0.796630776,0.796630776,0.796630776,0.796630776,0.796630776,     0000481P0003590
0.865680116,0.865680116,0.865680116,0.865680116,0.865680116,     0000481P0003591
0.865680116,1.,1.,1.,1.,1.,1.,1.,1.134317423,1.,1.,1.,1.,1.,1.,  0000481P0003592
1.,1.,1.,1.,1.,1.,1.,1.,1.,1.,1.,1.,1.,1.,1.,1.,1.,1.,1.,1.,1.,  0000481P0003593
1.,1.,1.,1.,1.,1.,1.,1.,1.,1.,1.,1.,1.,1.,1.,1.,1.,1.,1.,1.,1.,  0000481P0003594
1.,1.,1.,1.,1.,1.,1.,1.,1.,1.,1.,1.,1.,1.,1.,1.,1.,1.,1.,1.,1.,  0000481P0003595
1.,1.,1.,1.,1.,1.,1.,1.,1.,1.,1.,1.,1.,1.,1.,1.,1.,              0000481P0003596
191.104965209,-68.,-0.,191.104965209,-68.516728916,-0.,          0000481P0003597
190.961988084,-69.032586176,-0.,190.676905372,-69.54342002,-0.,  0000481P0003598
190.24645,-70.044755367,-0.,189.664510347,-70.530477991,-0.,     0000481P0003599
188.922824846,-70.992023788,-0.,187.545160202,-71.6337846,-0.,   0000481P0003600
187.031523462,-71.842386777,-0.,186.471523695,-72.039213949,-0., 0000481P0003601
185.8651616,-72.221587054,-0.,185.213006823,-72.386596937,-0.,   0000481P0003602
184.516308025,-72.531062034,-0.,183.278243771,-72.732747761,-0., 0000481P0003603
182.760001301,-72.803064779,-0.,182.225609276,-72.860929099,-0., 0000481P0003604
181.678599645,-72.905186345,-0.,181.122727084,-72.935028957,-0., 0000481P0003605
180.561880432,-72.95,-0.,179.438099533,-72.95,-0.,178.877250937, 0000481P0003606
-72.935027889,-0.,178.32138697,-72.90518488,-0.,177.774389511,   0000481P0003607
-72.860928418,-0.,177.240007054,-72.803065567,-0.,176.721766332, 0000481P0003608
-72.732749407,-0.,175.483691975,-72.531062034,-0.,174.786993177, 0000481P0003609
-72.386596937,-0.,174.1348384,-72.221587054,-0.,173.528476305,   0000481P0003610
-72.039213949,-0.,172.968476538,-71.842386777,-0.,172.454839797, 0000481P0003611
-71.6337846,-0.,171.584592974,-71.228395443,-0.,171.215130097,   0000481P0003612
-71.033581493,-0.,170.877932054,-70.8326246,-0.,170.572222942,   0000481P0003613
-70.626502385,-0.,170.297260075,-70.416025791,-0.,170.052374836, 0000481P0003614
-70.201870134,-0.,169.565285508,-69.710477464,-0.,169.340560666, 0000481P0003615
-69.431402935,-0.,169.161828045,-69.148630979,-0.,169.028308858, 0000481P0003616
-68.86321523,-0.,168.939467912,-68.576075761,-0.,168.895034791,  0000481P0003617
-68.288059527,-0.,168.895034791,-67.711940004,-0.,168.939468064, 0000481P0003618
-67.423923172,-0.,169.028309353,-67.136783625,-0.,169.161828611, 0000481P0003619
-66.851368436,-0.,169.340560677,-66.56859735,-0.,169.565284735,  0000481P0003620
-66.289523316,-0.,170.052374836,-65.798129866,-0.,170.297260075, 0000481P0003621
-65.583974209,-0.,170.572222942,-65.373497615,-0.,170.877932054, 0000481P0003622
-65.1673754,-0.,171.215130097,-64.966418507,-0.,171.584592974,   0000481P0003623
-64.771604557,-0.,172.454839797,-64.3662154,-0.,172.968476538,   0000481P0003624
-64.157613223,-0.,173.528476305,-63.960786051,-0.,174.1348384,   0000481P0003625
-63.778412946,-0.,174.786993177,-63.613403063,-0.,175.483691975, 0000481P0003626
-63.468937966,-0.,176.721756229,-63.267252239,-0.,177.239998699, 0000481P0003627
-63.196935221,-0.,177.774390724,-63.139070901,-0.,178.321400355, 0000481P0003628
-63.094813655,-0.,178.877272916,-63.064971043,-0.,179.438119568, 0000481P0003629
-63.05,-0.,180.561900468,-63.05,-0.,181.122749063,-63.064972111, 0000481P0003630
-0.,181.67861303,-63.09481512,-0.,182.225610489,-63.139071582,   0000481P0003631
-0.,182.759992946,-63.196934433,-0.,183.278233668,-63.267250593, 0000481P0003632
-0.,184.516308025,-63.468937966,-0.,185.213006823,-63.613403063, 0000481P0003633
-0.,185.8651616,-63.778412946,-0.,186.471523695,-63.960786051,   0000481P0003634
-0.,187.031523462,-64.157613223,-0.,187.545160202,-64.3662154,   0000481P0003635
-0.,188.922814587,-65.007971433,-0.,189.664510952,-65.46951968,  0000481P0003636
-0.,190.246455117,-65.955247673,-0.,190.676908443,-66.456584856, 0000481P0003637
-0.,190.961987442,-66.967416584,-0.,191.104965209,-67.4832699,   0000481P0003638
-0.,191.104965209,-68.,-0.,0.,1.,-0.,-0.,1.;                     0000481P0003639
508,1,0,17,74,1,1,0,485;                                         0000483P0003640
126,85,7,1,1,1,1,-0.134319883,0.,0.,0.,0.,0.,0.,0.,0.134317424,  0000485P0003641
0.134317424,0.134317424,0.134317424,0.134317424,0.134317424,     0000485P0003642
0.203364721,0.203364721,0.203364721,0.203364721,0.203364721,     0000485P0003643
0.203364721,0.249964876,0.249964876,0.249964876,0.249964876,     0000485P0003644
0.249964876,0.249964876,0.296566692,0.296566692,0.296566692,     0000485P0003645
0.296566692,0.296566692,0.296566692,0.365615053,0.365615053,     0000485P0003646
0.365615053,0.365615053,0.365615053,0.365615053,0.425030629,     0000485P0003647
0.425030629,0.425030629,0.425030629,0.425030629,0.425030629,     0000485P0003648
0.499997103,0.499997103,0.499997103,0.499997103,0.499997103,     0000485P0003649
0.499997103,0.574963699,0.574963699,0.574963699,0.574963699,     0000485P0003650
0.574963699,0.574963699,0.634379207,0.634379207,0.634379207,     0000485P0003651
0.634379207,0.634379207,0.634379207,0.703427483,0.703427483,     0000485P0003652
0.703427483,0.703427483,0.703427483,0.703427483,0.750028299,     0000485P0003653
0.750028299,0.750028299,0.750028299,0.750028299,0.750028299,     0000485P0003654
0.796630777,0.796630777,0.796630777,0.796630777,0.796630777,     0000485P0003655
0.796630777,0.865680117,0.865680117,0.865680117,0.865680117,     0000485P0003656
0.865680117,0.865680117,1.,1.,1.,1.,1.,1.,1.,1.134317424,1.,1.,  0000485P0003657
1.,1.,1.,1.,1.,1.,1.,1.,1.,1.,1.,1.,1.,1.,1.,1.,1.,1.,1.,1.,1.,  0000485P0003658
1.,1.,1.,1.,1.,1.,1.,1.,1.,1.,1.,1.,1.,1.,1.,1.,1.,1.,1.,1.,1.,  0000485P0003659
1.,1.,1.,1.,1.,1.,1.,1.,1.,1.,1.,1.,1.,1.,1.,1.,1.,1.,1.,1.,1.,  0000485P0003660
1.,1.,1.,1.,1.,1.,1.,1.,1.,1.,1.,1.,1.,1.,1.,1.,1.,1.,1.,1.,1.,  0000485P0003661
191.104965209,-47.,-0.,191.104965209,-47.516728916,-0.,          0000485P0003662
190.961988084,-48.032586176,-0.,190.676905372,-48.54342002,-0.,  0000485P0003663
190.24645,-49.044755367,-0.,189.664510347,-49.530477991,-0.,     0000485P0003664
188.922824846,-49.992023788,-0.,187.545160202,-50.6337846,-0.,   0000485P0003665
187.031523462,-50.842386777,-0.,186.471523695,-51.039213949,-0., 0000485P0003666
185.8651616,-51.221587054,-0.,185.213006823,-51.386596937,-0.,   0000485P0003667
184.516308025,-51.531062034,-0.,183.278243771,-51.732747761,-0., 0000485P0003668
182.760001301,-51.803064779,-0.,182.225609276,-51.860929099,-0., 0000485P0003669
181.678599645,-51.905186345,-0.,181.122727084,-51.935028957,-0., 0000485P0003670
180.561880432,-51.95,-0.,179.438099533,-51.95,-0.,178.877250937, 0000485P0003671
-51.935027889,-0.,178.32138697,-51.90518488,-0.,177.774389511,   0000485P0003672
-51.860928418,-0.,177.240007054,-51.803065567,-0.,176.721766332, 0000485P0003673
-51.732749407,-0.,175.483691975,-51.531062034,-0.,174.786993177, 0000485P0003674
-51.386596937,-0.,174.1348384,-51.221587054,-0.,173.528476305,   0000485P0003675
-51.039213949,-0.,172.968476538,-50.842386777,-0.,172.454839797, 0000485P0003676
-50.6337846,-0.,171.584593002,-50.228395456,-0.,171.215130076,   0000485P0003677
-50.033581478,-0.,170.877932031,-49.832624589,-0.,170.572222954, 0000485P0003678
-49.626502397,-0.,170.297260098,-49.416025805,-0.,170.052374821, 0000485P0003679
-49.201870118,-0.,169.565285508,-48.710477464,-0.,169.340560666, 0000485P0003680
-48.431402935,-0.,169.161828045,-48.148630979,-0.,169.028308858, 0000485P0003681
-47.86321523,-0.,168.939467912,-47.576075761,-0.,168.895034791,  0000485P0003682
-47.288059527,-0.,168.895034791,-46.711940004,-0.,168.939468064, 0000485P0003683
-46.423923172,-0.,169.028309353,-46.136783625,-0.,169.161828611, 0000485P0003684
-45.851368436,-0.,169.340560677,-45.56859735,-0.,169.565284735,  0000485P0003685
-45.289523316,-0.,170.052374836,-44.798129866,-0.,170.297260075, 0000485P0003686
-44.583974209,-0.,170.572222942,-44.373497615,-0.,170.877932054, 0000485P0003687
-44.1673754,-0.,171.215130097,-43.966418507,-0.,171.584592974,   0000485P0003688
-43.771604557,-0.,172.454839797,-43.3662154,-0.,172.968476538,   0000485P0003689
-43.157613223,-0.,173.528476305,-42.960786051,-0.,174.1348384,   0000485P0003690
-42.778412946,-0.,174.786993177,-42.613403063,-0.,175.483691975, 0000485P0003691
-42.468937966,-0.,176.721756229,-42.267252239,-0.,177.239998699, 0000485P0003692
-42.196935221,-0.,177.774390724,-42.139070901,-0.,178.321400355, 0000485P0003693
-42.094813655,-0.,178.877272916,-42.064971043,-0.,179.438119568, 0000485P0003694
-42.05,-0.,180.561900467,-42.05,-0.,181.122749063,-42.064972111, 0000485P0003695
-0.,181.67861303,-42.09481512,-0.,182.225610489,-42.139071582,   0000485P0003696
-0.,182.759992946,-42.196934433,-0.,183.278233668,-42.267250593, 0000485P0003697
-0.,184.516308025,-42.468937966,-0.,185.213006823,-42.613403063, 0000485P0003698
-0.,185.8651616,-42.778412946,-0.,186.471523695,-42.960786051,   0000485P0003699
-0.,187.031523462,-43.157613223,-0.,187.545160202,-43.3662154,   0000485P0003700
-0.,188.922814577,-44.007971428,-0.,189.664510983,-44.4695197,   0000485P0003701
-0.,190.246455074,-44.955247635,-0.,190.676908474,-45.456584893, 0000485P0003702
-0.,190.961987432,-45.967416563,-0.,191.104965209,-46.483269905, 0000485P0003703
-0.,191.104965209,-47.,-0.,0.,1.,-0.,-0.,1.;                     0000485P0003704
508,1,0,17,75,0,1,0,489;                                         0000487P0003705
126,49,7,1,1,1,1,-0.135659378,0.,0.,0.,0.,0.,0.,0.,0.134521038,  0000489P0003706
0.134521038,0.134521038,0.134521038,0.134521038,0.134521038,     0000489P0003707
0.247014422,0.247014422,0.247014422,0.247014422,0.247014422,     0000489P0003708
0.247014422,0.363857694,0.363857694,0.363857694,0.363857694,     0000489P0003709
0.363857694,0.363857694,0.498946728,0.498946728,0.498946728,     0000489P0003710
0.498946728,0.498946728,0.498946728,0.63403571,0.63403571,       0000489P0003711
0.63403571,0.63403571,0.63403571,0.63403571,0.74700404,          0000489P0003712
0.74700404,0.74700404,0.74700404,0.74700404,0.74700404,          0000489P0003713
0.864340622,0.864340622,0.864340622,0.864340622,0.864340622,     0000489P0003714
0.864340622,1.,1.,1.,1.,1.,1.,1.,1.134521038,1.,1.,1.,1.,1.,1.,  0000489P0003715
1.,1.,1.,1.,1.,1.,1.,1.,1.,1.,1.,1.,1.,1.,1.,1.,1.,1.,1.,1.,1.,  0000489P0003716
1.,1.,1.,1.,1.,1.,1.,1.,1.,1.,1.,1.,1.,1.,1.,1.,1.,1.,1.,1.,1.,  0000489P0003717
1.,1.,78.895034791,-50.,-0.,78.895034791,-49.483272424,-0.,      0000489P0003718
79.03801116,-48.967421348,-0.,79.323087673,-48.456590609,-0.,    0000489P0003719
79.753538976,-47.95525368,-0.,80.335481468,-47.469524451,-0.,    0000489P0003720
81.077180571,-47.007973688,-0.,82.748000965,-46.229651434,-0.,   0000489P0003721
83.646614136,-45.892198749,-0.,84.680681612,-45.5907147,-0.,     0000489P0003722
85.838218437,-45.342103442,-0.,87.099340178,-45.161163729,-0.,   0000489P0003723
88.438797758,-45.060488769,-0.,91.264619935,-45.040375881,-0.,   0000489P0003724
92.664944429,-45.128735262,-0.,93.98846375,-45.305468996,-0.,    0000489P0003725
95.204601899,-45.557286317,-0.,96.288773875,-45.867764396,-0.,   0000489P0003726
97.225889582,-46.217488805,-0.,98.922830531,-47.00797886,-0.,    0000489P0003727
99.664516755,-47.469526452,-0.,100.246454616,-47.955249464,-0.,  0000489P0003728
100.6769077,-48.456584171,-0.,100.961988705,-48.967416489,-0.,   0000489P0003729
101.104965209,-49.48327223,-0.,101.104965209,-50.516727571,-0.,  0000489P0003730
100.961988831,-51.032578673,-0.,100.676912358,-51.543409354,-0., 0000489P0003731
100.24646098,-52.044746358,-0.,99.664518564,-52.530475529,-0.,   0000489P0003732
98.922819418,-52.992026317,-0.,97.251999035,-53.770348566,-0.,   0000489P0003733
96.353385864,-54.107801251,-0.,95.319318388,-54.4092853,-0.,     0000489P0003734
94.161781563,-54.657896558,-0.,92.900659823,-54.838836271,-0.,   0000489P0003735
91.561202242,-54.939511231,-0.,88.735380065,-54.959624119,-0.,   0000489P0003736
87.335055571,-54.871264738,-0.,86.01153625,-54.694531004,-0.,    0000489P0003737
84.7953981,-54.442713683,-0.,83.711226125,-54.132235604,-0.,     0000489P0003738
82.774110419,-53.782511196,-0.,81.077169469,-52.99202114,-0.,    0000489P0003739
80.335483245,-52.530473548,-0.,79.753545384,-52.044750536,-0.,   0000489P0003740
79.3230923,-51.543415829,-0.,79.038011295,-51.032583511,-0.,     0000489P0003741
78.895034791,-50.51672777,-0.,78.895034791,-50.,-0.,0.,1.,-0.,   0000489P0003742
-0.,1.;                                                          0000489P0003743
508,2,0,17,39,1,1,0,493,0,17,76,1,1,0,495;                       0000491P0003744
126,68,3,1,0,1,0,0.,0.,0.,0.,1.35855747E-02,2.71711494E-02,      0000493P0003745
4.07567241E-02,5.43422988E-02,6.79278735E-02,8.15134482E-02,     0000493P0003746
9.50990229E-02,0.108684598,0.122270172,0.135855747,0.149441322,  0000493P0003747
0.163026896,0.176612471,0.190198046,0.203783621,0.217369195,     0000493P0003748
0.23095477,0.244540345,0.258125919,0.271711494,0.285297069,      0000493P0003749
0.298882643,0.312468218,0.326053793,0.339639368,0.353224942,     0000493P0003750
0.366810517,0.380396092,0.393981666,0.407567241,0.421152816,     0000493P0003751
0.43473839,0.448323965,0.46190954,0.475495115,0.489080689,       0000493P0003752
0.502666264,0.516251839,0.529837413,0.543422988,0.557008563,     0000493P0003753
0.570594137,0.584179712,0.597765287,0.611350862,0.624936436,     0000493P0003754
0.638522011,0.652107586,0.66569316,0.679278735,0.69286431,       0000493P0003755
0.706449884,0.720035459,0.733621034,0.747206609,0.760792183,     0000493P0003756
0.774377758,0.787963333,0.801548907,0.815134482,0.828720057,     0000493P0003757
0.842305631,0.855891206,0.869476781,0.883062356,0.89664793,      0000493P0003758
0.89664793,0.89664793,0.89664793,1.,1.,1.,1.,1.,1.,1.,1.,1.,1.,  0000493P0003759
1.,1.,1.,1.,1.,1.,1.,1.,1.,1.,1.,1.,1.,1.,1.,1.,1.,1.,1.,1.,1.,  0000493P0003760
1.,1.,1.,1.,1.,1.,1.,1.,1.,1.,1.,1.,1.,1.,1.,1.,1.,1.,1.,1.,1.,  0000493P0003761
1.,1.,1.,1.,1.,1.,1.,1.,1.,1.,1.,1.,1.,1.,1.,1.,1.,94.23358325,  0000493P0003762
-23.628024194,-0.,94.564799649,-23.689447314,-0.,95.205624903,   0000493P0003763
-23.825300776,-0.,96.09624017,-24.062122281,-0.,96.909610097,    0000493P0003764
-24.326039406,-0.,97.641991546,-24.610985161,-0.,98.287834393,   0000493P0003765
-24.908578844,-0.,98.863184076,-25.220821902,-0.,99.369556103,   0000493P0003766
-25.545381885,-0.,99.80871258,-25.880033028,-0.,100.182203525,   0000493P0003767
-26.22290347,-0.,100.491443916,-26.572351563,-0.,100.737651053,  0000493P0003768
-26.926948968,-0.,100.92182372,-27.285436492,-0.,101.044707091,  0000493P0003769
-27.646704297,-0.,101.106780339,-28.009717114,-0.,101.108169227, 0000493P0003770
-28.37364345,-0.,101.048872094,-28.736717474,-0.,100.928780142,  0000493P0003771
-29.098084835,-0.,100.747426651,-29.456722366,-0.,100.504078293, 0000493P0003772
-29.811524193,-0.,100.197745785,-30.161239133,-0.,99.827223612,  0000493P0003773
-30.504445658,-0.,99.391095413,-30.839517165,-0.,98.887855097,   0000493P0003774
-31.164573515,-0.,98.315612685,-31.477475495,-0.,97.673364562,   0000493P0003775
-31.775632796,-0.,96.946467708,-32.060732335,-0.,96.139410698,   0000493P0003776
-32.325024007,-0.,95.255738557,-32.562645542,-0.,94.300989489,   0000493P0003777
-32.767695986,-0.,93.282100793,-32.934762704,-0.,92.206182028,   0000493P0003778
-33.058755908,-0.,91.085454341,-33.135052411,-0.,89.918310638,   0000493P0003779
-33.159084426,-0.,88.7671463,-33.127848352,-0.,87.654732744,     0000493P0003780
-33.045581164,-0.,86.58848785,-32.916262747,-0.,85.578618985,    0000493P0003781
-32.744529772,-0.,84.633187712,-32.53543501,-0.,83.75928978,     0000493P0003782
-32.294486804,-0.,82.962678735,-32.027714994,-0.,82.247368031,   0000493P0003783
-31.741345924,-0.,81.616791263,-31.443012251,-0.,81.05438566,    0000493P0003784
-31.129871136,-0.,80.560501995,-30.805057092,-0.,80.132924206,   0000493P0003785
-30.470483462,-0.,79.770274709,-30.128023686,-0.,79.471146154,   0000493P0003786
-29.77924985,-0.,79.234374712,-29.425551541,-0.,79.059003243,    0000493P0003787
-29.068148894,-0.,78.944331278,-28.70812797,-0.,78.889921352,    0000493P0003788
-28.346478644,-0.,78.895692399,-27.98409289,-0.,78.961635583,    0000493P0003789
-27.622704229,-0.,79.087901055,-27.263102268,-0.,79.274979671,   0000493P0003790
-26.906323897,-0.,79.523623894,-26.553469577,-0.,79.834832727,   0000493P0003791
-26.20579226,-0.,80.209821234,-25.864711335,-0.,80.649985775,    0000493P0003792
-25.531862459,-0.,81.156893961,-25.209094013,-0.,81.732166509,   0000493P0003793
-24.898663009,-0.,82.377747649,-24.602714951,-0.,83.107565417,   0000493P0003794
-24.320050635,-0.,83.916497422,-24.058497153,-0.,84.801210143,   0000493P0003795
-23.823791397,-0.,85.437516326,-23.689026869,-0.,85.766416753,   0000493P0003796
-23.628024194,-0.,0.,0.89664793,-0.,-0.,1.;                      0000493P0003797
126,68,3,1,0,1,0,0.,0.,0.,0.,1.148284779E-02,2.296569559E-02,    0000495P0003798
3.444854338E-02,4.593139118E-02,5.741423897E-02,6.889708676E-02, 0000495P0003799
8.037993456E-02,9.186278235E-02,0.10334563,0.114828478,          0000495P0003800
0.126311326,0.137794174,0.149277021,0.160759869,0.172242717,     0000495P0003801
0.183725565,0.195208412,0.20669126,0.218174108,0.229656956,      0000495P0003802
0.241139804,0.252622651,0.264105499,0.275588347,0.287071195,     0000495P0003803
0.298554043,0.31003689,0.321519738,0.333002586,0.344485434,      0000495P0003804
0.355968282,0.367451129,0.378933977,0.390416825,0.401899673,     0000495P0003805
0.413382521,0.424865368,0.436348216,0.447831064,0.459313912,     0000495P0003806
0.47079676,0.482279607,0.493762455,0.505245303,0.516728151,      0000495P0003807
0.528210999,0.539693846,0.551176694,0.562659542,0.57414239,      0000495P0003808
0.585625237,0.597108085,0.608590933,0.620073781,0.631556629,     0000495P0003809
0.643039476,0.654522324,0.666005172,0.67748802,0.688970868,      0000495P0003810
0.700453715,0.711936563,0.723419411,0.734902259,0.746385107,     0000495P0003811
0.757867954,0.757867954,0.757867954,0.757867954,1.,1.,1.,1.,1.,  0000495P0003812
1.,1.,1.,1.,1.,1.,1.,1.,1.,1.,1.,1.,1.,1.,1.,1.,1.,1.,1.,1.,1.,  0000495P0003813
1.,1.,1.,1.,1.,1.,1.,1.,1.,1.,1.,1.,1.,1.,1.,1.,1.,1.,1.,1.,1.,  0000495P0003814
1.,1.,1.,1.,1.,1.,1.,1.,1.,1.,1.,1.,1.,1.,1.,1.,1.,1.,1.,1.,1.,  0000495P0003815
1.,85.766416762,-23.628024191,-0.,85.683005509,-23.584535236,    0000495P0003816
-0.,85.524447499,-23.49585606,-0.,85.310928932,-23.358394479,    0000495P0003817
-0.,85.121248997,-23.217180027,-0.,84.954944591,-23.07280129,    0000495P0003818
-0.,84.811577628,-22.925790646,-0.,84.690745714,-22.776621616,   0000495P0003819
-0.,84.592091263,-22.625718087,-0.,84.515310407,-22.473460919,   0000495P0003820
-0.,84.460161396,-22.320191106,-0.,84.426473547,-22.166228247,   0000495P0003821
-0.,84.414154,-22.011831082,-0.,84.423203407,-21.85737519,-0.,   0000495P0003822
84.453624082,-21.703306614,-0.,84.505500833,-21.549864926,-0.,   0000495P0003823
84.578999556,-21.397373354,-0.,84.674356085,-21.246170196,-0.,   0000495P0003824
84.791867823,-21.096635069,-0.,84.93188455,-20.949189712,-0.,    0000495P0003825
85.094799224,-20.804305696,-0.,85.281037996,-20.662510631,-0.,   0000495P0003826
85.491050428,-20.52439498,-0.,85.725295378,-20.390620389,-0.,    0000495P0003827
85.984238232,-20.261924613,-0.,86.268299649,-20.139142878,-0.,   0000495P0003828
86.577977787,-20.02317224,-0.,86.913314079,-19.915153903,-0.,    0000495P0003829
87.275798289,-19.815848285,-0.,87.669178922,-19.726022526,-0.,   0000495P0003830
88.08810347,-19.648646968,-0.,88.528636831,-19.585653058,-0.,    0000495P0003831
88.985904168,-19.538696195,-0.,89.454836421,-19.508949,-0.,      0000495P0003832
89.930098395,-19.497154983,-0.,90.406206992,-19.503606091,-0.,   0000495P0003833
90.877720757,-19.52816048,-0.,91.338962548,-19.570171947,-0.,    0000495P0003834
91.785543651,-19.628729323,-0.,92.208918957,-19.701706061,-0.,   0000495P0003835
92.607027205,-19.787267605,-0.,92.979741947,-19.884036982,-0.,   0000495P0003836
93.326678936,-19.990663075,-0.,93.647743165,-20.105923566,-0.,   0000495P0003837
93.942947403,-20.228686306,-0.,94.212430886,-20.357910261,-0.,   0000495P0003838
94.456427896,-20.492636554,-0.,94.675255,-20.631985256,-0.,      0000495P0003839
94.869288566,-20.775143711,-0.,95.038973772,-20.921386461,-0.,   0000495P0003840
95.184725292,-21.069979598,-0.,95.307234287,-21.220517098,-0.,   0000495P0003841
95.407187798,-21.372904511,-0.,95.484819463,-21.526670302,-0.,   0000495P0003842
95.540391251,-21.681475084,-0.,95.574067557,-21.836967513,-0.,   0000495P0003843
95.585950764,-21.992814477,-0.,95.576073425,-22.148685058,-0.,   0000495P0003844
95.544402135,-22.30424707,-0.,95.490837775,-22.459160726,-0.,    0000495P0003845
95.415218514,-22.613071641,-0.,95.317315462,-22.765609076,-0.,   0000495P0003846
95.196855195,-22.91636281,-0.,95.053442414,-23.064938472,-0.,    0000495P0003847
94.886855675,-23.210717834,-0.,94.695946496,-23.353721281,-0.,   0000495P0003848
94.479695758,-23.493472439,-0.,94.318505561,-23.583754884,-0.,   0000495P0003849
94.233583198,-23.628024173,-0.,0.,0.757867954,-0.,-0.,1.;        0000495P0003850
510,499,1,1,507;                                                 0000497P0003851
192,501,503,2.5,505;                                             0000499P0003852
116,-170.251913517,0.,25.46359863,0;                             0000501P0003853
123,0.,1.,0.;                                                    0000503P0003854
123,0.894934362,0.,-0.446197813;                                 0000505P0003855
508,4,0,17,38,0,1,0,509,0,17,37,1,1,0,511,0,17,40,1,1,0,513,0,   0000507P0003856
17,76,0,1,0,515;                                                 0000507P0003857
110,-40.632868575,-25.629874406,0.,-40.632868575,-31.693263673,  0000509P0003858
0.;                                                              0000509P0003859
126,68,3,1,0,1,0,0.,0.,0.,0.,1.148284126E-02,2.296568253E-02,    0000511P0003860
3.444852379E-02,4.593136505E-02,5.741420632E-02,6.889704758E-02, 0000511P0003861
8.037988885E-02,9.186273011E-02,0.103345571,0.114828413,         0000511P0003862
0.126311254,0.137794095,0.149276936,0.160759778,0.172242619,     0000511P0003863
0.18372546,0.195208301,0.206691143,0.218173984,0.229656825,      0000511P0003864
0.241139667,0.252622508,0.264105349,0.27558819,0.287071032,      0000511P0003865
0.298553873,0.310036714,0.321519555,0.333002397,0.344485238,     0000511P0003866
0.355968079,0.36745092,0.378933762,0.390416603,0.401899444,      0000511P0003867
0.413382285,0.424865127,0.436347968,0.447830809,0.459313651,     0000511P0003868
0.470796492,0.482279333,0.493762174,0.505245016,0.516727857,     0000511P0003869
0.528210698,0.539693539,0.551176381,0.562659222,0.574142063,     0000511P0003870
0.585624904,0.597107746,0.608590587,0.620073428,0.63155627,      0000511P0003871
0.643039111,0.654521952,0.666004793,0.677487635,0.688970476,     0000511P0003872
0.700453317,0.711936158,0.723419,0.734901841,0.746384682,        0000511P0003873
0.757867523,0.757867523,0.757867523,0.757867523,1.,1.,1.,1.,1.,  0000511P0003874
1.,1.,1.,1.,1.,1.,1.,1.,1.,1.,1.,1.,1.,1.,1.,1.,1.,1.,1.,1.,1.,  0000511P0003875
1.,1.,1.,1.,1.,1.,1.,1.,1.,1.,1.,1.,1.,1.,1.,1.,1.,1.,1.,1.,1.,  0000511P0003876
1.,1.,1.,1.,1.,1.,1.,1.,1.,1.,1.,1.,1.,1.,1.,1.,1.,1.,1.,1.,1.,  0000511P0003877
1.,-40.632868614,-31.693263679,0.,-39.319238494,-31.691028048,   0000511P0003878
0.,-36.717283157,-31.686651177,0.,-32.882752994,-31.680451373,   0000511P0003879
0.,-29.108987436,-31.674704541,0.,-25.388790561,-31.669480191,   0000511P0003880
0.,-21.715146333,-31.664837532,0.,-18.081192439,-31.660824866,   0000511P0003881
0.,-14.48013221,-31.657481151,0.,-10.905192622,-31.654836897,0., 0000511P0003882
-7.34948394,-31.652915121,0.,-3.806223867,-31.651732163,0.,      0000511P0003883
-0.267613523,-31.651298263,0.,3.271254124,-31.651618318,-0.,     0000511P0003884
6.813702443,-31.652688748,-0.,10.36796934,-31.654500306,-0.,     0000511P0003885
13.940723881,-31.657037834,-0.,17.538857121,-31.660279486,-0.,   0000511P0003886
21.169078283,-31.664195946,-0.,24.838099655,-31.668749508,-0.,   0000511P0003887
28.552667271,-31.673893077,-0.,32.319634333,-31.67956908,-0.,    0000511P0003888
36.146039661,-31.685708345,-0.,40.039152725,-31.692228892,-0.,   0000511P0003889
44.006687481,-31.699035012,-0.,48.056431264,-31.706015402,-0.,   0000511P0003890
52.198127488,-31.713045205,-0.,56.437049738,-31.719974118,-0.,   0000511P0003891
60.79873338,-31.726667422,-0.,65.331104594,-31.732987692,-0.,    0000511P0003892
69.982983363,-31.738635241,-0.,74.730972831,-31.743370828,-0.,   0000511P0003893
79.548380005,-31.746980509,-0.,84.412375825,-31.749300927,-0.,   0000511P0003894
89.301112607,-31.750225202,-0.,94.193255316,-31.749710541,-0.,   0000511P0003895
99.068225949,-31.74777944,-0.,103.901315234,-31.744523606,-0.,   0000511P0003896
108.678549309,-31.740081086,-0.,113.334746182,-31.734698436,-0., 0000511P0003897
117.866218832,-31.728602612,-0.,122.286353472,-31.721987268,-0., 0000511P0003898
126.602581444,-31.715040662,-0.,130.822805976,-31.707935331,-0., 0000511P0003899
134.953878419,-31.700828908,-0.,139.002171342,-31.693862711,-0., 0000511P0003900
142.97355085,-31.687161605,-0.,146.873546211,-31.680834007,-0.,  0000511P0003901
150.707252044,-31.674972516,-0.,154.480036121,-31.669653778,-0., 0000511P0003902
158.19522663,-31.664942195,-0.,161.863007356,-31.660879822,-0.,  0000511P0003903
165.498989345,-31.657496407,-0.,169.108153718,-31.65482606,-0.,  0000511P0003904
172.697914648,-31.652892057,-0.,176.274738453,-31.65171152,-0.,  0000511P0003905
179.845129541,-31.651294608,-0.,183.415440532,-31.651644997,-0., 0000511P0003906
186.991991057,-31.652759823,-0.,190.581112354,-31.654629602,-0., 0000511P0003907
194.189174427,-31.657237917,-0.,197.822760358,-31.660561204,-0., 0000511P0003908
201.488281861,-31.664567565,-0.,205.193706485,-31.669218532,-0., 0000511P0003909
208.942435628,-31.674459219,-0.,212.756626536,-31.68025131,-0.,  0000511P0003910
216.649119976,-31.686537108,-0.,219.295949536,-31.690988093,-0., 0000511P0003911
220.632868594,-31.693263686,-0.,0.,0.757867523,-0.,-0.,1.;       0000511P0003912
110,220.632868575,-31.693263666,0.,220.632868575,-25.629874395,  0000513P0003913
0.;                                                              0000513P0003914
126,68,3,1,0,1,0,0.,0.,0.,0.,1.148284779E-02,2.296569559E-02,    0000515P0003915
3.444854338E-02,4.593139118E-02,5.741423897E-02,6.889708676E-02, 0000515P0003916
8.037993456E-02,9.186278235E-02,0.10334563,0.114828478,          0000515P0003917
0.126311326,0.137794174,0.149277021,0.160759869,0.172242717,     0000515P0003918
0.183725565,0.195208412,0.20669126,0.218174108,0.229656956,      0000515P0003919
0.241139804,0.252622651,0.264105499,0.275588347,0.287071195,     0000515P0003920
0.298554043,0.31003689,0.321519738,0.333002586,0.344485434,      0000515P0003921
0.355968282,0.367451129,0.378933977,0.390416825,0.401899673,     0000515P0003922
0.413382521,0.424865368,0.436348216,0.447831064,0.459313912,     0000515P0003923
0.47079676,0.482279607,0.493762455,0.505245303,0.516728151,      0000515P0003924
0.528210999,0.539693846,0.551176694,0.562659542,0.57414239,      0000515P0003925
0.585625237,0.597108085,0.608590933,0.620073781,0.631556629,     0000515P0003926
0.643039476,0.654522324,0.666005172,0.67748802,0.688970868,      0000515P0003927
0.700453715,0.711936563,0.723419411,0.734902259,0.746385107,     0000515P0003928
0.757867954,0.757867954,0.757867954,0.757867954,1.,1.,1.,1.,1.,  0000515P0003929
1.,1.,1.,1.,1.,1.,1.,1.,1.,1.,1.,1.,1.,1.,1.,1.,1.,1.,1.,1.,1.,  0000515P0003930
1.,1.,1.,1.,1.,1.,1.,1.,1.,1.,1.,1.,1.,1.,1.,1.,1.,1.,1.,1.,1.,  0000515P0003931
1.,1.,1.,1.,1.,1.,1.,1.,1.,1.,1.,1.,1.,1.,1.,1.,1.,1.,1.,1.,1.,  0000515P0003932
1.,220.632868542,-25.629874426,-0.,219.296134718,-25.627060886,  0000515P0003933
-0.,216.649605719,-25.621557183,-0.,212.757269886,-25.613783274, 0000515P0003934
-0.,208.942814461,-25.606618404,-0.,205.193428587,-25.600134395, 0000515P0003935
-0.,201.487147694,-25.594379355,-0.,197.820549839,-25.589421502, 0000515P0003936
-0.,194.185707189,-25.58530884,-0.,190.576234547,-25.582081175,  0000515P0003937
-0.,186.98558142,-25.579767952,-0.,183.407410883,-25.578389693,  0000515P0003938
-0.,179.835426297,-25.577958257,-0.,176.263343495,-25.578477212, 0000515P0003939
-0.,172.68484563,-25.579941935,-0.,169.093464991,-25.582339683,  0000515P0003940
-0.,165.482768682,-25.585649006,-0.,161.845386429,-25.589840745, 0000515P0003941
-0.,158.176338197,-25.594872323,-0.,154.46015132,-25.600706329,  0000515P0003942
-0.,150.686813384,-25.607289924,-0.,146.852854808,-25.61454318,  0000515P0003943
-0.,142.952857986,-25.622371001,-0.,138.981660681,-25.630658691, 0000515P0003944
-0.,134.933676487,-25.639272092,-0.,130.802984327,-25.648056814, 0000515P0003945
-0.,126.583159361,-25.656838228,-0.,122.267302451,-25.66542163,  0000515P0003946
-0.,117.847454957,-25.673593983,-0.,113.316164422,-25.68112285,  0000515P0003947
-0.,108.659896907,-25.687769298,-0.,103.88266042,-25.693252709,  0000515P0003948
-0.,99.049490571,-25.697269109,-0.,94.174439993,-25.69964825,    0000515P0003949
-0.,89.282260764,-25.700277221,-0.,84.39357795,-25.699128567,    0000515P0003950
-0.,79.529776425,-25.696255431,-0.,74.712768556,-25.691790081,   0000515P0003951
-0.,69.965462576,-25.685934522,-0.,65.314683765,-25.678953334,   0000515P0003952
-0.,60.783914942,-25.671142246,-0.,56.4247963,-25.662872492,-0., 0000515P0003953
52.188126511,-25.654311171,-0.,48.048460051,-25.645624437,-0.,   0000515P0003954
44.000483761,-25.636997697,-0.,40.034452652,-25.628585107,-0.,   0000515P0003955
36.142572021,-25.620524207,-0.,32.317127398,-25.612933396,-0.,   0000515P0003956
28.550853068,-25.605914212,-0.,24.836719676,-25.599552446,-0.,   0000515P0003957
21.167889528,-25.593919605,-0.,17.537638731,-25.589074277,-0.,   0000515P0003958
13.939284399,-25.585063436,-0.,10.366154214,-25.581923663,-0.,   0000515P0003959
6.811403255,-25.579682246,-0.,3.268414119,-25.578358125,-0.,     0000515P0003960
-0.270977237,-25.577962838,0.,-3.810055869,-25.578500789,0.,     0000515P0003961
-7.353725078,-25.579965838,0.,-10.909737018,-25.582345153,0.,    0000515P0003962
-14.484843663,-25.585618295,0.,-18.085904885,-25.589756507,0.,   0000515P0003963
-21.719668479,-25.594721728,0.,-25.392909208,-25.600465435,0.,   0000515P0003964
-29.112470875,-25.606927557,0.,-32.885354108,-25.614034572,0.,   0000515P0003965
-36.718741966,-25.621700268,0.,-39.319755908,-25.627110989,0.,   0000515P0003966
-40.632868584,-25.629874416,0.,0.,0.757867954,0.,0.,1.;          0000515P0003967
510,519,1,1,527;                                                 0000517P0003968
192,521,523,4.95,525;                                            0000519P0003969
116,-157.75837475,0.,50.521760755,0;                             0000521P0003970
123,0.,1.,0.;                                                    0000523P0003971
123,0.894934362,0.,-0.446197813;                                 0000525P0003972
508,4,0,17,77,1,1,0,529,0,17,35,0,1,0,531,0,17,77,0,1,0,533,0,   0000527P0003973
17,75,1,1,0,535;                                                 0000527P0003974
110,-2.37142157E-11,-25.218792596,0.,-2.37142157E-11,            0000529P0003975
-31.361760155,0.;                                                0000529P0003976
126,49,7,1,0,1,0,0.,0.,0.,0.,0.,0.,0.,0.,0.134569048,            0000531P0003977
0.134569048,0.134569048,0.134569048,0.134569048,0.134569048,     0000531P0003978
0.247046568,0.247046568,0.247046568,0.247046568,0.247046568,     0000531P0003979
0.247046568,0.363868251,0.363868251,0.363868251,0.363868251,     0000531P0003980
0.363868251,0.363868251,0.498984833,0.498984833,0.498984833,     0000531P0003981
0.498984833,0.498984833,0.498984833,0.634101433,0.634101433,     0000531P0003982
0.634101433,0.634101433,0.634101433,0.634101433,0.747036617,     0000531P0003983
0.747036617,0.747036617,0.747036617,0.747036617,0.747036617,     0000531P0003984
0.86433364,0.86433364,0.86433364,0.86433364,0.86433364,          0000531P0003985
0.86433364,1.,1.,1.,1.,1.,1.,1.,1.,1.,1.,1.,1.,1.,1.,1.,1.,1.,   0000531P0003986
1.,1.,1.,1.,1.,1.,1.,1.,1.,1.,1.,1.,1.,1.,1.,1.,1.,1.,1.,1.,1.,  0000531P0003987
1.,1.,1.,1.,1.,1.,1.,1.,1.,1.,1.,1.,1.,1.,1.,1.,1.,1.,1.,1.,     0000531P0003988
-2.37142157E-11,-31.361760155,0.,5.975313072,-31.361760155,-0.,  0000531P0003989
11.940912692,-31.371673644,-0.,17.956463561,-31.391443613,-0.,   0000531P0003990
24.075651295,-31.420526341,-0.,30.353411075,-31.457837506,-0.,   0000531P0003991
36.848212546,-31.501281944,-0.,49.310137926,-31.5856522,-0.,     0000531P0003992
55.33608713,-31.626817241,-0.,61.640223412,-31.667855394,-0.,    0000531P0003993
68.181714915,-31.704684363,-0.,74.939115466,-31.732726065,-0.,   0000531P0003994
81.90567937,-31.74836755,-0.,96.553650336,-31.75149748,-0.,      0000531P0003995
103.802461281,-31.737778979,-0.,110.84203001,-31.710154339,-0.,  0000531P0003996
117.66033084,-31.67241955,-0.,124.228489511,-31.629790738,-0.,   0000531P0003997
130.494535663,-31.586974608,-0.,143.151869504,-31.501281389,-0., 0000531P0003998
149.646598779,-31.45783746,-0.,155.924295817,-31.420526812,-0.,  0000531P0003999
162.043459849,-31.391443918,-0.,168.059033687,-31.371673645,-0., 0000531P0004000
174.024687762,-31.361760155,-0.,185.975313072,-31.361760155,-0., 0000531P0004001
191.940912692,-31.371673644,-0.,197.956463561,-31.391443613,-0., 0000531P0004002
204.075651295,-31.420526341,-0.,210.353411075,-31.457837506,-0., 0000531P0004003
216.848212546,-31.501281944,-0.,229.310137926,-31.5856522,-0.,   0000531P0004004
235.33608713,-31.626817241,-0.,241.640223411,-31.667855394,-0.,  0000531P0004005
248.181714915,-31.704684363,-0.,254.939115466,-31.732726065,-0., 0000531P0004006
261.905679369,-31.74836755,-0.,276.553650336,-31.75149748,-0.,   0000531P0004007
283.802461281,-31.737778979,-0.,290.84203001,-31.710154339,-0.,  0000531P0004008
297.66033084,-31.67241955,-0.,304.228489511,-31.629790738,-0.,   0000531P0004009
310.494535663,-31.586974608,-0.,323.151869427,-31.501281389,-0., 0000531P0004010
329.64659907,-31.457837458,-0.,335.924295307,-31.420526814,-0.,  0000531P0004011
342.043460347,-31.391443916,-0.,348.05903342,-31.371673646,-0.,  0000531P0004012
354.024687827,-31.361760155,-0.,360.,-31.361760155,-0.,0.,1.,0., 0000531P0004013
0.,1.;                                                           0000531P0004014
110,360.,-31.361760155,-0.,360.,-25.218792596,-0.;               0000533P0004015
126,49,7,1,0,1,0,0.,0.,0.,0.,0.,0.,0.,0.,0.135659378,            0000535P0004016
0.135659378,0.135659378,0.135659378,0.135659378,0.135659378,     0000535P0004017
0.25299596,0.25299596,0.25299596,0.25299596,0.25299596,          0000535P0004018
0.25299596,0.36596429,0.36596429,0.36596429,0.36596429,          0000535P0004019
0.36596429,0.36596429,0.501053272,0.501053272,0.501053272,       0000535P0004020
0.501053272,0.501053272,0.501053272,0.636142306,0.636142306,     0000535P0004021
0.636142306,0.636142306,0.636142306,0.636142306,0.752985578,     0000535P0004022
0.752985578,0.752985578,0.752985578,0.752985578,0.752985578,     0000535P0004023
0.865478962,0.865478962,0.865478962,0.865478962,0.865478962,     0000535P0004024
0.865478962,1.,1.,1.,1.,1.,1.,1.,1.,1.,1.,1.,1.,1.,1.,1.,1.,1.,  0000535P0004025
1.,1.,1.,1.,1.,1.,1.,1.,1.,1.,1.,1.,1.,1.,1.,1.,1.,1.,1.,1.,1.,  0000535P0004026
1.,1.,1.,1.,1.,1.,1.,1.,1.,1.,1.,1.,1.,1.,1.,1.,1.,1.,1.,1.,     0000535P0004027
360.,-25.218792596,-0.,354.018925172,-25.218792596,-0.,          0000535P0004028
348.047956939,-25.231144704,-0.,342.028603156,-25.255774775,-0., 0000535P0004029
335.908097287,-25.291972085,-0.,329.632170476,-25.338325712,-0., 0000535P0004030
323.142721392,-25.392188989,-0.,310.500166557,-25.498292143,-0., 0000535P0004031
304.239407161,-25.551283657,-0.,297.675732504,-25.604010617,-0., 0000535P0004032
290.860273506,-25.650659114,-0.,283.820527326,-25.684840662,-0., 0000535P0004033
276.566673873,-25.701853441,-0.,261.89345503,-25.697980027,-0.,  0000535P0004034
254.922142835,-25.678595376,-0.,248.164647587,-25.643901871,-0., 0000535P0004035
241.625984032,-25.598369731,-0.,235.326248493,-25.547609451,-0., 0000535P0004036
229.305312709,-25.49665962,-0.,216.857361404,-25.392189684,-0.,  0000535P0004037
210.367839852,-25.338325774,-0.,204.091849317,-25.291971497,-0., 0000535P0004038
197.971320242,-25.255774393,-0.,191.951987415,-25.231144689,-0., 0000535P0004039
185.981072515,-25.218792596,-0.,174.018925172,-25.218792596,-0., 0000535P0004040
168.047956939,-25.231144704,-0.,162.028603156,-25.255774775,-0., 0000535P0004041
155.908097287,-25.291972085,-0.,149.632170476,-25.338325712,-0., 0000535P0004042
143.142721392,-25.392188989,-0.,130.500166558,-25.498292143,-0., 0000535P0004043
124.23940716,-25.551283657,-0.,117.675732503,-25.604010617,-0.,  0000535P0004044
110.860273506,-25.650659114,-0.,103.820527327,-25.684840662,-0., 0000535P0004045
96.566673872,-25.701853441,-0.,81.893455029,-25.697980027,-0.,   0000535P0004046
74.922142836,-25.678595376,-0.,68.164647587,-25.643901871,-0.,   0000535P0004047
61.625984032,-25.598369731,-0.,55.326248493,-25.547609451,-0.,   0000535P0004048
49.305312709,-25.49665962,-0.,36.857361326,-25.392189683,-0.,    0000535P0004049
30.367840148,-25.338325776,-0.,24.091848803,-25.291971494,-0.,   0000535P0004050
17.971320734,-25.255774395,-0.,11.951987158,-25.231144688,-0.,   0000535P0004051
5.981072574,-25.218792596,-0.,-2.37142157E-11,-25.218792596,0.,  0000535P0004052
0.,1.,-0.,-0.,1.;                                                0000535P0004053
510,539,1,1,547;                                                 0000537P0004054
192,541,543,4.95,545;                                            0000539P0004055
116,-159.09696819,0.,47.83695767,0;                              0000541P0004056
123,0.894934362,0.,-0.446197813;                                 0000543P0004057
123,0.,1.,0.;                                                    0000545P0004058
508,4,0,17,74,0,1,0,549,0,17,78,1,1,0,551,0,17,34,1,1,0,553,0,   0000547P0004059
17,78,0,1,0,555;                                                 0000547P0004060
126,85,7,1,0,1,0,0.,0.,0.,0.,0.,0.,0.,0.,0.134319883,            0000549P0004061
0.134319883,0.134319883,0.134319883,0.134319883,0.134319883,     0000549P0004062
0.203369223,0.203369223,0.203369223,0.203369223,0.203369223,     0000549P0004063
0.203369223,0.249971701,0.249971701,0.249971701,0.249971701,     0000549P0004064
0.249971701,0.249971701,0.296572517,0.296572517,0.296572517,     0000549P0004065
0.296572517,0.296572517,0.296572517,0.365620793,0.365620793,     0000549P0004066
0.365620793,0.365620793,0.365620793,0.365620793,0.425036301,     0000549P0004067
0.425036301,0.425036301,0.425036301,0.425036301,0.425036301,     0000549P0004068
0.500002897,0.500002897,0.500002897,0.500002897,0.500002897,     0000549P0004069
0.500002897,0.574969371,0.574969371,0.574969371,0.574969371,     0000549P0004070
0.574969371,0.574969371,0.634384947,0.634384947,0.634384947,     0000549P0004071
0.634384947,0.634384947,0.634384947,0.703433308,0.703433308,     0000549P0004072
0.703433308,0.703433308,0.703433308,0.703433308,0.750035124,     0000549P0004073
0.750035124,0.750035124,0.750035124,0.750035124,0.750035124,     0000549P0004074
0.796635279,0.796635279,0.796635279,0.796635279,0.796635279,     0000549P0004075
0.796635279,0.865682576,0.865682576,0.865682576,0.865682576,     0000549P0004076
0.865682576,0.865682576,1.,1.,1.,1.,1.,1.,1.,1.,1.,1.,1.,1.,1.,  0000549P0004077
1.,1.,1.,1.,1.,1.,1.,1.,1.,1.,1.,1.,1.,1.,1.,1.,1.,1.,1.,1.,1.,  0000549P0004078
1.,1.,1.,1.,1.,1.,1.,1.,1.,1.,1.,1.,1.,1.,1.,1.,1.,1.,1.,1.,1.,  0000549P0004079
1.,1.,1.,1.,1.,1.,1.,1.,1.,1.,1.,1.,1.,1.,1.,1.,1.,1.,1.,1.,1.,  0000549P0004080
1.,1.,1.,1.,1.,1.,1.,1.,1.,1.,1.,1.,1.,1.,1.,1.,1.,1.,360.,      0000549P0004081
-25.218792596,-0.,354.018898266,-25.218792596,-0.,348.047957505, 0000549P0004082
-25.231144812,-0.,342.02861123,-25.255774719,-0.,335.908076531,  0000549P0004083
-25.291972003,-0.,329.632093513,-25.33832633,-0.,323.14260253,   0000549P0004084
-25.392189986,-0.,312.878797548,-25.478329386,-0.,309.306765543, 0000549P0004085
-25.508466393,-0.,305.645026304,-25.538821064,-0.,301.88958299,  0000549P0004086
-25.568575152,-0.,298.035246891,-25.596767935,-0.,294.075224399, 0000549P0004087
-25.62233401,-0.,287.249567428,-25.65891715,-0.,284.446662972,   0000549P0004088
-25.671962018,-0.,281.602568133,-25.682897192,-0.,278.727120027, 0000549P0004089
-25.691368178,-0.,275.829221879,-25.697116316,-0.,272.917341821, 0000549P0004090
-25.7,-0.,267.082762202,-25.7,-0.,264.170892224,-25.697116521,   0000549P0004091
-0.,261.272950749,-25.69136846,-0.,258.397439805,-25.682897317,  0000549P0004092
-0.,255.553293159,-25.671961862,-0.,252.750376869,-25.658916851, 0000549P0004093
-0.,245.924775601,-25.62233401,-0.,241.964753109,-25.596767935,  0000549P0004094
-0.,238.11041701,-25.568575152,-0.,234.354973696,-25.538821064,  0000549P0004095
-0.,230.693234457,-25.508466393,-0.,227.121202451,-25.478329386, 0000549P0004096
-0.,220.637686813,-25.423916218,-0.,217.696535303,-25.399349895, 0000549P0004097
-0.,214.806291667,-25.375770839,-0.,211.960846518,-25.35349372,  0000549P0004098
-0.,209.154433512,-25.332771626,-0.,206.381464324,-25.313806884, 0000549P0004099
-0.,200.17277536,-25.275255608,-0.,196.753615081,-25.256805772,  0000549P0004100
-0.,193.369053647,-25.241746407,-0.,190.010083936,-25.23030667,  0000549P0004101
-0.,186.668037259,-25.222631362,-0.,183.334267077,-25.218792596, 0000549P0004102
-0.,176.665738349,-25.218792596,-0.,173.331975125,-25.22263135,  0000549P0004103
-0.,169.989929391,-25.230306627,-0.,166.630953516,-25.24174636,  0000549P0004104
-0.,163.246381939,-25.256805774,-0.,159.827214788,-25.275255669, 0000549P0004105
-0.,153.618535868,-25.313806883,-0.,150.845566283,-25.332771628, 0000549P0004106
-0.,148.039153327,-25.353493721,-0.,145.193708503,-25.375770838, 0000549P0004107
-0.,142.303464899,-25.399349894,-0.,139.362312975,-25.42391622,  0000549P0004108
-0.,132.878797548,-25.478329386,-0.,129.306765543,-25.508466393, 0000549P0004109
-0.,125.645026304,-25.538821064,-0.,121.88958299,-25.568575152,  0000549P0004110
-0.,118.035246891,-25.596767935,-0.,114.075224399,-25.62233401,  0000549P0004111
-0.,107.249567428,-25.65891715,-0.,104.446662972,-25.671962018,  0000549P0004112
-0.,101.602568133,-25.682897192,-0.,98.727120027,-25.691368178,  0000549P0004113
-0.,95.829221879,-25.697116316,-0.,92.917341821,-25.7,-0.,       0000549P0004114
87.082762202,-25.7,-0.,84.170892224,-25.697116521,-0.,           0000549P0004115
81.272950749,-25.69136846,-0.,78.397439805,-25.682897317,-0.,    0000549P0004116
75.553293159,-25.671961862,-0.,72.750376869,-25.658916851,-0.,   0000549P0004117
65.924775601,-25.62233401,-0.,61.964753109,-25.596767935,-0.,    0000549P0004118
58.11041701,-25.568575152,-0.,54.354973696,-25.538821064,-0.,    0000549P0004119
50.693234457,-25.508466393,-0.,47.121202452,-25.478329386,-0.,   0000549P0004120
36.857320962,-25.392189344,-0.,30.367889397,-25.338326206,-0.,   0000549P0004121
24.091962227,-25.291972475,-0.,17.97144606,-25.255774976,-0.,    0000549P0004122
11.952073894,-25.231144758,-0.,5.981088093,-25.218792596,-0.,0., 0000549P0004123
-25.218792596,-0.,0.,1.,-0.,-0.,1.;                              0000549P0004124
110,2.37142157E-11,-25.218792596,-0.,2.37142157E-11,             0000551P0004125
-31.361760155,-0.;                                               0000551P0004126
126,85,7,1,0,1,0,0.,0.,0.,0.,0.,0.,0.,0.,0.1343616,0.1343616,    0000553P0004127
0.1343616,0.1343616,0.1343616,0.1343616,0.203345637,0.203345637, 0000553P0004128
0.203345637,0.203345637,0.203345637,0.203345637,0.249969538,     0000553P0004129
0.249969538,0.249969538,0.249969538,0.249969538,0.249969538,     0000553P0004130
0.296595037,0.296595037,0.296595037,0.296595037,0.296595037,     0000553P0004131
0.296595037,0.365580116,0.365580116,0.365580116,0.365580116,     0000553P0004132
0.365580116,0.365580116,0.427783492,0.427783492,0.427783492,     0000553P0004133
0.427783492,0.427783492,0.427783492,0.499997129,0.499997129,     0000553P0004134
0.499997129,0.499997129,0.499997129,0.499997129,0.572210882,     0000553P0004135
0.572210882,0.572210882,0.572210882,0.572210882,0.572210882,     0000553P0004136
0.634414196,0.634414196,0.634414196,0.634414196,0.634414196,     0000553P0004137
0.634414196,0.703399206,0.703399206,0.703399206,0.703399206,     0000553P0004138
0.703399206,0.703399206,0.750023765,0.750023765,0.750023765,     0000553P0004139
0.750023765,0.750023765,0.750023765,0.796649921,0.796649921,     0000553P0004140
0.796649921,0.796649921,0.796649921,0.796649921,0.865635972,     0000553P0004141
0.865635972,0.865635972,0.865635972,0.865635972,0.865635972,1.,  0000553P0004142
1.,1.,1.,1.,1.,1.,1.,1.,1.,1.,1.,1.,1.,1.,1.,1.,1.,1.,1.,1.,1.,  0000553P0004143
1.,1.,1.,1.,1.,1.,1.,1.,1.,1.,1.,1.,1.,1.,1.,1.,1.,1.,1.,1.,1.,  0000553P0004144
1.,1.,1.,1.,1.,1.,1.,1.,1.,1.,1.,1.,1.,1.,1.,1.,1.,1.,1.,1.,1.,  0000553P0004145
1.,1.,1.,1.,1.,1.,1.,1.,1.,1.,1.,1.,1.,1.,1.,1.,1.,1.,1.,1.,1.,  0000553P0004146
1.,1.,1.,1.,1.,1.,1.,1.,1.,0.,-31.361760155,-0.,5.975326568,     0000553P0004147
-31.361760155,-0.,11.941000065,-31.371673693,-0.,17.956591722,   0000553P0004148
-31.391444088,-0.,24.075768487,-31.42052715,-0.,30.353463966,    0000553P0004149
-31.457837878,-0.,36.848175242,-31.501281692,-0.,47.121560653,   0000553P0004150
-31.570835002,-0.,50.694681015,-31.595164898,-0.,54.35768465,    0000553P0004151
-31.619683754,-0.,58.114073491,-31.643726554,-0.,61.968580594,   0000553P0004152
-31.666512107,-0.,65.927548952,-31.687175593,-0.,72.75242737,    0000553P0004153
-31.716762173,-0.,75.556402927,-31.727318487,-0.,78.400862455,   0000553P0004154
-31.736166116,-0.,81.276109344,-31.743018916,-0.,84.173331598,   0000553P0004155
-31.747668149,-0.,87.084121798,-31.75,-0.,92.915978134,-31.75,   0000553P0004156
-0.,95.826777885,-31.74766799,-0.,98.723958534,-31.743018697,    0000553P0004157
-0.,101.599145312,-31.736166018,-0.,104.443555464,-31.727318607, 0000553P0004158
-0.,107.247519841,-31.716762401,-0.,114.072451047,-31.687175593, 0000553P0004159
-0.,118.031419406,-31.666512107,-0.,121.885926509,-31.643726554, 0000553P0004160
-0.,125.64231535,-31.619683754,-0.,129.305318985,-31.595164898,  0000553P0004161
-0.,132.878439347,-31.570835002,-0.,139.506214787,-31.525963355, 0000553P0004162
-0.,142.585148083,-31.505231252,-0.,145.608000746,-31.485401926, 0000553P0004163
-0.,148.581722718,-31.466762406,-0.,151.512856133,-31.449539266, 0000553P0004164
-0.,154.407742066,-31.433910004,-0.,160.598768618,-31.403882636, 0000553P0004165
-0.,163.884431479,-31.390087692,-0.,167.138530377,-31.378853091, 0000553P0004166
-0.,170.369230064,-31.37033113,-0.,173.584428109,-31.364617609,  0000553P0004167
-0.,176.792013323,-31.361760155,-0.,183.207991816,-31.361760155, 0000553P0004168
-0.,186.41558331,-31.364617618,-0.,189.630782167,-31.370331161,  0000553P0004169
-0.,192.861476277,-31.378853125,-0.,196.115566056,-31.390087692, 0000553P0004170
-0.,199.401222748,-31.403882594,-0.,205.592257934,-31.433910004, 0000553P0004171
-0.,208.487143867,-31.449539266,-0.,211.418277282,-31.466762406, 0000553P0004172
-0.,214.391999254,-31.485401926,-0.,217.414851917,-31.505231252, 0000553P0004173
-0.,220.493785213,-31.525963355,-0.,227.121560653,-31.570835002, 0000553P0004174
-0.,230.694681015,-31.595164898,-0.,234.35768465,-31.619683754,  0000553P0004175
-0.,238.114073491,-31.643726554,-0.,241.968580594,-31.666512107, 0000553P0004176
-0.,245.927548952,-31.687175593,-0.,252.75242737,-31.716762173,  0000553P0004177
-0.,255.556402927,-31.727318487,-0.,258.400862455,-31.736166116, 0000553P0004178
-0.,261.276109344,-31.743018916,-0.,264.173331598,-31.747668149, 0000553P0004179
-0.,267.084121798,-31.75,-0.,272.915978134,-31.75,-0.,           0000553P0004180
275.826777885,-31.74766799,-0.,278.723958534,-31.743018697,-0.,  0000553P0004181
281.599145312,-31.736166018,-0.,284.443555464,-31.727318607,-0., 0000553P0004182
287.247519841,-31.716762401,-0.,294.072451048,-31.687175593,-0., 0000553P0004183
298.031419406,-31.666512107,-0.,301.885926509,-31.643726554,-0., 0000553P0004184
305.64231535,-31.619683754,-0.,309.305318985,-31.595164898,-0.,  0000553P0004185
312.878439347,-31.570835002,-0.,323.15174928,-31.501282203,-0.,  0000553P0004186
329.646519125,-31.457837975,-0.,335.924271081,-31.420526767,-0., 0000553P0004187
342.043464857,-31.391443886,-0.,348.05903013,-31.371673745,-0.,  0000553P0004188
354.024656996,-31.361760155,-0.,360.,-31.361760155,-0.,0.,1.,0., 0000553P0004189
0.,1.;                                                           0000553P0004190
110,360.,-31.361760155,-0.,360.,-25.218792596,-0.;               0000555P0004191
510,559,1,1,567;                                                 0000557P0004192
192,561,563,4.95,565;                                            0000559P0004193
116,-149.726814114,0.,66.630579264,0;                            0000561P0004194
123,0.894934362,0.,-0.446197813;                                 0000563P0004195
123,0.,1.,0.;                                                    0000565P0004196
508,4,0,17,73,0,1,0,569,0,17,79,1,1,0,571,0,17,33,1,1,0,573,0,   0000567P0004197
17,79,0,1,0,575;                                                 0000567P0004198
126,85,7,1,0,1,0,0.,0.,0.,0.,0.,0.,0.,0.,0.134319884,            0000569P0004199
0.134319884,0.134319884,0.134319884,0.134319884,0.134319884,     0000569P0004200
0.203369224,0.203369224,0.203369224,0.203369224,0.203369224,     0000569P0004201
0.203369224,0.249971701,0.249971701,0.249971701,0.249971701,     0000569P0004202
0.249971701,0.249971701,0.296572517,0.296572517,0.296572517,     0000569P0004203
0.296572517,0.296572517,0.296572517,0.365620793,0.365620793,     0000569P0004204
0.365620793,0.365620793,0.365620793,0.365620793,0.4250363,       0000569P0004205
0.4250363,0.4250363,0.4250363,0.4250363,0.4250363,0.500002896,   0000569P0004206
0.500002896,0.500002896,0.500002896,0.500002896,0.500002896,     0000569P0004207
0.57496937,0.57496937,0.57496937,0.57496937,0.57496937,          0000569P0004208
0.57496937,0.634384949,0.634384949,0.634384949,0.634384949,      0000569P0004209
0.634384949,0.634384949,0.70343331,0.70343331,0.70343331,        0000569P0004210
0.70343331,0.70343331,0.70343331,0.750035126,0.750035126,        0000569P0004211
0.750035126,0.750035126,0.750035126,0.750035126,0.79663528,      0000569P0004212
0.79663528,0.79663528,0.79663528,0.79663528,0.79663528,          0000569P0004213
0.865682577,0.865682577,0.865682577,0.865682577,0.865682577,     0000569P0004214
0.865682577,1.,1.,1.,1.,1.,1.,1.,1.,1.,1.,1.,1.,1.,1.,1.,1.,1.,  0000569P0004215
1.,1.,1.,1.,1.,1.,1.,1.,1.,1.,1.,1.,1.,1.,1.,1.,1.,1.,1.,1.,1.,  0000569P0004216
1.,1.,1.,1.,1.,1.,1.,1.,1.,1.,1.,1.,1.,1.,1.,1.,1.,1.,1.,1.,1.,  0000569P0004217
1.,1.,1.,1.,1.,1.,1.,1.,1.,1.,1.,1.,1.,1.,1.,1.,1.,1.,1.,1.,1.,  0000569P0004218
1.,1.,1.,1.,1.,1.,1.,1.,1.,1.,1.,1.,1.,1.,360.,-25.218792596,    0000569P0004219
-0.,354.018898204,-25.218792596,-0.,348.047957764,-25.231144811, 0000569P0004220
-0.,342.028610738,-25.255774721,-0.,335.908077041,-25.291972,    0000569P0004221
-0.,329.632093221,-25.338326332,-0.,323.142602608,-25.392189986, 0000569P0004222
-0.,312.878797548,-25.478329386,-0.,309.306765543,-25.508466393, 0000569P0004223
-0.,305.645026304,-25.538821064,-0.,301.88958299,-25.568575152,  0000569P0004224
-0.,298.035246891,-25.596767935,-0.,294.075224399,-25.62233401,  0000569P0004225
-0.,287.249567429,-25.65891715,-0.,284.446662972,-25.671962018,  0000569P0004226
-0.,281.602568132,-25.682897192,-0.,278.727120026,-25.691368178, 0000569P0004227
-0.,275.829221879,-25.697116316,-0.,272.917341822,-25.7,-0.,     0000569P0004228
267.082762202,-25.7,-0.,264.170892224,-25.697116521,-0.,         0000569P0004229
261.272950749,-25.69136846,-0.,258.397439805,-25.682897317,-0.,  0000569P0004230
255.553293159,-25.671961862,-0.,252.750376869,-25.658916851,-0., 0000569P0004231
245.924775601,-25.62233401,-0.,241.964753109,-25.596767935,-0.,  0000569P0004232
238.11041701,-25.568575152,-0.,234.354973696,-25.538821064,-0.,  0000569P0004233
230.693234457,-25.508466393,-0.,227.121202452,-25.478329386,-0., 0000569P0004234
220.637686813,-25.423916218,-0.,217.696535303,-25.399349895,-0., 0000569P0004235
214.806291667,-25.375770839,-0.,211.960846518,-25.35349372,-0.,  0000569P0004236
209.154433512,-25.332771626,-0.,206.381464324,-25.313806884,-0., 0000569P0004237
200.17277536,-25.275255608,-0.,196.753615081,-25.256805772,-0.,  0000569P0004238
193.369053647,-25.241746407,-0.,190.010083935,-25.23030667,-0.,  0000569P0004239
186.668037259,-25.222631362,-0.,183.334267078,-25.218792596,-0., 0000569P0004240
176.665738349,-25.218792596,-0.,173.331975125,-25.22263135,-0.,  0000569P0004241
169.989929391,-25.230306627,-0.,166.630953516,-25.24174636,-0.,  0000569P0004242
163.246381939,-25.256805774,-0.,159.827214788,-25.275255669,-0., 0000569P0004243
153.618535676,-25.313806884,-0.,150.845566488,-25.332771626,-0., 0000569P0004244
148.039153482,-25.35349372,-0.,145.193708333,-25.375770839,-0.,  0000569P0004245
142.303464697,-25.399349895,-0.,139.362313187,-25.423916218,-0., 0000569P0004246
132.878797548,-25.478329386,-0.,129.306765543,-25.508466393,-0., 0000569P0004247
125.645026304,-25.538821064,-0.,121.88958299,-25.568575152,-0.,  0000569P0004248
118.035246891,-25.596767935,-0.,114.075224399,-25.62233401,-0.,  0000569P0004249
107.249567428,-25.65891715,-0.,104.446662972,-25.671962018,-0.,  0000569P0004250
101.602568133,-25.682897192,-0.,98.727120027,-25.691368178,-0.,  0000569P0004251
95.829221879,-25.697116316,-0.,92.917341821,-25.7,-0.,           0000569P0004252
87.082762202,-25.7,-0.,84.170892224,-25.697116521,-0.,           0000569P0004253
81.272950749,-25.69136846,-0.,78.397439805,-25.682897317,-0.,    0000569P0004254
75.553293159,-25.671961862,-0.,72.750376869,-25.658916851,-0.,   0000569P0004255
65.924775601,-25.62233401,-0.,61.964753109,-25.596767935,-0.,    0000569P0004256
58.11041701,-25.568575152,-0.,54.354973696,-25.538821064,-0.,    0000569P0004257
50.693234457,-25.508466393,-0.,47.121202452,-25.478329386,-0.,   0000569P0004258
36.857320962,-25.392189344,-0.,30.367889397,-25.338326206,-0.,   0000569P0004259
24.091962227,-25.291972475,-0.,17.97144606,-25.255774976,-0.,    0000569P0004260
11.952073894,-25.231144758,-0.,5.981088093,-25.218792596,-0.,0., 0000569P0004261
-25.218792596,-0.,0.,1.,-0.,-0.,1.;                              0000569P0004262
110,2.37142157E-11,-25.218792596,-0.,2.37142157E-11,             0000571P0004263
-31.361760155,-0.;                                               0000571P0004264
126,85,7,1,0,1,0,0.,0.,0.,0.,0.,0.,0.,0.,0.1343616,0.1343616,    0000573P0004265
0.1343616,0.1343616,0.1343616,0.1343616,0.203345638,0.203345638, 0000573P0004266
0.203345638,0.203345638,0.203345638,0.203345638,0.249969539,     0000573P0004267
0.249969539,0.249969539,0.249969539,0.249969539,0.249969539,     0000573P0004268
0.296595038,0.296595038,0.296595038,0.296595038,0.296595038,     0000573P0004269
0.296595038,0.365580118,0.365580118,0.365580118,0.365580118,     0000573P0004270
0.365580118,0.365580118,0.427783489,0.427783489,0.427783489,     0000573P0004271
0.427783489,0.427783489,0.427783489,0.499997126,0.499997126,     0000573P0004272
0.499997126,0.499997126,0.499997126,0.499997126,0.572210879,     0000573P0004273
0.572210879,0.572210879,0.572210879,0.572210879,0.572210879,     0000573P0004274
0.634414193,0.634414193,0.634414193,0.634414193,0.634414193,     0000573P0004275
0.634414193,0.703399204,0.703399204,0.703399204,0.703399204,     0000573P0004276
0.703399204,0.703399204,0.750023762,0.750023762,0.750023762,     0000573P0004277
0.750023762,0.750023762,0.750023762,0.796649919,0.796649919,     0000573P0004278
0.796649919,0.796649919,0.796649919,0.796649919,0.86563597,      0000573P0004279
0.86563597,0.86563597,0.86563597,0.86563597,0.86563597,1.,1.,1., 0000573P0004280
1.,1.,1.,1.,1.,1.,1.,1.,1.,1.,1.,1.,1.,1.,1.,1.,1.,1.,1.,1.,1.,  0000573P0004281
1.,1.,1.,1.,1.,1.,1.,1.,1.,1.,1.,1.,1.,1.,1.,1.,1.,1.,1.,1.,1.,  0000573P0004282
1.,1.,1.,1.,1.,1.,1.,1.,1.,1.,1.,1.,1.,1.,1.,1.,1.,1.,1.,1.,1.,  0000573P0004283
1.,1.,1.,1.,1.,1.,1.,1.,1.,1.,1.,1.,1.,1.,1.,1.,1.,1.,1.,1.,1.,  0000573P0004284
1.,1.,1.,1.,1.,1.,1.,0.,-31.361760155,-0.,5.975326568,           0000573P0004285
-31.361760155,-0.,11.941000065,-31.371673693,-0.,17.956591722,   0000573P0004286
-31.391444088,-0.,24.075768487,-31.42052715,-0.,30.353463966,    0000573P0004287
-31.457837878,-0.,36.848175242,-31.501281692,-0.,47.121560653,   0000573P0004288
-31.570835002,-0.,50.694681015,-31.595164898,-0.,54.35768465,    0000573P0004289
-31.619683754,-0.,58.114073491,-31.643726554,-0.,61.968580594,   0000573P0004290
-31.666512107,-0.,65.927548952,-31.687175593,-0.,72.75242737,    0000573P0004291
-31.716762173,-0.,75.556402927,-31.727318487,-0.,78.400862455,   0000573P0004292
-31.736166116,-0.,81.276109344,-31.743018916,-0.,84.173331598,   0000573P0004293
-31.747668149,-0.,87.084121798,-31.75,-0.,92.915978134,-31.75,   0000573P0004294
-0.,95.826777885,-31.74766799,-0.,98.723958534,-31.743018697,    0000573P0004295
-0.,101.599145312,-31.736166018,-0.,104.443555464,-31.727318607, 0000573P0004296
-0.,107.247519841,-31.716762401,-0.,114.072451048,-31.687175593, 0000573P0004297
-0.,118.031419406,-31.666512107,-0.,121.885926509,-31.643726554, 0000573P0004298
-0.,125.64231535,-31.619683754,-0.,129.305318985,-31.595164898,  0000573P0004299
-0.,132.878439347,-31.570835002,-0.,139.506214527,-31.525963357, 0000573P0004300
-0.,142.585148331,-31.505231251,-0.,145.608000955,-31.485401925, 0000573P0004301
-0.,148.581722528,-31.466762407,-0.,151.512855882,-31.449539268, 0000573P0004302
-0.,154.4077423,-31.433910003,-0.,160.598768619,-31.403882636,   0000573P0004303
-0.,163.884431478,-31.390087692,-0.,167.138530377,-31.378853091, 0000573P0004304
-0.,170.369230064,-31.37033113,-0.,173.584428109,-31.364617609,  0000573P0004305
-0.,176.792013323,-31.361760155,-0.,183.207991816,-31.361760155, 0000573P0004306
-0.,186.41558331,-31.364617618,-0.,189.630782167,-31.370331161,  0000573P0004307
-0.,192.861476277,-31.378853125,-0.,196.115566056,-31.390087692, 0000573P0004308
-0.,199.401222748,-31.403882594,-0.,205.592257934,-31.433910004, 0000573P0004309
-0.,208.487143867,-31.449539266,-0.,211.418277282,-31.466762406, 0000573P0004310
-0.,214.391999254,-31.485401926,-0.,217.414851917,-31.505231252, 0000573P0004311
-0.,220.493785213,-31.525963355,-0.,227.121560653,-31.570835002, 0000573P0004312
-0.,230.694681015,-31.595164898,-0.,234.35768465,-31.619683754,  0000573P0004313
-0.,238.114073491,-31.643726554,-0.,241.968580594,-31.666512107, 0000573P0004314
-0.,245.927548952,-31.687175593,-0.,252.75242737,-31.716762173,  0000573P0004315
-0.,255.556402927,-31.727318487,-0.,258.400862455,-31.736166116, 0000573P0004316
-0.,261.276109344,-31.743018916,-0.,264.173331598,-31.747668149, 0000573P0004317
-0.,267.084121798,-31.75,-0.,272.915978134,-31.75,-0.,           0000573P0004318
275.826777885,-31.74766799,-0.,278.723958534,-31.743018697,-0.,  0000573P0004319
281.599145312,-31.736166018,-0.,284.443555464,-31.727318607,-0., 0000573P0004320
287.247519841,-31.716762401,-0.,294.072451048,-31.687175593,-0., 0000573P0004321
298.031419406,-31.666512107,-0.,301.885926509,-31.643726554,-0., 0000573P0004322
305.64231535,-31.619683754,-0.,309.305318985,-31.595164898,-0.,  0000573P0004323
312.878439347,-31.570835002,-0.,323.151749358,-31.501282202,-0., 0000573P0004324
329.646518829,-31.457837977,-0.,335.924271597,-31.420526765,-0., 0000573P0004325
342.043464361,-31.391443888,-0.,348.059030392,-31.371673745,-0., 0000573P0004326
354.024656934,-31.361760155,-0.,360.,-31.361760155,-0.,0.,1.,0., 0000573P0004327
0.,1.;                                                           0000573P0004328
110,360.,-31.361760155,-0.,360.,-25.218792596,-0.;               0000575P0004329
510,579,1,1,587;                                                 0000577P0004330
192,581,583,4.95,585;                                            0000579P0004331
116,-167.485487076,0.,31.012191672,0;                            0000581P0004332
123,0.,-1.,0.;                                                   0000583P0004333
123,0.894934362,0.,-0.446197813;                                 0000585P0004334
508,4,0,17,71,0,1,0,589,0,17,80,0,1,0,591,0,17,31,1,1,0,593,0,   0000587P0004335
17,81,1,1,0,595;                                                 0000587P0004336
126,68,3,1,0,1,0,0.803370792,0.803370792,0.803370792,            0000589P0004337
0.803370792,0.816842373,0.830313954,0.843785535,0.857257116,     0000589P0004338
0.870728696,0.884200277,0.897671858,0.911143439,0.92461502,      0000589P0004339
0.938086601,0.951558182,0.965029763,0.978501344,0.991972925,     0000589P0004340
1.005444506,1.018916087,1.032387668,1.045859248,1.059330829,     0000589P0004341
1.07280241,1.086273991,1.099745572,1.113217153,1.126688734,      0000589P0004342
1.140160315,1.153631896,1.167103477,1.180575058,1.194046639,     0000589P0004343
1.20751822,1.220989801,1.234461381,1.247932962,1.261404543,      0000589P0004344
1.274876124,1.288347705,1.301819286,1.315290867,1.328762448,     0000589P0004345
1.342234029,1.35570561,1.369177191,1.382648772,1.396120353,      0000589P0004346
1.409591933,1.423063514,1.436535095,1.450006676,1.463478257,     0000589P0004347
1.476949838,1.490421419,1.503893,1.517364581,1.530836162,        0000589P0004348
1.544307743,1.557779324,1.571250905,1.584722486,1.598194066,     0000589P0004349
1.611665647,1.625137228,1.638608809,1.65208039,1.665551971,      0000589P0004350
1.679023552,1.692495133,1.692495133,1.692495133,1.692495133,1.,  0000589P0004351
1.,1.,1.,1.,1.,1.,1.,1.,1.,1.,1.,1.,1.,1.,1.,1.,1.,1.,1.,1.,1.,  0000589P0004352
1.,1.,1.,1.,1.,1.,1.,1.,1.,1.,1.,1.,1.,1.,1.,1.,1.,1.,1.,1.,1.,  0000589P0004353
1.,1.,1.,1.,1.,1.,1.,1.,1.,1.,1.,1.,1.,1.,1.,1.,1.,1.,1.,1.,1.,  0000589P0004354
1.,1.,1.,1.,1.,247.462889729,-25.629874395,-0.,245.607108828,    0000589P0004355
-25.618910631,-0.,241.940558902,-25.595114133,-0.,236.590652309, 0000589P0004356
-25.555606951,-0.,231.405970686,-25.514119897,-0.,226.400336681, 0000589P0004357
-25.472352239,-0.,221.619968593,-25.43207684,-0.,216.956205025,  0000589P0004358
-25.393494649,-0.,212.393573768,-25.357417487,-0.,207.9183304,   0000589P0004359
-25.324528658,-0.,203.517371099,-25.295388042,-0.,199.178232397, 0000589P0004360
-25.270448197,-0.,194.888833314,-25.250066276,-0.,190.637355829, 0000589P0004361
-25.23451539,-0.,186.411947784,-25.223994714,-0.,182.201069989,  0000589P0004362
-25.218636266,-0.,177.991487521,-25.218516034,-0.,173.780940357, 0000589P0004363
-25.223636094,-0.,169.556475617,-25.233922909,-0.,165.306455904, 0000589P0004364
-25.249247403,-0.,161.019047944,-25.269413615,-0.,156.68242786,  0000589P0004365
-25.294152127,-0.,152.284553821,-25.323109701,-0.,147.812912602, 0000589P0004366
-25.355839034,-0.,143.254734525,-25.391782881,-0.,138.595247725, 0000589P0004367
-25.430272936,-0.,133.823119269,-25.470468971,-0.,128.837676945, 0000589P0004368
-25.512113828,-0.,123.676992911,-25.553527738,-0.,118.352985269, 0000589P0004369
-25.593050592,-0.,112.878849509,-25.628892869,-0.,107.264081985, 0000589P0004370
-25.659280686,-0.,101.509756591,-25.682520502,-0.,95.634450395,  0000589P0004371
-25.697111886,-0.,89.576606267,-25.70175416,-0.,83.597319896,    0000589P0004372
-25.695724755,-0.,77.753901454,-25.68002398,-0.,72.032974983,    0000589P0004373
-25.655863992,-0.,66.443686702,-25.624763697,-0.,60.993063996,   0000589P0004374
-25.58841563,-0.,55.692750331,-25.54860631,-0.,50.558753839,     0000589P0004375
-25.507131093,-0.,45.608516695,-25.465675954,-0.,40.876488182,   0000589P0004376
-25.425853401,-0.,36.2466948,-25.387754199,-0.,31.717939143,     0000589P0004377
-25.352276516,-0.,27.273064497,-25.320044214,-0.,22.900228533,   0000589P0004378
-25.29160209,-0.,18.586923774,-25.267380505,-0.,14.321338838,    0000589P0004379
-25.247720545,-0.,10.091786185,-25.232881292,-0.,5.886630322,    0000589P0004380
-25.223050524,-0.,1.694213646,-25.218350711,-0.,-2.497669313,    0000589P0004381
-25.218850273,0.,-6.69136859,-25.224540479,0.,-10.90034358,      0000589P0004382
-25.235342762,0.,-15.13587928,-25.251122711,0.,-19.409712753,    0000589P0004383
-25.271679588,0.,-23.733510965,-25.296739349,0.,-28.119234417,   0000589P0004384
-25.325944905,0.,-32.579147725,-25.358844085,0.,-37.126426867,   0000589P0004385
-25.394880891,0.,-41.773848632,-25.433368587,0.,-46.539745714,   0000589P0004386
-25.473526059,0.,-51.518260586,-25.515038474,0.,-56.668552659,   0000589P0004387
-25.556201437,0.,-61.979927727,-25.595377197,0.,-65.620022893,   0000589P0004388
-25.618986226,0.,-67.462889732,-25.629874406,0.,0.803370792,     0000589P0004389
1.692495133,0.,0.,1.;                                            0000589P0004390
110,-67.462889729,-25.629874406,0.,-67.462889729,-31.693263673,  0000591P0004391
0.;                                                              0000591P0004392
126,68,3,1,0,1,0,0.803366617,0.803366617,0.803366617,            0000593P0004393
0.803366617,0.816840567,0.830314517,0.843788467,0.857262417,     0000593P0004394
0.870736367,0.884210317,0.897684267,0.911158217,0.924632167,     0000593P0004395
0.938106117,0.951580067,0.965054017,0.978527967,0.992001917,     0000593P0004396
1.005475867,1.018949817,1.032423767,1.045897717,1.059371667,     0000593P0004397
1.072845617,1.086319567,1.099793517,1.113267467,1.126741417,     0000593P0004398
1.140215367,1.153689316,1.167163266,1.180637216,1.194111166,     0000593P0004399
1.207585116,1.221059066,1.234533016,1.248006966,1.261480916,     0000593P0004400
1.274954866,1.288428816,1.301902766,1.315376716,1.328850666,     0000593P0004401
1.342324616,1.355798566,1.369272516,1.382746466,1.396220416,     0000593P0004402
1.409694366,1.423168316,1.436642266,1.450116216,1.463590166,     0000593P0004403
1.477064116,1.490538066,1.504012016,1.517485966,1.530959916,     0000593P0004404
1.544433866,1.557907816,1.571381766,1.584855716,1.598329666,     0000593P0004405
1.611803616,1.625277566,1.638751516,1.652225466,1.665699416,     0000593P0004406
1.679173366,1.692647316,1.692647316,1.692647316,1.692647316,1.,  0000593P0004407
1.,1.,1.,1.,1.,1.,1.,1.,1.,1.,1.,1.,1.,1.,1.,1.,1.,1.,1.,1.,1.,  0000593P0004408
1.,1.,1.,1.,1.,1.,1.,1.,1.,1.,1.,1.,1.,1.,1.,1.,1.,1.,1.,1.,1.,  0000593P0004409
1.,1.,1.,1.,1.,1.,1.,1.,1.,1.,1.,1.,1.,1.,1.,1.,1.,1.,1.,1.,1.,  0000593P0004410
1.,1.,1.,1.,1.,-67.462889735,-31.693263673,0.,-65.619281061,     0000593P0004411
-31.684455032,0.,-61.977187631,-31.665355654,0.,-56.661732109,   0000593P0004412
-31.633670295,0.,-51.506722456,-31.600390552,0.,-46.523350595,   0000593P0004413
-31.566846638,0.,-41.752456628,-31.534416342,0.,-37.101262701,   0000593P0004414
-31.503363183,0.,-32.551712269,-31.474316982,0.,-28.090856341,   0000593P0004415
-31.447825705,0.,-23.70544823,-31.424330928,0.,-19.3831037,      0000593P0004416
-31.404189285,0.,-15.111732837,-31.387680574,0.,-10.879515858,   0000593P0004417
-31.375018077,0.,-6.674551335,-31.366357026,0.,-2.485344566,     0000593P0004418
-31.361800774,0.,1.701692214,-31.361409448,-0.,5.889562925,      0000593P0004419
-31.365189574,-0.,10.090690334,-31.373088654,-0.,14.316920285,   0000593P0004420
-31.385012394,-0.,18.580062392,-31.400815509,-0.,22.891958442,   0000593P0004421
-31.42029634,-0.,27.264558047,-31.443187667,-0.,31.710480501,    0000593P0004422
-31.469150092,-0.,36.24169412,-31.497751248,-0.,40.875350877,    0000593P0004423
-31.52849257,-0.,45.613063986,-31.560654547,-0.,50.568801638,    0000593P0004424
-31.594149768,-0.,55.707897084,-31.627673023,-0.,61.012627419,   0000593P0004425
-31.659856889,-0.,66.466632403,-31.689243698,-0.,72.057846038,   0000593P0004426
-31.714382722,-0.,77.778705421,-31.733901066,-0.,83.619524215,   0000593P0004427
-31.746570841,-0.,89.592660357,-31.751417296,-0.,95.640977475,   0000593P0004428
-31.747650017,-0.,101.512121118,-31.735845031,-0.,107.264761213, 0000593P0004429
-31.717044665,-0.,112.880174298,-31.692461977,-0.,118.356541315, 0000593P0004430
-31.663470065,-0.,123.683880996,-31.631509482,-0.,128.84856239,  0000593P0004431
-31.598033168,-0.,133.838173639,-31.56438871,-0.,138.614653667,  0000593P0004432
-31.531933318,-0.,143.277128851,-31.500884728,-0.,147.836852749, 0000593P0004433
-31.471918565,-0.,152.308712058,-31.445567874,-0.,156.705558905, 0000593P0004434
-31.422274806,-0.,161.040020114,-31.402391867,-0.,165.324266512, 0000593P0004435
-31.386195612,-0.,169.570272366,-31.373895569,-0.,173.790036871, 0000593P0004436
-31.36564319,-0.,177.995395245,-31.361537704,-0.,182.199466195,  0000593P0004437
-31.361635406,-0.,186.405182325,-31.365934692,-0.,190.625932118, 0000593P0004438
-31.374377359,-0.,194.873454093,-31.386861863,-0.,199.159764439, 0000593P0004439
-31.403234191,-0.,203.496830944,-31.423281839,-0.,207.896862403, 0000593P0004440
-31.446725058,-0.,212.372436715,-31.473207037,-0.,216.936734585, 0000593P0004441
-31.502283349,-0.,221.603634416,-31.53340882,-0.,226.388456735,  0000593P0004442
-31.565930024,-0.,231.398024177,-31.599672483,-0.,236.586307002, 0000593P0004443
-31.63320519,-0.,241.939068517,-31.66514972,-0.,245.606778346,   0000593P0004444
-31.684395844,-0.,247.462889735,-31.693263666,-0.,0.803366617,   0000593P0004445
1.692647316,-0.,-0.,1.;                                          0000593P0004446
110,247.462889729,-31.693263666,0.,247.462889729,-25.629874395,  0000595P0004447
0.;                                                              0000595P0004448
510,599,1,1,607;                                                 0000597P0004449
192,601,603,2.5,605;                                             0000599P0004450
116,-170.251913517,0.,25.46359863,0;                             0000601P0004451
123,0.,-1.,0.;                                                   0000603P0004452
123,0.894934362,0.,-0.446197813;                                 0000605P0004453
508,4,0,17,32,1,1,0,609,0,17,80,1,1,0,611,0,17,72,0,1,0,613,0,   0000607P0004454
17,81,0,1,0,615;                                                 0000607P0004455
126,68,3,1,0,1,0,0.376922771,0.376922771,0.376922771,            0000609P0004456
0.376922771,0.388267041,0.399611311,0.41095558,0.42229985,       0000609P0004457
0.43364412,0.44498839,0.456332659,0.467676929,0.479021199,       0000609P0004458
0.490365468,0.501709738,0.513054008,0.524398277,0.535742547,     0000609P0004459
0.547086817,0.558431087,0.569775356,0.581119626,0.592463896,     0000609P0004460
0.603808165,0.615152435,0.626496705,0.637840974,0.649185244,     0000609P0004461
0.660529514,0.671873784,0.683218053,0.694562323,0.705906593,     0000609P0004462
0.717250862,0.728595132,0.739939402,0.751283671,0.762627941,     0000609P0004463
0.773972211,0.785316481,0.79666075,0.80800502,0.81934929,        0000609P0004464
0.830693559,0.842037829,0.853382099,0.864726368,0.876070638,     0000609P0004465
0.887414908,0.898759178,0.910103447,0.921447717,0.932791987,     0000609P0004466
0.944136256,0.955480526,0.966824796,0.978169065,0.989513335,     0000609P0004467
1.000857605,1.012201875,1.023546144,1.034890414,1.046234684,     0000609P0004468
1.057578953,1.068923223,1.080267493,1.091611762,1.102956032,     0000609P0004469
1.114300302,1.125644572,1.125644572,1.125644572,1.125644572,1.,  0000609P0004470
1.,1.,1.,1.,1.,1.,1.,1.,1.,1.,1.,1.,1.,1.,1.,1.,1.,1.,1.,1.,1.,  0000609P0004471
1.,1.,1.,1.,1.,1.,1.,1.,1.,1.,1.,1.,1.,1.,1.,1.,1.,1.,1.,1.,1.,  0000609P0004472
1.,1.,1.,1.,1.,1.,1.,1.,1.,1.,1.,1.,1.,1.,1.,1.,1.,1.,1.,1.,1.,  0000609P0004473
1.,1.,1.,1.,1.,139.367131406,-31.693263686,-0.,140.704050469,    0000609P0004474
-31.690988093,-0.,143.350880038,-31.686537108,-0.,147.243373491, 0000609P0004475
-31.680251309,-0.,151.057564411,-31.674459219,-0.,154.806293566, 0000609P0004476
-31.669218532,-0.,158.5117182,-31.664567565,-0.,162.177239714,   0000609P0004477
-31.660561204,-0.,165.810825657,-31.657237917,-0.,169.41888774,  0000609P0004478
-31.654629602,-0.,173.008009048,-31.652759823,-0.,176.584559584, 0000609P0004479
-31.651644997,-0.,180.154870587,-31.651294608,-0.,183.725261686, 0000609P0004480
-31.65171152,-0.,187.302085503,-31.652892057,-0.,190.891846444,  0000609P0004481
-31.65482606,-0.,194.50101083,-31.657496407,-0.,198.136992832,   0000609P0004482
-31.660879822,-0.,201.804773571,-31.664942195,-0.,205.519964096, 0000609P0004483
-31.669653778,-0.,209.292748188,-31.674972517,-0.,213.126454038, 0000609P0004484
-31.680834007,-0.,217.026449416,-31.687161606,-0.,220.997828942, 0000609P0004485
-31.693862711,-0.,225.046121883,-31.700828909,-0.,229.177194345, 0000609P0004486
-31.707935332,-0.,233.397418898,-31.715040662,-0.,237.713646892, 0000609P0004487
-31.721987269,-0.,242.133781555,-31.728602612,-0.,246.665254229, 0000609P0004488
-31.734698436,-0.,251.32145113,-31.740081086,-0.,256.098685228,  0000609P0004489
-31.744523606,-0.,260.931774533,-31.747779441,-0.,265.806745185, 0000609P0004490
-31.749710541,-0.,270.698887909,-31.750225202,-0.,275.587624706, 0000609P0004491
-31.749300927,-0.,280.451620538,-31.746980508,-0.,285.26902772,  0000609P0004492
-31.743370827,-0.,290.017017194,-31.73863524,-0.,294.668895965,  0000609P0004493
-31.732987691,-0.,299.201267176,-31.726667422,-0.,303.56295081,  0000609P0004494
-31.719974117,-0.,307.801873061,-31.713045204,-0.,311.943569285, 0000609P0004495
-31.706015401,-0.,315.99331307,-31.699035011,-0.,319.960847827,  0000609P0004496
-31.692228891,-0.,323.853960893,-31.685708344,-0.,327.680366225, 0000609P0004497
-31.679569079,-0.,331.44733329,-31.673893076,-0.,335.161900911,  0000609P0004498
-31.668749507,-0.,338.830922287,-31.664195945,-0.,342.461143455, 0000609P0004499
-31.660279486,-0.,346.059276702,-31.657037833,-0.,349.632031251, 0000609P0004500
-31.654500305,-0.,353.186298157,-31.652688748,-0.,356.728746482, 0000609P0004501
-31.651618318,-0.,360.267614159,-31.651298263,-0.,363.80622444,  0000609P0004502
-31.651732163,-0.,367.34948443,-31.652915122,-0.,370.905193058,  0000609P0004503
-31.654836897,-0.,374.480132606,-31.657481151,-0.,378.081192789, 0000609P0004504
-31.660824867,-0.,381.715146623,-31.664837533,-0.,385.388790781, 0000609P0004505
-31.669480192,-0.,389.108987592,-31.674704541,-0.,392.882753098, 0000609P0004506
-31.680451373,-0.,396.717283216,-31.686651177,-0.,399.319238516, 0000609P0004507
-31.691028048,-0.,400.632868612,-31.693263679,-0.,0.376922771,   0000609P0004508
1.125644572,-0.,-0.,1.;                                          0000609P0004509
110,400.632868575,-31.693263673,0.,400.632868575,-25.629874406,  0000611P0004510
0.;                                                              0000611P0004511
126,68,3,1,0,1,0,0.376966927,0.376966927,0.376966927,            0000613P0004512
0.376966927,0.388310586,0.399654246,0.410997905,0.422341564,     0000613P0004513
0.433685223,0.445028883,0.456372542,0.467716201,0.479059861,     0000613P0004514
0.49040352,0.501747179,0.513090838,0.524434498,0.535778157,      0000613P0004515
0.547121816,0.558465476,0.569809135,0.581152794,0.592496453,     0000613P0004516
0.603840113,0.615183772,0.626527431,0.63787109,0.64921475,       0000613P0004517
0.660558409,0.671902068,0.683245728,0.694589387,0.705933046,     0000613P0004518
0.717276705,0.728620365,0.739964024,0.751307683,0.762651343,     0000613P0004519
0.773995002,0.785338661,0.79668232,0.80802598,0.819369639,       0000613P0004520
0.830713298,0.842056958,0.853400617,0.864744276,0.876087935,     0000613P0004521
0.887431595,0.898775254,0.910118913,0.921462573,0.932806232,     0000613P0004522
0.944149891,0.95549355,0.96683721,0.978180869,0.989524528,       0000613P0004523
1.000868188,1.012211847,1.023555506,1.034899165,1.046242825,     0000613P0004524
1.057586484,1.068930143,1.080273803,1.091617462,1.102961121,     0000613P0004525
1.11430478,1.12564844,1.12564844,1.12564844,1.12564844,1.,1.,1., 0000613P0004526
1.,1.,1.,1.,1.,1.,1.,1.,1.,1.,1.,1.,1.,1.,1.,1.,1.,1.,1.,1.,1.,  0000613P0004527
1.,1.,1.,1.,1.,1.,1.,1.,1.,1.,1.,1.,1.,1.,1.,1.,1.,1.,1.,1.,1.,  0000613P0004528
1.,1.,1.,1.,1.,1.,1.,1.,1.,1.,1.,1.,1.,1.,1.,1.,1.,1.,1.,1.,1.,  0000613P0004529
1.,1.,1.,400.632868584,-25.629874416,-0.,399.319755908,          0000613P0004530
-25.627110989,-0.,396.718741966,-25.621700268,-0.,392.885354108, 0000613P0004531
-25.614034572,-0.,389.112470875,-25.606927557,-0.,385.392909208, 0000613P0004532
-25.600465435,-0.,381.719668479,-25.594721728,-0.,378.085904885, 0000613P0004533
-25.589756507,-0.,374.484843663,-25.585618295,-0.,370.909737018, 0000613P0004534
-25.582345153,-0.,367.353725078,-25.579965838,-0.,363.810055868, 0000613P0004535
-25.578500789,-0.,360.270977236,-25.577962838,-0.,356.731585881, 0000613P0004536
-25.578358125,-0.,353.188596745,-25.579682246,-0.,349.633845786, 0000613P0004537
-25.581923663,-0.,346.060715601,-25.585063436,-0.,342.462361269, 0000613P0004538
-25.589074277,-0.,338.832110472,-25.593919605,-0.,335.163280324, 0000613P0004539
-25.599552446,-0.,331.449146932,-25.605914212,-0.,327.682872602, 0000613P0004540
-25.612933396,-0.,323.857427979,-25.620524207,-0.,319.965547348, 0000613P0004541
-25.628585107,-0.,315.999516239,-25.636997697,-0.,311.951539949, 0000613P0004542
-25.645624437,-0.,307.811873489,-25.654311171,-0.,303.5752037,   0000613P0004543
-25.662872492,-0.,299.216085057,-25.671142246,-0.,294.685316235, 0000613P0004544
-25.678953334,-0.,290.034537423,-25.685934522,-0.,285.287231444, 0000613P0004545
-25.691790081,-0.,280.470223574,-25.696255431,-0.,275.60642205,  0000613P0004546
-25.699128567,-0.,270.717739235,-25.700277221,-0.,265.825560007, 0000613P0004547
-25.69964825,-0.,260.950509429,-25.697269109,-0.,256.11733958,   0000613P0004548
-25.693252709,-0.,251.340103093,-25.687769298,-0.,246.683835578, 0000613P0004549
-25.68112285,-0.,242.152545043,-25.673593983,-0.,237.732697549,  0000613P0004550
-25.66542163,-0.,233.416840639,-25.656838228,-0.,229.197015673,  0000613P0004551
-25.648056814,-0.,225.066323513,-25.639272092,-0.,221.018339319, 0000613P0004552
-25.630658691,-0.,217.047142014,-25.622371001,-0.,213.147145192, 0000613P0004553
-25.61454318,-0.,209.313186615,-25.607289924,-0.,205.539848679,  0000613P0004554
-25.600706329,-0.,201.823661803,-25.594872323,-0.,198.154613571, 0000613P0004555
-25.589840745,-0.,194.517231318,-25.585649006,-0.,190.906535009, 0000613P0004556
-25.582339683,-0.,187.31515437,-25.579941935,-0.,183.736656505,  0000613P0004557
-25.578477212,-0.,180.164573703,-25.577958257,-0.,176.592589117, 0000613P0004558
-25.578389693,-0.,173.01441858,-25.579767952,-0.,169.423765453,  0000613P0004559
-25.582081175,-0.,165.814292811,-25.58530884,-0.,162.179450161,  0000613P0004560
-25.589421502,-0.,158.512852306,-25.594379355,-0.,154.806571413, 0000613P0004561
-25.600134395,-0.,151.057185539,-25.606618404,-0.,147.242730114, 0000613P0004562
-25.613783274,-0.,143.350394281,-25.621557183,-0.,140.703865282, 0000613P0004563
-25.627060886,-0.,139.367131458,-25.629874426,-0.,0.376966927,   0000613P0004564
1.12564844,0.,0.,1.;                                             0000613P0004565
110,139.367131425,-25.629874395,-0.,139.367131425,-31.693263666, 0000615P0004566
-0.;                                                             0000615P0004567
510,619,1,1,627;                                                 0000617P0004568
192,621,623,4.95,625;                                            0000619P0004569
116,-157.75837475,0.,50.521760755,0;                             0000621P0004570
123,0.,-1.,0.;                                                   0000623P0004571
123,0.894934362,0.,-0.446197813;                                 0000625P0004572
508,4,0,17,70,0,1,0,629,0,17,82,1,1,0,631,0,17,30,1,1,0,633,0,   0000627P0004573
17,82,0,1,0,635;                                                 0000627P0004574
126,49,7,1,0,1,0,0.,0.,0.,0.,0.,0.,0.,0.,0.134521037,            0000629P0004575
0.134521037,0.134521037,0.134521037,0.134521037,0.134521037,     0000629P0004576
0.247014421,0.247014421,0.247014421,0.247014421,0.247014421,     0000629P0004577
0.247014421,0.363857692,0.363857692,0.363857692,0.363857692,     0000629P0004578
0.363857692,0.363857692,0.498946728,0.498946728,0.498946728,     0000629P0004579
0.498946728,0.498946728,0.498946728,0.634035709,0.634035709,     0000629P0004580
0.634035709,0.634035709,0.634035709,0.634035709,0.747004039,     0000629P0004581
0.747004039,0.747004039,0.747004039,0.747004039,0.747004039,     0000629P0004582
0.864340621,0.864340621,0.864340621,0.864340621,0.864340621,     0000629P0004583
0.864340621,1.,1.,1.,1.,1.,1.,1.,1.,1.,1.,1.,1.,1.,1.,1.,1.,1.,  0000629P0004584
1.,1.,1.,1.,1.,1.,1.,1.,1.,1.,1.,1.,1.,1.,1.,1.,1.,1.,1.,1.,1.,  0000629P0004585
1.,1.,1.,1.,1.,1.,1.,1.,1.,1.,1.,1.,1.,1.,1.,1.,1.,1.,1.,1.,     0000629P0004586
360.,-25.218792596,-0.,354.018927426,-25.218792596,-0.,          0000629P0004587
348.048012842,-25.231144688,-0.,342.028679266,-25.255774395,-0., 0000629P0004588
335.908151197,-25.291971494,-0.,329.632159852,-25.338325776,-0., 0000629P0004589
323.142638674,-25.392189683,-0.,310.694687293,-25.49665962,-0.,  0000629P0004590
304.673751504,-25.547609451,-0.,298.374015967,-25.598369731,-0., 0000629P0004591
291.835352415,-25.64390187,-0.,285.077857167,-25.678595376,-0.,  0000629P0004592
278.106544968,-25.697980027,-0.,263.433326126,-25.701853441,-0., 0000629P0004593
256.179472675,-25.684840662,-0.,249.139726496,-25.650659114,-0., 0000629P0004594
242.324267496,-25.604010617,-0.,235.760592837,-25.551283657,-0., 0000629P0004595
229.499833445,-25.498292143,-0.,216.857278532,-25.392188988,-0., 0000629P0004596
210.367829812,-25.338325713,-0.,204.091902208,-25.291972082,-0., 0000629P0004597
197.971397336,-25.255774777,-0.,191.952042796,-25.231144704,-0., 0000629P0004598
185.981074894,-25.218792596,-0.,174.018927485,-25.218792596,-0., 0000629P0004599
168.048012585,-25.231144689,-0.,162.028679758,-25.255774393,-0., 0000629P0004600
155.908150683,-25.291971497,-0.,149.632160148,-25.338325774,-0., 0000629P0004601
143.142638596,-25.392189684,-0.,130.694687291,-25.49665962,-0.,  0000629P0004602
124.673751507,-25.547609451,-0.,118.374015968,-25.598369731,-0., 0000629P0004603
111.835352413,-25.643901871,-0.,105.077857164,-25.678595376,-0., 0000629P0004604
98.106544971,-25.697980027,-0.,83.433326128,-25.701853441,-0.,   0000629P0004605
76.179472672,-25.684840662,-0.,69.139726494,-25.650659114,-0.,   0000629P0004606
62.324267497,-25.604010617,-0.,55.76059284,-25.551283657,-0.,    0000629P0004607
49.499833442,-25.498292143,-0.,36.857278532,-25.392188988,-0.,   0000629P0004608
30.367829812,-25.338325713,-0.,24.091902208,-25.291972082,-0.,   0000629P0004609
17.971397336,-25.255774777,-0.,11.952042796,-25.231144704,-0.,   0000629P0004610
5.981074894,-25.218792596,-0.,0.,-25.218792596,-0.,0.,1.,-0.,    0000629P0004611
-0.,1.;                                                          0000629P0004612
110,2.37142157E-11,-25.218792596,-0.,2.37142157E-11,             0000631P0004613
-31.361760155,-0.;                                               0000631P0004614
126,49,7,1,0,1,0,0.,0.,0.,0.,0.,0.,0.,0.,0.13566636,0.13566636,  0000633P0004615
0.13566636,0.13566636,0.13566636,0.13566636,0.252963383,         0000633P0004616
0.252963383,0.252963383,0.252963383,0.252963383,0.252963383,     0000633P0004617
0.365898567,0.365898567,0.365898567,0.365898567,0.365898567,     0000633P0004618
0.365898567,0.501015167,0.501015167,0.501015167,0.501015167,     0000633P0004619
0.501015167,0.501015167,0.636131749,0.636131749,0.636131749,     0000633P0004620
0.636131749,0.636131749,0.636131749,0.752953432,0.752953432,     0000633P0004621
0.752953432,0.752953432,0.752953432,0.752953432,0.865430952,     0000633P0004622
0.865430952,0.865430952,0.865430952,0.865430952,0.865430952,1.,  0000633P0004623
1.,1.,1.,1.,1.,1.,1.,1.,1.,1.,1.,1.,1.,1.,1.,1.,1.,1.,1.,1.,1.,  0000633P0004624
1.,1.,1.,1.,1.,1.,1.,1.,1.,1.,1.,1.,1.,1.,1.,1.,1.,1.,1.,1.,1.,  0000633P0004625
1.,1.,1.,1.,1.,1.,1.,1.,1.,1.,1.,1.,1.,1.,1.,0.,-31.361760155,   0000633P0004626
-0.,5.975312173,-31.361760155,-0.,11.94096658,-31.371673646,-0., 0000633P0004627
17.956539654,-31.391443916,-0.,24.075704693,-31.420526814,-0.,   0000633P0004628
30.35340093,-31.457837458,-0.,36.848130573,-31.501281389,-0.,    0000633P0004629
49.505464337,-31.586974608,-0.,55.771510489,-31.629790738,-0.,   0000633P0004630
62.33966916,-31.67241955,-0.,69.15796999,-31.710154339,-0.,      0000633P0004631
76.197538719,-31.737778979,-0.,83.446349664,-31.75149748,-0.,    0000633P0004632
98.094320595,-31.74836755,-0.,105.060884669,-31.732726065,-0.,   0000633P0004633
111.81828485,-31.704684363,-0.,118.359776813,-31.667855393,-0.,  0000633P0004634
124.663912753,-31.626817241,-0.,130.689862101,-31.5856522,-0.,   0000633P0004635
143.151787454,-31.501281944,-0.,149.646588925,-31.457837506,-0., 0000633P0004636
155.924348705,-31.420526341,-0.,162.043536439,-31.391443613,-0., 0000633P0004637
168.059087308,-31.371673644,-0.,174.024686928,-31.361760155,-0., 0000633P0004638
185.975312238,-31.361760155,-0.,191.940966313,-31.371673645,-0., 0000633P0004639
197.956540151,-31.391443918,-0.,204.075704182,-31.420526812,-0., 0000633P0004640
210.353401221,-31.45783746,-0.,216.848130496,-31.501281389,-0.,  0000633P0004641
229.505464338,-31.586974608,-0.,235.771510487,-31.629790738,-0., 0000633P0004642
242.339669159,-31.67241955,-0.,249.157969991,-31.710154339,-0.,  0000633P0004643
256.19753872,-31.737778979,-0.,263.446349663,-31.75149748,-0.,   0000633P0004644
278.094320595,-31.74836755,-0.,285.060884669,-31.732726065,-0.,  0000633P0004645
291.81828485,-31.704684363,-0.,298.359776813,-31.667855393,-0.,  0000633P0004646
304.663912753,-31.626817241,-0.,310.689862101,-31.5856522,-0.,   0000633P0004647
323.151787454,-31.501281944,-0.,329.646588925,-31.457837506,-0., 0000633P0004648
335.924348705,-31.420526341,-0.,342.043536439,-31.391443613,-0., 0000633P0004649
348.059087308,-31.371673644,-0.,354.024686928,-31.361760155,-0., 0000633P0004650
360.,-31.361760155,-0.,0.,1.,0.,0.,1.;                           0000633P0004651
110,360.,-31.361760155,-0.,360.,-25.218792596,-0.;               0000635P0004652
510,639,1,1,647;                                                 0000637P0004653
192,641,643,4.95,645;                                            0000639P0004654
116,-148.120501987,0.,69.852342966,0;                            0000641P0004655
123,0.,1.,0.;                                                    0000643P0004656
123,0.894934362,0.,-0.446197813;                                 0000645P0004657
508,4,0,17,83,1,1,0,649,0,17,29,0,1,0,651,0,17,83,0,1,0,653,0,   0000647P0004658
17,69,1,1,0,655;                                                 0000647P0004659
110,-2.37142157E-11,-25.218792596,0.,-2.37142157E-11,            0000649P0004660
-31.361760155,0.;                                                0000649P0004661
126,49,7,1,0,1,0,0.,0.,0.,0.,0.,0.,0.,0.,0.134569048,            0000651P0004662
0.134569048,0.134569048,0.134569048,0.134569048,0.134569048,     0000651P0004663
0.247046567,0.247046567,0.247046567,0.247046567,0.247046567,     0000651P0004664
0.247046567,0.363868251,0.363868251,0.363868251,0.363868251,     0000651P0004665
0.363868251,0.363868251,0.498984832,0.498984832,0.498984832,     0000651P0004666
0.498984832,0.498984832,0.498984832,0.634101432,0.634101432,     0000651P0004667
0.634101432,0.634101432,0.634101432,0.634101432,0.747036615,     0000651P0004668
0.747036615,0.747036615,0.747036615,0.747036615,0.747036615,     0000651P0004669
0.864333638,0.864333638,0.864333638,0.864333638,0.864333638,     0000651P0004670
0.864333638,1.,1.,1.,1.,1.,1.,1.,1.,1.,1.,1.,1.,1.,1.,1.,1.,1.,  0000651P0004671
1.,1.,1.,1.,1.,1.,1.,1.,1.,1.,1.,1.,1.,1.,1.,1.,1.,1.,1.,1.,1.,  0000651P0004672
1.,1.,1.,1.,1.,1.,1.,1.,1.,1.,1.,1.,1.,1.,1.,1.,1.,1.,1.,1.,     0000651P0004673
-2.37142157E-11,-31.361760155,0.,5.975313072,-31.361760155,-0.,  0000651P0004674
11.940912692,-31.371673644,-0.,17.956463561,-31.391443613,-0.,   0000651P0004675
24.075651295,-31.420526341,-0.,30.353411075,-31.457837506,-0.,   0000651P0004676
36.848212546,-31.501281944,-0.,49.310137899,-31.5856522,-0.,     0000651P0004677
55.336087247,-31.626817241,-0.,61.640223187,-31.667855393,-0.,   0000651P0004678
68.18171515,-31.704684363,-0.,74.939115331,-31.732726065,-0.,    0000651P0004679
81.905679405,-31.74836755,-0.,96.553650336,-31.75149748,-0.,     0000651P0004680
103.802461281,-31.737778979,-0.,110.84203001,-31.710154339,-0.,  0000651P0004681
117.66033084,-31.67241955,-0.,124.228489511,-31.629790738,-0.,   0000651P0004682
130.494535663,-31.586974608,-0.,143.151869504,-31.501281389,-0., 0000651P0004683
149.646598779,-31.45783746,-0.,155.924295818,-31.420526812,-0.,  0000651P0004684
162.043459849,-31.391443918,-0.,168.059033687,-31.371673645,-0., 0000651P0004685
174.024687762,-31.361760155,-0.,185.975313072,-31.361760155,-0., 0000651P0004686
191.940912692,-31.371673644,-0.,197.956463561,-31.391443613,-0., 0000651P0004687
204.075651295,-31.420526341,-0.,210.353411075,-31.457837506,-0., 0000651P0004688
216.848212546,-31.501281944,-0.,229.310137899,-31.5856522,-0.,   0000651P0004689
235.336087247,-31.626817241,-0.,241.640223186,-31.667855393,-0., 0000651P0004690
248.18171515,-31.704684363,-0.,254.939115332,-31.732726065,-0.,  0000651P0004691
261.905679404,-31.74836755,-0.,276.553650336,-31.75149748,-0.,   0000651P0004692
283.802461281,-31.737778979,-0.,290.84203001,-31.710154339,-0.,  0000651P0004693
297.66033084,-31.67241955,-0.,304.228489511,-31.629790738,-0.,   0000651P0004694
310.494535663,-31.586974608,-0.,323.151869504,-31.501281389,-0., 0000651P0004695
329.646598779,-31.45783746,-0.,335.924295817,-31.420526812,-0.,  0000651P0004696
342.043459849,-31.391443918,-0.,348.059033687,-31.371673645,-0., 0000651P0004697
354.024687762,-31.361760155,-0.,360.,-31.361760155,-0.,0.,1.,0., 0000651P0004698
0.,1.;                                                           0000651P0004699
110,360.,-31.361760155,-0.,360.,-25.218792596,-0.;               0000653P0004700
126,49,7,1,0,1,0,0.,0.,0.,0.,0.,0.,0.,0.,0.135659378,            0000655P0004701
0.135659378,0.135659378,0.135659378,0.135659378,0.135659378,     0000655P0004702
0.25299596,0.25299596,0.25299596,0.25299596,0.25299596,          0000655P0004703
0.25299596,0.36596429,0.36596429,0.36596429,0.36596429,          0000655P0004704
0.36596429,0.36596429,0.501053273,0.501053273,0.501053273,       0000655P0004705
0.501053273,0.501053273,0.501053273,0.636142308,0.636142308,     0000655P0004706
0.636142308,0.636142308,0.636142308,0.636142308,0.752985579,     0000655P0004707
0.752985579,0.752985579,0.752985579,0.752985579,0.752985579,     0000655P0004708
0.865478964,0.865478964,0.865478964,0.865478964,0.865478964,     0000655P0004709
0.865478964,1.,1.,1.,1.,1.,1.,1.,1.,1.,1.,1.,1.,1.,1.,1.,1.,1.,  0000655P0004710
1.,1.,1.,1.,1.,1.,1.,1.,1.,1.,1.,1.,1.,1.,1.,1.,1.,1.,1.,1.,1.,  0000655P0004711
1.,1.,1.,1.,1.,1.,1.,1.,1.,1.,1.,1.,1.,1.,1.,1.,1.,1.,1.,1.,     0000655P0004712
360.,-25.218792596,-0.,354.018925172,-25.218792596,-0.,          0000655P0004713
348.047956939,-25.231144704,-0.,342.028603156,-25.255774775,-0., 0000655P0004714
335.908097287,-25.291972085,-0.,329.632170476,-25.338325712,-0., 0000655P0004715
323.142721392,-25.392188989,-0.,310.500166558,-25.498292143,-0., 0000655P0004716
304.239407159,-25.551283657,-0.,297.675732503,-25.604010617,-0., 0000655P0004717
290.860273506,-25.650659114,-0.,283.820527327,-25.684840662,-0., 0000655P0004718
276.566673872,-25.701853441,-0.,261.893455029,-25.697980027,-0., 0000655P0004719
254.922142836,-25.678595376,-0.,248.164647587,-25.643901871,-0., 0000655P0004720
241.625984032,-25.598369731,-0.,235.326248493,-25.547609451,-0., 0000655P0004721
229.305312709,-25.49665962,-0.,216.857361326,-25.392189683,-0.,  0000655P0004722
210.367840148,-25.338325776,-0.,204.091848803,-25.291971494,-0., 0000655P0004723
197.971320734,-25.255774395,-0.,191.951987158,-25.231144688,-0., 0000655P0004724
185.981072574,-25.218792596,-0.,174.018925172,-25.218792596,-0., 0000655P0004725
168.047956939,-25.231144704,-0.,162.028603156,-25.255774775,-0., 0000655P0004726
155.908097287,-25.291972085,-0.,149.632170476,-25.338325712,-0., 0000655P0004727
143.142721392,-25.392188989,-0.,130.500166558,-25.498292143,-0., 0000655P0004728
124.239407159,-25.551283657,-0.,117.675732503,-25.604010617,-0., 0000655P0004729
110.860273506,-25.650659114,-0.,103.820527327,-25.684840662,-0., 0000655P0004730
96.566673872,-25.701853441,-0.,81.893455029,-25.697980027,-0.,   0000655P0004731
74.922142836,-25.678595376,-0.,68.164647587,-25.643901871,-0.,   0000655P0004732
61.625984032,-25.598369731,-0.,55.326248493,-25.547609451,-0.,   0000655P0004733
49.305312709,-25.49665962,-0.,36.857361404,-25.392189684,-0.,    0000655P0004734
30.367839852,-25.338325774,-0.,24.091849317,-25.291971497,-0.,   0000655P0004735
17.971320242,-25.255774393,-0.,11.951987415,-25.231144689,-0.,   0000655P0004736
5.981072515,-25.218792596,-0.,-2.37142157E-11,-25.218792596,0.,  0000655P0004737
0.,1.,-0.,-0.,1.;                                                0000655P0004738
510,659,1,1,667;                                                 0000657P0004739
192,661,663,4.95,665;                                            0000659P0004740
116,-138.438009443,0.,89.272418612,0;                            0000661P0004741
123,0.,1.,0.;                                                    0000663P0004742
123,0.894934362,0.,-0.446197813;                                 0000665P0004743
508,4,0,17,84,1,1,0,669,0,17,28,0,1,0,671,0,17,84,0,1,0,673,0,   0000667P0004744
17,68,1,1,0,675;                                                 0000667P0004745
110,-2.37142157E-11,-25.218792596,0.,-2.37142157E-11,            0000669P0004746
-31.361760155,0.;                                                0000669P0004747
126,49,7,1,0,1,0,0.,0.,0.,0.,0.,0.,0.,0.,0.134569048,            0000671P0004748
0.134569048,0.134569048,0.134569048,0.134569048,0.134569048,     0000671P0004749
0.247046568,0.247046568,0.247046568,0.247046568,0.247046568,     0000671P0004750
0.247046568,0.363868251,0.363868251,0.363868251,0.363868251,     0000671P0004751
0.363868251,0.363868251,0.498984832,0.498984832,0.498984832,     0000671P0004752
0.498984832,0.498984832,0.498984832,0.634101432,0.634101432,     0000671P0004753
0.634101432,0.634101432,0.634101432,0.634101432,0.747036616,     0000671P0004754
0.747036616,0.747036616,0.747036616,0.747036616,0.747036616,     0000671P0004755
0.864333639,0.864333639,0.864333639,0.864333639,0.864333639,     0000671P0004756
0.864333639,1.,1.,1.,1.,1.,1.,1.,1.,1.,1.,1.,1.,1.,1.,1.,1.,1.,  0000671P0004757
1.,1.,1.,1.,1.,1.,1.,1.,1.,1.,1.,1.,1.,1.,1.,1.,1.,1.,1.,1.,1.,  0000671P0004758
1.,1.,1.,1.,1.,1.,1.,1.,1.,1.,1.,1.,1.,1.,1.,1.,1.,1.,1.,1.,     0000671P0004759
-2.37142157E-11,-31.361760155,0.,5.975313072,-31.361760155,-0.,  0000671P0004760
11.940912692,-31.371673644,-0.,17.956463561,-31.391443613,-0.,   0000671P0004761
24.075651295,-31.420526341,-0.,30.353411075,-31.457837506,-0.,   0000671P0004762
36.848212546,-31.501281944,-0.,49.310137926,-31.5856522,-0.,     0000671P0004763
55.33608713,-31.626817241,-0.,61.640223412,-31.667855394,-0.,    0000671P0004764
68.181714915,-31.704684363,-0.,74.939115466,-31.732726065,-0.,   0000671P0004765
81.90567937,-31.74836755,-0.,96.553650336,-31.75149748,-0.,      0000671P0004766
103.802461281,-31.737778979,-0.,110.84203001,-31.710154339,-0.,  0000671P0004767
117.66033084,-31.67241955,-0.,124.228489511,-31.629790738,-0.,   0000671P0004768
130.494535663,-31.586974608,-0.,143.151869504,-31.501281389,-0., 0000671P0004769
149.646598779,-31.45783746,-0.,155.924295818,-31.420526812,-0.,  0000671P0004770
162.043459849,-31.391443918,-0.,168.059033687,-31.371673645,-0., 0000671P0004771
174.024687762,-31.361760155,-0.,185.975313072,-31.361760155,-0., 0000671P0004772
191.940912692,-31.371673644,-0.,197.956463561,-31.391443613,-0., 0000671P0004773
204.075651295,-31.420526341,-0.,210.353411075,-31.457837506,-0., 0000671P0004774
216.848212546,-31.501281944,-0.,229.310137931,-31.585652201,-0., 0000671P0004775
235.336087109,-31.626817241,-0.,241.640223453,-31.667855394,-0., 0000671P0004776
248.181714872,-31.704684363,-0.,254.939115491,-31.732726065,-0., 0000671P0004777
261.905679363,-31.74836755,-0.,276.553650336,-31.75149748,-0.,   0000671P0004778
283.802461281,-31.737778979,-0.,290.84203001,-31.710154339,-0.,  0000671P0004779
297.66033084,-31.67241955,-0.,304.228489511,-31.629790738,-0.,   0000671P0004780
310.494535663,-31.586974608,-0.,323.151869504,-31.501281389,-0., 0000671P0004781
329.646598779,-31.45783746,-0.,335.924295817,-31.420526812,-0.,  0000671P0004782
342.043459849,-31.391443918,-0.,348.059033687,-31.371673645,-0., 0000671P0004783
354.024687762,-31.361760155,-0.,360.,-31.361760155,-0.,0.,1.,0., 0000671P0004784
0.,1.;                                                           0000671P0004785
110,360.,-31.361760155,-0.,360.,-25.218792596,-0.;               0000673P0004786
126,49,7,1,0,1,0,0.,0.,0.,0.,0.,0.,0.,0.,0.135659379,            0000675P0004787
0.135659379,0.135659379,0.135659379,0.135659379,0.135659379,     0000675P0004788
0.252995961,0.252995961,0.252995961,0.252995961,0.252995961,     0000675P0004789
0.252995961,0.36596429,0.36596429,0.36596429,0.36596429,         0000675P0004790
0.36596429,0.36596429,0.501053273,0.501053273,0.501053273,       0000675P0004791
0.501053273,0.501053273,0.501053273,0.636142308,0.636142308,     0000675P0004792
0.636142308,0.636142308,0.636142308,0.636142308,0.752985579,     0000675P0004793
0.752985579,0.752985579,0.752985579,0.752985579,0.752985579,     0000675P0004794
0.865478963,0.865478963,0.865478963,0.865478963,0.865478963,     0000675P0004795
0.865478963,1.,1.,1.,1.,1.,1.,1.,1.,1.,1.,1.,1.,1.,1.,1.,1.,1.,  0000675P0004796
1.,1.,1.,1.,1.,1.,1.,1.,1.,1.,1.,1.,1.,1.,1.,1.,1.,1.,1.,1.,1.,  0000675P0004797
1.,1.,1.,1.,1.,1.,1.,1.,1.,1.,1.,1.,1.,1.,1.,1.,1.,1.,1.,1.,     0000675P0004798
360.,-25.218792596,-0.,354.018925106,-25.218792596,-0.,          0000675P0004799
348.047957204,-25.231144704,-0.,342.028602664,-25.255774777,-0., 0000675P0004800
335.908097792,-25.291972082,-0.,329.632170188,-25.338325713,-0., 0000675P0004801
323.142721468,-25.392188988,-0.,310.500166558,-25.498292143,-0., 0000675P0004802
304.239407159,-25.551283657,-0.,297.675732503,-25.604010617,-0., 0000675P0004803
290.860273506,-25.650659114,-0.,283.820527327,-25.684840662,-0., 0000675P0004804
276.566673872,-25.701853441,-0.,261.89345503,-25.697980027,-0.,  0000675P0004805
254.922142835,-25.678595376,-0.,248.164647586,-25.643901871,-0., 0000675P0004806
241.625984032,-25.598369731,-0.,235.326248494,-25.547609451,-0., 0000675P0004807
229.305312708,-25.49665962,-0.,216.857361326,-25.392189683,-0.,  0000675P0004808
210.367840148,-25.338325776,-0.,204.091848803,-25.291971494,-0., 0000675P0004809
197.971320734,-25.255774395,-0.,191.951987158,-25.231144688,-0., 0000675P0004810
185.981072574,-25.218792596,-0.,174.018925106,-25.218792596,-0., 0000675P0004811
168.047957204,-25.231144704,-0.,162.028602664,-25.255774777,-0., 0000675P0004812
155.908097792,-25.291972082,-0.,149.632170188,-25.338325713,-0., 0000675P0004813
143.142721468,-25.392188988,-0.,130.500166557,-25.498292143,-0., 0000675P0004814
124.239407161,-25.551283657,-0.,117.675732504,-25.604010617,-0., 0000675P0004815
110.860273506,-25.650659114,-0.,103.820527327,-25.684840662,-0., 0000675P0004816
96.566673872,-25.701853441,-0.,81.893455029,-25.697980027,-0.,   0000675P0004817
74.922142836,-25.678595376,-0.,68.164647587,-25.643901871,-0.,   0000675P0004818
61.625984032,-25.598369731,-0.,55.326248492,-25.547609451,-0.,   0000675P0004819
49.30531271,-25.49665962,-0.,36.857361326,-25.392189683,-0.,     0000675P0004820
30.367840148,-25.338325776,-0.,24.091848803,-25.291971494,-0.,   0000675P0004821
17.971320734,-25.255774395,-0.,11.951987158,-25.231144688,-0.,   0000675P0004822
5.981072574,-25.218792596,-0.,-2.37142157E-11,-25.218792596,0.,  0000675P0004823
0.,1.,-0.,-0.,1.;                                                0000675P0004824
510,679,1,1,687;                                                 0000677P0004825
192,681,683,4.95,685;                                            0000679P0004826
116,-128.755516898,0.,108.692494259,0;                           0000681P0004827
123,0.,1.,0.;                                                    0000683P0004828
123,0.894934362,0.,-0.446197813;                                 0000685P0004829
508,4,0,17,85,1,1,0,689,0,17,27,0,1,0,691,0,17,85,0,1,0,693,0,   0000687P0004830
17,67,1,1,0,695;                                                 0000687P0004831
110,-2.37142157E-11,-25.218792596,0.,-2.37142157E-11,            0000689P0004832
-31.361760155,0.;                                                0000689P0004833
126,49,7,1,0,1,0,0.,0.,0.,0.,0.,0.,0.,0.,0.134569049,            0000691P0004834
0.134569049,0.134569049,0.134569049,0.134569049,0.134569049,     0000691P0004835
0.247046569,0.247046569,0.247046569,0.247046569,0.247046569,     0000691P0004836
0.247046569,0.363868252,0.363868252,0.363868252,0.363868252,     0000691P0004837
0.363868252,0.363868252,0.498984833,0.498984833,0.498984833,     0000691P0004838
0.498984833,0.498984833,0.498984833,0.634101433,0.634101433,     0000691P0004839
0.634101433,0.634101433,0.634101433,0.634101433,0.747036616,     0000691P0004840
0.747036616,0.747036616,0.747036616,0.747036616,0.747036616,     0000691P0004841
0.864333639,0.864333639,0.864333639,0.864333639,0.864333639,     0000691P0004842
0.864333639,1.,1.,1.,1.,1.,1.,1.,1.,1.,1.,1.,1.,1.,1.,1.,1.,1.,  0000691P0004843
1.,1.,1.,1.,1.,1.,1.,1.,1.,1.,1.,1.,1.,1.,1.,1.,1.,1.,1.,1.,1.,  0000691P0004844
1.,1.,1.,1.,1.,1.,1.,1.,1.,1.,1.,1.,1.,1.,1.,1.,1.,1.,1.,1.,     0000691P0004845
-2.37142157E-11,-31.361760155,0.,5.975313132,-31.361760155,-0.,  0000691P0004846
11.940912433,-31.371673643,-0.,17.956464057,-31.391443614,-0.,   0000691P0004847
24.075650775,-31.420526339,-0.,30.353411374,-31.457837508,-0.,   0000691P0004848
36.848212466,-31.501281944,-0.,49.310137899,-31.5856522,-0.,     0000691P0004849
55.336087246,-31.626817241,-0.,61.640223186,-31.667855393,-0.,   0000691P0004850
68.18171515,-31.704684363,-0.,74.939115332,-31.732726065,-0.,    0000691P0004851
81.905679404,-31.74836755,-0.,96.553650336,-31.75149748,-0.,     0000691P0004852
103.802461281,-31.737778979,-0.,110.84203001,-31.710154339,-0.,  0000691P0004853
117.66033084,-31.67241955,-0.,124.228489511,-31.629790738,-0.,   0000691P0004854
130.494535663,-31.586974608,-0.,143.151869504,-31.501281389,-0., 0000691P0004855
149.646598779,-31.45783746,-0.,155.924295818,-31.420526812,-0.,  0000691P0004856
162.043459849,-31.391443918,-0.,168.059033687,-31.371673645,-0., 0000691P0004857
174.024687762,-31.361760155,-0.,185.975313072,-31.361760155,-0., 0000691P0004858
191.940912692,-31.371673644,-0.,197.956463561,-31.391443613,-0., 0000691P0004859
204.075651295,-31.420526341,-0.,210.353411075,-31.457837506,-0., 0000691P0004860
216.848212546,-31.501281944,-0.,229.3101379,-31.5856522,-0.,     0000691P0004861
235.336087246,-31.626817241,-0.,241.640223186,-31.667855393,-0., 0000691P0004862
248.181715151,-31.704684363,-0.,254.939115332,-31.732726065,-0., 0000691P0004863
261.905679404,-31.74836755,-0.,276.553650336,-31.75149748,-0.,   0000691P0004864
283.802461281,-31.737778979,-0.,290.84203001,-31.710154339,-0.,  0000691P0004865
297.66033084,-31.67241955,-0.,304.228489511,-31.629790738,-0.,   0000691P0004866
310.494535663,-31.586974608,-0.,323.151869504,-31.501281389,-0., 0000691P0004867
329.646598779,-31.45783746,-0.,335.924295817,-31.420526812,-0.,  0000691P0004868
342.043459849,-31.391443918,-0.,348.059033687,-31.371673645,-0., 0000691P0004869
354.024687762,-31.361760155,-0.,360.,-31.361760155,-0.,0.,1.,0., 0000691P0004870
0.,1.;                                                           0000691P0004871
110,360.,-31.361760155,-0.,360.,-25.218792596,-0.;               0000693P0004872
126,49,7,1,0,1,0,0.,0.,0.,0.,0.,0.,0.,0.,0.135659378,            0000695P0004873
0.135659378,0.135659378,0.135659378,0.135659378,0.135659378,     0000695P0004874
0.25299596,0.25299596,0.25299596,0.25299596,0.25299596,          0000695P0004875
0.25299596,0.36596429,0.36596429,0.36596429,0.36596429,          0000695P0004876
0.36596429,0.36596429,0.501053273,0.501053273,0.501053273,       0000695P0004877
0.501053273,0.501053273,0.501053273,0.636142308,0.636142308,     0000695P0004878
0.636142308,0.636142308,0.636142308,0.636142308,0.752985579,     0000695P0004879
0.752985579,0.752985579,0.752985579,0.752985579,0.752985579,     0000695P0004880
0.865478964,0.865478964,0.865478964,0.865478964,0.865478964,     0000695P0004881
0.865478964,1.,1.,1.,1.,1.,1.,1.,1.,1.,1.,1.,1.,1.,1.,1.,1.,1.,  0000695P0004882
1.,1.,1.,1.,1.,1.,1.,1.,1.,1.,1.,1.,1.,1.,1.,1.,1.,1.,1.,1.,1.,  0000695P0004883
1.,1.,1.,1.,1.,1.,1.,1.,1.,1.,1.,1.,1.,1.,1.,1.,1.,1.,1.,1.,     0000695P0004884
360.,-25.218792596,-0.,354.018925172,-25.218792596,-0.,          0000695P0004885
348.047956939,-25.231144704,-0.,342.028603156,-25.255774775,-0., 0000695P0004886
335.908097287,-25.291972085,-0.,329.632170476,-25.338325712,-0., 0000695P0004887
323.142721392,-25.392188989,-0.,310.500166558,-25.498292143,-0., 0000695P0004888
304.239407159,-25.551283657,-0.,297.675732503,-25.604010617,-0., 0000695P0004889
290.860273506,-25.650659114,-0.,283.820527327,-25.684840662,-0., 0000695P0004890
276.566673872,-25.701853441,-0.,261.893455029,-25.697980027,-0., 0000695P0004891
254.922142836,-25.678595376,-0.,248.164647587,-25.643901871,-0., 0000695P0004892
241.625984032,-25.598369731,-0.,235.326248493,-25.547609451,-0., 0000695P0004893
229.305312709,-25.49665962,-0.,216.857361326,-25.392189683,-0.,  0000695P0004894
210.367840148,-25.338325776,-0.,204.091848803,-25.291971494,-0., 0000695P0004895
197.971320734,-25.255774395,-0.,191.951987158,-25.231144688,-0., 0000695P0004896
185.981072574,-25.218792596,-0.,174.018925172,-25.218792596,-0., 0000695P0004897
168.047956939,-25.231144704,-0.,162.028603156,-25.255774775,-0., 0000695P0004898
155.908097287,-25.291972085,-0.,149.632170476,-25.338325712,-0., 0000695P0004899
143.142721392,-25.392188989,-0.,130.500166557,-25.498292143,-0., 0000695P0004900
124.239407161,-25.551283657,-0.,117.675732504,-25.604010617,-0., 0000695P0004901
110.860273506,-25.650659114,-0.,103.820527326,-25.684840662,-0., 0000695P0004902
96.566673873,-25.701853441,-0.,81.893455029,-25.697980027,-0.,   0000695P0004903
74.922142836,-25.678595376,-0.,68.164647587,-25.643901871,-0.,   0000695P0004904
61.625984032,-25.598369731,-0.,55.326248493,-25.547609451,-0.,   0000695P0004905
49.305312709,-25.49665962,-0.,36.857361404,-25.392189684,-0.,    0000695P0004906
30.367839852,-25.338325774,-0.,24.091849317,-25.291971497,-0.,   0000695P0004907
17.971320242,-25.255774393,-0.,11.951987415,-25.231144689,-0.,   0000695P0004908
5.981072515,-25.218792596,-0.,-2.37142157E-11,-25.218792596,0.,  0000695P0004909
0.,1.,-0.,-0.,1.;                                                0000695P0004910
510,699,1,1,707;                                                 0000697P0004911
192,701,703,4.95,705;                                            0000699P0004912
116,-148.120501987,0.,69.852342966,0;                            0000701P0004913
123,0.,-1.,0.;                                                   0000703P0004914
123,0.894934362,0.,-0.446197813;                                 0000705P0004915
508,4,0,17,66,0,1,0,709,0,17,86,1,1,0,711,0,17,26,1,1,0,713,0,   0000707P0004916
17,86,0,1,0,715;                                                 0000707P0004917
126,49,7,1,0,1,0,0.,0.,0.,0.,0.,0.,0.,0.,0.134521037,            0000709P0004918
0.134521037,0.134521037,0.134521037,0.134521037,0.134521037,     0000709P0004919
0.247014421,0.247014421,0.247014421,0.247014421,0.247014421,     0000709P0004920
0.247014421,0.363857693,0.363857693,0.363857693,0.363857693,     0000709P0004921
0.363857693,0.363857693,0.498946727,0.498946727,0.498946727,     0000709P0004922
0.498946727,0.498946727,0.498946727,0.63403571,0.63403571,       0000709P0004923
0.63403571,0.63403571,0.63403571,0.63403571,0.747004039,         0000709P0004924
0.747004039,0.747004039,0.747004039,0.747004039,0.747004039,     0000709P0004925
0.864340621,0.864340621,0.864340621,0.864340621,0.864340621,     0000709P0004926
0.864340621,1.,1.,1.,1.,1.,1.,1.,1.,1.,1.,1.,1.,1.,1.,1.,1.,1.,  0000709P0004927
1.,1.,1.,1.,1.,1.,1.,1.,1.,1.,1.,1.,1.,1.,1.,1.,1.,1.,1.,1.,1.,  0000709P0004928
1.,1.,1.,1.,1.,1.,1.,1.,1.,1.,1.,1.,1.,1.,1.,1.,1.,1.,1.,1.,     0000709P0004929
360.,-25.218792596,-0.,354.018927426,-25.218792596,-0.,          0000709P0004930
348.048012842,-25.231144688,-0.,342.028679266,-25.255774395,-0., 0000709P0004931
335.908151197,-25.291971494,-0.,329.632159852,-25.338325776,-0., 0000709P0004932
323.142638674,-25.392189683,-0.,310.694687291,-25.49665962,-0.,  0000709P0004933
304.673751507,-25.547609451,-0.,298.374015968,-25.598369731,-0., 0000709P0004934
291.835352413,-25.643901871,-0.,285.077857164,-25.678595376,-0., 0000709P0004935
278.106544971,-25.697980027,-0.,263.433326127,-25.701853441,-0., 0000709P0004936
256.179472674,-25.684840662,-0.,249.139726495,-25.650659114,-0., 0000709P0004937
242.324267496,-25.604010617,-0.,235.760592838,-25.551283657,-0., 0000709P0004938
229.499833444,-25.498292143,-0.,216.857278608,-25.392188989,-0., 0000709P0004939
210.367829524,-25.338325712,-0.,204.091902713,-25.291972085,-0., 0000709P0004940
197.971396844,-25.255774775,-0.,191.952043061,-25.231144704,-0., 0000709P0004941
185.981074828,-25.218792596,-0.,174.018927426,-25.218792596,-0., 0000709P0004942
168.048012842,-25.231144688,-0.,162.028679266,-25.255774395,-0., 0000709P0004943
155.908151197,-25.291971494,-0.,149.632159852,-25.338325776,-0., 0000709P0004944
143.142638674,-25.392189683,-0.,130.694687291,-25.49665962,-0.,  0000709P0004945
124.673751507,-25.547609451,-0.,118.374015968,-25.598369731,-0., 0000709P0004946
111.835352413,-25.643901871,-0.,105.077857164,-25.678595376,-0., 0000709P0004947
98.106544971,-25.697980027,-0.,83.433326128,-25.701853441,-0.,   0000709P0004948
76.179472672,-25.684840662,-0.,69.139726494,-25.650659114,-0.,   0000709P0004949
62.324267497,-25.604010617,-0.,55.76059284,-25.551283657,-0.,    0000709P0004950
49.499833442,-25.498292143,-0.,36.857278532,-25.392188988,-0.,   0000709P0004951
30.367829812,-25.338325713,-0.,24.091902208,-25.291972082,-0.,   0000709P0004952
17.971397336,-25.255774777,-0.,11.952042796,-25.231144704,-0.,   0000709P0004953
5.981074894,-25.218792596,-0.,0.,-25.218792596,-0.,0.,1.,-0.,    0000709P0004954
-0.,1.;                                                          0000709P0004955
110,2.37142157E-11,-25.218792596,-0.,2.37142157E-11,             0000711P0004956
-31.361760155,-0.;                                               0000711P0004957
126,49,7,1,0,1,0,0.,0.,0.,0.,0.,0.,0.,0.,0.135666361,            0000713P0004958
0.135666361,0.135666361,0.135666361,0.135666361,0.135666361,     0000713P0004959
0.252963383,0.252963383,0.252963383,0.252963383,0.252963383,     0000713P0004960
0.252963383,0.365898566,0.365898566,0.365898566,0.365898566,     0000713P0004961
0.365898566,0.365898566,0.501015168,0.501015168,0.501015168,     0000713P0004962
0.501015168,0.501015168,0.501015168,0.636131749,0.636131749,     0000713P0004963
0.636131749,0.636131749,0.636131749,0.636131749,0.752953432,     0000713P0004964
0.752953432,0.752953432,0.752953432,0.752953432,0.752953432,     0000713P0004965
0.865430951,0.865430951,0.865430951,0.865430951,0.865430951,     0000713P0004966
0.865430951,1.,1.,1.,1.,1.,1.,1.,1.,1.,1.,1.,1.,1.,1.,1.,1.,1.,  0000713P0004967
1.,1.,1.,1.,1.,1.,1.,1.,1.,1.,1.,1.,1.,1.,1.,1.,1.,1.,1.,1.,1.,  0000713P0004968
1.,1.,1.,1.,1.,1.,1.,1.,1.,1.,1.,1.,1.,1.,1.,1.,1.,1.,1.,1.,0.,  0000713P0004969
-31.361760155,-0.,5.975312238,-31.361760155,-0.,11.940966313,    0000713P0004970
-31.371673645,-0.,17.956540151,-31.391443918,-0.,24.075704183,   0000713P0004971
-31.420526812,-0.,30.353401221,-31.45783746,-0.,36.848130496,    0000713P0004972
-31.501281389,-0.,49.505464337,-31.586974608,-0.,55.771510489,   0000713P0004973
-31.629790738,-0.,62.33966916,-31.67241955,-0.,69.15796999,      0000713P0004974
-31.710154339,-0.,76.197538719,-31.737778979,-0.,83.446349664,   0000713P0004975
-31.75149748,-0.,98.094320595,-31.74836755,-0.,105.060884669,    0000713P0004976
-31.732726065,-0.,111.81828485,-31.704684363,-0.,118.359776813,  0000713P0004977
-31.667855393,-0.,124.663912753,-31.626817241,-0.,130.689862101, 0000713P0004978
-31.5856522,-0.,143.151787534,-31.501281944,-0.,149.646588626,   0000713P0004979
-31.457837508,-0.,155.924349225,-31.420526339,-0.,162.043535943, 0000713P0004980
-31.391443614,-0.,168.059087567,-31.371673643,-0.,174.024686868, 0000713P0004981
-31.361760155,-0.,185.975312238,-31.361760155,-0.,191.940966313, 0000713P0004982
-31.371673645,-0.,197.956540151,-31.391443918,-0.,204.075704182, 0000713P0004983
-31.420526812,-0.,210.353401221,-31.45783746,-0.,216.848130496,  0000713P0004984
-31.501281389,-0.,229.505464337,-31.586974608,-0.,235.771510489, 0000713P0004985
-31.629790738,-0.,242.33966916,-31.67241955,-0.,249.15796999,    0000713P0004986
-31.710154339,-0.,256.197538719,-31.737778979,-0.,263.446349664, 0000713P0004987
-31.75149748,-0.,278.094320595,-31.74836755,-0.,285.060884669,   0000713P0004988
-31.732726065,-0.,291.81828485,-31.704684363,-0.,298.359776813,  0000713P0004989
-31.667855393,-0.,304.663912753,-31.626817241,-0.,310.689862101, 0000713P0004990
-31.5856522,-0.,323.151787534,-31.501281944,-0.,329.646588626,   0000713P0004991
-31.457837508,-0.,335.924349224,-31.420526339,-0.,342.043535943, 0000713P0004992
-31.391443614,-0.,348.059087567,-31.371673643,-0.,354.024686868, 0000713P0004993
-31.361760155,-0.,360.,-31.361760155,-0.,0.,1.,0.,0.,1.;         0000713P0004994
110,360.,-31.361760155,-0.,360.,-25.218792596,-0.;               0000715P0004995
510,719,1,1,727;                                                 0000717P0004996
192,721,723,4.95,725;                                            0000719P0004997
116,-138.438009443,0.,89.272418612,0;                            0000721P0004998
123,0.,-1.,0.;                                                   0000723P0004999
123,0.894934362,0.,-0.446197813;                                 0000725P0005000
508,4,0,17,65,0,1,0,729,0,17,87,1,1,0,731,0,17,25,1,1,0,733,0,   0000727P0005001
17,87,0,1,0,735;                                                 0000727P0005002
126,49,7,1,0,1,0,0.,0.,0.,0.,0.,0.,0.,0.,0.134521037,            0000729P0005003
0.134521037,0.134521037,0.134521037,0.134521037,0.134521037,     0000729P0005004
0.247014421,0.247014421,0.247014421,0.247014421,0.247014421,     0000729P0005005
0.247014421,0.363857693,0.363857693,0.363857693,0.363857693,     0000729P0005006
0.363857693,0.363857693,0.498946727,0.498946727,0.498946727,     0000729P0005007
0.498946727,0.498946727,0.498946727,0.63403571,0.63403571,       0000729P0005008
0.63403571,0.63403571,0.63403571,0.63403571,0.747004039,         0000729P0005009
0.747004039,0.747004039,0.747004039,0.747004039,0.747004039,     0000729P0005010
0.864340621,0.864340621,0.864340621,0.864340621,0.864340621,     0000729P0005011
0.864340621,1.,1.,1.,1.,1.,1.,1.,1.,1.,1.,1.,1.,1.,1.,1.,1.,1.,  0000729P0005012
1.,1.,1.,1.,1.,1.,1.,1.,1.,1.,1.,1.,1.,1.,1.,1.,1.,1.,1.,1.,1.,  0000729P0005013
1.,1.,1.,1.,1.,1.,1.,1.,1.,1.,1.,1.,1.,1.,1.,1.,1.,1.,1.,1.,     0000729P0005014
360.,-25.218792596,-0.,354.018927426,-25.218792596,-0.,          0000729P0005015
348.048012842,-25.231144688,-0.,342.028679266,-25.255774395,-0., 0000729P0005016
335.908151197,-25.291971494,-0.,329.632159852,-25.338325776,-0., 0000729P0005017
323.142638674,-25.392189683,-0.,310.694687291,-25.49665962,-0.,  0000729P0005018
304.673751507,-25.547609451,-0.,298.374015968,-25.598369731,-0., 0000729P0005019
291.835352413,-25.643901871,-0.,285.077857164,-25.678595376,-0., 0000729P0005020
278.106544971,-25.697980027,-0.,263.433326128,-25.701853441,-0., 0000729P0005021
256.179472673,-25.684840662,-0.,249.139726494,-25.650659114,-0., 0000729P0005022
242.324267497,-25.604010617,-0.,235.76059284,-25.551283657,-0.,  0000729P0005023
229.499833442,-25.498292143,-0.,216.857278608,-25.392188989,-0., 0000729P0005024
210.367829524,-25.338325712,-0.,204.091902713,-25.291972085,-0., 0000729P0005025
197.971396844,-25.255774775,-0.,191.952043061,-25.231144704,-0., 0000729P0005026
185.981074828,-25.218792596,-0.,174.018927426,-25.218792596,-0., 0000729P0005027
168.048012842,-25.231144688,-0.,162.028679266,-25.255774395,-0., 0000729P0005028
155.908151197,-25.291971494,-0.,149.632159852,-25.338325776,-0., 0000729P0005029
143.142638674,-25.392189683,-0.,130.694687291,-25.49665962,-0.,  0000729P0005030
124.673751507,-25.547609451,-0.,118.374015968,-25.598369731,-0., 0000729P0005031
111.835352413,-25.643901871,-0.,105.077857164,-25.678595376,-0., 0000729P0005032
98.106544971,-25.697980027,-0.,83.433326128,-25.701853441,-0.,   0000729P0005033
76.179472673,-25.684840662,-0.,69.139726494,-25.650659114,-0.,   0000729P0005034
62.324267497,-25.604010617,-0.,55.760592841,-25.551283657,-0.,   0000729P0005035
49.499833442,-25.498292143,-0.,36.857278532,-25.392188988,-0.,   0000729P0005036
30.367829812,-25.338325713,-0.,24.091902208,-25.291972082,-0.,   0000729P0005037
17.971397336,-25.255774777,-0.,11.952042796,-25.231144704,-0.,   0000729P0005038
5.981074894,-25.218792596,-0.,0.,-25.218792596,-0.,0.,1.,-0.,    0000729P0005039
-0.,1.;                                                          0000729P0005040
110,2.37142157E-11,-25.218792596,-0.,2.37142157E-11,             0000731P0005041
-31.361760155,-0.;                                               0000731P0005042
126,49,7,1,0,1,0,0.,0.,0.,0.,0.,0.,0.,0.,0.135666362,            0000733P0005043
0.135666362,0.135666362,0.135666362,0.135666362,0.135666362,     0000733P0005044
0.252963384,0.252963384,0.252963384,0.252963384,0.252963384,     0000733P0005045
0.252963384,0.365898568,0.365898568,0.365898568,0.365898568,     0000733P0005046
0.365898568,0.365898568,0.501015168,0.501015168,0.501015168,     0000733P0005047
0.501015168,0.501015168,0.501015168,0.636131749,0.636131749,     0000733P0005048
0.636131749,0.636131749,0.636131749,0.636131749,0.752953432,     0000733P0005049
0.752953432,0.752953432,0.752953432,0.752953432,0.752953432,     0000733P0005050
0.865430952,0.865430952,0.865430952,0.865430952,0.865430952,     0000733P0005051
0.865430952,1.,1.,1.,1.,1.,1.,1.,1.,1.,1.,1.,1.,1.,1.,1.,1.,1.,  0000733P0005052
1.,1.,1.,1.,1.,1.,1.,1.,1.,1.,1.,1.,1.,1.,1.,1.,1.,1.,1.,1.,1.,  0000733P0005053
1.,1.,1.,1.,1.,1.,1.,1.,1.,1.,1.,1.,1.,1.,1.,1.,1.,1.,1.,1.,0.,  0000733P0005054
-31.361760155,-0.,5.975312238,-31.361760155,-0.,11.940966313,    0000733P0005055
-31.371673645,-0.,17.956540151,-31.391443918,-0.,24.075704183,   0000733P0005056
-31.420526812,-0.,30.353401221,-31.45783746,-0.,36.848130496,    0000733P0005057
-31.501281389,-0.,49.505464337,-31.586974608,-0.,55.771510489,   0000733P0005058
-31.629790738,-0.,62.33966916,-31.67241955,-0.,69.15796999,      0000733P0005059
-31.710154339,-0.,76.197538719,-31.737778979,-0.,83.446349664,   0000733P0005060
-31.75149748,-0.,98.094320595,-31.74836755,-0.,105.060884669,    0000733P0005061
-31.732726065,-0.,111.81828485,-31.704684363,-0.,118.359776813,  0000733P0005062
-31.667855393,-0.,124.663912753,-31.626817241,-0.,130.689862101, 0000733P0005063
-31.5856522,-0.,143.151787454,-31.501281944,-0.,149.646588925,   0000733P0005064
-31.457837506,-0.,155.924348705,-31.420526341,-0.,162.043536439, 0000733P0005065
-31.391443613,-0.,168.059087308,-31.371673644,-0.,174.024686928, 0000733P0005066
-31.361760155,-0.,185.975312238,-31.361760155,-0.,191.940966313, 0000733P0005067
-31.371673645,-0.,197.956540151,-31.391443918,-0.,204.075704182, 0000733P0005068
-31.420526812,-0.,210.353401221,-31.45783746,-0.,216.848130496,  0000733P0005069
-31.501281389,-0.,229.505464337,-31.586974608,-0.,235.771510489, 0000733P0005070
-31.629790738,-0.,242.33966916,-31.67241955,-0.,249.15796999,    0000733P0005071
-31.710154339,-0.,256.197538719,-31.737778979,-0.,263.446349664, 0000733P0005072
-31.75149748,-0.,278.09432063,-31.74836755,-0.,285.060884534,    0000733P0005073
-31.732726065,-0.,291.818285085,-31.704684363,-0.,298.359776588, 0000733P0005074
-31.667855394,-0.,304.66391287,-31.626817241,-0.,310.689862074,  0000733P0005075
-31.5856522,-0.,323.151787454,-31.501281944,-0.,329.646588925,   0000733P0005076
-31.457837506,-0.,335.924348705,-31.420526341,-0.,342.043536439, 0000733P0005077
-31.391443613,-0.,348.059087308,-31.371673644,-0.,354.024686928, 0000733P0005078
-31.361760155,-0.,360.,-31.361760155,-0.,0.,1.,0.,0.,1.;         0000733P0005079
110,360.,-31.361760155,-0.,360.,-25.218792596,-0.;               0000735P0005080
510,739,1,1,747;                                                 0000737P0005081
192,741,743,4.95,745;                                            0000739P0005082
116,-128.755516898,0.,108.692494259,0;                           0000741P0005083
123,0.,-1.,0.;                                                   0000743P0005084
123,0.894934362,0.,-0.446197813;                                 0000745P0005085
508,4,0,17,64,0,1,0,749,0,17,88,1,1,0,751,0,17,24,1,1,0,753,0,   0000747P0005086
17,88,0,1,0,755;                                                 0000747P0005087
126,49,7,1,0,1,0,0.,0.,0.,0.,0.,0.,0.,0.,0.134521037,            0000749P0005088
0.134521037,0.134521037,0.134521037,0.134521037,0.134521037,     0000749P0005089
0.247014421,0.247014421,0.247014421,0.247014421,0.247014421,     0000749P0005090
0.247014421,0.363857693,0.363857693,0.363857693,0.363857693,     0000749P0005091
0.363857693,0.363857693,0.498946728,0.498946728,0.498946728,     0000749P0005092
0.498946728,0.498946728,0.498946728,0.634035711,0.634035711,     0000749P0005093
0.634035711,0.634035711,0.634035711,0.634035711,0.74700404,      0000749P0005094
0.74700404,0.74700404,0.74700404,0.74700404,0.74700404,          0000749P0005095
0.864340622,0.864340622,0.864340622,0.864340622,0.864340622,     0000749P0005096
0.864340622,1.,1.,1.,1.,1.,1.,1.,1.,1.,1.,1.,1.,1.,1.,1.,1.,1.,  0000749P0005097
1.,1.,1.,1.,1.,1.,1.,1.,1.,1.,1.,1.,1.,1.,1.,1.,1.,1.,1.,1.,1.,  0000749P0005098
1.,1.,1.,1.,1.,1.,1.,1.,1.,1.,1.,1.,1.,1.,1.,1.,1.,1.,1.,1.,     0000749P0005099
360.,-25.218792596,-0.,354.018927426,-25.218792596,-0.,          0000749P0005100
348.048012842,-25.231144688,-0.,342.028679266,-25.255774395,-0., 0000749P0005101
335.908151197,-25.291971494,-0.,329.632159852,-25.338325776,-0., 0000749P0005102
323.142638674,-25.392189683,-0.,310.694687291,-25.49665962,-0.,  0000749P0005103
304.673751507,-25.547609451,-0.,298.374015968,-25.598369731,-0., 0000749P0005104
291.835352413,-25.643901871,-0.,285.077857164,-25.678595376,-0., 0000749P0005105
278.106544971,-25.697980027,-0.,263.433326128,-25.701853441,-0., 0000749P0005106
256.179472673,-25.684840662,-0.,249.139726494,-25.650659114,-0., 0000749P0005107
242.324267497,-25.604010617,-0.,235.76059284,-25.551283657,-0.,  0000749P0005108
229.499833442,-25.498292143,-0.,216.857278532,-25.392188988,-0., 0000749P0005109
210.367829812,-25.338325713,-0.,204.091902208,-25.291972082,-0., 0000749P0005110
197.971397336,-25.255774777,-0.,191.952042796,-25.231144704,-0., 0000749P0005111
185.981074894,-25.218792596,-0.,174.018927426,-25.218792596,-0., 0000749P0005112
168.048012842,-25.231144688,-0.,162.028679266,-25.255774395,-0., 0000749P0005113
155.908151197,-25.291971494,-0.,149.632159852,-25.338325776,-0., 0000749P0005114
143.142638674,-25.392189683,-0.,130.694687291,-25.49665962,-0.,  0000749P0005115
124.673751507,-25.547609451,-0.,118.374015968,-25.598369731,-0., 0000749P0005116
111.835352413,-25.643901871,-0.,105.077857164,-25.678595376,-0., 0000749P0005117
98.106544971,-25.697980027,-0.,83.433326127,-25.701853441,-0.,   0000749P0005118
76.179472673,-25.684840662,-0.,69.139726494,-25.650659114,-0.,   0000749P0005119
62.324267496,-25.604010617,-0.,55.760592839,-25.551283657,-0.,   0000749P0005120
49.499833443,-25.498292143,-0.,36.857278608,-25.392188989,-0.,   0000749P0005121
30.367829524,-25.338325712,-0.,24.091902713,-25.291972085,-0.,   0000749P0005122
17.971396844,-25.255774775,-0.,11.952043061,-25.231144704,-0.,   0000749P0005123
5.981074828,-25.218792596,-0.,0.,-25.218792596,-0.,0.,1.,-0.,    0000749P0005124
-0.,1.;                                                          0000749P0005125
110,2.37142157E-11,-25.218792596,-0.,2.37142157E-11,             0000751P0005126
-31.361760155,-0.;                                               0000751P0005127
126,49,7,1,0,1,0,0.,0.,0.,0.,0.,0.,0.,0.,0.13566636,0.13566636,  0000753P0005128
0.13566636,0.13566636,0.13566636,0.13566636,0.252963382,         0000753P0005129
0.252963382,0.252963382,0.252963382,0.252963382,0.252963382,     0000753P0005130
0.365898565,0.365898565,0.365898565,0.365898565,0.365898565,     0000753P0005131
0.365898565,0.501015166,0.501015166,0.501015166,0.501015166,     0000753P0005132
0.501015166,0.501015166,0.636131748,0.636131748,0.636131748,     0000753P0005133
0.636131748,0.636131748,0.636131748,0.752953431,0.752953431,     0000753P0005134
0.752953431,0.752953431,0.752953431,0.752953431,0.865430951,     0000753P0005135
0.865430951,0.865430951,0.865430951,0.865430951,0.865430951,1.,  0000753P0005136
1.,1.,1.,1.,1.,1.,1.,1.,1.,1.,1.,1.,1.,1.,1.,1.,1.,1.,1.,1.,1.,  0000753P0005137
1.,1.,1.,1.,1.,1.,1.,1.,1.,1.,1.,1.,1.,1.,1.,1.,1.,1.,1.,1.,1.,  0000753P0005138
1.,1.,1.,1.,1.,1.,1.,1.,1.,1.,1.,1.,1.,1.,1.,0.,-31.361760155,   0000753P0005139
-0.,5.975312173,-31.361760155,-0.,11.94096658,-31.371673646,-0., 0000753P0005140
17.956539654,-31.391443916,-0.,24.075704693,-31.420526814,-0.,   0000753P0005141
30.35340093,-31.457837458,-0.,36.848130573,-31.501281389,-0.,    0000753P0005142
49.505464337,-31.586974608,-0.,55.771510489,-31.629790738,-0.,   0000753P0005143
62.33966916,-31.67241955,-0.,69.15796999,-31.710154339,-0.,      0000753P0005144
76.197538719,-31.737778979,-0.,83.446349664,-31.75149748,-0.,    0000753P0005145
98.094320595,-31.74836755,-0.,105.060884669,-31.732726065,-0.,   0000753P0005146
111.81828485,-31.704684363,-0.,118.359776813,-31.667855393,-0.,  0000753P0005147
124.663912753,-31.626817241,-0.,130.689862101,-31.5856522,-0.,   0000753P0005148
143.151787534,-31.501281944,-0.,149.646588626,-31.457837508,-0., 0000753P0005149
155.924349225,-31.420526339,-0.,162.043535943,-31.391443614,-0., 0000753P0005150
168.059087567,-31.371673643,-0.,174.024686868,-31.361760155,-0., 0000753P0005151
185.975312238,-31.361760155,-0.,191.940966313,-31.371673645,-0., 0000753P0005152
197.956540151,-31.391443918,-0.,204.075704182,-31.420526812,-0., 0000753P0005153
210.353401221,-31.45783746,-0.,216.848130496,-31.501281389,-0.,  0000753P0005154
229.505464337,-31.586974608,-0.,235.771510489,-31.629790738,-0., 0000753P0005155
242.33966916,-31.67241955,-0.,249.15796999,-31.710154339,-0.,    0000753P0005156
256.197538719,-31.737778979,-0.,263.446349664,-31.75149748,-0.,  0000753P0005157
278.094320637,-31.74836755,-0.,285.060884509,-31.732726065,-0.,  0000753P0005158
291.818285128,-31.704684363,-0.,298.359776547,-31.667855394,-0., 0000753P0005159
304.663912891,-31.626817241,-0.,310.689862069,-31.585652201,-0., 0000753P0005160
323.151787534,-31.501281944,-0.,329.646588626,-31.457837508,-0., 0000753P0005161
335.924349225,-31.420526339,-0.,342.043535943,-31.391443614,-0., 0000753P0005162
348.059087567,-31.371673643,-0.,354.024686868,-31.361760155,-0., 0000753P0005163
360.,-31.361760155,-0.,0.,1.,0.,0.,1.;                           0000753P0005164
110,360.,-31.361760155,-0.,360.,-25.218792596,-0.;               0000755P0005165
510,759,1,1,767;                                                 0000757P0005166
190,761,763,765;                                                 0000759P0005167
116,-181.392895801,-6.106226635E-16,-9.20812636,0;               0000761P0005168
123,-0.894934362,1.110223025E-16,0.446197813;                    0000763P0005169
123,0.446197813,0.,0.894934362;                                  0000765P0005170
508,4,0,17,89,1,0,0,17,1,1,0,0,17,90,1,0,0,17,41,0,0;            0000767P0005171
510,771,1,1,779;                                                 0000769P0005172
190,773,775,777;                                                 0000771P0005173
116,-168.899357033,-6.106226635E-16,15.850035765,0;              0000773P0005174
123,0.446197813,0.,0.894934362;                                  0000775P0005175
123,9.935767338E-17,1.,-4.953790857E-17;                         0000777P0005176
508,4,0,17,91,0,0,0,17,42,1,0,0,17,89,1,0,0,17,2,0,0;            0000779P0005177
510,783,1,1,791;                                                 0000781P0005178
190,785,787,789;                                                 0000783P0005179
116,-191.237173778,6.106226635E-16,-4.299950415,0;               0000785P0005180
123,-0.894934362,1.110223025E-16,0.446197813;                    0000787P0005181
123,0.446197813,0.,0.894934362;                                  0000789P0005182
508,4,0,17,91,1,0,0,17,3,1,0,0,17,92,1,0,0,17,43,0,0;            0000791P0005183
510,795,1,1,803;                                                 0000793P0005184
190,797,799,801;                                                 0000795P0005185
116,-180.068265406,1.460330226E-15,5.775042675,0;                0000797P0005186
123,0.446197813,0.,0.894934362;                                  0000799P0005187
123,0.894934362,0.,-0.446197813;                                 0000801P0005188
508,4,0,17,92,0,0,0,17,4,1,0,0,17,93,1,0,0,17,44,0,0;            0000803P0005189
510,807,1,1,815;                                                 0000805P0005190
190,809,811,813;                                                 0000807P0005191
116,-188.776104284,4.763139721,-5.526994401,0;                   0000809P0005192
123,0.447467181,-0.866025404,-0.223098907;                       0000811P0005193
123,0.446197813,5.551115123E-17,0.894934362;                     0000813P0005194
508,4,0,17,94,1,0,0,17,5,1,0,0,17,93,1,0,0,17,45,0,0;            0000815P0005195
510,819,1,1,827;                                                 0000817P0005196
190,821,823,825;                                                 0000819P0005197
116,-176.282565517,4.763139721,19.531167723,0;                   0000821P0005198
123,0.446197813,0.,0.894934362;                                  0000823P0005199
123,-0.775035892,-0.5,0.386418641;                               0000825P0005200
508,4,0,17,95,0,0,0,17,46,1,0,0,17,94,1,0,0,17,6,0,0;            0000827P0005201
510,831,1,1,839;                                                 0000829P0005202
190,833,835,837;                                                 0000831P0005203
116,-183.853965295,-4.763139721,-7.981082374,0;                  0000833P0005204
123,0.447467181,-0.866025404,-0.223098907;                       0000835P0005205
123,0.446197813,5.551115123E-17,0.894934362;                     0000837P0005206
508,4,0,17,95,1,0,0,17,7,1,0,0,17,96,1,0,0,17,47,0,0;            0000839P0005207
510,843,1,1,851;                                                 0000841P0005208
190,845,847,849;                                                 0000843P0005209
116,-180.068265406,1.460330226E-15,5.775042675,0;                0000845P0005210
123,0.446197813,0.,0.894934362;                                  0000847P0005211
123,0.894934362,0.,-0.446197813;                                 0000849P0005212
508,4,0,17,96,0,0,0,17,8,1,0,0,17,97,1,0,0,17,48,0,0;            0000851P0005213
510,855,1,1,863;                                                 0000853P0005214
190,857,859,861;                                                 0000855P0005215
116,-188.776104284,-4.763139721,-5.526994401,0;                  0000857P0005216
123,0.447467181,0.866025404,-0.223098907;                        0000859P0005217
123,0.446197813,-5.551115123E-17,0.894934362;                    0000861P0005218
508,4,0,17,98,1,0,0,17,9,1,0,0,17,97,1,0,0,17,49,0,0;            0000863P0005219
510,867,1,1,875;                                                 0000865P0005220
190,869,871,873;                                                 0000867P0005221
116,-176.282565517,-4.763139721,19.531167723,0;                  0000869P0005222
123,0.446197813,0.,0.894934362;                                  0000871P0005223
123,0.775035892,-0.5,-0.386418641;                               0000873P0005224
508,4,0,17,99,0,0,0,17,50,1,0,0,17,98,1,0,0,17,10,0,0;           0000875P0005225
510,879,1,1,887;                                                 0000877P0005226
190,881,883,885;                                                 0000879P0005227
116,-183.853965295,4.763139721,-7.981082374,0;                   0000881P0005228
123,0.447467181,0.866025404,-0.223098907;                        0000883P0005229
123,0.446197813,-5.551115123E-17,0.894934362;                    0000885P0005230
508,4,0,17,99,1,0,0,17,11,1,0,0,17,100,1,0,0,17,51,0,0;          0000887P0005231
510,891,2,1,899,901;                                             0000889P0005232
190,893,895,897;                                                 0000891P0005233
116,-111.8,1.460330226E-15,142.7,0;                              0000893P0005234
123,0.446197813,0.,0.894934362;                                  0000895P0005235
123,0.894934362,0.,-0.446197813;                                 0000897P0005236
508,1,0,17,18,1,0;                                               0000899P0005237
508,1,0,17,58,0,0;                                               0000901P0005238
510,905,1,1,913;                                                 0000903P0005239
192,907,909,4.95,911;                                            0000905P0005240
116,-149.726814114,0.,66.630579264,0;                            0000907P0005241
123,-0.894934362,-0.,0.446197813;                                0000909P0005242
123,0.,1.,0.;                                                    0000911P0005243
508,8,0,17,56,1,1,0,915,0,17,60,1,1,0,917,0,17,101,1,1,0,919,0,  0000913P0005244
17,20,0,1,0,921,0,17,16,0,1,0,923,0,17,19,0,1,0,925,0,17,101,0,  0000913P0005245
1,0,927,0,17,59,1,1,0,929;                                       0000913P0005246
126,41,6,1,0,1,0,0.,0.,0.,0.,0.,0.,0.,9.319181212E-02,           0000915P0005247
9.319181212E-02,9.319181212E-02,9.319181212E-02,9.319181212E-02, 0000915P0005248
0.231271018,0.231271018,0.231271018,0.231271018,0.231271018,     0000915P0005249
0.350087098,0.350087098,0.350087098,0.350087098,0.350087098,     0000915P0005250
0.500001031,0.500001031,0.500001031,0.500001031,0.500001031,     0000915P0005251
0.649915207,0.649915207,0.649915207,0.649915207,0.649915207,     0000915P0005252
0.76873115,0.76873115,0.76873115,0.76873115,0.76873115,          0000915P0005253
0.906810189,0.906810189,0.906810189,0.906810189,0.906810189,1.,  0000915P0005254
1.,1.,1.,1.,1.,1.,1.,1.,1.,1.,1.,1.,1.,1.,1.,1.,1.,1.,1.,1.,1.,  0000915P0005255
1.,1.,1.,1.,1.,1.,1.,1.,1.,1.,1.,1.,1.,1.,1.,1.,1.,1.,1.,1.,1.,  0000915P0005256
1.,1.,1.,1.,1.,1.,270.,-25.7,-0.,266.596434542,-25.7,-0.,        0000915P0005257
263.200515553,-25.695962842,-0.,259.827153289,-25.68792218,-0.,  0000915P0005258
256.491136639,-25.676197207,-0.,253.208838,-25.661374043,-0.,    0000915P0005259
245.245571535,-25.618693713,-0.,240.652425738,-25.587997624,-0., 0000915P0005260
236.203910464,-25.554008297,-0.,231.889724672,-25.518571419,-0., 0000915P0005261
227.702008921,-25.483203828,-0.,220.13790759,-25.419721801,-0.,  0000915P0005262
216.719986106,-25.391201131,-0.,213.37102054,-25.364198118,-0.,  0000915P0005263
210.080614851,-25.339221192,-0.,206.838980881,-25.316647717,-0., 0000915P0005264
199.595522142,-25.271671301,-0.,195.616856428,-25.250859564,-0., 0000915P0005265
191.683189025,-25.234911458,-0.,187.779246056,-25.224166851,-0., 0000915P0005266
183.889971926,-25.218792596,-0.,176.110021743,-25.218792596,-0., 0000915P0005267
172.22073914,-25.224166869,-0.,168.316798758,-25.234911521,-0.,  0000915P0005268
164.383143146,-25.250859589,-0.,160.404489353,-25.271671229,-0., 0000915P0005269
153.161018895,-25.316647719,-0.,149.919385526,-25.339221189,-0., 0000915P0005270
146.628979449,-25.364198118,-0.,143.280013512,-25.391201134,-0., 0000915P0005271
139.862092658,-25.419721799,-0.,132.297991079,-25.483203828,-0., 0000915P0005272
128.110275328,-25.518571419,-0.,123.796089536,-25.554008297,-0., 0000915P0005273
119.347574262,-25.587997624,-0.,114.754428465,-25.618693713,-0., 0000915P0005274
106.791226986,-25.661373695,-0.,103.508898783,-25.676197129,-0., 0000915P0005275
100.172806254,-25.687922458,-0.,96.799373247,-25.695963129,-0.,  0000915P0005276
93.403444097,-25.7,-0.,90.,-25.7,-0.,0.,1.,0.,0.,1.;             0000915P0005277
126,19,7,1,0,1,0,0.,0.,0.,0.,0.,0.,0.,0.,0.186431013,            0000917P0005278
0.186431013,0.186431013,0.186431013,0.186431013,0.186431013,     0000917P0005279
0.462659641,0.462659641,0.462659641,0.462659641,0.462659641,     0000917P0005280
0.462659641,1.,1.,1.,1.,1.,1.,1.,1.,1.,1.,1.,1.,1.,1.,1.,1.,1.,  0000917P0005281
1.,1.,1.,1.,1.,1.,1.,1.,1.,1.,1.,90.,-25.7,-0.,87.082658179,     0000917P0005282
-25.7,-0.,84.170778121,-25.697116316,-0.,81.272879973,           0000917P0005283
-25.691368178,-0.,78.397431867,-25.682897192,-0.,75.553337028,   0000917P0005284
-25.671962018,-0.,72.750432572,-25.65891715,-0.,65.924775601,    0000917P0005285
-25.62233401,-0.,61.964753109,-25.596767935,-0.,58.11041701,     0000917P0005286
-25.568575152,-0.,54.354973696,-25.538821064,-0.,50.693234457,   0000917P0005287
-25.508466393,-0.,47.121202452,-25.478329386,-0.,36.857397392,   0000917P0005288
-25.392189986,-0.,30.367906779,-25.338326332,-0.,24.091922959,   0000917P0005289
-25.291972,-0.,17.971389262,-25.255774721,-0.,11.952042236,      0000917P0005290
-25.231144811,-0.,5.981101796,-25.218792596,-0.,-2.37142157E-11, 0000917P0005291
-25.218792596,0.,0.,1.,0.,0.,1.;                                 0000917P0005292
110,-2.37142157E-11,-25.218792596,0.,-2.37142157E-11,            0000919P0005293
-31.361760155,0.;                                                0000919P0005294
126,19,7,1,0,1,0,0.,0.,0.,0.,0.,0.,0.,0.,0.537507208,            0000921P0005295
0.537507208,0.537507208,0.537507208,0.537507208,0.537507208,     0000921P0005296
0.813477646,0.813477646,0.813477646,0.813477646,0.813477646,     0000921P0005297
0.813477646,1.,1.,1.,1.,1.,1.,1.,1.,1.,1.,1.,1.,1.,1.,1.,1.,1.,  0000921P0005298
1.,1.,1.,1.,1.,1.,1.,1.,1.,1.,1.,-2.37142157E-11,-31.361760155,  0000921P0005299
0.,5.975343066,-31.361760155,-0.,11.940969608,-31.371673745,-0., 0000921P0005300
17.956535639,-31.391443888,-0.,24.075728403,-31.420526765,-0.,   0000921P0005301
30.353481171,-31.457837977,-0.,36.848250642,-31.501282202,-0.,   0000921P0005302
47.121560653,-31.570835002,-0.,50.694681015,-31.595164898,-0.,   0000921P0005303
54.35768465,-31.619683754,-0.,58.114073491,-31.643726554,-0.,    0000921P0005304
61.968580594,-31.666512107,-0.,65.927548952,-31.687175593,-0.,   0000921P0005305
72.752480159,-31.716762401,-0.,75.556444536,-31.727318607,-0.,   0000921P0005306
78.400854688,-31.736166018,-0.,81.276041466,-31.743018697,-0.,   0000921P0005307
84.173222115,-31.74766799,-0.,87.084021866,-31.75,-0.,90.,       0000921P0005308
-31.75,-0.,0.,1.,-0.,-0.,1.;                                     0000921P0005309
126,41,6,1,0,1,0,0.,0.,0.,0.,0.,0.,0.,9.323900538E-02,           0000923P0005310
9.323900538E-02,9.323900538E-02,9.323900538E-02,9.323900538E-02, 0000923P0005311
0.231194066,0.231194066,0.231194066,0.231194066,0.231194066,     0000923P0005312
0.355587205,0.355587205,0.355587205,0.355587205,0.355587205,     0000923P0005313
0.49999905,0.49999905,0.49999905,0.49999905,0.49999905,          0000923P0005314
0.644410663,0.644410663,0.644410663,0.644410663,0.644410663,     0000923P0005315
0.768803916,0.768803916,0.768803916,0.768803916,0.768803916,     0000923P0005316
0.906759114,0.906759114,0.906759114,0.906759114,0.906759114,1.,  0000923P0005317
1.,1.,1.,1.,1.,1.,1.,1.,1.,1.,1.,1.,1.,1.,1.,1.,1.,1.,1.,1.,1.,  0000923P0005318
1.,1.,1.,1.,1.,1.,1.,1.,1.,1.,1.,1.,1.,1.,1.,1.,1.,1.,1.,1.,1.,  0000923P0005319
1.,1.,1.,1.,1.,1.,90.,-31.75,-0.,93.401857902,-31.75,-0.,        0000923P0005320
96.796592602,-31.746735409,-0.,100.169364197,-31.740231546,-0.,  0000923P0005321
103.505502009,-31.730745542,-0.,106.788834735,-31.71875085,-0.,  0000923P0005322
114.751192889,-31.684233175,-0.,119.343510013,-31.65942368,-0.,  0000923P0005323
123.792738881,-31.631953709,-0.,128.108417308,-31.603323815,-0., 0000923P0005324
132.297573178,-31.574767607,-0.,140.029977858,-31.522417352,-0., 0000923P0005325
143.607216174,-31.498356813,-0.,147.108589176,-31.475685762,-0., 0000923P0005326
150.545900774,-31.454864599,-0.,153.930244531,-31.436225935,-0., 0000923P0005327
161.153118915,-31.401193957,-0.,164.976959955,-31.385645185,-0., 0000923P0005328
168.759696548,-31.37375908,-0.,172.515246214,-31.365760603,-0.,  0000923P0005329
176.257342882,-31.361760155,-0.,183.742651123,-31.361760155,-0., 0000923P0005330
187.484740199,-31.36576059,-0.,191.240292239,-31.373759035,-0.,  0000923P0005331
195.023039467,-31.385645167,-0.,198.846891157,-31.401194006,-0., 0000923P0005332
206.069755195,-31.436225934,-0.,209.454099687,-31.454864601,-0., 0000923P0005333
212.89141081,-31.475685761,-0.,216.392783359,-31.49835681,-0.,   0000923P0005334
219.970022446,-31.522417354,-0.,227.702426822,-31.574767607,-0., 0000923P0005335
231.891582692,-31.603323815,-0.,236.20726112,-31.631953709,-0.,  0000923P0005336
240.656489987,-31.65942368,-0.,245.248807111,-31.684233175,-0.,  0000923P0005337
253.211226851,-31.718751117,-0.,256.494531609,-31.730745603,-0., 0000923P0005338
259.830596999,-31.74023133,-0.,263.203300758,-31.746735186,-0.,  0000923P0005339
266.598025509,-31.75,-0.,270.,-31.75,-0.,0.,1.,-0.,-0.,1.;       0000923P0005340
126,19,7,1,0,1,0,0.,0.,0.,0.,0.,0.,0.,0.,0.18651833,0.18651833,  0000925P0005341
0.18651833,0.18651833,0.18651833,0.18651833,0.462488108,         0000925P0005342
0.462488108,0.462488108,0.462488108,0.462488108,0.462488108,1.,  0000925P0005343
1.,1.,1.,1.,1.,1.,1.,1.,1.,1.,1.,1.,1.,1.,1.,1.,1.,1.,1.,1.,1.,  0000925P0005344
1.,1.,1.,1.,1.,1.,270.,-31.75,-0.,272.915878202,-31.75,-0.,      0000925P0005345
275.826668402,-31.747668149,-0.,278.723890656,-31.743018916,-0., 0000925P0005346
281.599137545,-31.736166116,-0.,284.443597073,-31.727318487,-0., 0000925P0005347
287.24757263,-31.716762173,-0.,294.072451048,-31.687175593,-0.,  0000925P0005348
298.031419406,-31.666512107,-0.,301.885926508,-31.643726554,-0., 0000925P0005349
305.642315349,-31.619683754,-0.,309.305318985,-31.595164898,-0., 0000925P0005350
312.878439348,-31.570835002,-0.,323.151824758,-31.501281692,-0., 0000925P0005351
329.646536034,-31.457837878,-0.,335.924231513,-31.42052715,-0.,  0000925P0005352
342.043408278,-31.391444088,-0.,348.058999935,-31.371673693,-0., 0000925P0005353
354.024673432,-31.361760155,-0.,360.,-31.361760155,-0.,0.,1.,    0000925P0005354
-0.,-0.,1.;                                                      0000925P0005355
110,360.,-31.361760155,-0.,360.,-25.218792596,-0.;               0000927P0005356
126,19,7,1,0,1,0,0.,0.,0.,0.,0.,0.,0.,0.,0.537345191,            0000929P0005357
0.537345191,0.537345191,0.537345191,0.537345191,0.537345191,     0000929P0005358
0.813573188,0.813573188,0.813573188,0.813573188,0.813573188,     0000929P0005359
0.813573188,1.,1.,1.,1.,1.,1.,1.,1.,1.,1.,1.,1.,1.,1.,1.,1.,1.,  0000929P0005360
1.,1.,1.,1.,1.,1.,1.,1.,1.,1.,1.,360.,-25.218792596,-0.,         0000929P0005361
354.018911907,-25.218792596,-0.,348.047926106,-25.231144758,-0., 0000929P0005362
342.02855394,-25.255774976,-0.,335.908037773,-25.291972475,-0.,  0000929P0005363
329.632110603,-25.338326206,-0.,323.142679038,-25.392189344,-0., 0000929P0005364
312.878797549,-25.478329386,-0.,309.306765543,-25.508466393,-0., 0000929P0005365
305.645026304,-25.538821064,-0.,301.889582989,-25.568575152,-0., 0000929P0005366
298.035246891,-25.596767935,-0.,294.075224399,-25.62233401,-0.,  0000929P0005367
287.249623131,-25.658916851,-0.,284.446706841,-25.671961862,-0., 0000929P0005368
281.602560195,-25.682897317,-0.,278.727049251,-25.69136846,-0.,  0000929P0005369
275.829107776,-25.697116521,-0.,272.917237798,-25.7,-0.,270.,    0000929P0005370
-25.7,-0.,0.,1.,0.,0.,1.;                                        0000929P0005371
510,933,1,1,941;                                                 0000931P0005372
192,935,937,4.95,939;                                            0000933P0005373
116,-159.09696819,0.,47.83695767,0;                              0000935P0005374
123,-0.894934362,-0.,0.446197813;                                0000937P0005375
123,0.,1.,0.;                                                    0000939P0005376
508,8,0,17,54,1,1,0,943,0,17,62,1,1,0,945,0,17,102,1,1,0,947,0,  0000941P0005377
17,22,0,1,0,949,0,17,14,0,1,0,951,0,17,21,0,1,0,953,0,17,102,0,  0000941P0005378
1,0,955,0,17,61,1,1,0,957;                                       0000941P0005379
126,41,6,1,0,1,0,0.,0.,0.,0.,0.,0.,0.,9.319181204E-02,           0000943P0005380
9.319181204E-02,9.319181204E-02,9.319181204E-02,9.319181204E-02, 0000943P0005381
0.231271018,0.231271018,0.231271018,0.231271018,0.231271018,     0000943P0005382
0.350087106,0.350087106,0.350087106,0.350087106,0.350087106,     0000943P0005383
0.500001039,0.500001039,0.500001039,0.500001039,0.500001039,     0000943P0005384
0.649915215,0.649915215,0.649915215,0.649915215,0.649915215,     0000943P0005385
0.76873115,0.76873115,0.76873115,0.76873115,0.76873115,          0000943P0005386
0.906810189,0.906810189,0.906810189,0.906810189,0.906810189,1.,  0000943P0005387
1.,1.,1.,1.,1.,1.,1.,1.,1.,1.,1.,1.,1.,1.,1.,1.,1.,1.,1.,1.,1.,  0000943P0005388
1.,1.,1.,1.,1.,1.,1.,1.,1.,1.,1.,1.,1.,1.,1.,1.,1.,1.,1.,1.,1.,  0000943P0005389
1.,1.,1.,1.,1.,1.,270.,-25.7,-0.,266.596434542,-25.7,-0.,        0000943P0005390
263.200515553,-25.695962842,-0.,259.827153289,-25.68792218,-0.,  0000943P0005391
256.491136639,-25.676197207,-0.,253.208838,-25.661374043,-0.,    0000943P0005392
245.245571535,-25.618693713,-0.,240.652425738,-25.587997624,-0., 0000943P0005393
236.203910464,-25.554008297,-0.,231.889724672,-25.518571419,-0., 0000943P0005394
227.702008921,-25.483203828,-0.,220.137907342,-25.419721799,-0., 0000943P0005395
216.719986488,-25.391201134,-0.,213.371020551,-25.364198118,-0., 0000943P0005396
210.080614474,-25.339221189,-0.,206.838981105,-25.316647719,-0., 0000943P0005397
199.595522141,-25.271671301,-0.,195.616856429,-25.250859564,-0., 0000943P0005398
191.683189025,-25.234911458,-0.,187.779246055,-25.224166851,-0., 0000943P0005399
183.889971926,-25.218792596,-0.,176.110021743,-25.218792596,-0., 0000943P0005400
172.22073914,-25.224166869,-0.,168.316798758,-25.234911521,-0.,  0000943P0005401
164.383143146,-25.250859589,-0.,160.404489353,-25.271671229,-0., 0000943P0005402
153.161019119,-25.316647717,-0.,149.919385149,-25.339221192,-0., 0000943P0005403
146.62897946,-25.364198118,-0.,143.280013894,-25.391201131,-0.,  0000943P0005404
139.86209241,-25.419721801,-0.,132.297991079,-25.483203828,-0.,  0000943P0005405
128.110275328,-25.518571419,-0.,123.796089536,-25.554008297,-0., 0000943P0005406
119.347574262,-25.587997624,-0.,114.754428465,-25.618693713,-0., 0000943P0005407
106.791226986,-25.661373695,-0.,103.508898783,-25.676197129,-0., 0000943P0005408
100.172806254,-25.687922458,-0.,96.799373247,-25.695963129,-0.,  0000943P0005409
93.403444097,-25.7,-0.,90.,-25.7,-0.,0.,1.,0.,0.,1.;             0000943P0005410
126,19,7,1,0,1,0,0.,0.,0.,0.,0.,0.,0.,0.,0.186431014,            0000945P0005411
0.186431014,0.186431014,0.186431014,0.186431014,0.186431014,     0000945P0005412
0.462659644,0.462659644,0.462659644,0.462659644,0.462659644,     0000945P0005413
0.462659644,1.,1.,1.,1.,1.,1.,1.,1.,1.,1.,1.,1.,1.,1.,1.,1.,1.,  0000945P0005414
1.,1.,1.,1.,1.,1.,1.,1.,1.,1.,1.,90.,-25.7,-0.,87.082658178,     0000945P0005415
-25.7,-0.,84.170778121,-25.697116316,-0.,81.272879974,           0000945P0005416
-25.691368178,-0.,78.397431868,-25.682897192,-0.,75.553337028,   0000945P0005417
-25.671962018,-0.,72.750432571,-25.65891715,-0.,65.924775601,    0000945P0005418
-25.62233401,-0.,61.964753109,-25.596767935,-0.,58.11041701,     0000945P0005419
-25.568575152,-0.,54.354973696,-25.538821064,-0.,50.693234457,   0000945P0005420
-25.508466393,-0.,47.121202452,-25.478329386,-0.,36.85739747,    0000945P0005421
-25.392189986,-0.,30.367906487,-25.33832633,-0.,24.091923469,    0000945P0005422
-25.291972003,-0.,17.97138877,-25.255774719,-0.,11.952042495,    0000945P0005423
-25.231144812,-0.,5.981101734,-25.218792596,-0.,-2.37142157E-11, 0000945P0005424
-25.218792596,0.,0.,1.,0.,0.,1.;                                 0000945P0005425
110,-2.37142157E-11,-25.218792596,0.,-2.37142157E-11,            0000947P0005426
-31.361760155,0.;                                                0000947P0005427
126,19,7,1,0,1,0,0.,0.,0.,0.,0.,0.,0.,0.,0.537507208,            0000949P0005428
0.537507208,0.537507208,0.537507208,0.537507208,0.537507208,     0000949P0005429
0.813477646,0.813477646,0.813477646,0.813477646,0.813477646,     0000949P0005430
0.813477646,1.,1.,1.,1.,1.,1.,1.,1.,1.,1.,1.,1.,1.,1.,1.,1.,1.,  0000949P0005431
1.,1.,1.,1.,1.,1.,1.,1.,1.,1.,1.,-2.37142157E-11,-31.361760155,  0000949P0005432
0.,5.975343066,-31.361760155,-0.,11.940969608,-31.371673745,-0., 0000949P0005433
17.956535639,-31.391443888,-0.,24.075728403,-31.420526765,-0.,   0000949P0005434
30.353481171,-31.457837977,-0.,36.848250642,-31.501282202,-0.,   0000949P0005435
47.121560651,-31.570835002,-0.,50.694681015,-31.595164898,-0.,   0000949P0005436
54.357684651,-31.619683754,-0.,58.114073492,-31.643726554,-0.,   0000949P0005437
61.968580594,-31.666512107,-0.,65.927548951,-31.687175593,-0.,   0000949P0005438
72.752480159,-31.716762401,-0.,75.556444536,-31.727318607,-0.,   0000949P0005439
78.400854688,-31.736166018,-0.,81.276041466,-31.743018697,-0.,   0000949P0005440
84.173222115,-31.74766799,-0.,87.084021866,-31.75,-0.,90.,       0000949P0005441
-31.75,-0.,0.,1.,-0.,-0.,1.;                                     0000949P0005442
126,41,6,1,0,1,0,0.,0.,0.,0.,0.,0.,0.,9.323900641E-02,           0000951P0005443
9.323900641E-02,9.323900641E-02,9.323900641E-02,9.323900641E-02, 0000951P0005444
0.231194069,0.231194069,0.231194069,0.231194069,0.231194069,     0000951P0005445
0.355587199,0.355587199,0.355587199,0.355587199,0.355587199,     0000951P0005446
0.499999045,0.499999045,0.499999045,0.499999045,0.499999045,     0000951P0005447
0.644410659,0.644410659,0.644410659,0.644410659,0.644410659,     0000951P0005448
0.768803913,0.768803913,0.768803913,0.768803913,0.768803913,     0000951P0005449
0.906759113,0.906759113,0.906759113,0.906759113,0.906759113,1.,  0000951P0005450
1.,1.,1.,1.,1.,1.,1.,1.,1.,1.,1.,1.,1.,1.,1.,1.,1.,1.,1.,1.,1.,  0000951P0005451
1.,1.,1.,1.,1.,1.,1.,1.,1.,1.,1.,1.,1.,1.,1.,1.,1.,1.,1.,1.,1.,  0000951P0005452
1.,1.,1.,1.,1.,1.,90.,-31.75,-0.,93.401857902,-31.75,-0.,        0000951P0005453
96.796592602,-31.746735409,-0.,100.169364197,-31.740231546,-0.,  0000951P0005454
103.505502009,-31.730745542,-0.,106.788834735,-31.71875085,-0.,  0000951P0005455
114.751192889,-31.684233175,-0.,119.343510013,-31.65942368,-0.,  0000951P0005456
123.792738881,-31.631953709,-0.,128.108417308,-31.603323815,-0., 0000951P0005457
132.297573178,-31.574767607,-0.,140.029977554,-31.522417354,-0., 0000951P0005458
143.607216641,-31.49835681,-0.,147.10858919,-31.475685761,-0.,   0000951P0005459
150.545900313,-31.454864601,-0.,153.930244805,-31.436225934,-0., 0000951P0005460
161.153118915,-31.401193957,-0.,164.976959955,-31.385645185,-0., 0000951P0005461
168.759696548,-31.37375908,-0.,172.515246214,-31.365760603,-0.,  0000951P0005462
176.257342882,-31.361760155,-0.,183.742651123,-31.361760155,-0., 0000951P0005463
187.484740199,-31.36576059,-0.,191.240292239,-31.373759035,-0.,  0000951P0005464
195.023039467,-31.385645167,-0.,198.846891157,-31.401194006,-0., 0000951P0005465
206.069755195,-31.436225934,-0.,209.454099687,-31.454864601,-0., 0000951P0005466
212.89141081,-31.475685761,-0.,216.392783359,-31.49835681,-0.,   0000951P0005467
219.970022446,-31.522417354,-0.,227.702426822,-31.574767607,-0., 0000951P0005468
231.891582692,-31.603323815,-0.,236.207261119,-31.631953709,-0., 0000951P0005469
240.656489987,-31.65942368,-0.,245.248807111,-31.684233175,-0.,  0000951P0005470
253.211226852,-31.718751117,-0.,256.494531609,-31.730745603,-0., 0000951P0005471
259.830596998,-31.74023133,-0.,263.203300757,-31.746735186,-0.,  0000951P0005472
266.59802551,-31.75,-0.,270.,-31.75,-0.,0.,1.,-0.,-0.,1.;        0000951P0005473
126,19,7,1,0,1,0,0.,0.,0.,0.,0.,0.,0.,0.,0.18651833,0.18651833,  0000953P0005474
0.18651833,0.18651833,0.18651833,0.18651833,0.462488108,         0000953P0005475
0.462488108,0.462488108,0.462488108,0.462488108,0.462488108,1.,  0000953P0005476
1.,1.,1.,1.,1.,1.,1.,1.,1.,1.,1.,1.,1.,1.,1.,1.,1.,1.,1.,1.,1.,  0000953P0005477
1.,1.,1.,1.,1.,1.,270.,-31.75,-0.,272.915878202,-31.75,-0.,      0000953P0005478
275.826668402,-31.747668149,-0.,278.723890656,-31.743018916,-0., 0000953P0005479
281.599137545,-31.736166116,-0.,284.443597073,-31.727318487,-0., 0000953P0005480
287.24757263,-31.716762173,-0.,294.072451048,-31.687175593,-0.,  0000953P0005481
298.031419406,-31.666512107,-0.,301.885926508,-31.643726554,-0., 0000953P0005482
305.642315349,-31.619683754,-0.,309.305318985,-31.595164898,-0., 0000953P0005483
312.878439348,-31.570835002,-0.,323.151824758,-31.501281692,-0., 0000953P0005484
329.646536034,-31.457837878,-0.,335.924231513,-31.42052715,-0.,  0000953P0005485
342.043408278,-31.391444088,-0.,348.058999935,-31.371673693,-0., 0000953P0005486
354.024673432,-31.361760155,-0.,360.,-31.361760155,-0.,0.,1.,    0000953P0005487
-0.,-0.,1.;                                                      0000953P0005488
110,360.,-31.361760155,-0.,360.,-25.218792596,-0.;               0000955P0005489
126,19,7,1,0,1,0,0.,0.,0.,0.,0.,0.,0.,0.,0.537345191,            0000957P0005490
0.537345191,0.537345191,0.537345191,0.537345191,0.537345191,     0000957P0005491
0.813573188,0.813573188,0.813573188,0.813573188,0.813573188,     0000957P0005492
0.813573188,1.,1.,1.,1.,1.,1.,1.,1.,1.,1.,1.,1.,1.,1.,1.,1.,1.,  0000957P0005493
1.,1.,1.,1.,1.,1.,1.,1.,1.,1.,1.,360.,-25.218792596,-0.,         0000957P0005494
354.018911907,-25.218792596,-0.,348.047926106,-25.231144758,-0., 0000957P0005495
342.02855394,-25.255774976,-0.,335.908037773,-25.291972475,-0.,  0000957P0005496
329.632110603,-25.338326206,-0.,323.142679038,-25.392189344,-0., 0000957P0005497
312.878797548,-25.478329386,-0.,309.306765543,-25.508466393,-0., 0000957P0005498
305.645026304,-25.538821064,-0.,301.88958299,-25.568575152,-0.,  0000957P0005499
298.035246891,-25.596767935,-0.,294.075224399,-25.62233401,-0.,  0000957P0005500
287.249623131,-25.658916851,-0.,284.446706841,-25.671961862,-0., 0000957P0005501
281.602560195,-25.682897317,-0.,278.727049251,-25.69136846,-0.,  0000957P0005502
275.829107776,-25.697116521,-0.,272.917237798,-25.7,-0.,270.,    0000957P0005503
-25.7,-0.,0.,1.,0.,0.,1.;                                        0000957P0005504
510,961,1,1,969;                                                 0000959P0005505
190,963,965,967;                                                 0000961P0005506
116,-180.068265406,1.460330226E-15,5.775042675,0;                0000963P0005507
123,0.446197813,0.,0.894934362;                                  0000965P0005508
123,0.894934362,0.,-0.446197813;                                 0000967P0005509
508,6,0,17,100,0,0,0,17,12,1,0,0,17,23,1,0,0,17,90,1,0,0,17,63,  0000969P0005510
0,0,0,17,52,0,0;                                                 0000969P0005511
S      1G      4D    970P   5511                                        T0000001
