ISO-10303-21;
HEADER;
FILE_DESCRIPTION(('Open CASCADE Model'),'2;1');
FILE_NAME('Open CASCADE Shape Model','2026-09-26T10:04:56',('Author'),(
    'Open CASCADE'),'Open CASCADE STEP processor 7.9','Open CASCADE 7.9'
  ,'Unknown');
FILE_SCHEMA(('AUTOMOTIVE_DESIGN { 1 0 10303 214 1 1 1 1 }'));
ENDSEC;
DATA;
#1 = APPLICATION_PROTOCOL_DEFINITION('international standard',
  'automotive_design',2000,#2);
#2 = APPLICATION_CONTEXT(
  'core data for automotive mechanical design processes');
#3 = SHAPE_DEFINITION_REPRESENTATION(#4,#10);
#4 = PRODUCT_DEFINITION_SHAPE('','',#5);
#5 = PRODUCT_DEFINITION('design','',#6,#9);
#6 = PRODUCT_DEFINITION_FORMATION('','',#7);
#7 = PRODUCT('Open CASCADE STEP translator 7.9 31',
  'Open CASCADE STEP translator 7.9 31','',(#8));
#8 = PRODUCT_CONTEXT('',#2,'mechanical');
#9 = PRODUCT_DEFINITION_CONTEXT('part definition',#2,'design');
#10 = ADVANCED_BREP_SHAPE_REPRESENTATION('',(#11,#15),#6717);
#11 = AXIS2_PLACEMENT_3D('',#12,#13,#14);
#12 = CARTESIAN_POINT('',(0.,0.,0.));
#13 = DIRECTION('',(0.,0.,1.));
#14 = DIRECTION('',(1.,0.,-0.));
#15 = MANIFOLD_SOLID_BREP('',#16);
#16 = CLOSED_SHELL('',(#17,#137,#223,#303,#383,#459,#545,#593,#641,#1586
    ,#1613,#2558,#2585,#2661,#2737,#2764,#2791,#2818,#2867,#2921,#2975,
    #3029,#3056,#3109,#3158,#3211,#3265,#3319,#3373,#3427,#3481,#3535,
    #3589,#3643,#3696,#3750,#3804,#3858,#3912,#3966,#4020,#4074,#4128,
    #4182,#4235,#4289,#4343,#4397,#4429,#4500,#4549,#4597,#4646,#4694,
    #4741,#4790,#4797,#4846,#4895,#4944,#4993,#5042,#5069,#5118,#5167,
    #5216,#5265,#5314,#5363,#5412,#5461,#5510,#5559,#5608,#5656,#5704,
    #5753,#5802,#5851,#5900,#5927,#5954,#5981,#6008,#6035,#6062,#6089,
    #6116,#6143,#6170,#6197,#6224,#6251,#6278,#6305,#6332,#6359,#6386,
    #6413,#6440,#6467,#6494,#6521,#6548,#6575,#6602,#6629,#6656,#6683,
    #6710));
#17 = ADVANCED_FACE('',(#18),#32,.T.);
#18 = FACE_BOUND('',#19,.T.);
#19 = EDGE_LOOP('',(#20,#55,#83,#111));
#20 = ORIENTED_EDGE('',*,*,#21,.T.);
#21 = EDGE_CURVE('',#22,#24,#26,.T.);
#22 = VERTEX_POINT('',#23);
#23 = CARTESIAN_POINT('',(612.7,162.7,271.6));
#24 = VERTEX_POINT('',#25);
#25 = CARTESIAN_POINT('',(623.8,162.7,271.6));
#26 = SURFACE_CURVE('',#27,(#31,#43),.PCURVE_S1.);
#27 = LINE('',#28,#29);
#28 = CARTESIAN_POINT('',(611.9,162.7,271.6));
#29 = VECTOR('',#30,1.);
#30 = DIRECTION('',(1.,-1.110223024625E-16,1.110223024625E-16));
#31 = PCURVE('',#32,#37);
#32 = PLANE('',#33);
#33 = AXIS2_PLACEMENT_3D('',#34,#35,#36);
#34 = CARTESIAN_POINT('',(611.9,162.7,271.6));
#35 = DIRECTION('',(-1.213697883309E-16,-0.995184726672,
    9.801714032956E-02));
#36 = DIRECTION('',(-9.96056111305E-17,9.801714032956E-02,0.995184726672
    ));
#37 = DEFINITIONAL_REPRESENTATION('',(#38),#42);
#38 = LINE('',#39,#40);
#39 = CARTESIAN_POINT('',(0.,0.));
#40 = VECTOR('',#41,1.);
#41 = DIRECTION('',(0.,-1.));
#42 = ( GEOMETRIC_REPRESENTATION_CONTEXT(2) 
PARAMETRIC_REPRESENTATION_CONTEXT() REPRESENTATION_CONTEXT('2D SPACE',''
  ) );
#43 = PCURVE('',#44,#49);
#44 = PLANE('',#45);
#45 = AXIS2_PLACEMENT_3D('',#46,#47,#48);
#46 = CARTESIAN_POINT('',(611.9,162.7,230.8));
#47 = DIRECTION('',(-1.110223024625E-16,-1.,0.));
#48 = DIRECTION('',(-1.110223024625E-16,1.232595164408E-32,1.));
#49 = DEFINITIONAL_REPRESENTATION('',(#50),#54);
#50 = LINE('',#51,#52);
#51 = CARTESIAN_POINT('',(40.8,1.091571277811E-13));
#52 = VECTOR('',#53,1.);
#53 = DIRECTION('',(0.,-1.));
#54 = ( GEOMETRIC_REPRESENTATION_CONTEXT(2) 
PARAMETRIC_REPRESENTATION_CONTEXT() REPRESENTATION_CONTEXT('2D SPACE',''
  ) );
#55 = ORIENTED_EDGE('',*,*,#56,.T.);
#56 = EDGE_CURVE('',#24,#57,#59,.T.);
#57 = VERTEX_POINT('',#58);
#58 = CARTESIAN_POINT('',(623.8,162.75764415879,272.18527096604));
#59 = SURFACE_CURVE('',#60,(#64,#71),.PCURVE_S1.);
#60 = LINE('',#61,#62);
#61 = CARTESIAN_POINT('',(623.8,162.7,271.6));
#62 = VECTOR('',#63,1.);
#63 = DIRECTION('',(-9.96056111305E-17,9.801714032956E-02,0.995184726672
    ));
#64 = PCURVE('',#32,#65);
#65 = DEFINITIONAL_REPRESENTATION('',(#66),#70);
#66 = LINE('',#67,#68);
#67 = CARTESIAN_POINT('',(-1.185306772453E-15,-11.9));
#68 = VECTOR('',#69,1.);
#69 = DIRECTION('',(1.,0.));
#70 = ( GEOMETRIC_REPRESENTATION_CONTEXT(2) 
PARAMETRIC_REPRESENTATION_CONTEXT() REPRESENTATION_CONTEXT('2D SPACE',''
  ) );
#71 = PCURVE('',#72,#77);
#72 = PLANE('',#73);
#73 = AXIS2_PLACEMENT_3D('',#74,#75,#76);
#74 = CARTESIAN_POINT('',(624.2,163.09807389066,271.56079314386));
#75 = DIRECTION('',(-0.707106781187,0.703701868763,-6.930858459955E-02)
  );
#76 = DIRECTION('',(1.224389937945E-16,9.801714032956E-02,0.995184726672
    ));
#77 = DEFINITIONAL_REPRESENTATION('',(#78),#82);
#78 = LINE('',#79,#80);
#79 = CARTESIAN_POINT('',(1.532107773983E-14,-0.565685424949));
#80 = VECTOR('',#81,1.);
#81 = DIRECTION('',(1.,2.775557561563E-17));
#82 = ( GEOMETRIC_REPRESENTATION_CONTEXT(2) 
PARAMETRIC_REPRESENTATION_CONTEXT() REPRESENTATION_CONTEXT('2D SPACE',''
  ) );
#83 = ORIENTED_EDGE('',*,*,#84,.F.);
#84 = EDGE_CURVE('',#85,#57,#87,.T.);
#85 = VERTEX_POINT('',#86);
#86 = CARTESIAN_POINT('',(612.7,162.75764415879,272.18527096604));
#87 = SURFACE_CURVE('',#88,(#92,#99),.PCURVE_S1.);
#88 = LINE('',#89,#90);
#89 = CARTESIAN_POINT('',(611.9,162.75764415879,272.18527096604));
#90 = VECTOR('',#91,1.);
#91 = DIRECTION('',(1.,-1.110223024625E-16,1.110223024625E-16));
#92 = PCURVE('',#32,#93);
#93 = DEFINITIONAL_REPRESENTATION('',(#94),#98);
#94 = LINE('',#95,#96);
#95 = CARTESIAN_POINT('',(0.588102841977,-5.857834298274E-17));
#96 = VECTOR('',#97,1.);
#97 = DIRECTION('',(0.,-1.));
#98 = ( GEOMETRIC_REPRESENTATION_CONTEXT(2) 
PARAMETRIC_REPRESENTATION_CONTEXT() REPRESENTATION_CONTEXT('2D SPACE',''
  ) );
#99 = PCURVE('',#100,#105);
#100 = PLANE('',#101);
#101 = AXIS2_PLACEMENT_3D('',#102,#103,#104);
#102 = CARTESIAN_POINT('',(611.9,162.75764415879,272.18527096604));
#103 = DIRECTION('',(-1.384697926306E-16,-0.956940335732,0.290284677254)
  );
#104 = DIRECTION('',(-7.401364615387E-17,0.290284677254,0.956940335732)
  );
#105 = DEFINITIONAL_REPRESENTATION('',(#106),#110);
#106 = LINE('',#107,#108);
#107 = CARTESIAN_POINT('',(0.,0.));
#108 = VECTOR('',#109,1.);
#109 = DIRECTION('',(0.,-1.));
#110 = ( GEOMETRIC_REPRESENTATION_CONTEXT(2) 
PARAMETRIC_REPRESENTATION_CONTEXT() REPRESENTATION_CONTEXT('2D SPACE',''
  ) );
#111 = ORIENTED_EDGE('',*,*,#112,.F.);
#112 = EDGE_CURVE('',#22,#85,#113,.T.);
#113 = SURFACE_CURVE('',#114,(#118,#125),.PCURVE_S1.);
#114 = LINE('',#115,#116);
#115 = CARTESIAN_POINT('',(612.7,162.7,271.6));
#116 = VECTOR('',#117,1.);
#117 = DIRECTION('',(-9.96056111305E-17,9.801714032956E-02,
    0.995184726672));
#118 = PCURVE('',#32,#119);
#119 = DEFINITIONAL_REPRESENTATION('',(#120),#124);
#120 = LINE('',#121,#122);
#121 = CARTESIAN_POINT('',(-7.96844889044E-17,-0.8));
#122 = VECTOR('',#123,1.);
#123 = DIRECTION('',(1.,0.));
#124 = ( GEOMETRIC_REPRESENTATION_CONTEXT(2) 
PARAMETRIC_REPRESENTATION_CONTEXT() REPRESENTATION_CONTEXT('2D SPACE',''
  ) );
#125 = PCURVE('',#126,#131);
#126 = PLANE('',#127);
#127 = AXIS2_PLACEMENT_3D('',#128,#129,#130);
#128 = CARTESIAN_POINT('',(612.3,163.09807389066,271.56079314386));
#129 = DIRECTION('',(-0.707106781187,-0.703701868763,6.930858459955E-02)
  );
#130 = DIRECTION('',(-3.424668977672E-16,9.801714032956E-02,
    0.995184726672));
#131 = DEFINITIONAL_REPRESENTATION('',(#132),#136);
#132 = LINE('',#133,#134);
#133 = CARTESIAN_POINT('',(1.523781101298E-14,-0.565685424949));
#134 = VECTOR('',#135,1.);
#135 = DIRECTION('',(1.,4.163336342344E-17));
#136 = ( GEOMETRIC_REPRESENTATION_CONTEXT(2) 
PARAMETRIC_REPRESENTATION_CONTEXT() REPRESENTATION_CONTEXT('2D SPACE',''
  ) );
#137 = ADVANCED_FACE('',(#138),#44,.T.);
#138 = FACE_BOUND('',#139,.T.);
#139 = EDGE_LOOP('',(#140,#170,#196,#197));
#140 = ORIENTED_EDGE('',*,*,#141,.T.);
#141 = EDGE_CURVE('',#142,#144,#146,.T.);
#142 = VERTEX_POINT('',#143);
#143 = CARTESIAN_POINT('',(612.7,162.7,230.8));
#144 = VERTEX_POINT('',#145);
#145 = CARTESIAN_POINT('',(623.8,162.7,230.8));
#146 = SURFACE_CURVE('',#147,(#151,#158),.PCURVE_S1.);
#147 = LINE('',#148,#149);
#148 = CARTESIAN_POINT('',(611.9,162.7,230.8));
#149 = VECTOR('',#150,1.);
#150 = DIRECTION('',(1.,-1.110223024625E-16,1.110223024625E-16));
#151 = PCURVE('',#44,#152);
#152 = DEFINITIONAL_REPRESENTATION('',(#153),#157);
#153 = LINE('',#154,#155);
#154 = CARTESIAN_POINT('',(0.,0.));
#155 = VECTOR('',#156,1.);
#156 = DIRECTION('',(0.,-1.));
#157 = ( GEOMETRIC_REPRESENTATION_CONTEXT(2) 
PARAMETRIC_REPRESENTATION_CONTEXT() REPRESENTATION_CONTEXT('2D SPACE',''
  ) );
#158 = PCURVE('',#159,#164);
#159 = PLANE('',#160);
#160 = AXIS2_PLACEMENT_3D('',#161,#162,#163);
#161 = CARTESIAN_POINT('',(611.9,162.75764415879,230.21472903395));
#162 = DIRECTION('',(-9.96056111305E-17,-0.995184726672,
    -9.801714032956E-02));
#163 = DIRECTION('',(-1.213697883309E-16,-9.801714032956E-02,
    0.995184726672));
#164 = DEFINITIONAL_REPRESENTATION('',(#165),#169);
#165 = LINE('',#166,#167);
#166 = CARTESIAN_POINT('',(0.588102841977,-7.137791744757E-17));
#167 = VECTOR('',#168,1.);
#168 = DIRECTION('',(0.,-1.));
#169 = ( GEOMETRIC_REPRESENTATION_CONTEXT(2) 
PARAMETRIC_REPRESENTATION_CONTEXT() REPRESENTATION_CONTEXT('2D SPACE',''
  ) );
#170 = ORIENTED_EDGE('',*,*,#171,.T.);
#171 = EDGE_CURVE('',#144,#24,#172,.T.);
#172 = SURFACE_CURVE('',#173,(#177,#184),.PCURVE_S1.);
#173 = LINE('',#174,#175);
#174 = CARTESIAN_POINT('',(623.8,162.7,230.8));
#175 = VECTOR('',#176,1.);
#176 = DIRECTION('',(-1.110223024625E-16,1.232595164408E-32,1.));
#177 = PCURVE('',#44,#178);
#178 = DEFINITIONAL_REPRESENTATION('',(#179),#183);
#179 = LINE('',#180,#181);
#180 = CARTESIAN_POINT('',(-1.321165399304E-15,-11.9));
#181 = VECTOR('',#182,1.);
#182 = DIRECTION('',(1.,0.));
#183 = ( GEOMETRIC_REPRESENTATION_CONTEXT(2) 
PARAMETRIC_REPRESENTATION_CONTEXT() REPRESENTATION_CONTEXT('2D SPACE',''
  ) );
#184 = PCURVE('',#185,#190);
#185 = PLANE('',#186);
#186 = AXIS2_PLACEMENT_3D('',#187,#188,#189);
#187 = CARTESIAN_POINT('',(624.2,163.1,230.8));
#188 = DIRECTION('',(-0.707106781187,0.707106781187,-7.152146131556E-17)
  );
#189 = DIRECTION('',(-1.060844615279E-16,-4.937840934654E-18,1.));
#190 = DEFINITIONAL_REPRESENTATION('',(#191),#195);
#191 = LINE('',#192,#193);
#192 = CARTESIAN_POINT('',(4.4408920985E-17,-0.565685424949));
#193 = VECTOR('',#194,1.);
#194 = DIRECTION('',(1.,0.));
#195 = ( GEOMETRIC_REPRESENTATION_CONTEXT(2) 
PARAMETRIC_REPRESENTATION_CONTEXT() REPRESENTATION_CONTEXT('2D SPACE',''
  ) );
#196 = ORIENTED_EDGE('',*,*,#21,.F.);
#197 = ORIENTED_EDGE('',*,*,#198,.F.);
#198 = EDGE_CURVE('',#142,#22,#199,.T.);
#199 = SURFACE_CURVE('',#200,(#204,#211),.PCURVE_S1.);
#200 = LINE('',#201,#202);
#201 = CARTESIAN_POINT('',(612.7,162.7,230.8));
#202 = VECTOR('',#203,1.);
#203 = DIRECTION('',(-1.110223024625E-16,1.232595164408E-32,1.));
#204 = PCURVE('',#44,#205);
#205 = DEFINITIONAL_REPRESENTATION('',(#206),#210);
#206 = LINE('',#207,#208);
#207 = CARTESIAN_POINT('',(-8.881784197001E-17,-0.8));
#208 = VECTOR('',#209,1.);
#209 = DIRECTION('',(1.,0.));
#210 = ( GEOMETRIC_REPRESENTATION_CONTEXT(2) 
PARAMETRIC_REPRESENTATION_CONTEXT() REPRESENTATION_CONTEXT('2D SPACE',''
  ) );
#211 = PCURVE('',#212,#217);
#212 = PLANE('',#213);
#213 = AXIS2_PLACEMENT_3D('',#214,#215,#216);
#214 = CARTESIAN_POINT('',(612.3,163.1,230.8));
#215 = DIRECTION('',(-0.707106781187,-0.707106781187,-7.850462293419E-17
    ));
#216 = DIRECTION('',(-1.110223024625E-16,1.232595164408E-32,1.));
#217 = DEFINITIONAL_REPRESENTATION('',(#218),#222);
#218 = LINE('',#219,#220);
#219 = CARTESIAN_POINT('',(-4.4408920985E-17,-0.565685424949));
#220 = VECTOR('',#221,1.);
#221 = DIRECTION('',(1.,0.));
#222 = ( GEOMETRIC_REPRESENTATION_CONTEXT(2) 
PARAMETRIC_REPRESENTATION_CONTEXT() REPRESENTATION_CONTEXT('2D SPACE',''
  ) );
#223 = ADVANCED_FACE('',(#224),#126,.T.);
#224 = FACE_BOUND('',#225,.T.);
#225 = EDGE_LOOP('',(#226,#248,#249,#277));
#226 = ORIENTED_EDGE('',*,*,#227,.F.);
#227 = EDGE_CURVE('',#22,#228,#230,.T.);
#228 = VERTEX_POINT('',#229);
#229 = CARTESIAN_POINT('',(611.9,163.5,271.6));
#230 = SURFACE_CURVE('',#231,(#235,#241),.PCURVE_S1.);
#231 = LINE('',#232,#233);
#232 = CARTESIAN_POINT('',(612.3,163.1,271.6));
#233 = VECTOR('',#234,1.);
#234 = DIRECTION('',(-0.707106781187,0.707106781187,-7.850462293419E-17)
  );
#235 = PCURVE('',#126,#236);
#236 = DEFINITIONAL_REPRESENTATION('',(#237),#240);
#237 = B_SPLINE_CURVE_WITH_KNOTS('',1,(#238,#239),.UNSPECIFIED.,.F.,.F.,
  (2,2),(-0.565685424949,0.565685424949),.PIECEWISE_BEZIER_KNOTS.);
#238 = CARTESIAN_POINT('',(5.684341886081E-14,-0.565685424949));
#239 = CARTESIAN_POINT('',(7.841371226368E-02,0.562961495011));
#240 = ( GEOMETRIC_REPRESENTATION_CONTEXT(2) 
PARAMETRIC_REPRESENTATION_CONTEXT() REPRESENTATION_CONTEXT('2D SPACE',''
  ) );
#241 = PCURVE('',#212,#242);
#242 = DEFINITIONAL_REPRESENTATION('',(#243),#247);
#243 = LINE('',#244,#245);
#244 = CARTESIAN_POINT('',(40.8,-3.202988615715E-15));
#245 = VECTOR('',#246,1.);
#246 = DIRECTION('',(0.,1.));
#247 = ( GEOMETRIC_REPRESENTATION_CONTEXT(2) 
PARAMETRIC_REPRESENTATION_CONTEXT() REPRESENTATION_CONTEXT('2D SPACE',''
  ) );
#248 = ORIENTED_EDGE('',*,*,#112,.T.);
#249 = ORIENTED_EDGE('',*,*,#250,.T.);
#250 = EDGE_CURVE('',#85,#251,#253,.T.);
#251 = VERTEX_POINT('',#252);
#252 = CARTESIAN_POINT('',(611.9,163.54606886356,272.02844354152));
#253 = SURFACE_CURVE('',#254,(#258,#265),.PCURVE_S1.);
#254 = LINE('',#255,#256);
#255 = CARTESIAN_POINT('',(612.28751987483,163.16415605993,
    272.10441072142));
#256 = VECTOR('',#257,1.);
#257 = DIRECTION('',(-0.705398161813,0.695191671845,-0.138282221229));
#258 = PCURVE('',#126,#259);
#259 = DEFINITIONAL_REPRESENTATION('',(#260),#264);
#260 = LINE('',#261,#262);
#261 = CARTESIAN_POINT('',(0.547477095592,1.764956227451E-02));
#262 = VECTOR('',#263,1.);
#263 = DIRECTION('',(-6.947565488248E-02,0.997583647309));
#264 = ( GEOMETRIC_REPRESENTATION_CONTEXT(2) 
PARAMETRIC_REPRESENTATION_CONTEXT() REPRESENTATION_CONTEXT('2D SPACE',''
  ) );
#265 = PCURVE('',#266,#271);
#266 = PLANE('',#267);
#267 = AXIS2_PLACEMENT_3D('',#268,#269,#270);
#268 = CARTESIAN_POINT('',(612.3,163.14042029308,272.06915709514));
#269 = DIRECTION('',(-0.707106781187,-0.676659000587,0.205262263761));
#270 = DIRECTION('',(5.088534417743E-16,0.290284677254,0.956940335732));
#271 = DEFINITIONAL_REPRESENTATION('',(#272),#276);
#272 = LINE('',#273,#274);
#273 = CARTESIAN_POINT('',(4.062574638482E-02,1.764956227451E-02));
#274 = VECTOR('',#275,1.);
#275 = DIRECTION('',(6.947565488259E-02,0.997583647309));
#276 = ( GEOMETRIC_REPRESENTATION_CONTEXT(2) 
PARAMETRIC_REPRESENTATION_CONTEXT() REPRESENTATION_CONTEXT('2D SPACE',''
  ) );
#277 = ORIENTED_EDGE('',*,*,#278,.F.);
#278 = EDGE_CURVE('',#228,#251,#279,.T.);
#279 = SURFACE_CURVE('',#280,(#284,#291),.PCURVE_S1.);
#280 = LINE('',#281,#282);
#281 = CARTESIAN_POINT('',(611.9,163.49614778133,271.52158628773));
#282 = VECTOR('',#283,1.);
#283 = DIRECTION('',(-9.96056111305E-17,9.801714032956E-02,
    0.995184726672));
#284 = PCURVE('',#126,#285);
#285 = DEFINITIONAL_REPRESENTATION('',(#286),#290);
#286 = LINE('',#287,#288);
#287 = CARTESIAN_POINT('',(-9.665879208143E-15,0.565685424949));
#288 = VECTOR('',#289,1.);
#289 = DIRECTION('',(1.,4.163336342344E-17));
#290 = ( GEOMETRIC_REPRESENTATION_CONTEXT(2) 
PARAMETRIC_REPRESENTATION_CONTEXT() REPRESENTATION_CONTEXT('2D SPACE',''
  ) );
#291 = PCURVE('',#292,#297);
#292 = PLANE('',#293);
#293 = AXIS2_PLACEMENT_3D('',#294,#295,#296);
#294 = CARTESIAN_POINT('',(611.9,200.36144286062,256.55207579408));
#295 = DIRECTION('',(-1.,1.110223024625E-16,-1.110223024625E-16));
#296 = DIRECTION('',(-1.110223024625E-16,-1.,0.));
#297 = DEFINITIONAL_REPRESENTATION('',(#298),#302);
#298 = LINE('',#299,#300);
#299 = CARTESIAN_POINT('',(36.865295079283,14.969510493656));
#300 = VECTOR('',#301,1.);
#301 = DIRECTION('',(-9.801714032956E-02,0.995184726672));
#302 = ( GEOMETRIC_REPRESENTATION_CONTEXT(2) 
PARAMETRIC_REPRESENTATION_CONTEXT() REPRESENTATION_CONTEXT('2D SPACE',''
  ) );
#303 = ADVANCED_FACE('',(#304),#72,.F.);
#304 = FACE_BOUND('',#305,.F.);
#305 = EDGE_LOOP('',(#306,#328,#329,#357));
#306 = ORIENTED_EDGE('',*,*,#307,.F.);
#307 = EDGE_CURVE('',#24,#308,#310,.T.);
#308 = VERTEX_POINT('',#309);
#309 = CARTESIAN_POINT('',(624.6,163.5,271.6));
#310 = SURFACE_CURVE('',#311,(#315,#321),.PCURVE_S1.);
#311 = LINE('',#312,#313);
#312 = CARTESIAN_POINT('',(624.2,163.1,271.6));
#313 = VECTOR('',#314,1.);
#314 = DIRECTION('',(0.707106781187,0.707106781187,7.850462293419E-17));
#315 = PCURVE('',#72,#316);
#316 = DEFINITIONAL_REPRESENTATION('',(#317),#320);
#317 = B_SPLINE_CURVE_WITH_KNOTS('',1,(#318,#319),.UNSPECIFIED.,.F.,.F.,
  (2,2),(-0.565685424949,0.565685424949),.PIECEWISE_BEZIER_KNOTS.);
#318 = CARTESIAN_POINT('',(0.,-0.565685424949));
#319 = CARTESIAN_POINT('',(7.841371226363E-02,0.562961495011));
#320 = ( GEOMETRIC_REPRESENTATION_CONTEXT(2) 
PARAMETRIC_REPRESENTATION_CONTEXT() REPRESENTATION_CONTEXT('2D SPACE',''
  ) );
#321 = PCURVE('',#185,#322);
#322 = DEFINITIONAL_REPRESENTATION('',(#323),#327);
#323 = LINE('',#324,#325);
#324 = CARTESIAN_POINT('',(40.8,3.202988615715E-15));
#325 = VECTOR('',#326,1.);
#326 = DIRECTION('',(0.,1.));
#327 = ( GEOMETRIC_REPRESENTATION_CONTEXT(2) 
PARAMETRIC_REPRESENTATION_CONTEXT() REPRESENTATION_CONTEXT('2D SPACE',''
  ) );
#328 = ORIENTED_EDGE('',*,*,#56,.T.);
#329 = ORIENTED_EDGE('',*,*,#330,.T.);
#330 = EDGE_CURVE('',#57,#331,#333,.T.);
#331 = VERTEX_POINT('',#332);
#332 = CARTESIAN_POINT('',(624.6,163.54606886356,272.02844354152));
#333 = SURFACE_CURVE('',#334,(#338,#345),.PCURVE_S1.);
#334 = LINE('',#335,#336);
#335 = CARTESIAN_POINT('',(624.21248012516,163.16415605993,
    272.10441072142));
#336 = VECTOR('',#337,1.);
#337 = DIRECTION('',(0.705398161813,0.695191671845,-0.138282221229));
#338 = PCURVE('',#72,#339);
#339 = DEFINITIONAL_REPRESENTATION('',(#340),#344);
#340 = LINE('',#341,#342);
#341 = CARTESIAN_POINT('',(0.547477095592,1.764956227439E-02));
#342 = VECTOR('',#343,1.);
#343 = DIRECTION('',(-6.947565488248E-02,0.997583647309));
#344 = ( GEOMETRIC_REPRESENTATION_CONTEXT(2) 
PARAMETRIC_REPRESENTATION_CONTEXT() REPRESENTATION_CONTEXT('2D SPACE',''
  ) );
#345 = PCURVE('',#346,#351);
#346 = PLANE('',#347);
#347 = AXIS2_PLACEMENT_3D('',#348,#349,#350);
#348 = CARTESIAN_POINT('',(624.2,163.14042029308,272.06915709514));
#349 = DIRECTION('',(-0.707106781187,0.676659000587,-0.205262263761));
#350 = DIRECTION('',(-6.291251584664E-16,0.290284677254,0.956940335732)
  );
#351 = DEFINITIONAL_REPRESENTATION('',(#352),#356);
#352 = LINE('',#353,#354);
#353 = CARTESIAN_POINT('',(4.06257463848E-02,1.764956227439E-02));
#354 = VECTOR('',#355,1.);
#355 = DIRECTION('',(6.947565488259E-02,0.997583647309));
#356 = ( GEOMETRIC_REPRESENTATION_CONTEXT(2) 
PARAMETRIC_REPRESENTATION_CONTEXT() REPRESENTATION_CONTEXT('2D SPACE',''
  ) );
#357 = ORIENTED_EDGE('',*,*,#358,.F.);
#358 = EDGE_CURVE('',#308,#331,#359,.T.);
#359 = SURFACE_CURVE('',#360,(#364,#371),.PCURVE_S1.);
#360 = LINE('',#361,#362);
#361 = CARTESIAN_POINT('',(624.6,163.49614778133,271.52158628773));
#362 = VECTOR('',#363,1.);
#363 = DIRECTION('',(-9.96056111305E-17,9.801714032956E-02,
    0.995184726672));
#364 = PCURVE('',#72,#365);
#365 = DEFINITIONAL_REPRESENTATION('',(#366),#370);
#366 = LINE('',#367,#368);
#367 = CARTESIAN_POINT('',(-1.532107773983E-14,0.565685424949));
#368 = VECTOR('',#369,1.);
#369 = DIRECTION('',(1.,2.775557561563E-17));
#370 = ( GEOMETRIC_REPRESENTATION_CONTEXT(2) 
PARAMETRIC_REPRESENTATION_CONTEXT() REPRESENTATION_CONTEXT('2D SPACE',''
  ) );
#371 = PCURVE('',#372,#377);
#372 = PLANE('',#373);
#373 = AXIS2_PLACEMENT_3D('',#374,#375,#376);
#374 = CARTESIAN_POINT('',(624.6,200.36144286062,256.55207579408));
#375 = DIRECTION('',(-1.,1.110223024625E-16,-1.110223024625E-16));
#376 = DIRECTION('',(-1.110223024625E-16,-1.,0.));
#377 = DEFINITIONAL_REPRESENTATION('',(#378),#382);
#378 = LINE('',#379,#380);
#379 = CARTESIAN_POINT('',(36.865295079283,14.969510493656));
#380 = VECTOR('',#381,1.);
#381 = DIRECTION('',(-9.801714032956E-02,0.995184726672));
#382 = ( GEOMETRIC_REPRESENTATION_CONTEXT(2) 
PARAMETRIC_REPRESENTATION_CONTEXT() REPRESENTATION_CONTEXT('2D SPACE',''
  ) );
#383 = ADVANCED_FACE('',(#384),#100,.T.);
#384 = FACE_BOUND('',#385,.T.);
#385 = EDGE_LOOP('',(#386,#387,#410,#438));
#386 = ORIENTED_EDGE('',*,*,#84,.T.);
#387 = ORIENTED_EDGE('',*,*,#388,.T.);
#388 = EDGE_CURVE('',#57,#389,#391,.T.);
#389 = VERTEX_POINT('',#390);
#390 = CARTESIAN_POINT('',(623.8,162.92836140246,272.74805029709));
#391 = SURFACE_CURVE('',#392,(#396,#403),.PCURVE_S1.);
#392 = LINE('',#393,#394);
#393 = CARTESIAN_POINT('',(623.8,162.75764415879,272.18527096604));
#394 = VECTOR('',#395,1.);
#395 = DIRECTION('',(-7.401364615387E-17,0.290284677254,0.956940335732)
  );
#396 = PCURVE('',#100,#397);
#397 = DEFINITIONAL_REPRESENTATION('',(#398),#402);
#398 = LINE('',#399,#400);
#399 = CARTESIAN_POINT('',(-8.80762389231E-16,-11.9));
#400 = VECTOR('',#401,1.);
#401 = DIRECTION('',(1.,0.));
#402 = ( GEOMETRIC_REPRESENTATION_CONTEXT(2) 
PARAMETRIC_REPRESENTATION_CONTEXT() REPRESENTATION_CONTEXT('2D SPACE',''
  ) );
#403 = PCURVE('',#346,#404);
#404 = DEFINITIONAL_REPRESENTATION('',(#405),#409);
#405 = LINE('',#406,#407);
#406 = CARTESIAN_POINT('',(3.579081475635E-14,-0.565685424949));
#407 = VECTOR('',#408,1.);
#408 = DIRECTION('',(1.,2.775557561563E-17));
#409 = ( GEOMETRIC_REPRESENTATION_CONTEXT(2) 
PARAMETRIC_REPRESENTATION_CONTEXT() REPRESENTATION_CONTEXT('2D SPACE',''
  ) );
#410 = ORIENTED_EDGE('',*,*,#411,.F.);
#411 = EDGE_CURVE('',#412,#389,#414,.T.);
#412 = VERTEX_POINT('',#413);
#413 = CARTESIAN_POINT('',(612.7,162.92836140246,272.74805029709));
#414 = SURFACE_CURVE('',#415,(#419,#426),.PCURVE_S1.);
#415 = LINE('',#416,#417);
#416 = CARTESIAN_POINT('',(611.9,162.92836140246,272.74805029709));
#417 = VECTOR('',#418,1.);
#418 = DIRECTION('',(1.,-1.110223024625E-16,1.110223024625E-16));
#419 = PCURVE('',#100,#420);
#420 = DEFINITIONAL_REPRESENTATION('',(#421),#425);
#421 = LINE('',#422,#423);
#422 = CARTESIAN_POINT('',(0.588102841977,-4.35276356482E-17));
#423 = VECTOR('',#424,1.);
#424 = DIRECTION('',(0.,-1.));
#425 = ( GEOMETRIC_REPRESENTATION_CONTEXT(2) 
PARAMETRIC_REPRESENTATION_CONTEXT() REPRESENTATION_CONTEXT('2D SPACE',''
  ) );
#426 = PCURVE('',#427,#432);
#427 = PLANE('',#428);
#428 = AXIS2_PLACEMENT_3D('',#429,#430,#431);
#429 = CARTESIAN_POINT('',(611.9,162.92836140246,272.74805029709));
#430 = DIRECTION('',(-1.502484804543E-16,-0.881921264348,0.471396736826)
  );
#431 = DIRECTION('',(-4.557737826287E-17,0.471396736826,0.881921264348)
  );
#432 = DEFINITIONAL_REPRESENTATION('',(#433),#437);
#433 = LINE('',#434,#435);
#434 = CARTESIAN_POINT('',(0.,0.));
#435 = VECTOR('',#436,1.);
#436 = DIRECTION('',(0.,-1.));
#437 = ( GEOMETRIC_REPRESENTATION_CONTEXT(2) 
PARAMETRIC_REPRESENTATION_CONTEXT() REPRESENTATION_CONTEXT('2D SPACE',''
  ) );
#438 = ORIENTED_EDGE('',*,*,#439,.F.);
#439 = EDGE_CURVE('',#85,#412,#440,.T.);
#440 = SURFACE_CURVE('',#441,(#445,#452),.PCURVE_S1.);
#441 = LINE('',#442,#443);
#442 = CARTESIAN_POINT('',(612.7,162.75764415879,272.18527096604));
#443 = VECTOR('',#444,1.);
#444 = DIRECTION('',(-7.401364615387E-17,0.290284677254,0.956940335732)
  );
#445 = PCURVE('',#100,#446);
#446 = DEFINITIONAL_REPRESENTATION('',(#447),#451);
#447 = LINE('',#448,#449);
#448 = CARTESIAN_POINT('',(-5.92109169231E-17,-0.8));
#449 = VECTOR('',#450,1.);
#450 = DIRECTION('',(1.,0.));
#451 = ( GEOMETRIC_REPRESENTATION_CONTEXT(2) 
PARAMETRIC_REPRESENTATION_CONTEXT() REPRESENTATION_CONTEXT('2D SPACE',''
  ) );
#452 = PCURVE('',#266,#453);
#453 = DEFINITIONAL_REPRESENTATION('',(#454),#458);
#454 = LINE('',#455,#456);
#455 = CARTESIAN_POINT('',(3.574918139293E-14,-0.565685424949));
#456 = VECTOR('',#457,1.);
#457 = DIRECTION('',(1.,8.326672684689E-17));
#458 = ( GEOMETRIC_REPRESENTATION_CONTEXT(2) 
PARAMETRIC_REPRESENTATION_CONTEXT() REPRESENTATION_CONTEXT('2D SPACE',''
  ) );
#459 = ADVANCED_FACE('',(#460),#159,.T.);
#460 = FACE_BOUND('',#461,.T.);
#461 = EDGE_LOOP('',(#462,#492,#518,#519));
#462 = ORIENTED_EDGE('',*,*,#463,.T.);
#463 = EDGE_CURVE('',#464,#466,#468,.T.);
#464 = VERTEX_POINT('',#465);
#465 = CARTESIAN_POINT('',(612.7,162.75764415879,230.21472903395));
#466 = VERTEX_POINT('',#467);
#467 = CARTESIAN_POINT('',(623.8,162.75764415879,230.21472903395));
#468 = SURFACE_CURVE('',#469,(#473,#480),.PCURVE_S1.);
#469 = LINE('',#470,#471);
#470 = CARTESIAN_POINT('',(611.9,162.75764415879,230.21472903395));
#471 = VECTOR('',#472,1.);
#472 = DIRECTION('',(1.,-1.110223024625E-16,1.110223024625E-16));
#473 = PCURVE('',#159,#474);
#474 = DEFINITIONAL_REPRESENTATION('',(#475),#479);
#475 = LINE('',#476,#477);
#476 = CARTESIAN_POINT('',(0.,0.));
#477 = VECTOR('',#478,1.);
#478 = DIRECTION('',(0.,-1.));
#479 = ( GEOMETRIC_REPRESENTATION_CONTEXT(2) 
PARAMETRIC_REPRESENTATION_CONTEXT() REPRESENTATION_CONTEXT('2D SPACE',''
  ) );
#480 = PCURVE('',#481,#486);
#481 = PLANE('',#482);
#482 = AXIS2_PLACEMENT_3D('',#483,#484,#485);
#483 = CARTESIAN_POINT('',(611.9,162.92836140246,229.6519497029));
#484 = DIRECTION('',(-7.401364615387E-17,-0.956940335732,-0.290284677254
    ));
#485 = DIRECTION('',(-1.384697926306E-16,-0.290284677254,0.956940335732)
  );
#486 = DEFINITIONAL_REPRESENTATION('',(#487),#491);
#487 = LINE('',#488,#489);
#488 = CARTESIAN_POINT('',(0.588102841977,-8.143447857409E-17));
#489 = VECTOR('',#490,1.);
#490 = DIRECTION('',(0.,-1.));
#491 = ( GEOMETRIC_REPRESENTATION_CONTEXT(2) 
PARAMETRIC_REPRESENTATION_CONTEXT() REPRESENTATION_CONTEXT('2D SPACE',''
  ) );
#492 = ORIENTED_EDGE('',*,*,#493,.T.);
#493 = EDGE_CURVE('',#466,#144,#494,.T.);
#494 = SURFACE_CURVE('',#495,(#499,#506),.PCURVE_S1.);
#495 = LINE('',#496,#497);
#496 = CARTESIAN_POINT('',(623.8,162.75764415879,230.21472903395));
#497 = VECTOR('',#498,1.);
#498 = DIRECTION('',(-1.213697883309E-16,-9.801714032956E-02,
    0.995184726672));
#499 = PCURVE('',#159,#500);
#500 = DEFINITIONAL_REPRESENTATION('',(#501),#505);
#501 = LINE('',#502,#503);
#502 = CARTESIAN_POINT('',(-1.444300481137E-15,-11.9));
#503 = VECTOR('',#504,1.);
#504 = DIRECTION('',(1.,0.));
#505 = ( GEOMETRIC_REPRESENTATION_CONTEXT(2) 
PARAMETRIC_REPRESENTATION_CONTEXT() REPRESENTATION_CONTEXT('2D SPACE',''
  ) );
#506 = PCURVE('',#507,#512);
#507 = PLANE('',#508);
#508 = AXIS2_PLACEMENT_3D('',#509,#510,#511);
#509 = CARTESIAN_POINT('',(624.2,163.15571804945,230.25393589008));
#510 = DIRECTION('',(-0.707106781187,0.703701868763,6.930858459955E-02)
  );
#511 = DIRECTION('',(-6.3484793722E-16,-9.801714032956E-02,
    0.995184726672));
#512 = DEFINITIONAL_REPRESENTATION('',(#513),#517);
#513 = LINE('',#514,#515);
#514 = CARTESIAN_POINT('',(1.330185961379E-14,-0.565685424949));
#515 = VECTOR('',#516,1.);
#516 = DIRECTION('',(1.,-1.387778780781E-17));
#517 = ( GEOMETRIC_REPRESENTATION_CONTEXT(2) 
PARAMETRIC_REPRESENTATION_CONTEXT() REPRESENTATION_CONTEXT('2D SPACE',''
  ) );
#518 = ORIENTED_EDGE('',*,*,#141,.F.);
#519 = ORIENTED_EDGE('',*,*,#520,.F.);
#520 = EDGE_CURVE('',#464,#142,#521,.T.);
#521 = SURFACE_CURVE('',#522,(#526,#533),.PCURVE_S1.);
#522 = LINE('',#523,#524);
#523 = CARTESIAN_POINT('',(612.7,162.75764415879,230.21472903395));
#524 = VECTOR('',#525,1.);
#525 = DIRECTION('',(-1.213697883309E-16,-9.801714032956E-02,
    0.995184726672));
#526 = PCURVE('',#159,#527);
#527 = DEFINITIONAL_REPRESENTATION('',(#528),#532);
#528 = LINE('',#529,#530);
#529 = CARTESIAN_POINT('',(-9.709583066468E-17,-0.8));
#530 = VECTOR('',#531,1.);
#531 = DIRECTION('',(1.,0.));
#532 = ( GEOMETRIC_REPRESENTATION_CONTEXT(2) 
PARAMETRIC_REPRESENTATION_CONTEXT() REPRESENTATION_CONTEXT('2D SPACE',''
  ) );
#533 = PCURVE('',#534,#539);
#534 = PLANE('',#535);
#535 = AXIS2_PLACEMENT_3D('',#536,#537,#538);
#536 = CARTESIAN_POINT('',(612.3,163.15571804945,230.25393589008));
#537 = DIRECTION('',(-0.707106781187,-0.703701868763,-6.930858459955E-02
    ));
#538 = DIRECTION('',(3.921083605583E-16,-9.801714032956E-02,
    0.995184726672));
#539 = DEFINITIONAL_REPRESENTATION('',(#540),#544);
#540 = LINE('',#541,#542);
#541 = CARTESIAN_POINT('',(1.319777620523E-14,-0.565685424949));
#542 = VECTOR('',#543,1.);
#543 = DIRECTION('',(1.,-2.775557561563E-17));
#544 = ( GEOMETRIC_REPRESENTATION_CONTEXT(2) 
PARAMETRIC_REPRESENTATION_CONTEXT() REPRESENTATION_CONTEXT('2D SPACE',''
  ) );
#545 = ADVANCED_FACE('',(#546),#212,.T.);
#546 = FACE_BOUND('',#547,.T.);
#547 = EDGE_LOOP('',(#548,#570,#571,#572));
#548 = ORIENTED_EDGE('',*,*,#549,.F.);
#549 = EDGE_CURVE('',#142,#550,#552,.T.);
#550 = VERTEX_POINT('',#551);
#551 = CARTESIAN_POINT('',(611.9,163.49614778133,230.87841371226));
#552 = SURFACE_CURVE('',#553,(#557,#563),.PCURVE_S1.);
#553 = LINE('',#554,#555);
#554 = CARTESIAN_POINT('',(612.3,163.09807389066,230.83920685613));
#555 = VECTOR('',#556,1.);
#556 = DIRECTION('',(-0.707106781187,0.703701868763,6.930858459955E-02)
  );
#557 = PCURVE('',#212,#558);
#558 = DEFINITIONAL_REPRESENTATION('',(#559),#562);
#559 = B_SPLINE_CURVE_WITH_KNOTS('',1,(#560,#561),.UNSPECIFIED.,.F.,.F.,
  (2,2),(-0.565685424949,0.565685424949),.PIECEWISE_BEZIER_KNOTS.);
#560 = CARTESIAN_POINT('',(2.84217094304E-14,-0.565685424949));
#561 = CARTESIAN_POINT('',(7.841371226368E-02,0.562961495011));
#562 = ( GEOMETRIC_REPRESENTATION_CONTEXT(2) 
PARAMETRIC_REPRESENTATION_CONTEXT() REPRESENTATION_CONTEXT('2D SPACE',''
  ) );
#563 = PCURVE('',#534,#564);
#564 = DEFINITIONAL_REPRESENTATION('',(#565),#569);
#565 = LINE('',#566,#567);
#566 = CARTESIAN_POINT('',(0.588102841977,9.159339953158E-16));
#567 = VECTOR('',#568,1.);
#568 = DIRECTION('',(-2.775557561563E-17,1.));
#569 = ( GEOMETRIC_REPRESENTATION_CONTEXT(2) 
PARAMETRIC_REPRESENTATION_CONTEXT() REPRESENTATION_CONTEXT('2D SPACE',''
  ) );
#570 = ORIENTED_EDGE('',*,*,#198,.T.);
#571 = ORIENTED_EDGE('',*,*,#227,.T.);
#572 = ORIENTED_EDGE('',*,*,#573,.F.);
#573 = EDGE_CURVE('',#550,#228,#574,.T.);
#574 = SURFACE_CURVE('',#575,(#579,#586),.PCURVE_S1.);
#575 = LINE('',#576,#577);
#576 = CARTESIAN_POINT('',(611.9,163.5,230.8));
#577 = VECTOR('',#578,1.);
#578 = DIRECTION('',(-1.110223024625E-16,1.232595164408E-32,1.));
#579 = PCURVE('',#212,#580);
#580 = DEFINITIONAL_REPRESENTATION('',(#581),#585);
#581 = LINE('',#582,#583);
#582 = CARTESIAN_POINT('',(4.4408920985E-17,0.565685424949));
#583 = VECTOR('',#584,1.);
#584 = DIRECTION('',(1.,0.));
#585 = ( GEOMETRIC_REPRESENTATION_CONTEXT(2) 
PARAMETRIC_REPRESENTATION_CONTEXT() REPRESENTATION_CONTEXT('2D SPACE',''
  ) );
#586 = PCURVE('',#292,#587);
#587 = DEFINITIONAL_REPRESENTATION('',(#588),#592);
#588 = LINE('',#589,#590);
#589 = CARTESIAN_POINT('',(36.861442860621,-25.75207579408));
#590 = VECTOR('',#591,1.);
#591 = DIRECTION('',(0.,1.));
#592 = ( GEOMETRIC_REPRESENTATION_CONTEXT(2) 
PARAMETRIC_REPRESENTATION_CONTEXT() REPRESENTATION_CONTEXT('2D SPACE',''
  ) );
#593 = ADVANCED_FACE('',(#594),#185,.F.);
#594 = FACE_BOUND('',#595,.F.);
#595 = EDGE_LOOP('',(#596,#618,#619,#620));
#596 = ORIENTED_EDGE('',*,*,#597,.F.);
#597 = EDGE_CURVE('',#144,#598,#600,.T.);
#598 = VERTEX_POINT('',#599);
#599 = CARTESIAN_POINT('',(624.6,163.49614778133,230.87841371226));
#600 = SURFACE_CURVE('',#601,(#605,#611),.PCURVE_S1.);
#601 = LINE('',#602,#603);
#602 = CARTESIAN_POINT('',(624.2,163.09807389066,230.83920685613));
#603 = VECTOR('',#604,1.);
#604 = DIRECTION('',(0.707106781187,0.703701868763,6.930858459955E-02));
#605 = PCURVE('',#185,#606);
#606 = DEFINITIONAL_REPRESENTATION('',(#607),#610);
#607 = B_SPLINE_CURVE_WITH_KNOTS('',1,(#608,#609),.UNSPECIFIED.,.F.,.F.,
  (2,2),(-0.565685424949,0.565685424949),.PIECEWISE_BEZIER_KNOTS.);
#608 = CARTESIAN_POINT('',(2.84217094304E-14,-0.565685424949));
#609 = CARTESIAN_POINT('',(7.841371226368E-02,0.562961495011));
#610 = ( GEOMETRIC_REPRESENTATION_CONTEXT(2) 
PARAMETRIC_REPRESENTATION_CONTEXT() REPRESENTATION_CONTEXT('2D SPACE',''
  ) );
#611 = PCURVE('',#507,#612);
#612 = DEFINITIONAL_REPRESENTATION('',(#613),#617);
#613 = LINE('',#614,#615);
#614 = CARTESIAN_POINT('',(0.588102841977,1.040834085586E-15));
#615 = VECTOR('',#616,1.);
#616 = DIRECTION('',(0.,1.));
#617 = ( GEOMETRIC_REPRESENTATION_CONTEXT(2) 
PARAMETRIC_REPRESENTATION_CONTEXT() REPRESENTATION_CONTEXT('2D SPACE',''
  ) );
#618 = ORIENTED_EDGE('',*,*,#171,.T.);
#619 = ORIENTED_EDGE('',*,*,#307,.T.);
#620 = ORIENTED_EDGE('',*,*,#621,.F.);
#621 = EDGE_CURVE('',#598,#308,#622,.T.);
#622 = SURFACE_CURVE('',#623,(#627,#634),.PCURVE_S1.);
#623 = LINE('',#624,#625);
#624 = CARTESIAN_POINT('',(624.6,163.5,230.8));
#625 = VECTOR('',#626,1.);
#626 = DIRECTION('',(-1.110223024625E-16,1.232595164408E-32,1.));
#627 = PCURVE('',#185,#628);
#628 = DEFINITIONAL_REPRESENTATION('',(#629),#633);
#629 = LINE('',#630,#631);
#630 = CARTESIAN_POINT('',(-4.4408920985E-17,0.565685424949));
#631 = VECTOR('',#632,1.);
#632 = DIRECTION('',(1.,0.));
#633 = ( GEOMETRIC_REPRESENTATION_CONTEXT(2) 
PARAMETRIC_REPRESENTATION_CONTEXT() REPRESENTATION_CONTEXT('2D SPACE',''
  ) );
#634 = PCURVE('',#372,#635);
#635 = DEFINITIONAL_REPRESENTATION('',(#636),#640);
#636 = LINE('',#637,#638);
#637 = CARTESIAN_POINT('',(36.861442860621,-25.75207579408));
#638 = VECTOR('',#639,1.);
#639 = DIRECTION('',(0.,1.));
#640 = ( GEOMETRIC_REPRESENTATION_CONTEXT(2) 
PARAMETRIC_REPRESENTATION_CONTEXT() REPRESENTATION_CONTEXT('2D SPACE',''
  ) );
#641 = ADVANCED_FACE('',(#642),#292,.T.);
#642 = FACE_BOUND('',#643,.T.);
#643 = EDGE_LOOP('',(#644,#674,#702,#730,#758,#786,#814,#842,#870,#898,
    #926,#954,#982,#1010,#1038,#1066,#1094,#1122,#1150,#1178,#1206,#1234
    ,#1262,#1290,#1318,#1346,#1374,#1402,#1430,#1458,#1486,#1514,#1542,
    #1563,#1564,#1565));
#644 = ORIENTED_EDGE('',*,*,#645,.T.);
#645 = EDGE_CURVE('',#646,#648,#650,.T.);
#646 = VERTEX_POINT('',#647);
#647 = CARTESIAN_POINT('',(611.9,163.67104123486,272.44042223801));
#648 = VERTEX_POINT('',#649);
#649 = CARTESIAN_POINT('',(611.9,163.87398535365,272.82010397921));
#650 = SURFACE_CURVE('',#651,(#655,#662),.PCURVE_S1.);
#651 = LINE('',#652,#653);
#652 = CARTESIAN_POINT('',(611.9,163.63389841394,272.37093290763));
#653 = VECTOR('',#654,1.);
#654 = DIRECTION('',(-4.557737826287E-17,0.471396736826,0.881921264348)
  );
#655 = PCURVE('',#292,#656);
#656 = DEFINITIONAL_REPRESENTATION('',(#657),#661);
#657 = LINE('',#658,#659);
#658 = CARTESIAN_POINT('',(36.727544446676,15.818857113554));
#659 = VECTOR('',#660,1.);
#660 = DIRECTION('',(-0.471396736826,0.881921264348));
#661 = ( GEOMETRIC_REPRESENTATION_CONTEXT(2) 
PARAMETRIC_REPRESENTATION_CONTEXT() REPRESENTATION_CONTEXT('2D SPACE',''
  ) );
#662 = PCURVE('',#663,#668);
#663 = PLANE('',#664);
#664 = AXIS2_PLACEMENT_3D('',#665,#666,#667);
#665 = CARTESIAN_POINT('',(612.3,163.2811299082,272.55949160236));
#666 = DIRECTION('',(-0.707106781187,-0.623612506493,0.333327829239));
#667 = DIRECTION('',(-5.451777393442E-16,0.471396736826,0.881921264348)
  );
#668 = DEFINITIONAL_REPRESENTATION('',(#669),#673);
#669 = LINE('',#670,#671);
#670 = CARTESIAN_POINT('',(4.59909887951E-14,0.565685424949));
#671 = VECTOR('',#672,1.);
#672 = DIRECTION('',(1.,1.110223024625E-16));
#673 = ( GEOMETRIC_REPRESENTATION_CONTEXT(2) 
PARAMETRIC_REPRESENTATION_CONTEXT() REPRESENTATION_CONTEXT('2D SPACE',''
  ) );
#674 = ORIENTED_EDGE('',*,*,#675,.T.);
#675 = EDGE_CURVE('',#648,#676,#678,.T.);
#676 = VERTEX_POINT('',#677);
#677 = CARTESIAN_POINT('',(611.9,164.14710219126,273.15289780874));
#678 = SURFACE_CURVE('',#679,(#683,#690),.PCURVE_S1.);
#679 = LINE('',#680,#681);
#680 = CARTESIAN_POINT('',(611.9,163.82399952578,272.75919607172));
#681 = VECTOR('',#682,1.);
#682 = DIRECTION('',(-1.538959728532E-17,0.634393284164,0.773010453363)
  );
#683 = PCURVE('',#292,#684);
#684 = DEFINITIONAL_REPRESENTATION('',(#685),#689);
#685 = LINE('',#686,#687);
#686 = CARTESIAN_POINT('',(36.537443334839,16.207120277647));
#687 = VECTOR('',#688,1.);
#688 = DIRECTION('',(-0.634393284164,0.773010453363));
#689 = ( GEOMETRIC_REPRESENTATION_CONTEXT(2) 
PARAMETRIC_REPRESENTATION_CONTEXT() REPRESENTATION_CONTEXT('2D SPACE',''
  ) );
#690 = PCURVE('',#691,#696);
#691 = PLANE('',#692);
#692 = AXIS2_PLACEMENT_3D('',#693,#694,#695);
#693 = CARTESIAN_POINT('',(612.3,163.51479534443,273.01295338539));
#694 = DIRECTION('',(-0.707106781187,-0.546600933501,0.448583793171));
#695 = DIRECTION('',(3.454328857179E-16,0.634393284164,0.773010453363));
#696 = DEFINITIONAL_REPRESENTATION('',(#697),#701);
#697 = LINE('',#698,#699);
#698 = CARTESIAN_POINT('',(-2.847722058164E-14,0.565685424949));
#699 = VECTOR('',#700,1.);
#700 = DIRECTION('',(1.,0.));
#701 = ( GEOMETRIC_REPRESENTATION_CONTEXT(2) 
PARAMETRIC_REPRESENTATION_CONTEXT() REPRESENTATION_CONTEXT('2D SPACE',''
  ) );
#702 = ORIENTED_EDGE('',*,*,#703,.T.);
#703 = EDGE_CURVE('',#676,#704,#706,.T.);
#704 = VERTEX_POINT('',#705);
#705 = CARTESIAN_POINT('',(611.9,164.47989602078,273.42601464634));
#706 = SURFACE_CURVE('',#707,(#711,#718),.PCURVE_S1.);
#707 = LINE('',#708,#709);
#708 = CARTESIAN_POINT('',(611.9,164.08619428377,273.10291198086));
#709 = VECTOR('',#710,1.);
#710 = DIRECTION('',(1.538959728532E-17,0.773010453363,0.634393284164));
#711 = PCURVE('',#292,#712);
#712 = DEFINITIONAL_REPRESENTATION('',(#713),#717);
#713 = LINE('',#714,#715);
#714 = CARTESIAN_POINT('',(36.27524857685,16.550836186789));
#715 = VECTOR('',#716,1.);
#716 = DIRECTION('',(-0.773010453363,0.634393284164));
#717 = ( GEOMETRIC_REPRESENTATION_CONTEXT(2) 
PARAMETRIC_REPRESENTATION_CONTEXT() REPRESENTATION_CONTEXT('2D SPACE',''
  ) );
#718 = PCURVE('',#719,#724);
#719 = PLANE('',#720);
#720 = AXIS2_PLACEMENT_3D('',#721,#722,#723);
#721 = CARTESIAN_POINT('',(612.3,163.8324369701,273.41211616221));
#722 = DIRECTION('',(-0.707106781187,-0.448583793171,0.546600933501));
#723 = DIRECTION('',(4.317232315198E-16,0.773010453363,0.634393284164));
#724 = DEFINITIONAL_REPRESENTATION('',(#725),#729);
#725 = LINE('',#726,#727);
#726 = CARTESIAN_POINT('',(-5.884182030513E-15,0.565685424949));
#727 = VECTOR('',#728,1.);
#728 = DIRECTION('',(1.,0.));
#729 = ( GEOMETRIC_REPRESENTATION_CONTEXT(2) 
PARAMETRIC_REPRESENTATION_CONTEXT() REPRESENTATION_CONTEXT('2D SPACE',''
  ) );
#730 = ORIENTED_EDGE('',*,*,#731,.T.);
#731 = EDGE_CURVE('',#704,#732,#734,.T.);
#732 = VERTEX_POINT('',#733);
#733 = CARTESIAN_POINT('',(611.9,164.85957776198,273.62895876513));
#734 = SURFACE_CURVE('',#735,(#739,#746),.PCURVE_S1.);
#735 = LINE('',#736,#737);
#736 = CARTESIAN_POINT('',(611.9,164.4104066904,273.38887182542));
#737 = VECTOR('',#738,1.);
#738 = DIRECTION('',(4.557737826287E-17,0.881921264348,0.471396736826));
#739 = PCURVE('',#292,#740);
#740 = DEFINITIONAL_REPRESENTATION('',(#741),#745);
#741 = LINE('',#742,#743);
#742 = CARTESIAN_POINT('',(35.951036170219,16.836796031349));
#743 = VECTOR('',#744,1.);
#744 = DIRECTION('',(-0.881921264348,0.471396736826));
#745 = ( GEOMETRIC_REPRESENTATION_CONTEXT(2) 
PARAMETRIC_REPRESENTATION_CONTEXT() REPRESENTATION_CONTEXT('2D SPACE',''
  ) );
#746 = PCURVE('',#747,#752);
#747 = PLANE('',#748);
#748 = AXIS2_PLACEMENT_3D('',#749,#750,#751);
#749 = CARTESIAN_POINT('',(612.3,164.22184799567,273.74164033116));
#750 = DIRECTION('',(-0.707106781187,-0.333327829239,0.623612506493));
#751 = DIRECTION('',(-6.544492419965E-17,0.881921264348,0.471396736826)
  );
#752 = DEFINITIONAL_REPRESENTATION('',(#753),#757);
#753 = LINE('',#754,#755);
#754 = CARTESIAN_POINT('',(6.106226635438E-15,0.565685424949));
#755 = VECTOR('',#756,1.);
#756 = DIRECTION('',(1.,0.));
#757 = ( GEOMETRIC_REPRESENTATION_CONTEXT(2) 
PARAMETRIC_REPRESENTATION_CONTEXT() REPRESENTATION_CONTEXT('2D SPACE',''
  ) );
#758 = ORIENTED_EDGE('',*,*,#759,.T.);
#759 = EDGE_CURVE('',#732,#760,#762,.T.);
#760 = VERTEX_POINT('',#761);
#761 = CARTESIAN_POINT('',(611.9,165.27155645847,273.75393113643));
#762 = SURFACE_CURVE('',#763,(#767,#774),.PCURVE_S1.);
#763 = LINE('',#764,#765);
#764 = CARTESIAN_POINT('',(611.9,164.7841774447,273.60608632894));
#765 = VECTOR('',#766,1.);
#766 = DIRECTION('',(7.401364615386E-17,0.956940335732,0.290284677254));
#767 = PCURVE('',#292,#768);
#768 = DEFINITIONAL_REPRESENTATION('',(#769),#773);
#769 = LINE('',#770,#771);
#770 = CARTESIAN_POINT('',(35.577265415913,17.054010534868));
#771 = VECTOR('',#772,1.);
#772 = DIRECTION('',(-0.956940335732,0.290284677254));
#773 = ( GEOMETRIC_REPRESENTATION_CONTEXT(2) 
PARAMETRIC_REPRESENTATION_CONTEXT() REPRESENTATION_CONTEXT('2D SPACE',''
  ) );
#774 = PCURVE('',#775,#780);
#775 = PLANE('',#776);
#776 = AXIS2_PLACEMENT_3D('',#777,#778,#779);
#777 = CARTESIAN_POINT('',(612.3,164.6680635738,273.98886246324));
#778 = DIRECTION('',(-0.707106781187,-0.205262263761,0.676659000587));
#779 = DIRECTION('',(2.960582510789E-16,0.956940335732,0.290284677254));
#780 = DEFINITIONAL_REPRESENTATION('',(#781),#785);
#781 = LINE('',#782,#783);
#782 = CARTESIAN_POINT('',(-2.367550600013E-14,0.565685424949));
#783 = VECTOR('',#784,1.);
#784 = DIRECTION('',(1.,-2.775557561563E-17));
#785 = ( GEOMETRIC_REPRESENTATION_CONTEXT(2) 
PARAMETRIC_REPRESENTATION_CONTEXT() REPRESENTATION_CONTEXT('2D SPACE',''
  ) );
#786 = ORIENTED_EDGE('',*,*,#787,.T.);
#787 = EDGE_CURVE('',#760,#788,#790,.T.);
#788 = VERTEX_POINT('',#789);
#789 = CARTESIAN_POINT('',(611.9,165.77841371226,273.80385221866));
#790 = SURFACE_CURVE('',#791,(#795,#802),.PCURVE_S1.);
#791 = LINE('',#792,#793);
#792 = CARTESIAN_POINT('',(611.9,165.19314274621,273.74620805987));
#793 = VECTOR('',#794,1.);
#794 = DIRECTION('',(9.96056111305E-17,0.995184726672,9.801714032956E-02
    ));
#795 = PCURVE('',#292,#796);
#796 = DEFINITIONAL_REPRESENTATION('',(#797),#801);
#797 = LINE('',#798,#799);
#798 = CARTESIAN_POINT('',(35.168300114406,17.194132265791));
#799 = VECTOR('',#800,1.);
#800 = DIRECTION('',(-0.995184726672,9.801714032956E-02));
#801 = ( GEOMETRIC_REPRESENTATION_CONTEXT(2) 
PARAMETRIC_REPRESENTATION_CONTEXT() REPRESENTATION_CONTEXT('2D SPACE',''
  ) );
#802 = PCURVE('',#803,#808);
#803 = PLANE('',#804);
#804 = AXIS2_PLACEMENT_3D('',#805,#806,#807);
#805 = CARTESIAN_POINT('',(612.3,165.15393589008,274.14428195054));
#806 = DIRECTION('',(-0.707106781187,-6.930858459955E-02,0.703701868763)
  );
#807 = DIRECTION('',(6.491114161096E-17,0.995184726672,
    9.801714032956E-02));
#808 = DEFINITIONAL_REPRESENTATION('',(#809),#813);
#809 = LINE('',#810,#811);
#810 = CARTESIAN_POINT('',(1.315614284181E-14,0.565685424949));
#811 = VECTOR('',#812,1.);
#812 = DIRECTION('',(1.,0.));
#813 = ( GEOMETRIC_REPRESENTATION_CONTEXT(2) 
PARAMETRIC_REPRESENTATION_CONTEXT() REPRESENTATION_CONTEXT('2D SPACE',''
  ) );
#814 = ORIENTED_EDGE('',*,*,#815,.T.);
#815 = EDGE_CURVE('',#788,#816,#818,.T.);
#816 = VERTEX_POINT('',#817);
#817 = CARTESIAN_POINT('',(611.9,248.66417660892,273.8));
#818 = SURFACE_CURVE('',#819,(#823,#830),.PCURVE_S1.);
#819 = LINE('',#820,#821);
#820 = CARTESIAN_POINT('',(611.9,165.7,273.8));
#821 = VECTOR('',#822,1.);
#822 = DIRECTION('',(1.110223024625E-16,1.,0.));
#823 = PCURVE('',#292,#824);
#824 = DEFINITIONAL_REPRESENTATION('',(#825),#829);
#825 = LINE('',#826,#827);
#826 = CARTESIAN_POINT('',(34.661442860621,17.24792420592));
#827 = VECTOR('',#828,1.);
#828 = DIRECTION('',(-1.,0.));
#829 = ( GEOMETRIC_REPRESENTATION_CONTEXT(2) 
PARAMETRIC_REPRESENTATION_CONTEXT() REPRESENTATION_CONTEXT('2D SPACE',''
  ) );
#830 = PCURVE('',#831,#836);
#831 = PLANE('',#832);
#832 = AXIS2_PLACEMENT_3D('',#833,#834,#835);
#833 = CARTESIAN_POINT('',(612.3,165.7,274.2));
#834 = DIRECTION('',(-0.707106781187,8.548778455282E-17,0.707106781187)
  );
#835 = DIRECTION('',(1.159601433972E-16,1.,-4.937840934654E-18));
#836 = DEFINITIONAL_REPRESENTATION('',(#837),#841);
#837 = LINE('',#838,#839);
#838 = CARTESIAN_POINT('',(-4.4408920985E-17,0.565685424949));
#839 = VECTOR('',#840,1.);
#840 = DIRECTION('',(1.,-5.392603844284E-33));
#841 = ( GEOMETRIC_REPRESENTATION_CONTEXT(2) 
PARAMETRIC_REPRESENTATION_CONTEXT() REPRESENTATION_CONTEXT('2D SPACE',''
  ) );
#842 = ORIENTED_EDGE('',*,*,#843,.T.);
#843 = EDGE_CURVE('',#816,#844,#846,.T.);
#844 = VERTEX_POINT('',#845);
#845 = CARTESIAN_POINT('',(611.9,249.08720460609,273.75510238166));
#846 = SURFACE_CURVE('',#847,(#851,#858),.PCURVE_S1.);
#847 = LINE('',#848,#849);
#848 = CARTESIAN_POINT('',(611.9,248.58676710099,273.80375395254));
#849 = VECTOR('',#850,1.);
#850 = DIRECTION('',(1.212440641468E-16,0.995307559314,
    -9.676188491068E-02));
#851 = PCURVE('',#292,#852);
#852 = DEFINITIONAL_REPRESENTATION('',(#853),#857);
#853 = LINE('',#854,#855);
#854 = CARTESIAN_POINT('',(-48.22532424037,17.251678158468));
#855 = VECTOR('',#856,1.);
#856 = DIRECTION('',(-0.995307559314,-9.676188491068E-02));
#857 = ( GEOMETRIC_REPRESENTATION_CONTEXT(2) 
PARAMETRIC_REPRESENTATION_CONTEXT() REPRESENTATION_CONTEXT('2D SPACE',''
  ) );
#858 = PCURVE('',#859,#864);
#859 = PLANE('',#860);
#860 = AXIS2_PLACEMENT_3D('',#861,#862,#863);
#861 = CARTESIAN_POINT('',(612.3,248.62547185495,274.20187697627));
#862 = DIRECTION('',(-0.707106781187,6.842098498073E-02,0.703788724557)
  );
#863 = DIRECTION('',(2.322663666094E-16,0.995307559314,
    -9.676188491068E-02));
#864 = DEFINITIONAL_REPRESENTATION('',(#865),#869);
#865 = LINE('',#866,#867);
#866 = CARTESIAN_POINT('',(-9.103828801926E-15,0.565685424949));
#867 = VECTOR('',#868,1.);
#868 = DIRECTION('',(1.,1.387778780781E-17));
#869 = ( GEOMETRIC_REPRESENTATION_CONTEXT(2) 
PARAMETRIC_REPRESENTATION_CONTEXT() REPRESENTATION_CONTEXT('2D SPACE',''
  ) );
#870 = ORIENTED_EDGE('',*,*,#871,.T.);
#871 = EDGE_CURVE('',#844,#872,#874,.T.);
#872 = VERTEX_POINT('',#873);
#873 = CARTESIAN_POINT('',(611.9,249.4943895916,273.63326470614));
#874 = SURFACE_CURVE('',#875,(#879,#886),.PCURVE_S1.);
#875 = LINE('',#876,#877);
#876 = CARTESIAN_POINT('',(611.9,249.01269419644,273.77739734694));
#877 = VECTOR('',#878,1.);
#878 = DIRECTION('',(1.381887527098E-16,0.958031848534,-0.286661781887)
  );
#879 = PCURVE('',#292,#880);
#880 = DEFINITIONAL_REPRESENTATION('',(#881),#885);
#881 = LINE('',#882,#883);
#882 = CARTESIAN_POINT('',(-48.65125133582,17.225321552864));
#883 = VECTOR('',#884,1.);
#884 = DIRECTION('',(-0.958031848534,-0.286661781887));
#885 = ( GEOMETRIC_REPRESENTATION_CONTEXT(2) 
PARAMETRIC_REPRESENTATION_CONTEXT() REPRESENTATION_CONTEXT('2D SPACE',''
  ) );
#886 = PCURVE('',#887,#892);
#887 = PLANE('',#888);
#888 = AXIS2_PLACEMENT_3D('',#889,#890,#891);
#889 = CARTESIAN_POINT('',(612.3,249.12735890919,274.16061008635));
#890 = DIRECTION('',(-0.707106781187,0.202700489879,0.677430816691));
#891 = DIRECTION('',(-2.8344700984E-17,0.958031848534,-0.286661781887));
#892 = DEFINITIONAL_REPRESENTATION('',(#893),#897);
#893 = LINE('',#894,#895);
#894 = CARTESIAN_POINT('',(8.229528170034E-15,0.565685424949));
#895 = VECTOR('',#896,1.);
#896 = DIRECTION('',(1.,5.551115123126E-17));
#897 = ( GEOMETRIC_REPRESENTATION_CONTEXT(2) 
PARAMETRIC_REPRESENTATION_CONTEXT() REPRESENTATION_CONTEXT('2D SPACE',''
  ) );
#898 = ORIENTED_EDGE('',*,*,#899,.T.);
#899 = EDGE_CURVE('',#872,#900,#902,.T.);
#900 = VERTEX_POINT('',#901);
#901 = CARTESIAN_POINT('',(611.9,249.87048189752,273.43527832018));
#902 = SURFACE_CURVE('',#903,(#907,#914),.PCURVE_S1.);
#903 = LINE('',#904,#905);
#904 = CARTESIAN_POINT('',(611.9,249.42556880306,273.66949405459));
#905 = VECTOR('',#906,1.);
#906 = DIRECTION('',(1.499580721811E-16,0.884876456372,-0.46582577962));
#907 = PCURVE('',#292,#908);
#908 = DEFINITIONAL_REPRESENTATION('',(#909),#913);
#909 = LINE('',#910,#911);
#910 = CARTESIAN_POINT('',(-49.06412594244,17.11741826051));
#911 = VECTOR('',#912,1.);
#912 = DIRECTION('',(-0.884876456372,-0.46582577962));
#913 = ( GEOMETRIC_REPRESENTATION_CONTEXT(2) 
PARAMETRIC_REPRESENTATION_CONTEXT() REPRESENTATION_CONTEXT('2D SPACE',''
  ) );
#914 = PCURVE('',#915,#920);
#915 = PLANE('',#916);
#916 = AXIS2_PLACEMENT_3D('',#917,#918,#919);
#917 = CARTESIAN_POINT('',(612.3,249.61189911491,274.02344463713));
#918 = DIRECTION('',(-0.707106781187,0.329388567621,0.625702142813));
#919 = DIRECTION('',(-1.831088352065E-16,0.884876456372,-0.46582577962)
  );
#920 = DEFINITIONAL_REPRESENTATION('',(#921),#925);
#921 = LINE('',#922,#923);
#922 = CARTESIAN_POINT('',(1.160183060733E-14,0.565685424949));
#923 = VECTOR('',#924,1.);
#924 = DIRECTION('',(1.,-5.551115123126E-17));
#925 = ( GEOMETRIC_REPRESENTATION_CONTEXT(2) 
PARAMETRIC_REPRESENTATION_CONTEXT() REPRESENTATION_CONTEXT('2D SPACE',''
  ) );
#926 = ORIENTED_EDGE('',*,*,#927,.T.);
#927 = EDGE_CURVE('',#900,#928,#930,.T.);
#928 = VERTEX_POINT('',#929);
#929 = CARTESIAN_POINT('',(611.9,250.20139632186,273.16855810092));
#930 = SURFACE_CURVE('',#931,(#935,#942),.PCURVE_S1.);
#931 = LINE('',#932,#933);
#932 = CARTESIAN_POINT('',(611.9,249.80992816839,273.48408521018));
#933 = VECTOR('',#934,1.);
#934 = DIRECTION('',(1.561112444871E-16,0.778581158303,-0.627543926698)
  );
#935 = PCURVE('',#292,#936);
#936 = DEFINITIONAL_REPRESENTATION('',(#937),#941);
#937 = LINE('',#938,#939);
#938 = CARTESIAN_POINT('',(-49.44848530777,16.932009416109));
#939 = VECTOR('',#940,1.);
#940 = DIRECTION('',(-0.778581158303,-0.627543926698));
#941 = ( GEOMETRIC_REPRESENTATION_CONTEXT(2) 
PARAMETRIC_REPRESENTATION_CONTEXT() REPRESENTATION_CONTEXT('2D SPACE',''
  ) );
#942 = PCURVE('',#943,#948);
#943 = PLANE('',#944);
#944 = AXIS2_PLACEMENT_3D('',#945,#946,#947);
#945 = CARTESIAN_POINT('',(612.3,250.06094573907,273.79551767351));
#946 = DIRECTION('',(-0.707106781187,0.44374056606,0.55054001674));
#947 = DIRECTION('',(4.891781518747E-16,0.778581158303,-0.627543926698)
  );
#948 = DEFINITIONAL_REPRESENTATION('',(#949),#953);
#949 = LINE('',#950,#951);
#950 = CARTESIAN_POINT('',(4.554689958525E-14,0.565685424949));
#951 = VECTOR('',#952,1.);
#952 = DIRECTION('',(1.,0.));
#953 = ( GEOMETRIC_REPRESENTATION_CONTEXT(2) 
PARAMETRIC_REPRESENTATION_CONTEXT() REPRESENTATION_CONTEXT('2D SPACE',''
  ) );
#954 = ORIENTED_EDGE('',*,*,#955,.T.);
#955 = EDGE_CURVE('',#928,#956,#958,.T.);
#956 = VERTEX_POINT('',#957);
#957 = CARTESIAN_POINT('',(611.9,250.47473963978,272.84309310718));
#958 = SURFACE_CURVE('',#959,(#963,#970),.PCURVE_S1.);
#959 = LINE('',#960,#961);
#960 = CARTESIAN_POINT('',(611.9,250.15137747707,273.22811464371));
#961 = VECTOR('',#962,1.);
#962 = DIRECTION('',(1.56417824406E-16,0.643126867314,-0.765759644105));
#963 = PCURVE('',#292,#964);
#964 = DEFINITIONAL_REPRESENTATION('',(#965),#969);
#965 = LINE('',#966,#967);
#966 = CARTESIAN_POINT('',(-49.78993461644,16.676038849631));
#967 = VECTOR('',#968,1.);
#968 = DIRECTION('',(-0.643126867314,-0.765759644105));
#969 = ( GEOMETRIC_REPRESENTATION_CONTEXT(2) 
PARAMETRIC_REPRESENTATION_CONTEXT() REPRESENTATION_CONTEXT('2D SPACE',''
  ) );
#970 = PCURVE('',#971,#976);
#971 = PLANE('',#972);
#972 = AXIS2_PLACEMENT_3D('',#973,#974,#975);
#973 = CARTESIAN_POINT('',(612.3,250.45768133471,273.48536539063));
#974 = DIRECTION('',(-0.707106781187,0.541473837105,0.454759369041));
#975 = DIRECTION('',(5.172403074092E-16,0.643126867314,-0.765759644105)
  );
#976 = DEFINITIONAL_REPRESENTATION('',(#977),#981);
#977 = LINE('',#978,#979);
#978 = CARTESIAN_POINT('',(-1.06581410364E-14,0.565685424949));
#979 = VECTOR('',#980,1.);
#980 = DIRECTION('',(1.,-5.551115123126E-17));
#981 = ( GEOMETRIC_REPRESENTATION_CONTEXT(2) 
PARAMETRIC_REPRESENTATION_CONTEXT() REPRESENTATION_CONTEXT('2D SPACE',''
  ) );
#982 = ORIENTED_EDGE('',*,*,#983,.T.);
#983 = EDGE_CURVE('',#956,#984,#986,.T.);
#984 = VERTEX_POINT('',#985);
#985 = CARTESIAN_POINT('',(611.9,250.6802747478,272.47107247473));
#986 = SURFACE_CURVE('',#987,(#991,#998),.PCURVE_S1.);
#987 = LINE('',#988,#989);
#988 = CARTESIAN_POINT('',(611.9,250.43712895755,272.91116882389));
#989 = VECTOR('',#990,1.);
#990 = DIRECTION('',(1.508663300755E-16,0.48358654294,-0.875296552882));
#991 = PCURVE('',#292,#992);
#992 = DEFINITIONAL_REPRESENTATION('',(#993),#997);
#993 = LINE('',#994,#995);
#994 = CARTESIAN_POINT('',(-50.07568609693,16.359093029818));
#995 = VECTOR('',#996,1.);
#996 = DIRECTION('',(-0.48358654294,-0.875296552882));
#997 = ( GEOMETRIC_REPRESENTATION_CONTEXT(2) 
PARAMETRIC_REPRESENTATION_CONTEXT() REPRESENTATION_CONTEXT('2D SPACE',''
  ) );
#998 = PCURVE('',#999,#1004);
#999 = PLANE('',#1000);
#1000 = AXIS2_PLACEMENT_3D('',#1001,#1002,#1003);
#1001 = CARTESIAN_POINT('',(612.3,250.7872475787,273.10460344107));
#1002 = DIRECTION('',(-0.707106781187,0.618928128092,0.341947323803));
#1003 = DIRECTION('',(9.280224473132E-16,0.48358654294,-0.875296552882)
  );
#1004 = DEFINITIONAL_REPRESENTATION('',(#1005),#1009);
#1005 = LINE('',#1006,#1007);
#1006 = CARTESIAN_POINT('',(-1.734723475977E-14,0.565685424949));
#1007 = VECTOR('',#1008,1.);
#1008 = DIRECTION('',(1.,-5.551115123126E-17));
#1009 = ( GEOMETRIC_REPRESENTATION_CONTEXT(2) 
PARAMETRIC_REPRESENTATION_CONTEXT() REPRESENTATION_CONTEXT('2D SPACE',''
  ) );
#1010 = ORIENTED_EDGE('',*,*,#1011,.T.);
#1011 = EDGE_CURVE('',#984,#1012,#1014,.T.);
#1012 = VERTEX_POINT('',#1013);
#1013 = CARTESIAN_POINT('',(611.9,250.81030405822,272.06642891549));
#1014 = SURFACE_CURVE('',#1015,(#1019,#1026),.PCURVE_S1.);
#1015 = LINE('',#1016,#1017);
#1016 = CARTESIAN_POINT('',(611.9,250.65648080271,272.5451178311));
#1017 = VECTOR('',#1018,1.);
#1018 = DIRECTION('',(1.396646730051E-16,0.305935201581,-0.952052337024)
  );
#1019 = PCURVE('',#292,#1020);
#1020 = DEFINITIONAL_REPRESENTATION('',(#1021),#1025);
#1021 = LINE('',#1022,#1023);
#1022 = CARTESIAN_POINT('',(-50.29503794209,15.993042037029));
#1023 = VECTOR('',#1024,1.);
#1024 = DIRECTION('',(-0.305935201581,-0.952052337024));
#1025 = ( GEOMETRIC_REPRESENTATION_CONTEXT(2) 
PARAMETRIC_REPRESENTATION_CONTEXT() REPRESENTATION_CONTEXT('2D SPACE',''
  ) );
#1026 = PCURVE('',#1027,#1032);
#1027 = PLANE('',#1028);
#1028 = AXIS2_PLACEMENT_3D('',#1029,#1030,#1031);
#1029 = CARTESIAN_POINT('',(612.3,251.03730173752,272.66749191174));
#1030 = DIRECTION('',(-0.707106781187,0.673202663554,0.216328855642));
#1031 = DIRECTION('',(3.894648535458E-16,0.305935201581,-0.952052337024)
  );
#1032 = DEFINITIONAL_REPRESENTATION('',(#1033),#1037);
#1033 = LINE('',#1034,#1035);
#1034 = CARTESIAN_POINT('',(1.185163078787E-14,0.565685424949));
#1035 = VECTOR('',#1036,1.);
#1036 = DIRECTION('',(1.,-2.775557561563E-17));
#1037 = ( GEOMETRIC_REPRESENTATION_CONTEXT(2) 
PARAMETRIC_REPRESENTATION_CONTEXT() REPRESENTATION_CONTEXT('2D SPACE',''
  ) );
#1038 = ORIENTED_EDGE('',*,*,#1039,.T.);
#1039 = EDGE_CURVE('',#1012,#1040,#1042,.T.);
#1040 = VERTEX_POINT('',#1041);
#1041 = CARTESIAN_POINT('',(611.9,250.85995778487,271.64431691729));
#1042 = SURFACE_CURVE('',#1043,(#1047,#1054),.PCURVE_S1.);
#1043 = LINE('',#1044,#1045);
#1044 = CARTESIAN_POINT('',(611.9,250.801217968,272.14367080561));
#1045 = VECTOR('',#1046,1.);
#1046 = DIRECTION('',(1.232323714887E-16,0.116826143474,-0.993152381159)
  );
#1047 = PCURVE('',#292,#1048);
#1048 = DEFINITIONAL_REPRESENTATION('',(#1049),#1053);
#1049 = LINE('',#1050,#1051);
#1050 = CARTESIAN_POINT('',(-50.43977510738,15.59159501153));
#1051 = VECTOR('',#1052,1.);
#1052 = DIRECTION('',(-0.116826143474,-0.993152381159));
#1053 = ( GEOMETRIC_REPRESENTATION_CONTEXT(2) 
PARAMETRIC_REPRESENTATION_CONTEXT() REPRESENTATION_CONTEXT('2D SPACE',''
  ) );
#1054 = PCURVE('',#1055,#1060);
#1055 = PLANE('',#1056);
#1056 = AXIS2_PLACEMENT_3D('',#1057,#1058,#1059);
#1057 = CARTESIAN_POINT('',(612.3,251.19847892046,272.190401263));
#1058 = DIRECTION('',(-0.707106781187,0.702264783469,8.260855827041E-02)
  );
#1059 = DIRECTION('',(-9.731128653287E-16,0.116826143474,-0.993152381159
    ));
#1060 = DEFINITIONAL_REPRESENTATION('',(#1061),#1065);
#1061 = LINE('',#1062,#1063);
#1062 = CARTESIAN_POINT('',(-9.540979117872E-15,0.565685424949));
#1063 = VECTOR('',#1064,1.);
#1064 = DIRECTION('',(1.,1.387778780781E-17));
#1065 = ( GEOMETRIC_REPRESENTATION_CONTEXT(2) 
PARAMETRIC_REPRESENTATION_CONTEXT() REPRESENTATION_CONTEXT('2D SPACE',''
  ) );
#1066 = ORIENTED_EDGE('',*,*,#1067,.T.);
#1067 = EDGE_CURVE('',#1040,#1068,#1070,.T.);
#1068 = VERTEX_POINT('',#1069);
#1069 = CARTESIAN_POINT('',(611.9,250.82737632374,271.2205451863));
#1070 = SURFACE_CURVE('',#1071,(#1075,#1082),.PCURVE_S1.);
#1071 = LINE('',#1072,#1073);
#1072 = CARTESIAN_POINT('',(611.9,250.86591983677,271.72186252039));
#1073 = VECTOR('',#1074,1.);
#1074 = DIRECTION('',(1.021848390364E-16,-7.665822304366E-02,
    -0.997057429058));
#1075 = PCURVE('',#292,#1076);
#1076 = DEFINITIONAL_REPRESENTATION('',(#1077),#1081);
#1077 = LINE('',#1078,#1079);
#1078 = CARTESIAN_POINT('',(-50.50447697615,15.169786726317));
#1079 = VECTOR('',#1080,1.);
#1080 = DIRECTION('',(7.665822304366E-02,-0.997057429058));
#1081 = ( GEOMETRIC_REPRESENTATION_CONTEXT(2) 
PARAMETRIC_REPRESENTATION_CONTEXT() REPRESENTATION_CONTEXT('2D SPACE',''
  ) );
#1082 = PCURVE('',#1083,#1088);
#1083 = PLANE('',#1084);
#1084 = AXIS2_PLACEMENT_3D('',#1085,#1086,#1087);
#1085 = CARTESIAN_POINT('',(612.3,251.2647428084,271.69119923118));
#1086 = DIRECTION('',(-0.707106781187,0.705026069319,-5.420554934788E-02
    ));
#1087 = DIRECTION('',(-3.765988403332E-16,-7.665822304366E-02,
    -0.997057429058));
#1088 = DEFINITIONAL_REPRESENTATION('',(#1089),#1093);
#1089 = LINE('',#1090,#1091);
#1090 = CARTESIAN_POINT('',(-3.844841112155E-14,0.565685424949));
#1091 = VECTOR('',#1092,1.);
#1092 = DIRECTION('',(1.,1.387778780781E-17));
#1093 = ( GEOMETRIC_REPRESENTATION_CONTEXT(2) 
PARAMETRIC_REPRESENTATION_CONTEXT() REPRESENTATION_CONTEXT('2D SPACE',''
  ) );
#1094 = ORIENTED_EDGE('',*,*,#1095,.T.);
#1095 = EDGE_CURVE('',#1068,#1096,#1098,.T.);
#1096 = VERTEX_POINT('',#1097);
#1097 = CARTESIAN_POINT('',(611.9,250.71377989776,270.81098458809));
#1098 = SURFACE_CURVE('',#1099,(#1103,#1110),.PCURVE_S1.);
#1099 = LINE('',#1100,#1101);
#1100 = CARTESIAN_POINT('',(611.9,250.84816323027,271.29549030715));
#1101 = VECTOR('',#1102,1.);
#1102 = DIRECTION('',(7.731033624672E-17,-0.267271627993,-0.963621231019
    ));
#1103 = PCURVE('',#292,#1104);
#1104 = DEFINITIONAL_REPRESENTATION('',(#1105),#1109);
#1105 = LINE('',#1106,#1107);
#1106 = CARTESIAN_POINT('',(-50.48672036965,14.743414513078));
#1107 = VECTOR('',#1108,1.);
#1108 = DIRECTION('',(0.267271627993,-0.963621231019));
#1109 = ( GEOMETRIC_REPRESENTATION_CONTEXT(2) 
PARAMETRIC_REPRESENTATION_CONTEXT() REPRESENTATION_CONTEXT('2D SPACE',''
  ) );
#1110 = PCURVE('',#1111,#1116);
#1111 = PLANE('',#1112);
#1112 = AXIS2_PLACEMENT_3D('',#1113,#1114,#1115);
#1113 = CARTESIAN_POINT('',(612.3,251.23361172268,271.18858165596));
#1114 = DIRECTION('',(-0.707106781187,0.681383106949,-0.188989580573));
#1115 = DIRECTION('',(-8.108680834534E-16,-0.267271627993,
    -0.963621231019));
#1116 = DEFINITIONAL_REPRESENTATION('',(#1117),#1121);
#1117 = LINE('',#1118,#1119);
#1118 = CARTESIAN_POINT('',(1.328104293208E-14,0.565685424949));
#1119 = VECTOR('',#1120,1.);
#1120 = DIRECTION('',(1.,0.));
#1121 = ( GEOMETRIC_REPRESENTATION_CONTEXT(2) 
PARAMETRIC_REPRESENTATION_CONTEXT() REPRESENTATION_CONTEXT('2D SPACE',''
  ) );
#1122 = ORIENTED_EDGE('',*,*,#1123,.T.);
#1123 = EDGE_CURVE('',#1096,#1124,#1126,.T.);
#1124 = VERTEX_POINT('',#1125);
#1125 = CARTESIAN_POINT('',(611.9,250.52342285774,270.43097376073));
#1126 = SURFACE_CURVE('',#1127,(#1131,#1138),.PCURVE_S1.);
#1127 = LINE('',#1128,#1129);
#1128 = CARTESIAN_POINT('',(611.9,250.74861315914,270.88052242329));
#1129 = VECTOR('',#1130,1.);
#1130 = DIRECTION('',(4.954044930436E-17,-0.447875323068,-0.894096021122
    ));
#1131 = PCURVE('',#292,#1132);
#1132 = DEFINITIONAL_REPRESENTATION('',(#1133),#1137);
#1133 = LINE('',#1134,#1135);
#1134 = CARTESIAN_POINT('',(-50.38717029852,14.328446629218));
#1135 = VECTOR('',#1136,1.);
#1136 = DIRECTION('',(0.447875323068,-0.894096021122));
#1137 = ( GEOMETRIC_REPRESENTATION_CONTEXT(2) 
PARAMETRIC_REPRESENTATION_CONTEXT() REPRESENTATION_CONTEXT('2D SPACE',''
  ) );
#1138 = PCURVE('',#1139,#1144);
#1139 = PLANE('',#1140);
#1140 = AXIS2_PLACEMENT_3D('',#1141,#1142,#1143);
#1141 = CARTESIAN_POINT('',(612.3,251.10625156759,270.70137229407));
#1142 = DIRECTION('',(-0.707106781187,0.632221359567,-0.316695678068));
#1143 = DIRECTION('',(7.729602491999E-17,-0.447875323068,-0.894096021122
    ));
#1144 = DEFINITIONAL_REPRESENTATION('',(#1145),#1149);
#1145 = LINE('',#1146,#1147);
#1146 = CARTESIAN_POINT('',(2.159383782896E-14,0.565685424949));
#1147 = VECTOR('',#1148,1.);
#1148 = DIRECTION('',(1.,-1.110223024625E-16));
#1149 = ( GEOMETRIC_REPRESENTATION_CONTEXT(2) 
PARAMETRIC_REPRESENTATION_CONTEXT() REPRESENTATION_CONTEXT('2D SPACE',''
  ) );
#1150 = ORIENTED_EDGE('',*,*,#1151,.T.);
#1151 = EDGE_CURVE('',#1124,#1152,#1154,.T.);
#1152 = VERTEX_POINT('',#1153);
#1153 = CARTESIAN_POINT('',(611.9,250.26343435075,270.09474466051));
#1154 = SURFACE_CURVE('',#1155,(#1159,#1166),.PCURVE_S1.);
#1155 = LINE('',#1156,#1157);
#1156 = CARTESIAN_POINT('',(611.9,250.57099791784,270.49250001755));
#1157 = VECTOR('',#1158,1.);
#1158 = DIRECTION('',(1.991520072738E-17,-0.611705438105,-0.791085619255
    ));
#1159 = PCURVE('',#292,#1160);
#1160 = DEFINITIONAL_REPRESENTATION('',(#1161),#1165);
#1161 = LINE('',#1162,#1163);
#1162 = CARTESIAN_POINT('',(-50.20955505722,13.940424223478));
#1163 = VECTOR('',#1164,1.);
#1164 = DIRECTION('',(0.611705438105,-0.791085619255));
#1165 = ( GEOMETRIC_REPRESENTATION_CONTEXT(2) 
PARAMETRIC_REPRESENTATION_CONTEXT() REPRESENTATION_CONTEXT('2D SPACE',''
  ) );
#1166 = PCURVE('',#1167,#1172);
#1167 = PLANE('',#1168);
#1168 = AXIS2_PLACEMENT_3D('',#1169,#1170,#1171);
#1169 = CARTESIAN_POINT('',(612.3,250.88743216555,270.24781784231));
#1170 = DIRECTION('',(-0.707106781187,0.559382005874,-0.432541063373));
#1171 = DIRECTION('',(-1.534397033748E-15,-0.611705438105,
    -0.791085619255));
#1172 = DEFINITIONAL_REPRESENTATION('',(#1173),#1177);
#1173 = LINE('',#1174,#1175);
#1174 = CARTESIAN_POINT('',(-2.93098878501E-14,0.565685424949));
#1175 = VECTOR('',#1176,1.);
#1176 = DIRECTION('',(1.,-5.551115123126E-17));
#1177 = ( GEOMETRIC_REPRESENTATION_CONTEXT(2) 
PARAMETRIC_REPRESENTATION_CONTEXT() REPRESENTATION_CONTEXT('2D SPACE',''
  ) );
#1178 = ORIENTED_EDGE('',*,*,#1179,.T.);
#1179 = EDGE_CURVE('',#1152,#1180,#1182,.T.);
#1180 = VERTEX_POINT('',#1181);
#1181 = CARTESIAN_POINT('',(611.9,249.88501621935,269.76367912366));
#1182 = SURFACE_CURVE('',#1183,(#1187,#1194),.PCURVE_S1.);
#1183 = LINE('',#1184,#1185);
#1184 = CARTESIAN_POINT('',(611.9,250.32196945462,270.14595509146));
#1185 = VECTOR('',#1186,1.);
#1186 = DIRECTION('',(-1.045590098364E-17,-0.752626297827,-0.65844791428
    ));
#1187 = PCURVE('',#292,#1188);
#1188 = DEFINITIONAL_REPRESENTATION('',(#1189),#1193);
#1189 = LINE('',#1190,#1191);
#1190 = CARTESIAN_POINT('',(-49.960526594,13.593879297386));
#1191 = VECTOR('',#1192,1.);
#1192 = DIRECTION('',(0.752626297827,-0.65844791428));
#1193 = ( GEOMETRIC_REPRESENTATION_CONTEXT(2) 
PARAMETRIC_REPRESENTATION_CONTEXT() REPRESENTATION_CONTEXT('2D SPACE',''
  ) );
#1194 = PCURVE('',#1195,#1200);
#1195 = PLANE('',#1196);
#1196 = AXIS2_PLACEMENT_3D('',#1197,#1198,#1199);
#1197 = CARTESIAN_POINT('',(612.3,250.58534862033,269.84490457233));
#1198 = DIRECTION('',(-0.707106781187,0.465592985245,-0.532187158893));
#1199 = DIRECTION('',(-2.04744930293E-16,-0.752626297827,-0.65844791428)
  );
#1200 = DEFINITIONAL_REPRESENTATION('',(#1201),#1205);
#1201 = LINE('',#1202,#1203);
#1202 = CARTESIAN_POINT('',(1.784683512085E-14,0.565685424949));
#1203 = VECTOR('',#1204,1.);
#1204 = DIRECTION('',(1.,0.));
#1205 = ( GEOMETRIC_REPRESENTATION_CONTEXT(2) 
PARAMETRIC_REPRESENTATION_CONTEXT() REPRESENTATION_CONTEXT('2D SPACE',''
  ) );
#1206 = ORIENTED_EDGE('',*,*,#1207,.T.);
#1207 = EDGE_CURVE('',#1180,#1208,#1210,.T.);
#1208 = VERTEX_POINT('',#1209);
#1209 = CARTESIAN_POINT('',(611.9,193.05126930049,229.03599508704));
#1210 = SURFACE_CURVE('',#1211,(#1215,#1222),.PCURVE_S1.);
#1211 = LINE('',#1212,#1213);
#1212 = CARTESIAN_POINT('',(611.9,249.94574843295,269.81182392929));
#1213 = VECTOR('',#1214,1.);
#1214 = DIRECTION('',(-2.556562268342E-17,-0.812807304867,
    -0.582532647286));
#1215 = PCURVE('',#292,#1216);
#1216 = DEFINITIONAL_REPRESENTATION('',(#1217),#1221);
#1217 = LINE('',#1218,#1219);
#1218 = CARTESIAN_POINT('',(-49.58430557233,13.259748135211));
#1219 = VECTOR('',#1220,1.);
#1220 = DIRECTION('',(0.812807304867,-0.582532647286));
#1221 = ( GEOMETRIC_REPRESENTATION_CONTEXT(2) 
PARAMETRIC_REPRESENTATION_CONTEXT() REPRESENTATION_CONTEXT('2D SPACE',''
  ) );
#1222 = PCURVE('',#1223,#1228);
#1223 = PLANE('',#1224);
#1224 = AXIS2_PLACEMENT_3D('',#1225,#1226,#1227);
#1225 = CARTESIAN_POINT('',(612.3,250.17876149186,269.48670100734));
#1226 = DIRECTION('',(-0.707106781187,0.411912785159,-0.57474155707));
#1227 = DIRECTION('',(1.22343528002E-15,-0.812807304867,-0.582532647286)
  );
#1228 = DEFINITIONAL_REPRESENTATION('',(#1229),#1233);
#1229 = LINE('',#1230,#1231);
#1230 = CARTESIAN_POINT('',(8.132383655379E-15,0.565685424949));
#1231 = VECTOR('',#1232,1.);
#1232 = DIRECTION('',(1.,2.22044604925E-16));
#1233 = ( GEOMETRIC_REPRESENTATION_CONTEXT(2) 
PARAMETRIC_REPRESENTATION_CONTEXT() REPRESENTATION_CONTEXT('2D SPACE',''
  ) );
#1234 = ORIENTED_EDGE('',*,*,#1235,.T.);
#1235 = EDGE_CURVE('',#1208,#1236,#1238,.T.);
#1236 = VERTEX_POINT('',#1237);
#1237 = CARTESIAN_POINT('',(611.9,192.62036658905,228.79030493115));
#1238 = SURFACE_CURVE('',#1239,(#1243,#1250),.PCURVE_S1.);
#1239 = LINE('',#1240,#1241);
#1240 = CARTESIAN_POINT('',(611.9,193.08731494913,229.05654743168));
#1241 = VECTOR('',#1242,1.);
#1242 = DIRECTION('',(-4.145501620308E-17,-0.868711682856,
    -0.495318091806));
#1243 = PCURVE('',#292,#1244);
#1244 = DEFINITIONAL_REPRESENTATION('',(#1245),#1249);
#1245 = LINE('',#1246,#1247);
#1246 = CARTESIAN_POINT('',(7.274127911491,-27.49552836239));
#1247 = VECTOR('',#1248,1.);
#1248 = DIRECTION('',(0.868711682856,-0.495318091806));
#1249 = ( GEOMETRIC_REPRESENTATION_CONTEXT(2) 
PARAMETRIC_REPRESENTATION_CONTEXT() REPRESENTATION_CONTEXT('2D SPACE',''
  ) );
#1250 = PCURVE('',#1251,#1256);
#1251 = PLANE('',#1252);
#1252 = AXIS2_PLACEMENT_3D('',#1253,#1254,#1255);
#1253 = CARTESIAN_POINT('',(612.3,193.28544218585,228.70906275854));
#1254 = DIRECTION('',(-0.707106781187,0.35024278156,-0.614271921843));
#1255 = DIRECTION('',(-6.921059181871E-17,-0.868711682856,
    -0.495318091806));
#1256 = DEFINITIONAL_REPRESENTATION('',(#1257),#1261);
#1257 = LINE('',#1258,#1259);
#1258 = CARTESIAN_POINT('',(4.302114220422E-15,0.565685424949));
#1259 = VECTOR('',#1260,1.);
#1260 = DIRECTION('',(1.,1.110223024625E-16));
#1261 = ( GEOMETRIC_REPRESENTATION_CONTEXT(2) 
PARAMETRIC_REPRESENTATION_CONTEXT() REPRESENTATION_CONTEXT('2D SPACE',''
  ) );
#1262 = ORIENTED_EDGE('',*,*,#1263,.T.);
#1263 = EDGE_CURVE('',#1236,#1264,#1266,.T.);
#1264 = VERTEX_POINT('',#1265);
#1265 = CARTESIAN_POINT('',(611.9,192.18784166496,228.65131614377));
#1266 = SURFACE_CURVE('',#1267,(#1271,#1278),.PCURVE_S1.);
#1267 = LINE('',#1268,#1269);
#1268 = CARTESIAN_POINT('',(611.9,192.69958714537,228.81576188968));
#1269 = VECTOR('',#1270,1.);
#1270 = DIRECTION('',(-7.173341203743E-17,-0.952052337024,
    -0.305935201581));
#1271 = PCURVE('',#292,#1272);
#1272 = DEFINITIONAL_REPRESENTATION('',(#1273),#1277);
#1273 = LINE('',#1274,#1275);
#1274 = CARTESIAN_POINT('',(7.661855715246,-27.73631390439));
#1275 = VECTOR('',#1276,1.);
#1276 = DIRECTION('',(0.952052337024,-0.305935201581));
#1277 = ( GEOMETRIC_REPRESENTATION_CONTEXT(2) 
PARAMETRIC_REPRESENTATION_CONTEXT() REPRESENTATION_CONTEXT('2D SPACE',''
  ) );
#1278 = PCURVE('',#1279,#1284);
#1279 = PLANE('',#1280);
#1280 = AXIS2_PLACEMENT_3D('',#1281,#1282,#1283);
#1281 = CARTESIAN_POINT('',(612.3,192.821961226,228.43494095487));
#1282 = DIRECTION('',(-0.707106781187,0.216328855642,-0.673202663554));
#1283 = DIRECTION('',(-2.105112901156E-16,-0.952052337024,
    -0.305935201581));
#1284 = DEFINITIONAL_REPRESENTATION('',(#1285),#1289);
#1285 = LINE('',#1286,#1287);
#1286 = CARTESIAN_POINT('',(-1.221245327088E-14,0.565685424949));
#1287 = VECTOR('',#1288,1.);
#1288 = DIRECTION('',(1.,0.));
#1289 = ( GEOMETRIC_REPRESENTATION_CONTEXT(2) 
PARAMETRIC_REPRESENTATION_CONTEXT() REPRESENTATION_CONTEXT('2D SPACE',''
  ) );
#1290 = ORIENTED_EDGE('',*,*,#1291,.T.);
#1291 = EDGE_CURVE('',#1264,#1292,#1294,.T.);
#1292 = VERTEX_POINT('',#1293);
#1293 = CARTESIAN_POINT('',(611.9,191.69447825649,228.6));
#1294 = SURFACE_CURVE('',#1295,(#1299,#1306),.PCURVE_S1.);
#1295 = LINE('',#1296,#1297);
#1296 = CARTESIAN_POINT('',(611.9,192.27060546743,228.65992464435));
#1297 = VECTOR('',#1298,1.);
#1298 = DIRECTION('',(-9.894078976419E-17,-0.994634160917,-0.10345475309
    ));
#1299 = PCURVE('',#292,#1300);
#1300 = DEFINITIONAL_REPRESENTATION('',(#1301),#1305);
#1301 = LINE('',#1302,#1303);
#1302 = CARTESIAN_POINT('',(8.090837393184,-27.89215114972));
#1303 = VECTOR('',#1304,1.);
#1304 = DIRECTION('',(0.994634160917,-0.10345475309));
#1305 = ( GEOMETRIC_REPRESENTATION_CONTEXT(2) 
PARAMETRIC_REPRESENTATION_CONTEXT() REPRESENTATION_CONTEXT('2D SPACE',''
  ) );
#1306 = PCURVE('',#1307,#1312);
#1307 = PLANE('',#1308);
#1308 = AXIS2_PLACEMENT_3D('',#1309,#1310,#1311);
#1309 = CARTESIAN_POINT('',(612.3,192.31198736867,228.26207097998));
#1310 = DIRECTION('',(-0.707106781187,7.315355745559E-02,-0.703312559984
    ));
#1311 = DIRECTION('',(-9.200189586029E-17,-0.994634160917,-0.10345475309
    ));
#1312 = DEFINITIONAL_REPRESENTATION('',(#1313),#1317);
#1313 = LINE('',#1314,#1315);
#1314 = CARTESIAN_POINT('',(-4.427014310693E-15,0.565685424949));
#1315 = VECTOR('',#1316,1.);
#1316 = DIRECTION('',(1.,-1.387778780781E-17));
#1317 = ( GEOMETRIC_REPRESENTATION_CONTEXT(2) 
PARAMETRIC_REPRESENTATION_CONTEXT() REPRESENTATION_CONTEXT('2D SPACE',''
  ) );
#1318 = ORIENTED_EDGE('',*,*,#1319,.T.);
#1319 = EDGE_CURVE('',#1292,#1320,#1322,.T.);
#1320 = VERTEX_POINT('',#1321);
#1321 = CARTESIAN_POINT('',(611.9,165.7,228.6));
#1322 = SURFACE_CURVE('',#1323,(#1327,#1334),.PCURVE_S1.);
#1323 = LINE('',#1324,#1325);
#1324 = CARTESIAN_POINT('',(611.9,191.73597148071,228.6));
#1325 = VECTOR('',#1326,1.);
#1326 = DIRECTION('',(-1.110223024625E-16,-1.,0.));
#1327 = PCURVE('',#292,#1328);
#1328 = DEFINITIONAL_REPRESENTATION('',(#1329),#1333);
#1329 = LINE('',#1330,#1331);
#1330 = CARTESIAN_POINT('',(8.625471379905,-27.95207579408));
#1331 = VECTOR('',#1332,1.);
#1332 = DIRECTION('',(1.,0.));
#1333 = ( GEOMETRIC_REPRESENTATION_CONTEXT(2) 
PARAMETRIC_REPRESENTATION_CONTEXT() REPRESENTATION_CONTEXT('2D SPACE',''
  ) );
#1334 = PCURVE('',#1335,#1340);
#1335 = PLANE('',#1336);
#1336 = AXIS2_PLACEMENT_3D('',#1337,#1338,#1339);
#1337 = CARTESIAN_POINT('',(612.3,191.73597148071,228.2));
#1338 = DIRECTION('',(-0.707106781187,7.152146131556E-17,-0.707106781187
    ));
#1339 = DIRECTION('',(-1.060844615279E-16,-1.,4.937840934654E-18));
#1340 = DEFINITIONAL_REPRESENTATION('',(#1341),#1345);
#1341 = LINE('',#1342,#1343);
#1342 = CARTESIAN_POINT('',(4.4408920985E-17,0.565685424949));
#1343 = VECTOR('',#1344,1.);
#1344 = DIRECTION('',(1.,0.));
#1345 = ( GEOMETRIC_REPRESENTATION_CONTEXT(2) 
PARAMETRIC_REPRESENTATION_CONTEXT() REPRESENTATION_CONTEXT('2D SPACE',''
  ) );
#1346 = ORIENTED_EDGE('',*,*,#1347,.T.);
#1347 = EDGE_CURVE('',#1320,#1348,#1350,.T.);
#1348 = VERTEX_POINT('',#1349);
#1349 = CARTESIAN_POINT('',(611.9,165.27155645847,228.64606886356));
#1350 = SURFACE_CURVE('',#1351,(#1355,#1362),.PCURVE_S1.);
#1351 = LINE('',#1352,#1353);
#1352 = CARTESIAN_POINT('',(611.9,165.77841371226,228.59614778133));
#1353 = VECTOR('',#1354,1.);
#1354 = DIRECTION('',(-1.213697883309E-16,-0.995184726672,
    9.801714032956E-02));
#1355 = PCURVE('',#292,#1356);
#1356 = DEFINITIONAL_REPRESENTATION('',(#1357),#1361);
#1357 = LINE('',#1358,#1359);
#1358 = CARTESIAN_POINT('',(34.583029148357,-27.95592801274));
#1359 = VECTOR('',#1360,1.);
#1360 = DIRECTION('',(0.995184726672,9.801714032956E-02));
#1361 = ( GEOMETRIC_REPRESENTATION_CONTEXT(2) 
PARAMETRIC_REPRESENTATION_CONTEXT() REPRESENTATION_CONTEXT('2D SPACE',''
  ) );
#1362 = PCURVE('',#1363,#1368);
#1363 = PLANE('',#1364);
#1364 = AXIS2_PLACEMENT_3D('',#1365,#1366,#1367);
#1365 = CARTESIAN_POINT('',(612.3,165.73920685613,228.19807389066));
#1366 = DIRECTION('',(-0.707106781187,-6.930858459955E-02,
    -0.703701868763));
#1367 = DIRECTION('',(-7.973642490741E-17,-0.995184726672,
    9.801714032956E-02));
#1368 = DEFINITIONAL_REPRESENTATION('',(#1369),#1373);
#1369 = LINE('',#1370,#1371);
#1370 = CARTESIAN_POINT('',(9.55485690568E-15,0.565685424949));
#1371 = VECTOR('',#1372,1.);
#1372 = DIRECTION('',(1.,2.775557561563E-17));
#1373 = ( GEOMETRIC_REPRESENTATION_CONTEXT(2) 
PARAMETRIC_REPRESENTATION_CONTEXT() REPRESENTATION_CONTEXT('2D SPACE',''
  ) );
#1374 = ORIENTED_EDGE('',*,*,#1375,.T.);
#1375 = EDGE_CURVE('',#1348,#1376,#1378,.T.);
#1376 = VERTEX_POINT('',#1377);
#1377 = CARTESIAN_POINT('',(611.9,164.85957776198,228.77104123486));
#1378 = SURFACE_CURVE('',#1379,(#1383,#1390),.PCURVE_S1.);
#1379 = LINE('',#1380,#1381);
#1380 = CARTESIAN_POINT('',(611.9,165.34695677575,228.62319642737));
#1381 = VECTOR('',#1382,1.);
#1382 = DIRECTION('',(-1.384697926306E-16,-0.956940335732,0.290284677254
    ));
#1383 = PCURVE('',#292,#1384);
#1384 = DEFINITIONAL_REPRESENTATION('',(#1385),#1389);
#1385 = LINE('',#1386,#1387);
#1386 = CARTESIAN_POINT('',(35.014486084866,-27.9288793667));
#1387 = VECTOR('',#1388,1.);
#1388 = DIRECTION('',(0.956940335732,0.290284677254));
#1389 = ( GEOMETRIC_REPRESENTATION_CONTEXT(2) 
PARAMETRIC_REPRESENTATION_CONTEXT() REPRESENTATION_CONTEXT('2D SPACE',''
  ) );
#1390 = PCURVE('',#1391,#1396);
#1391 = PLANE('',#1392);
#1392 = AXIS2_PLACEMENT_3D('',#1393,#1394,#1395);
#1393 = CARTESIAN_POINT('',(612.3,165.23084290485,228.24042029308));
#1394 = DIRECTION('',(-0.707106781187,-0.205262263761,-0.676659000587));
#1395 = DIRECTION('',(-1.10714217015E-16,-0.956940335732,0.290284677254)
  );
#1396 = DEFINITIONAL_REPRESENTATION('',(#1397),#1401);
#1397 = LINE('',#1398,#1399);
#1398 = CARTESIAN_POINT('',(-5.676015213396E-15,0.565685424949));
#1399 = VECTOR('',#1400,1.);
#1400 = DIRECTION('',(1.,0.));
#1401 = ( GEOMETRIC_REPRESENTATION_CONTEXT(2) 
PARAMETRIC_REPRESENTATION_CONTEXT() REPRESENTATION_CONTEXT('2D SPACE',''
  ) );
#1402 = ORIENTED_EDGE('',*,*,#1403,.T.);
#1403 = EDGE_CURVE('',#1376,#1404,#1406,.T.);
#1404 = VERTEX_POINT('',#1405);
#1405 = CARTESIAN_POINT('',(611.9,164.47989602078,228.97398535365));
#1406 = SURFACE_CURVE('',#1407,(#1411,#1418),.PCURVE_S1.);
#1407 = LINE('',#1408,#1409);
#1408 = CARTESIAN_POINT('',(611.9,164.92906709236,228.73389841394));
#1409 = VECTOR('',#1410,1.);
#1410 = DIRECTION('',(-1.502484804543E-16,-0.881921264348,0.471396736826
    ));
#1411 = PCURVE('',#292,#1412);
#1412 = DEFINITIONAL_REPRESENTATION('',(#1413),#1417);
#1413 = LINE('',#1414,#1415);
#1414 = CARTESIAN_POINT('',(35.432375768256,-27.81817738013));
#1415 = VECTOR('',#1416,1.);
#1416 = DIRECTION('',(0.881921264348,0.471396736826));
#1417 = ( GEOMETRIC_REPRESENTATION_CONTEXT(2) 
PARAMETRIC_REPRESENTATION_CONTEXT() REPRESENTATION_CONTEXT('2D SPACE',''
  ) );
#1418 = PCURVE('',#1419,#1424);
#1419 = PLANE('',#1420);
#1420 = AXIS2_PLACEMENT_3D('',#1421,#1422,#1423);
#1421 = CARTESIAN_POINT('',(612.3,164.74050839763,228.3811299082));
#1422 = DIRECTION('',(-0.707106781187,-0.333327829239,-0.623612506493));
#1423 = DIRECTION('',(-3.167819341481E-16,-0.881921264348,0.471396736826
    ));
#1424 = DEFINITIONAL_REPRESENTATION('',(#1425),#1429);
#1425 = LINE('',#1426,#1427);
#1426 = CARTESIAN_POINT('',(-3.552713678801E-15,0.565685424949));
#1427 = VECTOR('',#1428,1.);
#1428 = DIRECTION('',(1.,1.110223024625E-16));
#1429 = ( GEOMETRIC_REPRESENTATION_CONTEXT(2) 
PARAMETRIC_REPRESENTATION_CONTEXT() REPRESENTATION_CONTEXT('2D SPACE',''
  ) );
#1430 = ORIENTED_EDGE('',*,*,#1431,.T.);
#1431 = EDGE_CURVE('',#1404,#1432,#1434,.T.);
#1432 = VERTEX_POINT('',#1433);
#1433 = CARTESIAN_POINT('',(611.9,164.14710219126,229.24710219126));
#1434 = SURFACE_CURVE('',#1435,(#1439,#1446),.PCURVE_S1.);
#1435 = LINE('',#1436,#1437);
#1436 = CARTESIAN_POINT('',(611.9,164.54080392827,228.92399952578));
#1437 = VECTOR('',#1438,1.);
#1438 = DIRECTION('',(-1.562532034345E-16,-0.773010453363,0.634393284164
    ));
#1439 = PCURVE('',#292,#1440);
#1440 = DEFINITIONAL_REPRESENTATION('',(#1441),#1445);
#1441 = LINE('',#1442,#1443);
#1442 = CARTESIAN_POINT('',(35.820638932349,-27.62807626829));
#1443 = VECTOR('',#1444,1.);
#1444 = DIRECTION('',(0.773010453363,0.634393284164));
#1445 = ( GEOMETRIC_REPRESENTATION_CONTEXT(2) 
PARAMETRIC_REPRESENTATION_CONTEXT() REPRESENTATION_CONTEXT('2D SPACE',''
  ) );
#1446 = PCURVE('',#1447,#1452);
#1447 = PLANE('',#1448);
#1448 = AXIS2_PLACEMENT_3D('',#1449,#1450,#1451);
#1449 = CARTESIAN_POINT('',(612.3,164.2870466146,228.61479534443));
#1450 = DIRECTION('',(-0.707106781187,-0.448583793171,-0.546600933501));
#1451 = DIRECTION('',(-9.056537450565E-16,-0.773010453363,0.634393284164
    ));
#1452 = DEFINITIONAL_REPRESENTATION('',(#1453),#1457);
#1453 = LINE('',#1454,#1455);
#1454 = CARTESIAN_POINT('',(-9.992007221626E-15,0.565685424949));
#1455 = VECTOR('',#1456,1.);
#1456 = DIRECTION('',(1.,0.));
#1457 = ( GEOMETRIC_REPRESENTATION_CONTEXT(2) 
PARAMETRIC_REPRESENTATION_CONTEXT() REPRESENTATION_CONTEXT('2D SPACE',''
  ) );
#1458 = ORIENTED_EDGE('',*,*,#1459,.T.);
#1459 = EDGE_CURVE('',#1432,#1460,#1462,.T.);
#1460 = VERTEX_POINT('',#1461);
#1461 = CARTESIAN_POINT('',(611.9,163.87398535365,229.57989602078));
#1462 = SURFACE_CURVE('',#1463,(#1467,#1474),.PCURVE_S1.);
#1463 = LINE('',#1464,#1465);
#1464 = CARTESIAN_POINT('',(611.9,164.19708801913,229.18619428377));
#1465 = VECTOR('',#1466,1.);
#1466 = DIRECTION('',(-1.562532034345E-16,-0.634393284164,0.773010453363
    ));
#1467 = PCURVE('',#292,#1468);
#1468 = DEFINITIONAL_REPRESENTATION('',(#1469),#1473);
#1469 = LINE('',#1470,#1471);
#1470 = CARTESIAN_POINT('',(36.164354841491,-27.3658815103));
#1471 = VECTOR('',#1472,1.);
#1472 = DIRECTION('',(0.634393284164,0.773010453363));
#1473 = ( GEOMETRIC_REPRESENTATION_CONTEXT(2) 
PARAMETRIC_REPRESENTATION_CONTEXT() REPRESENTATION_CONTEXT('2D SPACE',''
  ) );
#1474 = PCURVE('',#1475,#1480);
#1475 = PLANE('',#1476);
#1476 = AXIS2_PLACEMENT_3D('',#1477,#1478,#1479);
#1477 = CARTESIAN_POINT('',(612.3,163.88788383778,228.9324369701));
#1478 = DIRECTION('',(-0.707106781187,-0.546600933501,-0.448583793171));
#1479 = DIRECTION('',(-6.558535645158E-16,-0.634393284164,0.773010453363
    ));
#1480 = DEFINITIONAL_REPRESENTATION('',(#1481),#1485);
#1481 = LINE('',#1482,#1483);
#1482 = CARTESIAN_POINT('',(2.6645352591E-15,0.565685424949));
#1483 = VECTOR('',#1484,1.);
#1484 = DIRECTION('',(1.,0.));
#1485 = ( GEOMETRIC_REPRESENTATION_CONTEXT(2) 
PARAMETRIC_REPRESENTATION_CONTEXT() REPRESENTATION_CONTEXT('2D SPACE',''
  ) );
#1486 = ORIENTED_EDGE('',*,*,#1487,.T.);
#1487 = EDGE_CURVE('',#1460,#1488,#1490,.T.);
#1488 = VERTEX_POINT('',#1489);
#1489 = CARTESIAN_POINT('',(611.9,163.67104123486,229.95957776198));
#1490 = SURFACE_CURVE('',#1491,(#1495,#1502),.PCURVE_S1.);
#1491 = LINE('',#1492,#1493);
#1492 = CARTESIAN_POINT('',(611.9,163.91112817457,229.5104066904));
#1493 = VECTOR('',#1494,1.);
#1494 = DIRECTION('',(-1.502484804543E-16,-0.471396736826,0.881921264348
    ));
#1495 = PCURVE('',#292,#1496);
#1496 = DEFINITIONAL_REPRESENTATION('',(#1497),#1501);
#1497 = LINE('',#1498,#1499);
#1498 = CARTESIAN_POINT('',(36.45031468605,-27.04166910367));
#1499 = VECTOR('',#1500,1.);
#1500 = DIRECTION('',(0.471396736826,0.881921264348));
#1501 = ( GEOMETRIC_REPRESENTATION_CONTEXT(2) 
PARAMETRIC_REPRESENTATION_CONTEXT() REPRESENTATION_CONTEXT('2D SPACE',''
  ) );
#1502 = PCURVE('',#1503,#1508);
#1503 = PLANE('',#1504);
#1504 = AXIS2_PLACEMENT_3D('',#1505,#1506,#1507);
#1505 = CARTESIAN_POINT('',(612.3,163.55835966883,229.32184799567));
#1506 = DIRECTION('',(-0.707106781187,-0.623612506493,-0.333327829239));
#1507 = DIRECTION('',(-2.890263585325E-16,-0.471396736826,0.881921264348
    ));
#1508 = DEFINITIONAL_REPRESENTATION('',(#1509),#1513);
#1509 = LINE('',#1510,#1511);
#1510 = CARTESIAN_POINT('',(8.215650382226E-15,0.565685424949));
#1511 = VECTOR('',#1512,1.);
#1512 = DIRECTION('',(1.,-5.551115123126E-17));
#1513 = ( GEOMETRIC_REPRESENTATION_CONTEXT(2) 
PARAMETRIC_REPRESENTATION_CONTEXT() REPRESENTATION_CONTEXT('2D SPACE',''
  ) );
#1514 = ORIENTED_EDGE('',*,*,#1515,.T.);
#1515 = EDGE_CURVE('',#1488,#1516,#1518,.T.);
#1516 = VERTEX_POINT('',#1517);
#1517 = CARTESIAN_POINT('',(611.9,163.54606886356,230.37155645847));
#1518 = SURFACE_CURVE('',#1519,(#1523,#1530),.PCURVE_S1.);
#1519 = LINE('',#1520,#1521);
#1520 = CARTESIAN_POINT('',(611.9,163.69391367105,229.8841774447));
#1521 = VECTOR('',#1522,1.);
#1522 = DIRECTION('',(-1.384697926306E-16,-0.290284677254,0.956940335732
    ));
#1523 = PCURVE('',#292,#1524);
#1524 = DEFINITIONAL_REPRESENTATION('',(#1525),#1529);
#1525 = LINE('',#1526,#1527);
#1526 = CARTESIAN_POINT('',(36.667529189569,-26.66789834937));
#1527 = VECTOR('',#1528,1.);
#1528 = DIRECTION('',(0.290284677254,0.956940335732));
#1529 = ( GEOMETRIC_REPRESENTATION_CONTEXT(2) 
PARAMETRIC_REPRESENTATION_CONTEXT() REPRESENTATION_CONTEXT('2D SPACE',''
  ) );
#1530 = PCURVE('',#1531,#1536);
#1531 = PLANE('',#1532);
#1532 = AXIS2_PLACEMENT_3D('',#1533,#1534,#1535);
#1533 = CARTESIAN_POINT('',(612.3,163.31113753675,229.7680635738));
#1534 = DIRECTION('',(-0.707106781187,-0.676659000587,-0.205262263761));
#1535 = DIRECTION('',(8.052197783008E-16,-0.290284677254,0.956940335732)
  );
#1536 = DEFINITIONAL_REPRESENTATION('',(#1537),#1541);
#1537 = LINE('',#1538,#1539);
#1538 = CARTESIAN_POINT('',(8.590350653037E-15,0.565685424949));
#1539 = VECTOR('',#1540,1.);
#1540 = DIRECTION('',(1.,2.775557561563E-17));
#1541 = ( GEOMETRIC_REPRESENTATION_CONTEXT(2) 
PARAMETRIC_REPRESENTATION_CONTEXT() REPRESENTATION_CONTEXT('2D SPACE',''
  ) );
#1542 = ORIENTED_EDGE('',*,*,#1543,.T.);
#1543 = EDGE_CURVE('',#1516,#550,#1544,.T.);
#1544 = SURFACE_CURVE('',#1545,(#1549,#1556),.PCURVE_S1.);
#1545 = LINE('',#1546,#1547);
#1546 = CARTESIAN_POINT('',(611.9,163.55379194012,230.29314274621));
#1547 = VECTOR('',#1548,1.);
#1548 = DIRECTION('',(-1.213697883309E-16,-9.801714032956E-02,
    0.995184726672));
#1549 = PCURVE('',#292,#1550);
#1550 = DEFINITIONAL_REPRESENTATION('',(#1551),#1555);
#1551 = LINE('',#1552,#1553);
#1552 = CARTESIAN_POINT('',(36.807650920493,-26.25893304786));
#1553 = VECTOR('',#1554,1.);
#1554 = DIRECTION('',(9.801714032956E-02,0.995184726672));
#1555 = ( GEOMETRIC_REPRESENTATION_CONTEXT(2) 
PARAMETRIC_REPRESENTATION_CONTEXT() REPRESENTATION_CONTEXT('2D SPACE',''
  ) );
#1556 = PCURVE('',#534,#1557);
#1557 = DEFINITIONAL_REPRESENTATION('',(#1558),#1562);
#1558 = LINE('',#1559,#1560);
#1559 = CARTESIAN_POINT('',(-1.319777620523E-14,0.565685424949));
#1560 = VECTOR('',#1561,1.);
#1561 = DIRECTION('',(1.,-2.775557561563E-17));
#1562 = ( GEOMETRIC_REPRESENTATION_CONTEXT(2) 
PARAMETRIC_REPRESENTATION_CONTEXT() REPRESENTATION_CONTEXT('2D SPACE',''
  ) );
#1563 = ORIENTED_EDGE('',*,*,#573,.T.);
#1564 = ORIENTED_EDGE('',*,*,#278,.T.);
#1565 = ORIENTED_EDGE('',*,*,#1566,.T.);
#1566 = EDGE_CURVE('',#251,#646,#1567,.T.);
#1567 = SURFACE_CURVE('',#1568,(#1572,#1579),.PCURVE_S1.);
#1568 = LINE('',#1569,#1570);
#1569 = CARTESIAN_POINT('',(611.9,163.52319642737,271.95304322424));
#1570 = VECTOR('',#1571,1.);
#1571 = DIRECTION('',(-7.401364615387E-17,0.290284677254,0.956940335732)
  );
#1572 = PCURVE('',#292,#1573);
#1573 = DEFINITIONAL_REPRESENTATION('',(#1574),#1578);
#1574 = LINE('',#1575,#1576);
#1575 = CARTESIAN_POINT('',(36.838246433245,15.400967430164));
#1576 = VECTOR('',#1577,1.);
#1577 = DIRECTION('',(-0.290284677254,0.956940335732));
#1578 = ( GEOMETRIC_REPRESENTATION_CONTEXT(2) 
PARAMETRIC_REPRESENTATION_CONTEXT() REPRESENTATION_CONTEXT('2D SPACE',''
  ) );
#1579 = PCURVE('',#266,#1580);
#1580 = DEFINITIONAL_REPRESENTATION('',(#1581),#1585);
#1581 = LINE('',#1582,#1583);
#1582 = CARTESIAN_POINT('',(3.513855872939E-14,0.565685424949));
#1583 = VECTOR('',#1584,1.);
#1584 = DIRECTION('',(1.,8.326672684689E-17));
#1585 = ( GEOMETRIC_REPRESENTATION_CONTEXT(2) 
PARAMETRIC_REPRESENTATION_CONTEXT() REPRESENTATION_CONTEXT('2D SPACE',''
  ) );
#1586 = ADVANCED_FACE('',(#1587),#266,.T.);
#1587 = FACE_BOUND('',#1588,.T.);
#1588 = EDGE_LOOP('',(#1589,#1590,#1591,#1612));
#1589 = ORIENTED_EDGE('',*,*,#250,.F.);
#1590 = ORIENTED_EDGE('',*,*,#439,.T.);
#1591 = ORIENTED_EDGE('',*,*,#1592,.T.);
#1592 = EDGE_CURVE('',#412,#646,#1593,.T.);
#1593 = SURFACE_CURVE('',#1594,(#1598,#1605),.PCURVE_S1.);
#1594 = LINE('',#1595,#1596);
#1595 = CARTESIAN_POINT('',(612.28751987483,163.31128724025,
    272.5894372217));
#1596 = VECTOR('',#1597,1.);
#1597 = DIRECTION('',(-0.705398161813,0.654856235736,-0.271250334246));
#1598 = PCURVE('',#266,#1599);
#1599 = DEFINITIONAL_REPRESENTATION('',(#1600),#1604);
#1600 = LINE('',#1601,#1602);
#1601 = CARTESIAN_POINT('',(0.547477095593,1.764956227451E-02));
#1602 = VECTOR('',#1603,1.);
#1603 = DIRECTION('',(-6.94756548825E-02,0.997583647309));
#1604 = ( GEOMETRIC_REPRESENTATION_CONTEXT(2) 
PARAMETRIC_REPRESENTATION_CONTEXT() REPRESENTATION_CONTEXT('2D SPACE',''
  ) );
#1605 = PCURVE('',#663,#1606);
#1606 = DEFINITIONAL_REPRESENTATION('',(#1607),#1611);
#1607 = LINE('',#1608,#1609);
#1608 = CARTESIAN_POINT('',(4.062574638497E-02,1.764956227451E-02));
#1609 = VECTOR('',#1610,1.);
#1610 = DIRECTION('',(6.947565488258E-02,0.997583647309));
#1611 = ( GEOMETRIC_REPRESENTATION_CONTEXT(2) 
PARAMETRIC_REPRESENTATION_CONTEXT() REPRESENTATION_CONTEXT('2D SPACE',''
  ) );
#1612 = ORIENTED_EDGE('',*,*,#1566,.F.);
#1613 = ADVANCED_FACE('',(#1614),#372,.F.);
#1614 = FACE_BOUND('',#1615,.F.);
#1615 = EDGE_LOOP('',(#1616,#1646,#1674,#1702,#1730,#1758,#1786,#1814,
    #1842,#1870,#1898,#1926,#1954,#1982,#2010,#2038,#2066,#2094,#2122,
    #2150,#2178,#2206,#2234,#2262,#2290,#2318,#2346,#2374,#2402,#2423,
    #2424,#2425,#2448,#2476,#2504,#2532));
#1616 = ORIENTED_EDGE('',*,*,#1617,.T.);
#1617 = EDGE_CURVE('',#1618,#1620,#1622,.T.);
#1618 = VERTEX_POINT('',#1619);
#1619 = CARTESIAN_POINT('',(624.6,164.85957776198,273.62895876513));
#1620 = VERTEX_POINT('',#1621);
#1621 = CARTESIAN_POINT('',(624.6,165.27155645847,273.75393113643));
#1622 = SURFACE_CURVE('',#1623,(#1627,#1634),.PCURVE_S1.);
#1623 = LINE('',#1624,#1625);
#1624 = CARTESIAN_POINT('',(624.6,164.7841774447,273.60608632894));
#1625 = VECTOR('',#1626,1.);
#1626 = DIRECTION('',(7.401364615386E-17,0.956940335732,0.290284677254)
  );
#1627 = PCURVE('',#372,#1628);
#1628 = DEFINITIONAL_REPRESENTATION('',(#1629),#1633);
#1629 = LINE('',#1630,#1631);
#1630 = CARTESIAN_POINT('',(35.577265415913,17.054010534868));
#1631 = VECTOR('',#1632,1.);
#1632 = DIRECTION('',(-0.956940335732,0.290284677254));
#1633 = ( GEOMETRIC_REPRESENTATION_CONTEXT(2) 
PARAMETRIC_REPRESENTATION_CONTEXT() REPRESENTATION_CONTEXT('2D SPACE',''
  ) );
#1634 = PCURVE('',#1635,#1640);
#1635 = PLANE('',#1636);
#1636 = AXIS2_PLACEMENT_3D('',#1637,#1638,#1639);
#1637 = CARTESIAN_POINT('',(624.2,164.6680635738,273.98886246324));
#1638 = DIRECTION('',(-0.707106781187,0.205262263761,-0.676659000587));
#1639 = DIRECTION('',(-1.202753831555E-16,0.956940335732,0.290284677254)
  );
#1640 = DEFINITIONAL_REPRESENTATION('',(#1641),#1645);
#1641 = LINE('',#1642,#1643);
#1642 = CARTESIAN_POINT('',(-7.091549569793E-15,0.565685424949));
#1643 = VECTOR('',#1644,1.);
#1644 = DIRECTION('',(1.,-2.775557561563E-17));
#1645 = ( GEOMETRIC_REPRESENTATION_CONTEXT(2) 
PARAMETRIC_REPRESENTATION_CONTEXT() REPRESENTATION_CONTEXT('2D SPACE',''
  ) );
#1646 = ORIENTED_EDGE('',*,*,#1647,.T.);
#1647 = EDGE_CURVE('',#1620,#1648,#1650,.T.);
#1648 = VERTEX_POINT('',#1649);
#1649 = CARTESIAN_POINT('',(624.6,165.77841371226,273.80385221866));
#1650 = SURFACE_CURVE('',#1651,(#1655,#1662),.PCURVE_S1.);
#1651 = LINE('',#1652,#1653);
#1652 = CARTESIAN_POINT('',(624.6,165.19314274621,273.74620805987));
#1653 = VECTOR('',#1654,1.);
#1654 = DIRECTION('',(9.96056111305E-17,0.995184726672,
    9.801714032956E-02));
#1655 = PCURVE('',#372,#1656);
#1656 = DEFINITIONAL_REPRESENTATION('',(#1657),#1661);
#1657 = LINE('',#1658,#1659);
#1658 = CARTESIAN_POINT('',(35.168300114406,17.194132265791));
#1659 = VECTOR('',#1660,1.);
#1660 = DIRECTION('',(-0.995184726672,9.801714032956E-02));
#1661 = ( GEOMETRIC_REPRESENTATION_CONTEXT(2) 
PARAMETRIC_REPRESENTATION_CONTEXT() REPRESENTATION_CONTEXT('2D SPACE',''
  ) );
#1662 = PCURVE('',#1663,#1668);
#1663 = PLANE('',#1664);
#1664 = AXIS2_PLACEMENT_3D('',#1665,#1666,#1667);
#1665 = CARTESIAN_POINT('',(624.2,165.15393589008,274.14428195054));
#1666 = DIRECTION('',(-0.707106781187,6.930858459955E-02,-0.703701868763
    ));
#1667 = DIRECTION('',(1.3430008065E-16,0.995184726672,9.801714032956E-02
    ));
#1668 = DEFINITIONAL_REPRESENTATION('',(#1669),#1673);
#1669 = LINE('',#1670,#1671);
#1670 = CARTESIAN_POINT('',(1.880440247959E-14,0.565685424949));
#1671 = VECTOR('',#1672,1.);
#1672 = DIRECTION('',(1.,0.));
#1673 = ( GEOMETRIC_REPRESENTATION_CONTEXT(2) 
PARAMETRIC_REPRESENTATION_CONTEXT() REPRESENTATION_CONTEXT('2D SPACE',''
  ) );
#1674 = ORIENTED_EDGE('',*,*,#1675,.T.);
#1675 = EDGE_CURVE('',#1648,#1676,#1678,.T.);
#1676 = VERTEX_POINT('',#1677);
#1677 = CARTESIAN_POINT('',(624.6,248.66417660892,273.8));
#1678 = SURFACE_CURVE('',#1679,(#1683,#1690),.PCURVE_S1.);
#1679 = LINE('',#1680,#1681);
#1680 = CARTESIAN_POINT('',(624.6,165.7,273.8));
#1681 = VECTOR('',#1682,1.);
#1682 = DIRECTION('',(1.110223024625E-16,1.,0.));
#1683 = PCURVE('',#372,#1684);
#1684 = DEFINITIONAL_REPRESENTATION('',(#1685),#1689);
#1685 = LINE('',#1686,#1687);
#1686 = CARTESIAN_POINT('',(34.661442860621,17.24792420592));
#1687 = VECTOR('',#1688,1.);
#1688 = DIRECTION('',(-1.,0.));
#1689 = ( GEOMETRIC_REPRESENTATION_CONTEXT(2) 
PARAMETRIC_REPRESENTATION_CONTEXT() REPRESENTATION_CONTEXT('2D SPACE',''
  ) );
#1690 = PCURVE('',#1691,#1696);
#1691 = PLANE('',#1692);
#1692 = AXIS2_PLACEMENT_3D('',#1693,#1694,#1695);
#1693 = CARTESIAN_POINT('',(624.2,165.7,274.2));
#1694 = DIRECTION('',(-0.707106781187,7.850462293419E-17,-0.707106781187
    ));
#1695 = DIRECTION('',(1.110223024625E-16,1.,0.));
#1696 = DEFINITIONAL_REPRESENTATION('',(#1697),#1701);
#1697 = LINE('',#1698,#1699);
#1698 = CARTESIAN_POINT('',(4.4408920985E-17,0.565685424949));
#1699 = VECTOR('',#1700,1.);
#1700 = DIRECTION('',(1.,0.));
#1701 = ( GEOMETRIC_REPRESENTATION_CONTEXT(2) 
PARAMETRIC_REPRESENTATION_CONTEXT() REPRESENTATION_CONTEXT('2D SPACE',''
  ) );
#1702 = ORIENTED_EDGE('',*,*,#1703,.T.);
#1703 = EDGE_CURVE('',#1676,#1704,#1706,.T.);
#1704 = VERTEX_POINT('',#1705);
#1705 = CARTESIAN_POINT('',(624.6,249.08720460609,273.75510238166));
#1706 = SURFACE_CURVE('',#1707,(#1711,#1718),.PCURVE_S1.);
#1707 = LINE('',#1708,#1709);
#1708 = CARTESIAN_POINT('',(624.6,248.58676710099,273.80375395254));
#1709 = VECTOR('',#1710,1.);
#1710 = DIRECTION('',(1.212440641468E-16,0.995307559314,
    -9.676188491068E-02));
#1711 = PCURVE('',#372,#1712);
#1712 = DEFINITIONAL_REPRESENTATION('',(#1713),#1717);
#1713 = LINE('',#1714,#1715);
#1714 = CARTESIAN_POINT('',(-48.22532424037,17.251678158468));
#1715 = VECTOR('',#1716,1.);
#1716 = DIRECTION('',(-0.995307559314,-9.676188491068E-02));
#1717 = ( GEOMETRIC_REPRESENTATION_CONTEXT(2) 
PARAMETRIC_REPRESENTATION_CONTEXT() REPRESENTATION_CONTEXT('2D SPACE',''
  ) );
#1718 = PCURVE('',#1719,#1724);
#1719 = PLANE('',#1720);
#1720 = AXIS2_PLACEMENT_3D('',#1721,#1722,#1723);
#1721 = CARTESIAN_POINT('',(624.2,248.62547185495,274.20187697627));
#1722 = DIRECTION('',(-0.707106781187,-6.842098498073E-02,
    -0.703788724557));
#1723 = DIRECTION('',(1.022176168432E-17,0.995307559314,
    -9.676188491068E-02));
#1724 = DEFINITIONAL_REPRESENTATION('',(#1725),#1729);
#1725 = LINE('',#1726,#1727);
#1726 = CARTESIAN_POINT('',(-8.999745393368E-15,0.565685424949));
#1727 = VECTOR('',#1728,1.);
#1728 = DIRECTION('',(1.,0.));
#1729 = ( GEOMETRIC_REPRESENTATION_CONTEXT(2) 
PARAMETRIC_REPRESENTATION_CONTEXT() REPRESENTATION_CONTEXT('2D SPACE',''
  ) );
#1730 = ORIENTED_EDGE('',*,*,#1731,.T.);
#1731 = EDGE_CURVE('',#1704,#1732,#1734,.T.);
#1732 = VERTEX_POINT('',#1733);
#1733 = CARTESIAN_POINT('',(624.6,249.4943895916,273.63326470614));
#1734 = SURFACE_CURVE('',#1735,(#1739,#1746),.PCURVE_S1.);
#1735 = LINE('',#1736,#1737);
#1736 = CARTESIAN_POINT('',(624.6,249.01269419644,273.77739734694));
#1737 = VECTOR('',#1738,1.);
#1738 = DIRECTION('',(1.381887527098E-16,0.958031848534,-0.286661781887)
  );
#1739 = PCURVE('',#372,#1740);
#1740 = DEFINITIONAL_REPRESENTATION('',(#1741),#1745);
#1741 = LINE('',#1742,#1743);
#1742 = CARTESIAN_POINT('',(-48.65125133582,17.225321552864));
#1743 = VECTOR('',#1744,1.);
#1744 = DIRECTION('',(-0.958031848534,-0.286661781887));
#1745 = ( GEOMETRIC_REPRESENTATION_CONTEXT(2) 
PARAMETRIC_REPRESENTATION_CONTEXT() REPRESENTATION_CONTEXT('2D SPACE',''
  ) );
#1746 = PCURVE('',#1747,#1752);
#1747 = PLANE('',#1748);
#1748 = AXIS2_PLACEMENT_3D('',#1749,#1750,#1751);
#1749 = CARTESIAN_POINT('',(624.2,249.12735890919,274.16061008635));
#1750 = DIRECTION('',(-0.707106781187,-0.202700489879,-0.677430816691));
#1751 = DIRECTION('',(3.047222064035E-16,0.958031848534,-0.286661781887)
  );
#1752 = DEFINITIONAL_REPRESENTATION('',(#1753),#1757);
#1753 = LINE('',#1754,#1755);
#1754 = CARTESIAN_POINT('',(8.340550472496E-15,0.565685424949));
#1755 = VECTOR('',#1756,1.);
#1756 = DIRECTION('',(1.,8.326672684689E-17));
#1757 = ( GEOMETRIC_REPRESENTATION_CONTEXT(2) 
PARAMETRIC_REPRESENTATION_CONTEXT() REPRESENTATION_CONTEXT('2D SPACE',''
  ) );
#1758 = ORIENTED_EDGE('',*,*,#1759,.T.);
#1759 = EDGE_CURVE('',#1732,#1760,#1762,.T.);
#1760 = VERTEX_POINT('',#1761);
#1761 = CARTESIAN_POINT('',(624.6,249.87048189752,273.43527832018));
#1762 = SURFACE_CURVE('',#1763,(#1767,#1774),.PCURVE_S1.);
#1763 = LINE('',#1764,#1765);
#1764 = CARTESIAN_POINT('',(624.6,249.42556880306,273.66949405459));
#1765 = VECTOR('',#1766,1.);
#1766 = DIRECTION('',(1.499580721811E-16,0.884876456372,-0.46582577962)
  );
#1767 = PCURVE('',#372,#1768);
#1768 = DEFINITIONAL_REPRESENTATION('',(#1769),#1773);
#1769 = LINE('',#1770,#1771);
#1770 = CARTESIAN_POINT('',(-49.06412594244,17.11741826051));
#1771 = VECTOR('',#1772,1.);
#1772 = DIRECTION('',(-0.884876456372,-0.46582577962));
#1773 = ( GEOMETRIC_REPRESENTATION_CONTEXT(2) 
PARAMETRIC_REPRESENTATION_CONTEXT() REPRESENTATION_CONTEXT('2D SPACE',''
  ) );
#1774 = PCURVE('',#1775,#1780);
#1775 = PLANE('',#1776);
#1776 = AXIS2_PLACEMENT_3D('',#1777,#1778,#1779);
#1777 = CARTESIAN_POINT('',(624.2,249.61189911491,274.02344463713));
#1778 = DIRECTION('',(-0.707106781187,-0.329388567621,-0.625702142813));
#1779 = DIRECTION('',(4.55269403953E-16,0.884876456372,-0.46582577962));
#1780 = DEFINITIONAL_REPRESENTATION('',(#1781),#1785);
#1781 = LINE('',#1782,#1783);
#1782 = CARTESIAN_POINT('',(1.17128529098E-14,0.565685424949));
#1783 = VECTOR('',#1784,1.);
#1784 = DIRECTION('',(1.,-5.551115123126E-17));
#1785 = ( GEOMETRIC_REPRESENTATION_CONTEXT(2) 
PARAMETRIC_REPRESENTATION_CONTEXT() REPRESENTATION_CONTEXT('2D SPACE',''
  ) );
#1786 = ORIENTED_EDGE('',*,*,#1787,.T.);
#1787 = EDGE_CURVE('',#1760,#1788,#1790,.T.);
#1788 = VERTEX_POINT('',#1789);
#1789 = CARTESIAN_POINT('',(624.6,250.20139632186,273.16855810092));
#1790 = SURFACE_CURVE('',#1791,(#1795,#1802),.PCURVE_S1.);
#1791 = LINE('',#1792,#1793);
#1792 = CARTESIAN_POINT('',(624.6,249.80992816839,273.48408521018));
#1793 = VECTOR('',#1794,1.);
#1794 = DIRECTION('',(1.561112444871E-16,0.778581158303,-0.627543926698)
  );
#1795 = PCURVE('',#372,#1796);
#1796 = DEFINITIONAL_REPRESENTATION('',(#1797),#1801);
#1797 = LINE('',#1798,#1799);
#1798 = CARTESIAN_POINT('',(-49.44848530777,16.932009416109));
#1799 = VECTOR('',#1800,1.);
#1800 = DIRECTION('',(-0.778581158303,-0.627543926698));
#1801 = ( GEOMETRIC_REPRESENTATION_CONTEXT(2) 
PARAMETRIC_REPRESENTATION_CONTEXT() REPRESENTATION_CONTEXT('2D SPACE',''
  ) );
#1802 = PCURVE('',#1803,#1808);
#1803 = PLANE('',#1804);
#1804 = AXIS2_PLACEMENT_3D('',#1805,#1806,#1807);
#1805 = CARTESIAN_POINT('',(624.2,250.06094573907,273.79551767351));
#1806 = DIRECTION('',(-0.707106781187,-0.44374056606,-0.55054001674));
#1807 = DIRECTION('',(-2.324668141317E-16,0.778581158303,-0.627543926698
    ));
#1808 = DEFINITIONAL_REPRESENTATION('',(#1809),#1813);
#1809 = LINE('',#1810,#1811);
#1810 = CARTESIAN_POINT('',(4.565792188771E-14,0.565685424949));
#1811 = VECTOR('',#1812,1.);
#1812 = DIRECTION('',(1.,1.110223024625E-16));
#1813 = ( GEOMETRIC_REPRESENTATION_CONTEXT(2) 
PARAMETRIC_REPRESENTATION_CONTEXT() REPRESENTATION_CONTEXT('2D SPACE',''
  ) );
#1814 = ORIENTED_EDGE('',*,*,#1815,.T.);
#1815 = EDGE_CURVE('',#1788,#1816,#1818,.T.);
#1816 = VERTEX_POINT('',#1817);
#1817 = CARTESIAN_POINT('',(624.6,250.47473963978,272.84309310718));
#1818 = SURFACE_CURVE('',#1819,(#1823,#1830),.PCURVE_S1.);
#1819 = LINE('',#1820,#1821);
#1820 = CARTESIAN_POINT('',(624.6,250.15137747707,273.22811464371));
#1821 = VECTOR('',#1822,1.);
#1822 = DIRECTION('',(1.56417824406E-16,0.643126867314,-0.765759644105)
  );
#1823 = PCURVE('',#372,#1824);
#1824 = DEFINITIONAL_REPRESENTATION('',(#1825),#1829);
#1825 = LINE('',#1826,#1827);
#1826 = CARTESIAN_POINT('',(-49.78993461644,16.676038849631));
#1827 = VECTOR('',#1828,1.);
#1828 = DIRECTION('',(-0.643126867314,-0.765759644105));
#1829 = ( GEOMETRIC_REPRESENTATION_CONTEXT(2) 
PARAMETRIC_REPRESENTATION_CONTEXT() REPRESENTATION_CONTEXT('2D SPACE',''
  ) );
#1830 = PCURVE('',#1831,#1836);
#1831 = PLANE('',#1832);
#1832 = AXIS2_PLACEMENT_3D('',#1833,#1834,#1835);
#1833 = CARTESIAN_POINT('',(624.2,250.45768133471,273.48536539063));
#1834 = DIRECTION('',(-0.707106781187,-0.541473837105,-0.454759369041));
#1835 = DIRECTION('',(-2.044046585971E-16,0.643126867314,-0.765759644105
    ));
#1836 = DEFINITIONAL_REPRESENTATION('',(#1837),#1841);
#1837 = LINE('',#1838,#1839);
#1838 = CARTESIAN_POINT('',(-1.060262988517E-14,0.565685424949));
#1839 = VECTOR('',#1840,1.);
#1840 = DIRECTION('',(1.,-5.551115123126E-17));
#1841 = ( GEOMETRIC_REPRESENTATION_CONTEXT(2) 
PARAMETRIC_REPRESENTATION_CONTEXT() REPRESENTATION_CONTEXT('2D SPACE',''
  ) );
#1842 = ORIENTED_EDGE('',*,*,#1843,.T.);
#1843 = EDGE_CURVE('',#1816,#1844,#1846,.T.);
#1844 = VERTEX_POINT('',#1845);
#1845 = CARTESIAN_POINT('',(624.6,250.6802747478,272.47107247473));
#1846 = SURFACE_CURVE('',#1847,(#1851,#1858),.PCURVE_S1.);
#1847 = LINE('',#1848,#1849);
#1848 = CARTESIAN_POINT('',(624.6,250.43712895755,272.91116882389));
#1849 = VECTOR('',#1850,1.);
#1850 = DIRECTION('',(1.508663300755E-16,0.48358654294,-0.875296552882)
  );
#1851 = PCURVE('',#372,#1852);
#1852 = DEFINITIONAL_REPRESENTATION('',(#1853),#1857);
#1853 = LINE('',#1854,#1855);
#1854 = CARTESIAN_POINT('',(-50.07568609693,16.359093029818));
#1855 = VECTOR('',#1856,1.);
#1856 = DIRECTION('',(-0.48358654294,-0.875296552882));
#1857 = ( GEOMETRIC_REPRESENTATION_CONTEXT(2) 
PARAMETRIC_REPRESENTATION_CONTEXT() REPRESENTATION_CONTEXT('2D SPACE',''
  ) );
#1858 = PCURVE('',#1859,#1864);
#1859 = PLANE('',#1860);
#1860 = AXIS2_PLACEMENT_3D('',#1861,#1862,#1863);
#1861 = CARTESIAN_POINT('',(624.2,250.7872475787,273.10460344107));
#1862 = DIRECTION('',(-0.707106781187,-0.618928128092,-0.341947323803));
#1863 = DIRECTION('',(-7.095565140089E-16,0.48358654294,-0.875296552882)
  );
#1864 = DEFINITIONAL_REPRESENTATION('',(#1865),#1869);
#1865 = LINE('',#1866,#1867);
#1866 = CARTESIAN_POINT('',(-1.723621245731E-14,0.565685424949));
#1867 = VECTOR('',#1868,1.);
#1868 = DIRECTION('',(1.,5.551115123126E-17));
#1869 = ( GEOMETRIC_REPRESENTATION_CONTEXT(2) 
PARAMETRIC_REPRESENTATION_CONTEXT() REPRESENTATION_CONTEXT('2D SPACE',''
  ) );
#1870 = ORIENTED_EDGE('',*,*,#1871,.T.);
#1871 = EDGE_CURVE('',#1844,#1872,#1874,.T.);
#1872 = VERTEX_POINT('',#1873);
#1873 = CARTESIAN_POINT('',(624.6,250.81030405822,272.06642891549));
#1874 = SURFACE_CURVE('',#1875,(#1879,#1886),.PCURVE_S1.);
#1875 = LINE('',#1876,#1877);
#1876 = CARTESIAN_POINT('',(624.6,250.65648080271,272.5451178311));
#1877 = VECTOR('',#1878,1.);
#1878 = DIRECTION('',(1.396646730051E-16,0.305935201581,-0.952052337024)
  );
#1879 = PCURVE('',#372,#1880);
#1880 = DEFINITIONAL_REPRESENTATION('',(#1881),#1885);
#1881 = LINE('',#1882,#1883);
#1882 = CARTESIAN_POINT('',(-50.29503794209,15.993042037029));
#1883 = VECTOR('',#1884,1.);
#1884 = DIRECTION('',(-0.305935201581,-0.952052337024));
#1885 = ( GEOMETRIC_REPRESENTATION_CONTEXT(2) 
PARAMETRIC_REPRESENTATION_CONTEXT() REPRESENTATION_CONTEXT('2D SPACE',''
  ) );
#1886 = PCURVE('',#1887,#1892);
#1887 = PLANE('',#1888);
#1888 = AXIS2_PLACEMENT_3D('',#1889,#1890,#1891);
#1889 = CARTESIAN_POINT('',(624.2,251.03730173752,272.66749191174));
#1890 = DIRECTION('',(-0.707106781187,-0.673202663554,-0.216328855642));
#1891 = DIRECTION('',(-1.378910831512E-16,0.305935201581,-0.952052337024
    ));
#1892 = DEFINITIONAL_REPRESENTATION('',(#1893),#1897);
#1893 = LINE('',#1894,#1895);
#1894 = CARTESIAN_POINT('',(1.194877530253E-14,0.565685424949));
#1895 = VECTOR('',#1896,1.);
#1896 = DIRECTION('',(1.,5.551115123126E-17));
#1897 = ( GEOMETRIC_REPRESENTATION_CONTEXT(2) 
PARAMETRIC_REPRESENTATION_CONTEXT() REPRESENTATION_CONTEXT('2D SPACE',''
  ) );
#1898 = ORIENTED_EDGE('',*,*,#1899,.T.);
#1899 = EDGE_CURVE('',#1872,#1900,#1902,.T.);
#1900 = VERTEX_POINT('',#1901);
#1901 = CARTESIAN_POINT('',(624.6,250.85995778487,271.64431691729));
#1902 = SURFACE_CURVE('',#1903,(#1907,#1914),.PCURVE_S1.);
#1903 = LINE('',#1904,#1905);
#1904 = CARTESIAN_POINT('',(624.6,250.801217968,272.14367080561));
#1905 = VECTOR('',#1906,1.);
#1906 = DIRECTION('',(1.232323714887E-16,0.116826143474,-0.993152381159)
  );
#1907 = PCURVE('',#372,#1908);
#1908 = DEFINITIONAL_REPRESENTATION('',(#1909),#1913);
#1909 = LINE('',#1910,#1911);
#1910 = CARTESIAN_POINT('',(-50.43977510738,15.59159501153));
#1911 = VECTOR('',#1912,1.);
#1912 = DIRECTION('',(-0.116826143474,-0.993152381159));
#1913 = ( GEOMETRIC_REPRESENTATION_CONTEXT(2) 
PARAMETRIC_REPRESENTATION_CONTEXT() REPRESENTATION_CONTEXT('2D SPACE',''
  ) );
#1914 = PCURVE('',#1915,#1920);
#1915 = PLANE('',#1916);
#1916 = AXIS2_PLACEMENT_3D('',#1917,#1918,#1919);
#1917 = CARTESIAN_POINT('',(624.2,251.19847892046,272.190401263));
#1918 = DIRECTION('',(-0.707106781187,-0.702264783469,
    -8.260855827041E-02));
#1919 = DIRECTION('',(1.22651650221E-15,0.116826143474,-0.993152381159)
  );
#1920 = DEFINITIONAL_REPRESENTATION('',(#1921),#1925);
#1921 = LINE('',#1922,#1923);
#1922 = CARTESIAN_POINT('',(-9.436895709314E-15,0.565685424949));
#1923 = VECTOR('',#1924,1.);
#1924 = DIRECTION('',(1.,0.));
#1925 = ( GEOMETRIC_REPRESENTATION_CONTEXT(2) 
PARAMETRIC_REPRESENTATION_CONTEXT() REPRESENTATION_CONTEXT('2D SPACE',''
  ) );
#1926 = ORIENTED_EDGE('',*,*,#1927,.T.);
#1927 = EDGE_CURVE('',#1900,#1928,#1930,.T.);
#1928 = VERTEX_POINT('',#1929);
#1929 = CARTESIAN_POINT('',(624.6,250.82737632374,271.2205451863));
#1930 = SURFACE_CURVE('',#1931,(#1935,#1942),.PCURVE_S1.);
#1931 = LINE('',#1932,#1933);
#1932 = CARTESIAN_POINT('',(624.6,250.86591983677,271.72186252039));
#1933 = VECTOR('',#1934,1.);
#1934 = DIRECTION('',(1.021848390364E-16,-7.665822304366E-02,
    -0.997057429058));
#1935 = PCURVE('',#372,#1936);
#1936 = DEFINITIONAL_REPRESENTATION('',(#1937),#1941);
#1937 = LINE('',#1938,#1939);
#1938 = CARTESIAN_POINT('',(-50.50447697615,15.169786726317));
#1939 = VECTOR('',#1940,1.);
#1940 = DIRECTION('',(7.665822304366E-02,-0.997057429058));
#1941 = ( GEOMETRIC_REPRESENTATION_CONTEXT(2) 
PARAMETRIC_REPRESENTATION_CONTEXT() REPRESENTATION_CONTEXT('2D SPACE',''
  ) );
#1942 = PCURVE('',#1943,#1948);
#1943 = PLANE('',#1944);
#1944 = AXIS2_PLACEMENT_3D('',#1945,#1946,#1947);
#1945 = CARTESIAN_POINT('',(624.2,251.2647428084,271.69119923118));
#1946 = DIRECTION('',(-0.707106781187,-0.705026069319,5.420554934788E-02
    ));
#1947 = DIRECTION('',(5.879074123099E-16,-7.665822304366E-02,
    -0.997057429058));
#1948 = DEFINITIONAL_REPRESENTATION('',(#1949),#1953);
#1949 = LINE('',#1950,#1951);
#1950 = CARTESIAN_POINT('',(-3.836167494775E-14,0.565685424949));
#1951 = VECTOR('',#1952,1.);
#1952 = DIRECTION('',(1.,2.081668171172E-17));
#1953 = ( GEOMETRIC_REPRESENTATION_CONTEXT(2) 
PARAMETRIC_REPRESENTATION_CONTEXT() REPRESENTATION_CONTEXT('2D SPACE',''
  ) );
#1954 = ORIENTED_EDGE('',*,*,#1955,.T.);
#1955 = EDGE_CURVE('',#1928,#1956,#1958,.T.);
#1956 = VERTEX_POINT('',#1957);
#1957 = CARTESIAN_POINT('',(624.6,250.71377989776,270.81098458809));
#1958 = SURFACE_CURVE('',#1959,(#1963,#1970),.PCURVE_S1.);
#1959 = LINE('',#1960,#1961);
#1960 = CARTESIAN_POINT('',(624.6,250.84816323027,271.29549030715));
#1961 = VECTOR('',#1962,1.);
#1962 = DIRECTION('',(7.731033624672E-17,-0.267271627993,-0.963621231019
    ));
#1963 = PCURVE('',#372,#1964);
#1964 = DEFINITIONAL_REPRESENTATION('',(#1965),#1969);
#1965 = LINE('',#1966,#1967);
#1966 = CARTESIAN_POINT('',(-50.48672036965,14.743414513078));
#1967 = VECTOR('',#1968,1.);
#1968 = DIRECTION('',(0.267271627993,-0.963621231019));
#1969 = ( GEOMETRIC_REPRESENTATION_CONTEXT(2) 
PARAMETRIC_REPRESENTATION_CONTEXT() REPRESENTATION_CONTEXT('2D SPACE',''
  ) );
#1970 = PCURVE('',#1971,#1976);
#1971 = PLANE('',#1972);
#1972 = AXIS2_PLACEMENT_3D('',#1973,#1974,#1975);
#1973 = CARTESIAN_POINT('',(624.2,251.23361172268,271.18858165596));
#1974 = DIRECTION('',(-0.707106781187,-0.681383106949,0.188989580573));
#1975 = DIRECTION('',(9.377331803312E-16,-0.267271627993,-0.963621231019
    ));
#1976 = DEFINITIONAL_REPRESENTATION('',(#1977),#1981);
#1977 = LINE('',#1978,#1979);
#1978 = CARTESIAN_POINT('',(1.333655408331E-14,0.565685424949));
#1979 = VECTOR('',#1980,1.);
#1980 = DIRECTION('',(1.,2.775557561563E-17));
#1981 = ( GEOMETRIC_REPRESENTATION_CONTEXT(2) 
PARAMETRIC_REPRESENTATION_CONTEXT() REPRESENTATION_CONTEXT('2D SPACE',''
  ) );
#1982 = ORIENTED_EDGE('',*,*,#1983,.T.);
#1983 = EDGE_CURVE('',#1956,#1984,#1986,.T.);
#1984 = VERTEX_POINT('',#1985);
#1985 = CARTESIAN_POINT('',(624.6,250.52342285774,270.43097376073));
#1986 = SURFACE_CURVE('',#1987,(#1991,#1998),.PCURVE_S1.);
#1987 = LINE('',#1988,#1989);
#1988 = CARTESIAN_POINT('',(624.6,250.74861315914,270.88052242329));
#1989 = VECTOR('',#1990,1.);
#1990 = DIRECTION('',(4.954044930436E-17,-0.447875323068,-0.894096021122
    ));
#1991 = PCURVE('',#372,#1992);
#1992 = DEFINITIONAL_REPRESENTATION('',(#1993),#1997);
#1993 = LINE('',#1994,#1995);
#1994 = CARTESIAN_POINT('',(-50.38717029852,14.328446629218));
#1995 = VECTOR('',#1996,1.);
#1996 = DIRECTION('',(0.447875323068,-0.894096021122));
#1997 = ( GEOMETRIC_REPRESENTATION_CONTEXT(2) 
PARAMETRIC_REPRESENTATION_CONTEXT() REPRESENTATION_CONTEXT('2D SPACE',''
  ) );
#1998 = PCURVE('',#1999,#2004);
#1999 = PLANE('',#2000);
#2000 = AXIS2_PLACEMENT_3D('',#2001,#2002,#2003);
#2001 = CARTESIAN_POINT('',(624.2,251.10625156759,270.70137229407));
#2002 = DIRECTION('',(-0.707106781187,-0.632221359567,0.316695678068));
#2003 = DIRECTION('',(2.178487368873E-17,-0.447875323068,-0.894096021122
    ));
#2004 = DEFINITIONAL_REPRESENTATION('',(#2005),#2009);
#2005 = LINE('',#2006,#2007);
#2006 = CARTESIAN_POINT('',(2.159383782896E-14,0.565685424949));
#2007 = VECTOR('',#2008,1.);
#2008 = DIRECTION('',(1.,0.));
#2009 = ( GEOMETRIC_REPRESENTATION_CONTEXT(2) 
PARAMETRIC_REPRESENTATION_CONTEXT() REPRESENTATION_CONTEXT('2D SPACE',''
  ) );
#2010 = ORIENTED_EDGE('',*,*,#2011,.T.);
#2011 = EDGE_CURVE('',#1984,#2012,#2014,.T.);
#2012 = VERTEX_POINT('',#2013);
#2013 = CARTESIAN_POINT('',(624.6,250.26343435075,270.09474466051));
#2014 = SURFACE_CURVE('',#2015,(#2019,#2026),.PCURVE_S1.);
#2015 = LINE('',#2016,#2017);
#2016 = CARTESIAN_POINT('',(624.6,250.57099791784,270.49250001755));
#2017 = VECTOR('',#2018,1.);
#2018 = DIRECTION('',(1.991520072738E-17,-0.611705438105,-0.791085619255
    ));
#2019 = PCURVE('',#372,#2020);
#2020 = DEFINITIONAL_REPRESENTATION('',(#2021),#2025);
#2021 = LINE('',#2022,#2023);
#2022 = CARTESIAN_POINT('',(-50.20955505722,13.940424223478));
#2023 = VECTOR('',#2024,1.);
#2024 = DIRECTION('',(0.611705438105,-0.791085619255));
#2025 = ( GEOMETRIC_REPRESENTATION_CONTEXT(2) 
PARAMETRIC_REPRESENTATION_CONTEXT() REPRESENTATION_CONTEXT('2D SPACE',''
  ) );
#2026 = PCURVE('',#2027,#2032);
#2027 = PLANE('',#2028);
#2028 = AXIS2_PLACEMENT_3D('',#2029,#2030,#2031);
#2029 = CARTESIAN_POINT('',(624.2,250.88743216555,270.24781784231));
#2030 = DIRECTION('',(-0.707106781187,-0.559382005874,0.432541063373));
#2031 = DIRECTION('',(1.574227435203E-15,-0.611705438105,-0.791085619255
    ));
#2032 = DEFINITIONAL_REPRESENTATION('',(#2033),#2037);
#2033 = LINE('',#2034,#2035);
#2034 = CARTESIAN_POINT('',(-2.928213227449E-14,0.565685424949));
#2035 = VECTOR('',#2036,1.);
#2036 = DIRECTION('',(1.,5.551115123126E-17));
#2037 = ( GEOMETRIC_REPRESENTATION_CONTEXT(2) 
PARAMETRIC_REPRESENTATION_CONTEXT() REPRESENTATION_CONTEXT('2D SPACE',''
  ) );
#2038 = ORIENTED_EDGE('',*,*,#2039,.T.);
#2039 = EDGE_CURVE('',#2012,#2040,#2042,.T.);
#2040 = VERTEX_POINT('',#2041);
#2041 = CARTESIAN_POINT('',(624.6,249.88501621935,269.76367912366));
#2042 = SURFACE_CURVE('',#2043,(#2047,#2054),.PCURVE_S1.);
#2043 = LINE('',#2044,#2045);
#2044 = CARTESIAN_POINT('',(624.6,250.32196945462,270.14595509146));
#2045 = VECTOR('',#2046,1.);
#2046 = DIRECTION('',(-1.045590098364E-17,-0.752626297827,-0.65844791428
    ));
#2047 = PCURVE('',#372,#2048);
#2048 = DEFINITIONAL_REPRESENTATION('',(#2049),#2053);
#2049 = LINE('',#2050,#2051);
#2050 = CARTESIAN_POINT('',(-49.960526594,13.593879297386));
#2051 = VECTOR('',#2052,1.);
#2052 = DIRECTION('',(0.752626297827,-0.65844791428));
#2053 = ( GEOMETRIC_REPRESENTATION_CONTEXT(2) 
PARAMETRIC_REPRESENTATION_CONTEXT() REPRESENTATION_CONTEXT('2D SPACE',''
  ) );
#2054 = PCURVE('',#2055,#2060);
#2055 = PLANE('',#2056);
#2056 = AXIS2_PLACEMENT_3D('',#2057,#2058,#2059);
#2057 = CARTESIAN_POINT('',(624.2,250.58534862033,269.84490457233));
#2058 = DIRECTION('',(-0.707106781187,-0.465592985245,0.532187158893));
#2059 = DIRECTION('',(2.948554307883E-16,-0.752626297827,-0.65844791428)
  );
#2060 = DEFINITIONAL_REPRESENTATION('',(#2061),#2065);
#2061 = LINE('',#2062,#2063);
#2062 = CARTESIAN_POINT('',(1.787459069647E-14,0.565685424949));
#2063 = VECTOR('',#2064,1.);
#2064 = DIRECTION('',(1.,0.));
#2065 = ( GEOMETRIC_REPRESENTATION_CONTEXT(2) 
PARAMETRIC_REPRESENTATION_CONTEXT() REPRESENTATION_CONTEXT('2D SPACE',''
  ) );
#2066 = ORIENTED_EDGE('',*,*,#2067,.T.);
#2067 = EDGE_CURVE('',#2040,#2068,#2070,.T.);
#2068 = VERTEX_POINT('',#2069);
#2069 = CARTESIAN_POINT('',(624.6,193.05126930049,229.03599508704));
#2070 = SURFACE_CURVE('',#2071,(#2075,#2082),.PCURVE_S1.);
#2071 = LINE('',#2072,#2073);
#2072 = CARTESIAN_POINT('',(624.6,249.94574843295,269.81182392929));
#2073 = VECTOR('',#2074,1.);
#2074 = DIRECTION('',(-2.556562268342E-17,-0.812807304867,
    -0.582532647286));
#2075 = PCURVE('',#372,#2076);
#2076 = DEFINITIONAL_REPRESENTATION('',(#2077),#2081);
#2077 = LINE('',#2078,#2079);
#2078 = CARTESIAN_POINT('',(-49.58430557233,13.259748135211));
#2079 = VECTOR('',#2080,1.);
#2080 = DIRECTION('',(0.812807304867,-0.582532647286));
#2081 = ( GEOMETRIC_REPRESENTATION_CONTEXT(2) 
PARAMETRIC_REPRESENTATION_CONTEXT() REPRESENTATION_CONTEXT('2D SPACE',''
  ) );
#2082 = PCURVE('',#2083,#2088);
#2083 = PLANE('',#2084);
#2084 = AXIS2_PLACEMENT_3D('',#2085,#2086,#2087);
#2085 = CARTESIAN_POINT('',(624.2,250.17876149186,269.48670100734));
#2086 = DIRECTION('',(-0.707106781187,-0.411912785159,0.57474155707));
#2087 = DIRECTION('',(-1.19129979854E-15,-0.812807304867,-0.582532647286
    ));
#2088 = DEFINITIONAL_REPRESENTATION('',(#2089),#2093);
#2089 = LINE('',#2090,#2091);
#2090 = CARTESIAN_POINT('',(8.243405957842E-15,0.565685424949));
#2091 = VECTOR('',#2092,1.);
#2092 = DIRECTION('',(1.,-1.665334536938E-16));
#2093 = ( GEOMETRIC_REPRESENTATION_CONTEXT(2) 
PARAMETRIC_REPRESENTATION_CONTEXT() REPRESENTATION_CONTEXT('2D SPACE',''
  ) );
#2094 = ORIENTED_EDGE('',*,*,#2095,.T.);
#2095 = EDGE_CURVE('',#2068,#2096,#2098,.T.);
#2096 = VERTEX_POINT('',#2097);
#2097 = CARTESIAN_POINT('',(624.6,192.62036658905,228.79030493115));
#2098 = SURFACE_CURVE('',#2099,(#2103,#2110),.PCURVE_S1.);
#2099 = LINE('',#2100,#2101);
#2100 = CARTESIAN_POINT('',(624.6,193.08731494913,229.05654743168));
#2101 = VECTOR('',#2102,1.);
#2102 = DIRECTION('',(-4.145501620308E-17,-0.868711682856,
    -0.495318091806));
#2103 = PCURVE('',#372,#2104);
#2104 = DEFINITIONAL_REPRESENTATION('',(#2105),#2109);
#2105 = LINE('',#2106,#2107);
#2106 = CARTESIAN_POINT('',(7.274127911491,-27.49552836239));
#2107 = VECTOR('',#2108,1.);
#2108 = DIRECTION('',(0.868711682856,-0.495318091806));
#2109 = ( GEOMETRIC_REPRESENTATION_CONTEXT(2) 
PARAMETRIC_REPRESENTATION_CONTEXT() REPRESENTATION_CONTEXT('2D SPACE',''
  ) );
#2110 = PCURVE('',#2111,#2116);
#2111 = PLANE('',#2112);
#2112 = AXIS2_PLACEMENT_3D('',#2113,#2114,#2115);
#2113 = CARTESIAN_POINT('',(624.2,193.28544218585,228.70906275854));
#2114 = DIRECTION('',(-0.707106781187,-0.35024278156,0.614271921843));
#2115 = DIRECTION('',(-4.145501620308E-17,-0.868711682856,
    -0.495318091806));
#2116 = DEFINITIONAL_REPRESENTATION('',(#2117),#2121);
#2117 = LINE('',#2118,#2119);
#2118 = CARTESIAN_POINT('',(4.246603069191E-15,0.565685424949));
#2119 = VECTOR('',#2120,1.);
#2120 = DIRECTION('',(1.,-5.551115123126E-17));
#2121 = ( GEOMETRIC_REPRESENTATION_CONTEXT(2) 
PARAMETRIC_REPRESENTATION_CONTEXT() REPRESENTATION_CONTEXT('2D SPACE',''
  ) );
#2122 = ORIENTED_EDGE('',*,*,#2123,.T.);
#2123 = EDGE_CURVE('',#2096,#2124,#2126,.T.);
#2124 = VERTEX_POINT('',#2125);
#2125 = CARTESIAN_POINT('',(624.6,192.18784166496,228.65131614377));
#2126 = SURFACE_CURVE('',#2127,(#2131,#2138),.PCURVE_S1.);
#2127 = LINE('',#2128,#2129);
#2128 = CARTESIAN_POINT('',(624.6,192.69958714537,228.81576188968));
#2129 = VECTOR('',#2130,1.);
#2130 = DIRECTION('',(-7.173341203743E-17,-0.952052337024,
    -0.305935201581));
#2131 = PCURVE('',#372,#2132);
#2132 = DEFINITIONAL_REPRESENTATION('',(#2133),#2137);
#2133 = LINE('',#2134,#2135);
#2134 = CARTESIAN_POINT('',(7.661855715246,-27.73631390439));
#2135 = VECTOR('',#2136,1.);
#2136 = DIRECTION('',(0.952052337024,-0.305935201581));
#2137 = ( GEOMETRIC_REPRESENTATION_CONTEXT(2) 
PARAMETRIC_REPRESENTATION_CONTEXT() REPRESENTATION_CONTEXT('2D SPACE',''
  ) );
#2138 = PCURVE('',#2139,#2144);
#2139 = PLANE('',#2140);
#2140 = AXIS2_PLACEMENT_3D('',#2141,#2142,#2143);
#2141 = CARTESIAN_POINT('',(624.2,192.821961226,228.43494095487));
#2142 = DIRECTION('',(-0.707106781187,-0.216328855642,0.673202663554));
#2143 = DIRECTION('',(9.480004165635E-17,-0.952052337024,-0.305935201581
    ));
#2144 = DEFINITIONAL_REPRESENTATION('',(#2145),#2149);
#2145 = LINE('',#2146,#2147);
#2146 = CARTESIAN_POINT('',(-1.228184220992E-14,0.565685424949));
#2147 = VECTOR('',#2148,1.);
#2148 = DIRECTION('',(1.,5.551115123126E-17));
#2149 = ( GEOMETRIC_REPRESENTATION_CONTEXT(2) 
PARAMETRIC_REPRESENTATION_CONTEXT() REPRESENTATION_CONTEXT('2D SPACE',''
  ) );
#2150 = ORIENTED_EDGE('',*,*,#2151,.T.);
#2151 = EDGE_CURVE('',#2124,#2152,#2154,.T.);
#2152 = VERTEX_POINT('',#2153);
#2153 = CARTESIAN_POINT('',(624.6,191.69447825649,228.6));
#2154 = SURFACE_CURVE('',#2155,(#2159,#2166),.PCURVE_S1.);
#2155 = LINE('',#2156,#2157);
#2156 = CARTESIAN_POINT('',(624.6,192.27060546743,228.65992464435));
#2157 = VECTOR('',#2158,1.);
#2158 = DIRECTION('',(-9.894078976419E-17,-0.994634160917,-0.10345475309
    ));
#2159 = PCURVE('',#372,#2160);
#2160 = DEFINITIONAL_REPRESENTATION('',(#2161),#2165);
#2161 = LINE('',#2162,#2163);
#2162 = CARTESIAN_POINT('',(8.090837393184,-27.89215114972));
#2163 = VECTOR('',#2164,1.);
#2164 = DIRECTION('',(0.994634160917,-0.10345475309));
#2165 = ( GEOMETRIC_REPRESENTATION_CONTEXT(2) 
PARAMETRIC_REPRESENTATION_CONTEXT() REPRESENTATION_CONTEXT('2D SPACE',''
  ) );
#2166 = PCURVE('',#2167,#2172);
#2167 = PLANE('',#2168);
#2168 = AXIS2_PLACEMENT_3D('',#2169,#2170,#2171);
#2169 = CARTESIAN_POINT('',(624.2,192.31198736867,228.26207097998));
#2170 = DIRECTION('',(-0.707106781187,-7.315355745559E-02,0.703312559984
    ));
#2171 = DIRECTION('',(-1.197574714759E-16,-0.994634160917,-0.10345475309
    ));
#2172 = DEFINITIONAL_REPRESENTATION('',(#2173),#2177);
#2173 = LINE('',#2174,#2175);
#2174 = CARTESIAN_POINT('',(-4.51028103754E-15,0.565685424949));
#2175 = VECTOR('',#2176,1.);
#2176 = DIRECTION('',(1.,0.));
#2177 = ( GEOMETRIC_REPRESENTATION_CONTEXT(2) 
PARAMETRIC_REPRESENTATION_CONTEXT() REPRESENTATION_CONTEXT('2D SPACE',''
  ) );
#2178 = ORIENTED_EDGE('',*,*,#2179,.T.);
#2179 = EDGE_CURVE('',#2152,#2180,#2182,.T.);
#2180 = VERTEX_POINT('',#2181);
#2181 = CARTESIAN_POINT('',(624.6,165.7,228.6));
#2182 = SURFACE_CURVE('',#2183,(#2187,#2194),.PCURVE_S1.);
#2183 = LINE('',#2184,#2185);
#2184 = CARTESIAN_POINT('',(624.6,191.73597148071,228.6));
#2185 = VECTOR('',#2186,1.);
#2186 = DIRECTION('',(-1.110223024625E-16,-1.,0.));
#2187 = PCURVE('',#372,#2188);
#2188 = DEFINITIONAL_REPRESENTATION('',(#2189),#2193);
#2189 = LINE('',#2190,#2191);
#2190 = CARTESIAN_POINT('',(8.625471379905,-27.95207579408));
#2191 = VECTOR('',#2192,1.);
#2192 = DIRECTION('',(1.,0.));
#2193 = ( GEOMETRIC_REPRESENTATION_CONTEXT(2) 
PARAMETRIC_REPRESENTATION_CONTEXT() REPRESENTATION_CONTEXT('2D SPACE',''
  ) );
#2194 = PCURVE('',#2195,#2200);
#2195 = PLANE('',#2196);
#2196 = AXIS2_PLACEMENT_3D('',#2197,#2198,#2199);
#2197 = CARTESIAN_POINT('',(624.2,191.73597148071,228.2));
#2198 = DIRECTION('',(-0.707106781187,8.548778455282E-17,0.707106781187)
  );
#2199 = DIRECTION('',(-1.159601433972E-16,-1.,4.937840934654E-18));
#2200 = DEFINITIONAL_REPRESENTATION('',(#2201),#2205);
#2201 = LINE('',#2202,#2203);
#2202 = CARTESIAN_POINT('',(-4.4408920985E-17,0.565685424949));
#2203 = VECTOR('',#2204,1.);
#2204 = DIRECTION('',(1.,-1.232595164408E-32));
#2205 = ( GEOMETRIC_REPRESENTATION_CONTEXT(2) 
PARAMETRIC_REPRESENTATION_CONTEXT() REPRESENTATION_CONTEXT('2D SPACE',''
  ) );
#2206 = ORIENTED_EDGE('',*,*,#2207,.T.);
#2207 = EDGE_CURVE('',#2180,#2208,#2210,.T.);
#2208 = VERTEX_POINT('',#2209);
#2209 = CARTESIAN_POINT('',(624.6,165.27155645847,228.64606886356));
#2210 = SURFACE_CURVE('',#2211,(#2215,#2222),.PCURVE_S1.);
#2211 = LINE('',#2212,#2213);
#2212 = CARTESIAN_POINT('',(624.6,165.77841371226,228.59614778133));
#2213 = VECTOR('',#2214,1.);
#2214 = DIRECTION('',(-1.213697883309E-16,-0.995184726672,
    9.801714032956E-02));
#2215 = PCURVE('',#372,#2216);
#2216 = DEFINITIONAL_REPRESENTATION('',(#2217),#2221);
#2217 = LINE('',#2218,#2219);
#2218 = CARTESIAN_POINT('',(34.583029148357,-27.95592801274));
#2219 = VECTOR('',#2220,1.);
#2220 = DIRECTION('',(0.995184726672,9.801714032956E-02));
#2221 = ( GEOMETRIC_REPRESENTATION_CONTEXT(2) 
PARAMETRIC_REPRESENTATION_CONTEXT() REPRESENTATION_CONTEXT('2D SPACE',''
  ) );
#2222 = PCURVE('',#2223,#2228);
#2223 = PLANE('',#2224);
#2224 = AXIS2_PLACEMENT_3D('',#2225,#2226,#2227);
#2225 = CARTESIAN_POINT('',(624.2,165.73920685613,228.19807389066));
#2226 = DIRECTION('',(-0.707106781187,6.930858459955E-02,0.703701868763)
  );
#2227 = DIRECTION('',(-1.560642578504E-16,-0.995184726672,
    9.801714032956E-02));
#2228 = DEFINITIONAL_REPRESENTATION('',(#2229),#2233);
#2229 = LINE('',#2230,#2231);
#2230 = CARTESIAN_POINT('',(9.464651284929E-15,0.565685424949));
#2231 = VECTOR('',#2232,1.);
#2232 = DIRECTION('',(1.,4.163336342344E-17));
#2233 = ( GEOMETRIC_REPRESENTATION_CONTEXT(2) 
PARAMETRIC_REPRESENTATION_CONTEXT() REPRESENTATION_CONTEXT('2D SPACE',''
  ) );
#2234 = ORIENTED_EDGE('',*,*,#2235,.T.);
#2235 = EDGE_CURVE('',#2208,#2236,#2238,.T.);
#2236 = VERTEX_POINT('',#2237);
#2237 = CARTESIAN_POINT('',(624.6,164.85957776198,228.77104123486));
#2238 = SURFACE_CURVE('',#2239,(#2243,#2250),.PCURVE_S1.);
#2239 = LINE('',#2240,#2241);
#2240 = CARTESIAN_POINT('',(624.6,165.34695677575,228.62319642737));
#2241 = VECTOR('',#2242,1.);
#2242 = DIRECTION('',(-1.384697926306E-16,-0.956940335732,0.290284677254
    ));
#2243 = PCURVE('',#372,#2244);
#2244 = DEFINITIONAL_REPRESENTATION('',(#2245),#2249);
#2245 = LINE('',#2246,#2247);
#2246 = CARTESIAN_POINT('',(35.014486084866,-27.9288793667));
#2247 = VECTOR('',#2248,1.);
#2248 = DIRECTION('',(0.956940335732,0.290284677254));
#2249 = ( GEOMETRIC_REPRESENTATION_CONTEXT(2) 
PARAMETRIC_REPRESENTATION_CONTEXT() REPRESENTATION_CONTEXT('2D SPACE',''
  ) );
#2250 = PCURVE('',#2251,#2256);
#2251 = PLANE('',#2252);
#2252 = AXIS2_PLACEMENT_3D('',#2253,#2254,#2255);
#2253 = CARTESIAN_POINT('',(624.2,165.23084290485,228.24042029308));
#2254 = DIRECTION('',(-0.707106781187,0.205262263761,0.676659000587));
#2255 = DIRECTION('',(-1.662253682462E-16,-0.956940335732,0.290284677254
    ));
#2256 = DEFINITIONAL_REPRESENTATION('',(#2257),#2261);
#2257 = LINE('',#2258,#2259);
#2258 = CARTESIAN_POINT('',(-5.800915303666E-15,0.565685424949));
#2259 = VECTOR('',#2260,1.);
#2260 = DIRECTION('',(1.,2.775557561563E-17));
#2261 = ( GEOMETRIC_REPRESENTATION_CONTEXT(2) 
PARAMETRIC_REPRESENTATION_CONTEXT() REPRESENTATION_CONTEXT('2D SPACE',''
  ) );
#2262 = ORIENTED_EDGE('',*,*,#2263,.T.);
#2263 = EDGE_CURVE('',#2236,#2264,#2266,.T.);
#2264 = VERTEX_POINT('',#2265);
#2265 = CARTESIAN_POINT('',(624.6,164.47989602078,228.97398535365));
#2266 = SURFACE_CURVE('',#2267,(#2271,#2278),.PCURVE_S1.);
#2267 = LINE('',#2268,#2269);
#2268 = CARTESIAN_POINT('',(624.6,164.92906709236,228.73389841394));
#2269 = VECTOR('',#2270,1.);
#2270 = DIRECTION('',(-1.502484804543E-16,-0.881921264348,0.471396736826
    ));
#2271 = PCURVE('',#372,#2272);
#2272 = DEFINITIONAL_REPRESENTATION('',(#2273),#2277);
#2273 = LINE('',#2274,#2275);
#2274 = CARTESIAN_POINT('',(35.432375768256,-27.81817738013));
#2275 = VECTOR('',#2276,1.);
#2276 = DIRECTION('',(0.881921264348,0.471396736826));
#2277 = ( GEOMETRIC_REPRESENTATION_CONTEXT(2) 
PARAMETRIC_REPRESENTATION_CONTEXT() REPRESENTATION_CONTEXT('2D SPACE',''
  ) );
#2278 = PCURVE('',#2279,#2284);
#2279 = PLANE('',#2280);
#2280 = AXIS2_PLACEMENT_3D('',#2281,#2282,#2283);
#2281 = CARTESIAN_POINT('',(624.2,164.74050839763,228.3811299082));
#2282 = DIRECTION('',(-0.707106781187,0.333327829239,0.623612506493));
#2283 = DIRECTION('',(-3.922617799183E-17,-0.881921264348,0.471396736826
    ));
#2284 = DEFINITIONAL_REPRESENTATION('',(#2285),#2289);
#2285 = LINE('',#2286,#2287);
#2286 = CARTESIAN_POINT('',(-3.691491556879E-15,0.565685424949));
#2287 = VECTOR('',#2288,1.);
#2288 = DIRECTION('',(1.,5.551115123126E-17));
#2289 = ( GEOMETRIC_REPRESENTATION_CONTEXT(2) 
PARAMETRIC_REPRESENTATION_CONTEXT() REPRESENTATION_CONTEXT('2D SPACE',''
  ) );
#2290 = ORIENTED_EDGE('',*,*,#2291,.T.);
#2291 = EDGE_CURVE('',#2264,#2292,#2294,.T.);
#2292 = VERTEX_POINT('',#2293);
#2293 = CARTESIAN_POINT('',(624.6,164.14710219126,229.24710219126));
#2294 = SURFACE_CURVE('',#2295,(#2299,#2306),.PCURVE_S1.);
#2295 = LINE('',#2296,#2297);
#2296 = CARTESIAN_POINT('',(624.6,164.54080392827,228.92399952578));
#2297 = VECTOR('',#2298,1.);
#2298 = DIRECTION('',(-1.562532034345E-16,-0.773010453363,0.634393284164
    ));
#2299 = PCURVE('',#372,#2300);
#2300 = DEFINITIONAL_REPRESENTATION('',(#2301),#2305);
#2301 = LINE('',#2302,#2303);
#2302 = CARTESIAN_POINT('',(35.820638932349,-27.62807626829));
#2303 = VECTOR('',#2304,1.);
#2304 = DIRECTION('',(0.773010453363,0.634393284164));
#2305 = ( GEOMETRIC_REPRESENTATION_CONTEXT(2) 
PARAMETRIC_REPRESENTATION_CONTEXT() REPRESENTATION_CONTEXT('2D SPACE',''
  ) );
#2306 = PCURVE('',#2307,#2312);
#2307 = PLANE('',#2308);
#2308 = AXIS2_PLACEMENT_3D('',#2309,#2310,#2311);
#2309 = CARTESIAN_POINT('',(624.2,164.2870466146,228.61479534443));
#2310 = DIRECTION('',(-0.707106781187,0.448583793171,0.546600933501));
#2311 = DIRECTION('',(6.209029138031E-16,-0.773010453363,0.634393284164)
  );
#2312 = DEFINITIONAL_REPRESENTATION('',(#2313),#2317);
#2313 = LINE('',#2314,#2315);
#2314 = CARTESIAN_POINT('',(-1.010302952409E-14,0.565685424949));
#2315 = VECTOR('',#2316,1.);
#2316 = DIRECTION('',(1.,0.));
#2317 = ( GEOMETRIC_REPRESENTATION_CONTEXT(2) 
PARAMETRIC_REPRESENTATION_CONTEXT() REPRESENTATION_CONTEXT('2D SPACE',''
  ) );
#2318 = ORIENTED_EDGE('',*,*,#2319,.T.);
#2319 = EDGE_CURVE('',#2292,#2320,#2322,.T.);
#2320 = VERTEX_POINT('',#2321);
#2321 = CARTESIAN_POINT('',(624.6,163.87398535365,229.57989602078));
#2322 = SURFACE_CURVE('',#2323,(#2327,#2334),.PCURVE_S1.);
#2323 = LINE('',#2324,#2325);
#2324 = CARTESIAN_POINT('',(624.6,164.19708801913,229.18619428377));
#2325 = VECTOR('',#2326,1.);
#2326 = DIRECTION('',(-1.562532034345E-16,-0.634393284164,0.773010453363
    ));
#2327 = PCURVE('',#372,#2328);
#2328 = DEFINITIONAL_REPRESENTATION('',(#2329),#2333);
#2329 = LINE('',#2330,#2331);
#2330 = CARTESIAN_POINT('',(36.164354841491,-27.3658815103));
#2331 = VECTOR('',#2332,1.);
#2332 = DIRECTION('',(0.634393284164,0.773010453363));
#2333 = ( GEOMETRIC_REPRESENTATION_CONTEXT(2) 
PARAMETRIC_REPRESENTATION_CONTEXT() REPRESENTATION_CONTEXT('2D SPACE',''
  ) );
#2334 = PCURVE('',#2335,#2340);
#2335 = PLANE('',#2336);
#2336 = AXIS2_PLACEMENT_3D('',#2337,#2338,#2339);
#2337 = CARTESIAN_POINT('',(624.2,163.88788383778,228.9324369701));
#2338 = DIRECTION('',(-0.707106781187,0.546600933501,0.448583793171));
#2339 = DIRECTION('',(3.711027332624E-16,-0.634393284164,0.773010453363)
  );
#2340 = DEFINITIONAL_REPRESENTATION('',(#2341),#2345);
#2341 = LINE('',#2342,#2343);
#2342 = CARTESIAN_POINT('',(2.581268532253E-15,0.565685424949));
#2343 = VECTOR('',#2344,1.);
#2344 = DIRECTION('',(1.,0.));
#2345 = ( GEOMETRIC_REPRESENTATION_CONTEXT(2) 
PARAMETRIC_REPRESENTATION_CONTEXT() REPRESENTATION_CONTEXT('2D SPACE',''
  ) );
#2346 = ORIENTED_EDGE('',*,*,#2347,.T.);
#2347 = EDGE_CURVE('',#2320,#2348,#2350,.T.);
#2348 = VERTEX_POINT('',#2349);
#2349 = CARTESIAN_POINT('',(624.6,163.67104123486,229.95957776198));
#2350 = SURFACE_CURVE('',#2351,(#2355,#2362),.PCURVE_S1.);
#2351 = LINE('',#2352,#2353);
#2352 = CARTESIAN_POINT('',(624.6,163.91112817457,229.5104066904));
#2353 = VECTOR('',#2354,1.);
#2354 = DIRECTION('',(-1.502484804543E-16,-0.471396736826,0.881921264348
    ));
#2355 = PCURVE('',#372,#2356);
#2356 = DEFINITIONAL_REPRESENTATION('',(#2357),#2361);
#2357 = LINE('',#2358,#2359);
#2358 = CARTESIAN_POINT('',(36.45031468605,-27.04166910367));
#2359 = VECTOR('',#2360,1.);
#2360 = DIRECTION('',(0.471396736826,0.881921264348));
#2361 = ( GEOMETRIC_REPRESENTATION_CONTEXT(2) 
PARAMETRIC_REPRESENTATION_CONTEXT() REPRESENTATION_CONTEXT('2D SPACE',''
  ) );
#2362 = PCURVE('',#2363,#2368);
#2363 = PLANE('',#2364);
#2364 = AXIS2_PLACEMENT_3D('',#2365,#2366,#2367);
#2365 = CARTESIAN_POINT('',(624.2,163.55835966883,229.32184799567));
#2366 = DIRECTION('',(-0.707106781187,0.623612506493,0.333327829239));
#2367 = DIRECTION('',(1.628497323943E-17,-0.471396736826,0.881921264348)
  );
#2368 = DEFINITIONAL_REPRESENTATION('',(#2369),#2373);
#2369 = LINE('',#2370,#2371);
#2370 = CARTESIAN_POINT('',(8.076872504148E-15,0.565685424949));
#2371 = VECTOR('',#2372,1.);
#2372 = DIRECTION('',(1.,5.551115123126E-17));
#2373 = ( GEOMETRIC_REPRESENTATION_CONTEXT(2) 
PARAMETRIC_REPRESENTATION_CONTEXT() REPRESENTATION_CONTEXT('2D SPACE',''
  ) );
#2374 = ORIENTED_EDGE('',*,*,#2375,.T.);
#2375 = EDGE_CURVE('',#2348,#2376,#2378,.T.);
#2376 = VERTEX_POINT('',#2377);
#2377 = CARTESIAN_POINT('',(624.6,163.54606886356,230.37155645847));
#2378 = SURFACE_CURVE('',#2379,(#2383,#2390),.PCURVE_S1.);
#2379 = LINE('',#2380,#2381);
#2380 = CARTESIAN_POINT('',(624.6,163.69391367105,229.8841774447));
#2381 = VECTOR('',#2382,1.);
#2382 = DIRECTION('',(-1.384697926306E-16,-0.290284677254,0.956940335732
    ));
#2383 = PCURVE('',#372,#2384);
#2384 = DEFINITIONAL_REPRESENTATION('',(#2385),#2389);
#2385 = LINE('',#2386,#2387);
#2386 = CARTESIAN_POINT('',(36.667529189569,-26.66789834937));
#2387 = VECTOR('',#2388,1.);
#2388 = DIRECTION('',(0.290284677254,0.956940335732));
#2389 = ( GEOMETRIC_REPRESENTATION_CONTEXT(2) 
PARAMETRIC_REPRESENTATION_CONTEXT() REPRESENTATION_CONTEXT('2D SPACE',''
  ) );
#2390 = PCURVE('',#2391,#2396);
#2391 = PLANE('',#2392);
#2392 = AXIS2_PLACEMENT_3D('',#2393,#2394,#2395);
#2393 = CARTESIAN_POINT('',(624.2,163.31113753675,229.7680635738));
#2394 = DIRECTION('',(-0.707106781187,0.676659000587,0.205262263761));
#2395 = DIRECTION('',(-1.082159363562E-15,-0.290284677254,0.956940335732
    ));
#2396 = DEFINITIONAL_REPRESENTATION('',(#2397),#2401);
#2397 = LINE('',#2398,#2399);
#2398 = CARTESIAN_POINT('',(8.479328350575E-15,0.565685424949));
#2399 = VECTOR('',#2400,1.);
#2400 = DIRECTION('',(1.,-2.775557561563E-17));
#2401 = ( GEOMETRIC_REPRESENTATION_CONTEXT(2) 
PARAMETRIC_REPRESENTATION_CONTEXT() REPRESENTATION_CONTEXT('2D SPACE',''
  ) );
#2402 = ORIENTED_EDGE('',*,*,#2403,.T.);
#2403 = EDGE_CURVE('',#2376,#598,#2404,.T.);
#2404 = SURFACE_CURVE('',#2405,(#2409,#2416),.PCURVE_S1.);
#2405 = LINE('',#2406,#2407);
#2406 = CARTESIAN_POINT('',(624.6,163.55379194012,230.29314274621));
#2407 = VECTOR('',#2408,1.);
#2408 = DIRECTION('',(-1.213697883309E-16,-9.801714032956E-02,
    0.995184726672));
#2409 = PCURVE('',#372,#2410);
#2410 = DEFINITIONAL_REPRESENTATION('',(#2411),#2415);
#2411 = LINE('',#2412,#2413);
#2412 = CARTESIAN_POINT('',(36.807650920493,-26.25893304786));
#2413 = VECTOR('',#2414,1.);
#2414 = DIRECTION('',(9.801714032956E-02,0.995184726672));
#2415 = ( GEOMETRIC_REPRESENTATION_CONTEXT(2) 
PARAMETRIC_REPRESENTATION_CONTEXT() REPRESENTATION_CONTEXT('2D SPACE',''
  ) );
#2416 = PCURVE('',#507,#2417);
#2417 = DEFINITIONAL_REPRESENTATION('',(#2418),#2422);
#2418 = LINE('',#2419,#2420);
#2419 = CARTESIAN_POINT('',(-1.330185961379E-14,0.565685424949));
#2420 = VECTOR('',#2421,1.);
#2421 = DIRECTION('',(1.,-1.387778780781E-17));
#2422 = ( GEOMETRIC_REPRESENTATION_CONTEXT(2) 
PARAMETRIC_REPRESENTATION_CONTEXT() REPRESENTATION_CONTEXT('2D SPACE',''
  ) );
#2423 = ORIENTED_EDGE('',*,*,#621,.T.);
#2424 = ORIENTED_EDGE('',*,*,#358,.T.);
#2425 = ORIENTED_EDGE('',*,*,#2426,.T.);
#2426 = EDGE_CURVE('',#331,#2427,#2429,.T.);
#2427 = VERTEX_POINT('',#2428);
#2428 = CARTESIAN_POINT('',(624.6,163.67104123486,272.44042223801));
#2429 = SURFACE_CURVE('',#2430,(#2434,#2441),.PCURVE_S1.);
#2430 = LINE('',#2431,#2432);
#2431 = CARTESIAN_POINT('',(624.6,163.52319642737,271.95304322424));
#2432 = VECTOR('',#2433,1.);
#2433 = DIRECTION('',(-7.401364615387E-17,0.290284677254,0.956940335732)
  );
#2434 = PCURVE('',#372,#2435);
#2435 = DEFINITIONAL_REPRESENTATION('',(#2436),#2440);
#2436 = LINE('',#2437,#2438);
#2437 = CARTESIAN_POINT('',(36.838246433245,15.400967430164));
#2438 = VECTOR('',#2439,1.);
#2439 = DIRECTION('',(-0.290284677254,0.956940335732));
#2440 = ( GEOMETRIC_REPRESENTATION_CONTEXT(2) 
PARAMETRIC_REPRESENTATION_CONTEXT() REPRESENTATION_CONTEXT('2D SPACE',''
  ) );
#2441 = PCURVE('',#346,#2442);
#2442 = DEFINITIONAL_REPRESENTATION('',(#2443),#2447);
#2443 = LINE('',#2444,#2445);
#2444 = CARTESIAN_POINT('',(2.685351940812E-14,0.565685424949));
#2445 = VECTOR('',#2446,1.);
#2446 = DIRECTION('',(1.,2.775557561563E-17));
#2447 = ( GEOMETRIC_REPRESENTATION_CONTEXT(2) 
PARAMETRIC_REPRESENTATION_CONTEXT() REPRESENTATION_CONTEXT('2D SPACE',''
  ) );
#2448 = ORIENTED_EDGE('',*,*,#2449,.T.);
#2449 = EDGE_CURVE('',#2427,#2450,#2452,.T.);
#2450 = VERTEX_POINT('',#2451);
#2451 = CARTESIAN_POINT('',(624.6,163.87398535365,272.82010397921));
#2452 = SURFACE_CURVE('',#2453,(#2457,#2464),.PCURVE_S1.);
#2453 = LINE('',#2454,#2455);
#2454 = CARTESIAN_POINT('',(624.6,163.63389841394,272.37093290763));
#2455 = VECTOR('',#2456,1.);
#2456 = DIRECTION('',(-4.557737826287E-17,0.471396736826,0.881921264348)
  );
#2457 = PCURVE('',#372,#2458);
#2458 = DEFINITIONAL_REPRESENTATION('',(#2459),#2463);
#2459 = LINE('',#2460,#2461);
#2460 = CARTESIAN_POINT('',(36.727544446676,15.818857113554));
#2461 = VECTOR('',#2462,1.);
#2462 = DIRECTION('',(-0.471396736826,0.881921264348));
#2463 = ( GEOMETRIC_REPRESENTATION_CONTEXT(2) 
PARAMETRIC_REPRESENTATION_CONTEXT() REPRESENTATION_CONTEXT('2D SPACE',''
  ) );
#2464 = PCURVE('',#2465,#2470);
#2465 = PLANE('',#2466);
#2466 = AXIS2_PLACEMENT_3D('',#2467,#2468,#2469);
#2467 = CARTESIAN_POINT('',(624.2,163.2811299082,272.55949160236));
#2468 = DIRECTION('',(-0.707106781187,0.623612506493,-0.333327829239));
#2469 = DIRECTION('',(3.985118315872E-16,0.471396736826,0.881921264348)
  );
#2470 = DEFINITIONAL_REPRESENTATION('',(#2471),#2475);
#2471 = LINE('',#2472,#2473);
#2472 = CARTESIAN_POINT('',(1.91791027504E-14,0.565685424949));
#2473 = VECTOR('',#2474,1.);
#2474 = DIRECTION('',(1.,0.));
#2475 = ( GEOMETRIC_REPRESENTATION_CONTEXT(2) 
PARAMETRIC_REPRESENTATION_CONTEXT() REPRESENTATION_CONTEXT('2D SPACE',''
  ) );
#2476 = ORIENTED_EDGE('',*,*,#2477,.T.);
#2477 = EDGE_CURVE('',#2450,#2478,#2480,.T.);
#2478 = VERTEX_POINT('',#2479);
#2479 = CARTESIAN_POINT('',(624.6,164.14710219126,273.15289780874));
#2480 = SURFACE_CURVE('',#2481,(#2485,#2492),.PCURVE_S1.);
#2481 = LINE('',#2482,#2483);
#2482 = CARTESIAN_POINT('',(624.6,163.82399952578,272.75919607172));
#2483 = VECTOR('',#2484,1.);
#2484 = DIRECTION('',(-1.538959728532E-17,0.634393284164,0.773010453363)
  );
#2485 = PCURVE('',#372,#2486);
#2486 = DEFINITIONAL_REPRESENTATION('',(#2487),#2491);
#2487 = LINE('',#2488,#2489);
#2488 = CARTESIAN_POINT('',(36.537443334839,16.207120277647));
#2489 = VECTOR('',#2490,1.);
#2490 = DIRECTION('',(-0.634393284164,0.773010453363));
#2491 = ( GEOMETRIC_REPRESENTATION_CONTEXT(2) 
PARAMETRIC_REPRESENTATION_CONTEXT() REPRESENTATION_CONTEXT('2D SPACE',''
  ) );
#2492 = PCURVE('',#2493,#2498);
#2493 = PLANE('',#2494);
#2494 = AXIS2_PLACEMENT_3D('',#2495,#2496,#2497);
#2495 = CARTESIAN_POINT('',(624.2,163.51479534443,273.01295338539));
#2496 = DIRECTION('',(-0.707106781187,0.546600933501,-0.448583793171));
#2497 = DIRECTION('',(-3.207009290572E-16,0.634393284164,0.773010453363)
  );
#2498 = DEFINITIONAL_REPRESENTATION('',(#2499),#2503);
#2499 = LINE('',#2500,#2501);
#2500 = CARTESIAN_POINT('',(-2.636779683485E-15,0.565685424949));
#2501 = VECTOR('',#2502,1.);
#2502 = DIRECTION('',(1.,-1.110223024625E-16));
#2503 = ( GEOMETRIC_REPRESENTATION_CONTEXT(2) 
PARAMETRIC_REPRESENTATION_CONTEXT() REPRESENTATION_CONTEXT('2D SPACE',''
  ) );
#2504 = ORIENTED_EDGE('',*,*,#2505,.T.);
#2505 = EDGE_CURVE('',#2478,#2506,#2508,.T.);
#2506 = VERTEX_POINT('',#2507);
#2507 = CARTESIAN_POINT('',(624.6,164.47989602078,273.42601464634));
#2508 = SURFACE_CURVE('',#2509,(#2513,#2520),.PCURVE_S1.);
#2509 = LINE('',#2510,#2511);
#2510 = CARTESIAN_POINT('',(624.6,164.08619428377,273.10291198086));
#2511 = VECTOR('',#2512,1.);
#2512 = DIRECTION('',(1.538959728532E-17,0.773010453363,0.634393284164)
  );
#2513 = PCURVE('',#372,#2514);
#2514 = DEFINITIONAL_REPRESENTATION('',(#2515),#2519);
#2515 = LINE('',#2516,#2517);
#2516 = CARTESIAN_POINT('',(36.27524857685,16.550836186789));
#2517 = VECTOR('',#2518,1.);
#2518 = DIRECTION('',(-0.773010453363,0.634393284164));
#2519 = ( GEOMETRIC_REPRESENTATION_CONTEXT(2) 
PARAMETRIC_REPRESENTATION_CONTEXT() REPRESENTATION_CONTEXT('2D SPACE',''
  ) );
#2520 = PCURVE('',#2521,#2526);
#2521 = PLANE('',#2522);
#2522 = AXIS2_PLACEMENT_3D('',#2523,#2524,#2525);
#2523 = CARTESIAN_POINT('',(624.2,163.8324369701,273.41211616221));
#2524 = DIRECTION('',(-0.707106781187,0.448583793171,-0.546600933501));
#2525 = DIRECTION('',(-4.286996125647E-16,0.773010453363,0.634393284164)
  );
#2526 = DEFINITIONAL_REPRESENTATION('',(#2527),#2531);
#2527 = LINE('',#2528,#2529);
#2528 = CARTESIAN_POINT('',(8.215650382226E-15,0.565685424949));
#2529 = VECTOR('',#2530,1.);
#2530 = DIRECTION('',(1.,0.));
#2531 = ( GEOMETRIC_REPRESENTATION_CONTEXT(2) 
PARAMETRIC_REPRESENTATION_CONTEXT() REPRESENTATION_CONTEXT('2D SPACE',''
  ) );
#2532 = ORIENTED_EDGE('',*,*,#2533,.T.);
#2533 = EDGE_CURVE('',#2506,#1618,#2534,.T.);
#2534 = SURFACE_CURVE('',#2535,(#2539,#2546),.PCURVE_S1.);
#2535 = LINE('',#2536,#2537);
#2536 = CARTESIAN_POINT('',(624.6,164.4104066904,273.38887182542));
#2537 = VECTOR('',#2538,1.);
#2538 = DIRECTION('',(4.557737826287E-17,0.881921264348,0.471396736826)
  );
#2539 = PCURVE('',#372,#2540);
#2540 = DEFINITIONAL_REPRESENTATION('',(#2541),#2545);
#2541 = LINE('',#2542,#2543);
#2542 = CARTESIAN_POINT('',(35.951036170219,16.836796031349));
#2543 = VECTOR('',#2544,1.);
#2544 = DIRECTION('',(-0.881921264348,0.471396736826));
#2545 = ( GEOMETRIC_REPRESENTATION_CONTEXT(2) 
PARAMETRIC_REPRESENTATION_CONTEXT() REPRESENTATION_CONTEXT('2D SPACE',''
  ) );
#2546 = PCURVE('',#2547,#2552);
#2547 = PLANE('',#2548);
#2548 = AXIS2_PLACEMENT_3D('',#2549,#2550,#2551);
#2549 = CARTESIAN_POINT('',(624.2,164.22184799567,273.74164033116));
#2550 = DIRECTION('',(-0.707106781187,0.333327829239,-0.623612506493));
#2551 = DIRECTION('',(1.84355256341E-16,0.881921264348,0.471396736826));
#2552 = DEFINITIONAL_REPRESENTATION('',(#2553),#2557);
#2553 = LINE('',#2554,#2555);
#2554 = CARTESIAN_POINT('',(7.93809462607E-15,0.565685424949));
#2555 = VECTOR('',#2556,1.);
#2556 = DIRECTION('',(1.,0.));
#2557 = ( GEOMETRIC_REPRESENTATION_CONTEXT(2) 
PARAMETRIC_REPRESENTATION_CONTEXT() REPRESENTATION_CONTEXT('2D SPACE',''
  ) );
#2558 = ADVANCED_FACE('',(#2559),#346,.F.);
#2559 = FACE_BOUND('',#2560,.F.);
#2560 = EDGE_LOOP('',(#2561,#2562,#2563,#2584));
#2561 = ORIENTED_EDGE('',*,*,#330,.F.);
#2562 = ORIENTED_EDGE('',*,*,#388,.T.);
#2563 = ORIENTED_EDGE('',*,*,#2564,.T.);
#2564 = EDGE_CURVE('',#389,#2427,#2565,.T.);
#2565 = SURFACE_CURVE('',#2566,(#2570,#2577),.PCURVE_S1.);
#2566 = LINE('',#2567,#2568);
#2567 = CARTESIAN_POINT('',(624.21248012516,163.31128724025,
    272.5894372217));
#2568 = VECTOR('',#2569,1.);
#2569 = DIRECTION('',(0.705398161813,0.654856235736,-0.271250334246));
#2570 = PCURVE('',#346,#2571);
#2571 = DEFINITIONAL_REPRESENTATION('',(#2572),#2576);
#2572 = LINE('',#2573,#2574);
#2573 = CARTESIAN_POINT('',(0.547477095593,1.76495622744E-02));
#2574 = VECTOR('',#2575,1.);
#2575 = DIRECTION('',(-6.94756548825E-02,0.997583647309));
#2576 = ( GEOMETRIC_REPRESENTATION_CONTEXT(2) 
PARAMETRIC_REPRESENTATION_CONTEXT() REPRESENTATION_CONTEXT('2D SPACE',''
  ) );
#2577 = PCURVE('',#2465,#2578);
#2578 = DEFINITIONAL_REPRESENTATION('',(#2579),#2583);
#2579 = LINE('',#2580,#2581);
#2580 = CARTESIAN_POINT('',(4.0625746385E-02,1.764956227439E-02));
#2581 = VECTOR('',#2582,1.);
#2582 = DIRECTION('',(6.947565488258E-02,0.997583647309));
#2583 = ( GEOMETRIC_REPRESENTATION_CONTEXT(2) 
PARAMETRIC_REPRESENTATION_CONTEXT() REPRESENTATION_CONTEXT('2D SPACE',''
  ) );
#2584 = ORIENTED_EDGE('',*,*,#2426,.F.);
#2585 = ADVANCED_FACE('',(#2586),#427,.T.);
#2586 = FACE_BOUND('',#2587,.T.);
#2587 = EDGE_LOOP('',(#2588,#2589,#2612,#2640));
#2588 = ORIENTED_EDGE('',*,*,#411,.T.);
#2589 = ORIENTED_EDGE('',*,*,#2590,.T.);
#2590 = EDGE_CURVE('',#389,#2591,#2593,.T.);
#2591 = VERTEX_POINT('',#2592);
#2592 = CARTESIAN_POINT('',(623.8,163.20559116309,273.26671069905));
#2593 = SURFACE_CURVE('',#2594,(#2598,#2605),.PCURVE_S1.);
#2594 = LINE('',#2595,#2596);
#2595 = CARTESIAN_POINT('',(623.8,162.92836140246,272.74805029709));
#2596 = VECTOR('',#2597,1.);
#2597 = DIRECTION('',(-4.557737826287E-17,0.471396736826,0.881921264348)
  );
#2598 = PCURVE('',#427,#2599);
#2599 = DEFINITIONAL_REPRESENTATION('',(#2600),#2604);
#2600 = LINE('',#2601,#2602);
#2601 = CARTESIAN_POINT('',(-5.423708013281E-16,-11.9));
#2602 = VECTOR('',#2603,1.);
#2603 = DIRECTION('',(1.,0.));
#2604 = ( GEOMETRIC_REPRESENTATION_CONTEXT(2) 
PARAMETRIC_REPRESENTATION_CONTEXT() REPRESENTATION_CONTEXT('2D SPACE',''
  ) );
#2605 = PCURVE('',#2465,#2606);
#2606 = DEFINITIONAL_REPRESENTATION('',(#2607),#2611);
#2607 = LINE('',#2608,#2609);
#2608 = CARTESIAN_POINT('',(4.438116540939E-14,-0.565685424949));
#2609 = VECTOR('',#2610,1.);
#2610 = DIRECTION('',(1.,0.));
#2611 = ( GEOMETRIC_REPRESENTATION_CONTEXT(2) 
PARAMETRIC_REPRESENTATION_CONTEXT() REPRESENTATION_CONTEXT('2D SPACE',''
  ) );
#2612 = ORIENTED_EDGE('',*,*,#2613,.F.);
#2613 = EDGE_CURVE('',#2614,#2591,#2616,.T.);
#2614 = VERTEX_POINT('',#2615);
#2615 = CARTESIAN_POINT('',(612.7,163.20559116309,273.26671069905));
#2616 = SURFACE_CURVE('',#2617,(#2621,#2628),.PCURVE_S1.);
#2617 = LINE('',#2618,#2619);
#2618 = CARTESIAN_POINT('',(611.9,163.20559116309,273.26671069905));
#2619 = VECTOR('',#2620,1.);
#2620 = DIRECTION('',(1.,-1.110223024625E-16,1.110223024625E-16));
#2621 = PCURVE('',#427,#2622);
#2622 = DEFINITIONAL_REPRESENTATION('',(#2623),#2627);
#2623 = LINE('',#2624,#2625);
#2624 = CARTESIAN_POINT('',(0.588102841977,-2.680418568627E-17));
#2625 = VECTOR('',#2626,1.);
#2626 = DIRECTION('',(0.,-1.));
#2627 = ( GEOMETRIC_REPRESENTATION_CONTEXT(2) 
PARAMETRIC_REPRESENTATION_CONTEXT() REPRESENTATION_CONTEXT('2D SPACE',''
  ) );
#2628 = PCURVE('',#2629,#2634);
#2629 = PLANE('',#2630);
#2630 = AXIS2_PLACEMENT_3D('',#2631,#2632,#2633);
#2631 = CARTESIAN_POINT('',(611.9,163.20559116309,273.26671069905));
#2632 = DIRECTION('',(-1.562532034345E-16,-0.773010453363,0.634393284164
    ));
#2633 = DIRECTION('',(-1.538959728532E-17,0.634393284164,0.773010453363)
  );
#2634 = DEFINITIONAL_REPRESENTATION('',(#2635),#2639);
#2635 = LINE('',#2636,#2637);
#2636 = CARTESIAN_POINT('',(0.,0.));
#2637 = VECTOR('',#2638,1.);
#2638 = DIRECTION('',(0.,-1.));
#2639 = ( GEOMETRIC_REPRESENTATION_CONTEXT(2) 
PARAMETRIC_REPRESENTATION_CONTEXT() REPRESENTATION_CONTEXT('2D SPACE',''
  ) );
#2640 = ORIENTED_EDGE('',*,*,#2641,.F.);
#2641 = EDGE_CURVE('',#412,#2614,#2642,.T.);
#2642 = SURFACE_CURVE('',#2643,(#2647,#2654),.PCURVE_S1.);
#2643 = LINE('',#2644,#2645);
#2644 = CARTESIAN_POINT('',(612.7,162.92836140246,272.74805029709));
#2645 = VECTOR('',#2646,1.);
#2646 = DIRECTION('',(-4.557737826287E-17,0.471396736826,0.881921264348)
  );
#2647 = PCURVE('',#427,#2648);
#2648 = DEFINITIONAL_REPRESENTATION('',(#2649),#2653);
#2649 = LINE('',#2650,#2651);
#2650 = CARTESIAN_POINT('',(-3.64619026103E-17,-0.8));
#2651 = VECTOR('',#2652,1.);
#2652 = DIRECTION('',(1.,0.));
#2653 = ( GEOMETRIC_REPRESENTATION_CONTEXT(2) 
PARAMETRIC_REPRESENTATION_CONTEXT() REPRESENTATION_CONTEXT('2D SPACE',''
  ) );
#2654 = PCURVE('',#663,#2655);
#2655 = DEFINITIONAL_REPRESENTATION('',(#2656),#2660);
#2656 = LINE('',#2657,#2658);
#2657 = CARTESIAN_POINT('',(4.432565425816E-14,-0.565685424949));
#2658 = VECTOR('',#2659,1.);
#2659 = DIRECTION('',(1.,1.110223024625E-16));
#2660 = ( GEOMETRIC_REPRESENTATION_CONTEXT(2) 
PARAMETRIC_REPRESENTATION_CONTEXT() REPRESENTATION_CONTEXT('2D SPACE',''
  ) );
#2661 = ADVANCED_FACE('',(#2662),#481,.T.);
#2662 = FACE_BOUND('',#2663,.T.);
#2663 = EDGE_LOOP('',(#2664,#2694,#2715,#2716));
#2664 = ORIENTED_EDGE('',*,*,#2665,.T.);
#2665 = EDGE_CURVE('',#2666,#2668,#2670,.T.);
#2666 = VERTEX_POINT('',#2667);
#2667 = CARTESIAN_POINT('',(612.7,162.92836140246,229.6519497029));
#2668 = VERTEX_POINT('',#2669);
#2669 = CARTESIAN_POINT('',(623.8,162.92836140246,229.6519497029));
#2670 = SURFACE_CURVE('',#2671,(#2675,#2682),.PCURVE_S1.);
#2671 = LINE('',#2672,#2673);
#2672 = CARTESIAN_POINT('',(611.9,162.92836140246,229.6519497029));
#2673 = VECTOR('',#2674,1.);
#2674 = DIRECTION('',(1.,-1.110223024625E-16,1.110223024625E-16));
#2675 = PCURVE('',#481,#2676);
#2676 = DEFINITIONAL_REPRESENTATION('',(#2677),#2681);
#2677 = LINE('',#2678,#2679);
#2678 = CARTESIAN_POINT('',(0.,0.));
#2679 = VECTOR('',#2680,1.);
#2680 = DIRECTION('',(0.,-1.));
#2681 = ( GEOMETRIC_REPRESENTATION_CONTEXT(2) 
PARAMETRIC_REPRESENTATION_CONTEXT() REPRESENTATION_CONTEXT('2D SPACE',''
  ) );
#2682 = PCURVE('',#2683,#2688);
#2683 = PLANE('',#2684);
#2684 = AXIS2_PLACEMENT_3D('',#2685,#2686,#2687);
#2685 = CARTESIAN_POINT('',(611.9,163.20559116309,229.13328930094));
#2686 = DIRECTION('',(-4.557737826287E-17,-0.881921264348,
    -0.471396736826));
#2687 = DIRECTION('',(-1.502484804543E-16,-0.471396736826,0.881921264348
    ));
#2688 = DEFINITIONAL_REPRESENTATION('',(#2689),#2693);
#2689 = LINE('',#2690,#2691);
#2690 = CARTESIAN_POINT('',(0.588102841977,-8.836155835798E-17));
#2691 = VECTOR('',#2692,1.);
#2692 = DIRECTION('',(0.,-1.));
#2693 = ( GEOMETRIC_REPRESENTATION_CONTEXT(2) 
PARAMETRIC_REPRESENTATION_CONTEXT() REPRESENTATION_CONTEXT('2D SPACE',''
  ) );
#2694 = ORIENTED_EDGE('',*,*,#2695,.T.);
#2695 = EDGE_CURVE('',#2668,#466,#2696,.T.);
#2696 = SURFACE_CURVE('',#2697,(#2701,#2708),.PCURVE_S1.);
#2697 = LINE('',#2698,#2699);
#2698 = CARTESIAN_POINT('',(623.8,162.92836140246,229.6519497029));
#2699 = VECTOR('',#2700,1.);
#2700 = DIRECTION('',(-1.384697926306E-16,-0.290284677254,0.956940335732
    ));
#2701 = PCURVE('',#481,#2702);
#2702 = DEFINITIONAL_REPRESENTATION('',(#2703),#2707);
#2703 = LINE('',#2704,#2705);
#2704 = CARTESIAN_POINT('',(-1.647790532304E-15,-11.9));
#2705 = VECTOR('',#2706,1.);
#2706 = DIRECTION('',(1.,0.));
#2707 = ( GEOMETRIC_REPRESENTATION_CONTEXT(2) 
PARAMETRIC_REPRESENTATION_CONTEXT() REPRESENTATION_CONTEXT('2D SPACE',''
  ) );
#2708 = PCURVE('',#2391,#2709);
#2709 = DEFINITIONAL_REPRESENTATION('',(#2710),#2714);
#2710 = LINE('',#2711,#2712);
#2711 = CARTESIAN_POINT('',(-8.479328350575E-15,-0.565685424949));
#2712 = VECTOR('',#2713,1.);
#2713 = DIRECTION('',(1.,-2.775557561563E-17));
#2714 = ( GEOMETRIC_REPRESENTATION_CONTEXT(2) 
PARAMETRIC_REPRESENTATION_CONTEXT() REPRESENTATION_CONTEXT('2D SPACE',''
  ) );
#2715 = ORIENTED_EDGE('',*,*,#463,.F.);
#2716 = ORIENTED_EDGE('',*,*,#2717,.F.);
#2717 = EDGE_CURVE('',#2666,#464,#2718,.T.);
#2718 = SURFACE_CURVE('',#2719,(#2723,#2730),.PCURVE_S1.);
#2719 = LINE('',#2720,#2721);
#2720 = CARTESIAN_POINT('',(612.7,162.92836140246,229.6519497029));
#2721 = VECTOR('',#2722,1.);
#2722 = DIRECTION('',(-1.384697926306E-16,-0.290284677254,0.956940335732
    ));
#2723 = PCURVE('',#481,#2724);
#2724 = DEFINITIONAL_REPRESENTATION('',(#2725),#2729);
#2725 = LINE('',#2726,#2727);
#2726 = CARTESIAN_POINT('',(-1.107758341045E-16,-0.8));
#2727 = VECTOR('',#2728,1.);
#2728 = DIRECTION('',(1.,0.));
#2729 = ( GEOMETRIC_REPRESENTATION_CONTEXT(2) 
PARAMETRIC_REPRESENTATION_CONTEXT() REPRESENTATION_CONTEXT('2D SPACE',''
  ) );
#2730 = PCURVE('',#1531,#2731);
#2731 = DEFINITIONAL_REPRESENTATION('',(#2732),#2736);
#2732 = LINE('',#2733,#2734);
#2733 = CARTESIAN_POINT('',(-8.590350653037E-15,-0.565685424949));
#2734 = VECTOR('',#2735,1.);
#2735 = DIRECTION('',(1.,2.775557561563E-17));
#2736 = ( GEOMETRIC_REPRESENTATION_CONTEXT(2) 
PARAMETRIC_REPRESENTATION_CONTEXT() REPRESENTATION_CONTEXT('2D SPACE',''
  ) );
#2737 = ADVANCED_FACE('',(#2738),#534,.T.);
#2738 = FACE_BOUND('',#2739,.T.);
#2739 = EDGE_LOOP('',(#2740,#2761,#2762,#2763));
#2740 = ORIENTED_EDGE('',*,*,#2741,.F.);
#2741 = EDGE_CURVE('',#464,#1516,#2742,.T.);
#2742 = SURFACE_CURVE('',#2743,(#2747,#2754),.PCURVE_S1.);
#2743 = LINE('',#2744,#2745);
#2744 = CARTESIAN_POINT('',(612.28751987483,163.16415605993,
    230.29558927857));
#2745 = VECTOR('',#2746,1.);
#2746 = DIRECTION('',(-0.705398161813,0.695191671845,0.138282221229));
#2747 = PCURVE('',#534,#2748);
#2748 = DEFINITIONAL_REPRESENTATION('',(#2749),#2753);
#2749 = LINE('',#2750,#2751);
#2750 = CARTESIAN_POINT('',(4.062574638488E-02,1.764956227453E-02));
#2751 = VECTOR('',#2752,1.);
#2752 = DIRECTION('',(6.947565488246E-02,0.997583647309));
#2753 = ( GEOMETRIC_REPRESENTATION_CONTEXT(2) 
PARAMETRIC_REPRESENTATION_CONTEXT() REPRESENTATION_CONTEXT('2D SPACE',''
  ) );
#2754 = PCURVE('',#1531,#2755);
#2755 = DEFINITIONAL_REPRESENTATION('',(#2756),#2760);
#2756 = LINE('',#2757,#2758);
#2757 = CARTESIAN_POINT('',(0.547477095593,1.764956227452E-02));
#2758 = VECTOR('',#2759,1.);
#2759 = DIRECTION('',(-6.94756548826E-02,0.997583647309));
#2760 = ( GEOMETRIC_REPRESENTATION_CONTEXT(2) 
PARAMETRIC_REPRESENTATION_CONTEXT() REPRESENTATION_CONTEXT('2D SPACE',''
  ) );
#2761 = ORIENTED_EDGE('',*,*,#520,.T.);
#2762 = ORIENTED_EDGE('',*,*,#549,.T.);
#2763 = ORIENTED_EDGE('',*,*,#1543,.F.);
#2764 = ADVANCED_FACE('',(#2765),#507,.F.);
#2765 = FACE_BOUND('',#2766,.F.);
#2766 = EDGE_LOOP('',(#2767,#2788,#2789,#2790));
#2767 = ORIENTED_EDGE('',*,*,#2768,.F.);
#2768 = EDGE_CURVE('',#466,#2376,#2769,.T.);
#2769 = SURFACE_CURVE('',#2770,(#2774,#2781),.PCURVE_S1.);
#2770 = LINE('',#2771,#2772);
#2771 = CARTESIAN_POINT('',(624.21248012516,163.16415605993,
    230.29558927857));
#2772 = VECTOR('',#2773,1.);
#2773 = DIRECTION('',(0.705398161813,0.695191671845,0.138282221229));
#2774 = PCURVE('',#507,#2775);
#2775 = DEFINITIONAL_REPRESENTATION('',(#2776),#2780);
#2776 = LINE('',#2777,#2778);
#2777 = CARTESIAN_POINT('',(4.062574638488E-02,1.764956227441E-02));
#2778 = VECTOR('',#2779,1.);
#2779 = DIRECTION('',(6.947565488247E-02,0.997583647309));
#2780 = ( GEOMETRIC_REPRESENTATION_CONTEXT(2) 
PARAMETRIC_REPRESENTATION_CONTEXT() REPRESENTATION_CONTEXT('2D SPACE',''
  ) );
#2781 = PCURVE('',#2391,#2782);
#2782 = DEFINITIONAL_REPRESENTATION('',(#2783),#2787);
#2783 = LINE('',#2784,#2785);
#2784 = CARTESIAN_POINT('',(0.547477095593,1.764956227441E-02));
#2785 = VECTOR('',#2786,1.);
#2786 = DIRECTION('',(-6.94756548826E-02,0.997583647309));
#2787 = ( GEOMETRIC_REPRESENTATION_CONTEXT(2) 
PARAMETRIC_REPRESENTATION_CONTEXT() REPRESENTATION_CONTEXT('2D SPACE',''
  ) );
#2788 = ORIENTED_EDGE('',*,*,#493,.T.);
#2789 = ORIENTED_EDGE('',*,*,#597,.T.);
#2790 = ORIENTED_EDGE('',*,*,#2403,.F.);
#2791 = ADVANCED_FACE('',(#2792),#663,.T.);
#2792 = FACE_BOUND('',#2793,.T.);
#2793 = EDGE_LOOP('',(#2794,#2795,#2796,#2817));
#2794 = ORIENTED_EDGE('',*,*,#1592,.F.);
#2795 = ORIENTED_EDGE('',*,*,#2641,.T.);
#2796 = ORIENTED_EDGE('',*,*,#2797,.T.);
#2797 = EDGE_CURVE('',#2614,#648,#2798,.T.);
#2798 = SURFACE_CURVE('',#2799,(#2803,#2810),.PCURVE_S1.);
#2799 = LINE('',#2800,#2801);
#2800 = CARTESIAN_POINT('',(612.28751987483,163.55021531232,
    273.03644020443));
#2801 = VECTOR('',#2802,1.);
#2802 = DIRECTION('',(-0.705398161813,0.589355041735,-0.393794449037));
#2803 = PCURVE('',#663,#2804);
#2804 = DEFINITIONAL_REPRESENTATION('',(#2805),#2809);
#2805 = LINE('',#2806,#2807);
#2806 = CARTESIAN_POINT('',(0.547477095592,1.764956227452E-02));
#2807 = VECTOR('',#2808,1.);
#2808 = DIRECTION('',(-6.947565488263E-02,0.997583647309));
#2809 = ( GEOMETRIC_REPRESENTATION_CONTEXT(2) 
PARAMETRIC_REPRESENTATION_CONTEXT() REPRESENTATION_CONTEXT('2D SPACE',''
  ) );
#2810 = PCURVE('',#691,#2811);
#2811 = DEFINITIONAL_REPRESENTATION('',(#2812),#2816);
#2812 = LINE('',#2813,#2814);
#2813 = CARTESIAN_POINT('',(4.062574638476E-02,1.764956227453E-02));
#2814 = VECTOR('',#2815,1.);
#2815 = DIRECTION('',(6.947565488245E-02,0.997583647309));
#2816 = ( GEOMETRIC_REPRESENTATION_CONTEXT(2) 
PARAMETRIC_REPRESENTATION_CONTEXT() REPRESENTATION_CONTEXT('2D SPACE',''
  ) );
#2817 = ORIENTED_EDGE('',*,*,#645,.F.);
#2818 = ADVANCED_FACE('',(#2819),#691,.T.);
#2819 = FACE_BOUND('',#2820,.T.);
#2820 = EDGE_LOOP('',(#2821,#2822,#2845,#2866));
#2821 = ORIENTED_EDGE('',*,*,#2797,.F.);
#2822 = ORIENTED_EDGE('',*,*,#2823,.T.);
#2823 = EDGE_CURVE('',#2614,#2824,#2826,.T.);
#2824 = VERTEX_POINT('',#2825);
#2825 = CARTESIAN_POINT('',(612.7,163.57867965644,273.72132034356));
#2826 = SURFACE_CURVE('',#2827,(#2831,#2838),.PCURVE_S1.);
#2827 = LINE('',#2828,#2829);
#2828 = CARTESIAN_POINT('',(612.7,163.20559116309,273.26671069905));
#2829 = VECTOR('',#2830,1.);
#2830 = DIRECTION('',(-1.538959728532E-17,0.634393284164,0.773010453363)
  );
#2831 = PCURVE('',#691,#2832);
#2832 = DEFINITIONAL_REPRESENTATION('',(#2833),#2837);
#2833 = LINE('',#2834,#2835);
#2834 = CARTESIAN_POINT('',(-1.545985561791E-14,-0.565685424949));
#2835 = VECTOR('',#2836,1.);
#2836 = DIRECTION('',(1.,0.));
#2837 = ( GEOMETRIC_REPRESENTATION_CONTEXT(2) 
PARAMETRIC_REPRESENTATION_CONTEXT() REPRESENTATION_CONTEXT('2D SPACE',''
  ) );
#2838 = PCURVE('',#2629,#2839);
#2839 = DEFINITIONAL_REPRESENTATION('',(#2840),#2844);
#2840 = LINE('',#2841,#2842);
#2841 = CARTESIAN_POINT('',(-1.231167782825E-17,-0.8));
#2842 = VECTOR('',#2843,1.);
#2843 = DIRECTION('',(1.,0.));
#2844 = ( GEOMETRIC_REPRESENTATION_CONTEXT(2) 
PARAMETRIC_REPRESENTATION_CONTEXT() REPRESENTATION_CONTEXT('2D SPACE',''
  ) );
#2845 = ORIENTED_EDGE('',*,*,#2846,.T.);
#2846 = EDGE_CURVE('',#2824,#676,#2847,.T.);
#2847 = SURFACE_CURVE('',#2848,(#2852,#2859),.PCURVE_S1.);
#2848 = LINE('',#2849,#2850);
#2849 = CARTESIAN_POINT('',(612.28751987483,163.87175840433,
    273.42824159567));
#2850 = VECTOR('',#2851,1.);
#2851 = DIRECTION('',(-0.705398161813,0.501205263994,-0.501205263994));
#2852 = PCURVE('',#691,#2853);
#2853 = DEFINITIONAL_REPRESENTATION('',(#2854),#2858);
#2854 = LINE('',#2855,#2856);
#2855 = CARTESIAN_POINT('',(0.547477095593,1.76495622745E-02));
#2856 = VECTOR('',#2857,1.);
#2857 = DIRECTION('',(-6.94756548825E-02,0.997583647309));
#2858 = ( GEOMETRIC_REPRESENTATION_CONTEXT(2) 
PARAMETRIC_REPRESENTATION_CONTEXT() REPRESENTATION_CONTEXT('2D SPACE',''
  ) );
#2859 = PCURVE('',#719,#2860);
#2860 = DEFINITIONAL_REPRESENTATION('',(#2861),#2865);
#2861 = LINE('',#2862,#2863);
#2862 = CARTESIAN_POINT('',(4.062574638493E-02,1.764956227452E-02));
#2863 = VECTOR('',#2864,1.);
#2864 = DIRECTION('',(6.947565488256E-02,0.997583647309));
#2865 = ( GEOMETRIC_REPRESENTATION_CONTEXT(2) 
PARAMETRIC_REPRESENTATION_CONTEXT() REPRESENTATION_CONTEXT('2D SPACE',''
  ) );
#2866 = ORIENTED_EDGE('',*,*,#675,.F.);
#2867 = ADVANCED_FACE('',(#2868),#719,.T.);
#2868 = FACE_BOUND('',#2869,.T.);
#2869 = EDGE_LOOP('',(#2870,#2871,#2899,#2920));
#2870 = ORIENTED_EDGE('',*,*,#2846,.F.);
#2871 = ORIENTED_EDGE('',*,*,#2872,.T.);
#2872 = EDGE_CURVE('',#2824,#2873,#2875,.T.);
#2873 = VERTEX_POINT('',#2874);
#2874 = CARTESIAN_POINT('',(612.7,164.03328930094,274.0944088369));
#2875 = SURFACE_CURVE('',#2876,(#2880,#2887),.PCURVE_S1.);
#2876 = LINE('',#2877,#2878);
#2877 = CARTESIAN_POINT('',(612.7,163.57867965644,273.72132034356));
#2878 = VECTOR('',#2879,1.);
#2879 = DIRECTION('',(1.538959728532E-17,0.773010453363,0.634393284164)
  );
#2880 = PCURVE('',#719,#2881);
#2881 = DEFINITIONAL_REPRESENTATION('',(#2882),#2886);
#2882 = LINE('',#2883,#2884);
#2883 = CARTESIAN_POINT('',(4.982125823005E-14,-0.565685424949));
#2884 = VECTOR('',#2885,1.);
#2885 = DIRECTION('',(1.,0.));
#2886 = ( GEOMETRIC_REPRESENTATION_CONTEXT(2) 
PARAMETRIC_REPRESENTATION_CONTEXT() REPRESENTATION_CONTEXT('2D SPACE',''
  ) );
#2887 = PCURVE('',#2888,#2893);
#2888 = PLANE('',#2889);
#2889 = AXIS2_PLACEMENT_3D('',#2890,#2891,#2892);
#2890 = CARTESIAN_POINT('',(611.9,163.57867965644,273.72132034356));
#2891 = DIRECTION('',(-1.562532034345E-16,-0.634393284164,0.773010453363
    ));
#2892 = DIRECTION('',(1.538959728532E-17,0.773010453363,0.634393284164)
  );
#2893 = DEFINITIONAL_REPRESENTATION('',(#2894),#2898);
#2894 = LINE('',#2895,#2896);
#2895 = CARTESIAN_POINT('',(2.198259016997E-14,-0.8));
#2896 = VECTOR('',#2897,1.);
#2897 = DIRECTION('',(1.,0.));
#2898 = ( GEOMETRIC_REPRESENTATION_CONTEXT(2) 
PARAMETRIC_REPRESENTATION_CONTEXT() REPRESENTATION_CONTEXT('2D SPACE',''
  ) );
#2899 = ORIENTED_EDGE('',*,*,#2900,.T.);
#2900 = EDGE_CURVE('',#2873,#704,#2901,.T.);
#2901 = SURFACE_CURVE('',#2902,(#2906,#2913),.PCURVE_S1.);
#2902 = LINE('',#2903,#2904);
#2903 = CARTESIAN_POINT('',(612.28751987483,164.26355979556,
    273.74978468767));
#2904 = VECTOR('',#2905,1.);
#2905 = DIRECTION('',(-0.705398161813,0.393794449037,-0.589355041735));
#2906 = PCURVE('',#719,#2907);
#2907 = DEFINITIONAL_REPRESENTATION('',(#2908),#2912);
#2908 = LINE('',#2909,#2910);
#2909 = CARTESIAN_POINT('',(0.547477095592,1.764956227451E-02));
#2910 = VECTOR('',#2911,1.);
#2911 = DIRECTION('',(-6.947565488255E-02,0.997583647309));
#2912 = ( GEOMETRIC_REPRESENTATION_CONTEXT(2) 
PARAMETRIC_REPRESENTATION_CONTEXT() REPRESENTATION_CONTEXT('2D SPACE',''
  ) );
#2913 = PCURVE('',#747,#2914);
#2914 = DEFINITIONAL_REPRESENTATION('',(#2915),#2919);
#2915 = LINE('',#2916,#2917);
#2916 = CARTESIAN_POINT('',(4.062574638477E-02,1.764956227451E-02));
#2917 = VECTOR('',#2918,1.);
#2918 = DIRECTION('',(6.947565488253E-02,0.997583647309));
#2919 = ( GEOMETRIC_REPRESENTATION_CONTEXT(2) 
PARAMETRIC_REPRESENTATION_CONTEXT() REPRESENTATION_CONTEXT('2D SPACE',''
  ) );
#2920 = ORIENTED_EDGE('',*,*,#703,.F.);
#2921 = ADVANCED_FACE('',(#2922),#747,.T.);
#2922 = FACE_BOUND('',#2923,.T.);
#2923 = EDGE_LOOP('',(#2924,#2925,#2953,#2974));
#2924 = ORIENTED_EDGE('',*,*,#2900,.F.);
#2925 = ORIENTED_EDGE('',*,*,#2926,.T.);
#2926 = EDGE_CURVE('',#2873,#2927,#2929,.T.);
#2927 = VERTEX_POINT('',#2928);
#2928 = CARTESIAN_POINT('',(612.7,164.5519497029,274.37163859753));
#2929 = SURFACE_CURVE('',#2930,(#2934,#2941),.PCURVE_S1.);
#2930 = LINE('',#2931,#2932);
#2931 = CARTESIAN_POINT('',(612.7,164.03328930094,274.0944088369));
#2932 = VECTOR('',#2933,1.);
#2933 = DIRECTION('',(4.557737826287E-17,0.881921264348,0.471396736826)
  );
#2934 = PCURVE('',#747,#2935);
#2935 = DEFINITIONAL_REPRESENTATION('',(#2936),#2940);
#2936 = LINE('',#2937,#2938);
#2937 = CARTESIAN_POINT('',(-7.854827899223E-15,-0.565685424949));
#2938 = VECTOR('',#2939,1.);
#2939 = DIRECTION('',(1.,0.));
#2940 = ( GEOMETRIC_REPRESENTATION_CONTEXT(2) 
PARAMETRIC_REPRESENTATION_CONTEXT() REPRESENTATION_CONTEXT('2D SPACE',''
  ) );
#2941 = PCURVE('',#2942,#2947);
#2942 = PLANE('',#2943);
#2943 = AXIS2_PLACEMENT_3D('',#2944,#2945,#2946);
#2944 = CARTESIAN_POINT('',(611.9,164.03328930094,274.0944088369));
#2945 = DIRECTION('',(-1.502484804543E-16,-0.471396736826,0.881921264348
    ));
#2946 = DIRECTION('',(4.557737826287E-17,0.881921264348,0.471396736826)
  );
#2947 = DEFINITIONAL_REPRESENTATION('',(#2948),#2952);
#2948 = LINE('',#2949,#2950);
#2949 = CARTESIAN_POINT('',(3.64619026103E-17,-0.8));
#2950 = VECTOR('',#2951,1.);
#2951 = DIRECTION('',(1.,0.));
#2952 = ( GEOMETRIC_REPRESENTATION_CONTEXT(2) 
PARAMETRIC_REPRESENTATION_CONTEXT() REPRESENTATION_CONTEXT('2D SPACE',''
  ) );
#2953 = ORIENTED_EDGE('',*,*,#2954,.T.);
#2954 = EDGE_CURVE('',#2927,#732,#2955,.T.);
#2955 = SURFACE_CURVE('',#2956,(#2960,#2967),.PCURVE_S1.);
#2956 = LINE('',#2957,#2958);
#2957 = CARTESIAN_POINT('',(612.28751987483,164.71056277829,
    273.98871275974));
#2958 = VECTOR('',#2959,1.);
#2959 = DIRECTION('',(-0.705398161813,0.271250334246,-0.654856235736));
#2960 = PCURVE('',#747,#2961);
#2961 = DEFINITIONAL_REPRESENTATION('',(#2962),#2966);
#2962 = LINE('',#2963,#2964);
#2963 = CARTESIAN_POINT('',(0.547477095593,1.764956227454E-02));
#2964 = VECTOR('',#2965,1.);
#2965 = DIRECTION('',(-6.947565488251E-02,0.997583647309));
#2966 = ( GEOMETRIC_REPRESENTATION_CONTEXT(2) 
PARAMETRIC_REPRESENTATION_CONTEXT() REPRESENTATION_CONTEXT('2D SPACE',''
  ) );
#2967 = PCURVE('',#775,#2968);
#2968 = DEFINITIONAL_REPRESENTATION('',(#2969),#2973);
#2969 = LINE('',#2970,#2971);
#2970 = CARTESIAN_POINT('',(4.062574638494E-02,1.764956227453E-02));
#2971 = VECTOR('',#2972,1.);
#2972 = DIRECTION('',(6.947565488256E-02,0.997583647309));
#2973 = ( GEOMETRIC_REPRESENTATION_CONTEXT(2) 
PARAMETRIC_REPRESENTATION_CONTEXT() REPRESENTATION_CONTEXT('2D SPACE',''
  ) );
#2974 = ORIENTED_EDGE('',*,*,#731,.F.);
#2975 = ADVANCED_FACE('',(#2976),#775,.T.);
#2976 = FACE_BOUND('',#2977,.T.);
#2977 = EDGE_LOOP('',(#2978,#2979,#3007,#3028));
#2978 = ORIENTED_EDGE('',*,*,#2954,.F.);
#2979 = ORIENTED_EDGE('',*,*,#2980,.T.);
#2980 = EDGE_CURVE('',#2927,#2981,#2983,.T.);
#2981 = VERTEX_POINT('',#2982);
#2982 = CARTESIAN_POINT('',(612.7,165.11472903395,274.54235584121));
#2983 = SURFACE_CURVE('',#2984,(#2988,#2995),.PCURVE_S1.);
#2984 = LINE('',#2985,#2986);
#2985 = CARTESIAN_POINT('',(612.7,164.5519497029,274.37163859753));
#2986 = VECTOR('',#2987,1.);
#2987 = DIRECTION('',(7.401364615386E-17,0.956940335732,0.290284677254)
  );
#2988 = PCURVE('',#775,#2989);
#2989 = DEFINITIONAL_REPRESENTATION('',(#2990),#2994);
#2990 = LINE('',#2991,#2992);
#2991 = CARTESIAN_POINT('',(7.17481629664E-15,-0.565685424949));
#2992 = VECTOR('',#2993,1.);
#2993 = DIRECTION('',(1.,-2.775557561563E-17));
#2994 = ( GEOMETRIC_REPRESENTATION_CONTEXT(2) 
PARAMETRIC_REPRESENTATION_CONTEXT() REPRESENTATION_CONTEXT('2D SPACE',''
  ) );
#2995 = PCURVE('',#2996,#3001);
#2996 = PLANE('',#2997);
#2997 = AXIS2_PLACEMENT_3D('',#2998,#2999,#3000);
#2998 = CARTESIAN_POINT('',(611.9,164.5519497029,274.37163859753));
#2999 = DIRECTION('',(-1.384697926306E-16,-0.290284677254,0.956940335732
    ));
#3000 = DIRECTION('',(7.401364615386E-17,0.956940335732,0.290284677254)
  );
#3001 = DEFINITIONAL_REPRESENTATION('',(#3002),#3006);
#3002 = LINE('',#3003,#3004);
#3003 = CARTESIAN_POINT('',(5.92109169231E-17,-0.8));
#3004 = VECTOR('',#3005,1.);
#3005 = DIRECTION('',(1.,-6.162975822039E-33));
#3006 = ( GEOMETRIC_REPRESENTATION_CONTEXT(2) 
PARAMETRIC_REPRESENTATION_CONTEXT() REPRESENTATION_CONTEXT('2D SPACE',''
  ) );
#3007 = ORIENTED_EDGE('',*,*,#3008,.T.);
#3008 = EDGE_CURVE('',#2981,#760,#3009,.T.);
#3009 = SURFACE_CURVE('',#3010,(#3014,#3021),.PCURVE_S1.);
#3010 = LINE('',#3011,#3012);
#3011 = CARTESIAN_POINT('',(612.28751987483,165.19558927857,
    274.13584394007));
#3012 = VECTOR('',#3013,1.);
#3013 = DIRECTION('',(-0.705398161813,0.138282221229,-0.695191671845));
#3014 = PCURVE('',#775,#3015);
#3015 = DEFINITIONAL_REPRESENTATION('',(#3016),#3020);
#3016 = LINE('',#3017,#3018);
#3017 = CARTESIAN_POINT('',(0.547477095592,1.764956227454E-02));
#3018 = VECTOR('',#3019,1.);
#3019 = DIRECTION('',(-6.947565488256E-02,0.997583647309));
#3020 = ( GEOMETRIC_REPRESENTATION_CONTEXT(2) 
PARAMETRIC_REPRESENTATION_CONTEXT() REPRESENTATION_CONTEXT('2D SPACE',''
  ) );
#3021 = PCURVE('',#803,#3022);
#3022 = DEFINITIONAL_REPRESENTATION('',(#3023),#3027);
#3023 = LINE('',#3024,#3025);
#3024 = CARTESIAN_POINT('',(4.062574638485E-02,1.764956227452E-02));
#3025 = VECTOR('',#3026,1.);
#3026 = DIRECTION('',(6.947565488252E-02,0.997583647309));
#3027 = ( GEOMETRIC_REPRESENTATION_CONTEXT(2) 
PARAMETRIC_REPRESENTATION_CONTEXT() REPRESENTATION_CONTEXT('2D SPACE',''
  ) );
#3028 = ORIENTED_EDGE('',*,*,#759,.F.);
#3029 = ADVANCED_FACE('',(#3030),#1531,.T.);
#3030 = FACE_BOUND('',#3031,.T.);
#3031 = EDGE_LOOP('',(#3032,#3053,#3054,#3055));
#3032 = ORIENTED_EDGE('',*,*,#3033,.F.);
#3033 = EDGE_CURVE('',#2666,#1488,#3034,.T.);
#3034 = SURFACE_CURVE('',#3035,(#3039,#3046),.PCURVE_S1.);
#3035 = LINE('',#3036,#3037);
#3036 = CARTESIAN_POINT('',(612.28751987483,163.31128724025,
    229.81056277829));
#3037 = VECTOR('',#3038,1.);
#3038 = DIRECTION('',(-0.705398161813,0.654856235736,0.271250334246));
#3039 = PCURVE('',#1531,#3040);
#3040 = DEFINITIONAL_REPRESENTATION('',(#3041),#3045);
#3041 = LINE('',#3042,#3043);
#3042 = CARTESIAN_POINT('',(4.062574638488E-02,1.764956227452E-02));
#3043 = VECTOR('',#3044,1.);
#3044 = DIRECTION('',(6.947565488261E-02,0.997583647309));
#3045 = ( GEOMETRIC_REPRESENTATION_CONTEXT(2) 
PARAMETRIC_REPRESENTATION_CONTEXT() REPRESENTATION_CONTEXT('2D SPACE',''
  ) );
#3046 = PCURVE('',#1503,#3047);
#3047 = DEFINITIONAL_REPRESENTATION('',(#3048),#3052);
#3048 = LINE('',#3049,#3050);
#3049 = CARTESIAN_POINT('',(0.547477095593,1.764956227451E-02));
#3050 = VECTOR('',#3051,1.);
#3051 = DIRECTION('',(-6.947565488247E-02,0.997583647309));
#3052 = ( GEOMETRIC_REPRESENTATION_CONTEXT(2) 
PARAMETRIC_REPRESENTATION_CONTEXT() REPRESENTATION_CONTEXT('2D SPACE',''
  ) );
#3053 = ORIENTED_EDGE('',*,*,#2717,.T.);
#3054 = ORIENTED_EDGE('',*,*,#2741,.T.);
#3055 = ORIENTED_EDGE('',*,*,#1515,.F.);
#3056 = ADVANCED_FACE('',(#3057),#803,.T.);
#3057 = FACE_BOUND('',#3058,.T.);
#3058 = EDGE_LOOP('',(#3059,#3060,#3088,#3108));
#3059 = ORIENTED_EDGE('',*,*,#3008,.F.);
#3060 = ORIENTED_EDGE('',*,*,#3061,.T.);
#3061 = EDGE_CURVE('',#2981,#3062,#3064,.T.);
#3062 = VERTEX_POINT('',#3063);
#3063 = CARTESIAN_POINT('',(612.7,165.7,274.6));
#3064 = SURFACE_CURVE('',#3065,(#3069,#3076),.PCURVE_S1.);
#3065 = LINE('',#3066,#3067);
#3066 = CARTESIAN_POINT('',(612.7,165.11472903395,274.54235584121));
#3067 = VECTOR('',#3068,1.);
#3068 = DIRECTION('',(9.96056111305E-17,0.995184726672,
    9.801714032956E-02));
#3069 = PCURVE('',#803,#3070);
#3070 = DEFINITIONAL_REPRESENTATION('',(#3071),#3075);
#3071 = LINE('',#3072,#3073);
#3072 = CARTESIAN_POINT('',(1.513372760442E-14,-0.565685424949));
#3073 = VECTOR('',#3074,1.);
#3074 = DIRECTION('',(1.,0.));
#3075 = ( GEOMETRIC_REPRESENTATION_CONTEXT(2) 
PARAMETRIC_REPRESENTATION_CONTEXT() REPRESENTATION_CONTEXT('2D SPACE',''
  ) );
#3076 = PCURVE('',#3077,#3082);
#3077 = PLANE('',#3078);
#3078 = AXIS2_PLACEMENT_3D('',#3079,#3080,#3081);
#3079 = CARTESIAN_POINT('',(611.9,165.11472903395,274.54235584121));
#3080 = DIRECTION('',(-1.213697883309E-16,-9.801714032956E-02,
    0.995184726672));
#3081 = DIRECTION('',(9.96056111305E-17,0.995184726672,
    9.801714032956E-02));
#3082 = DEFINITIONAL_REPRESENTATION('',(#3083),#3087);
#3083 = LINE('',#3084,#3085);
#3084 = CARTESIAN_POINT('',(7.96844889044E-17,-0.8));
#3085 = VECTOR('',#3086,1.);
#3086 = DIRECTION('',(1.,-4.622231866529E-33));
#3087 = ( GEOMETRIC_REPRESENTATION_CONTEXT(2) 
PARAMETRIC_REPRESENTATION_CONTEXT() REPRESENTATION_CONTEXT('2D SPACE',''
  ) );
#3088 = ORIENTED_EDGE('',*,*,#3089,.T.);
#3089 = EDGE_CURVE('',#3062,#788,#3090,.T.);
#3090 = SURFACE_CURVE('',#3091,(#3095,#3102),.PCURVE_S1.);
#3091 = LINE('',#3092,#3093);
#3092 = CARTESIAN_POINT('',(612.3,165.73920685613,274.20192610933));
#3093 = VECTOR('',#3094,1.);
#3094 = DIRECTION('',(-0.707106781187,6.930858459955E-02,-0.703701868763
    ));
#3095 = PCURVE('',#803,#3096);
#3096 = DEFINITIONAL_REPRESENTATION('',(#3097),#3101);
#3097 = LINE('',#3098,#3099);
#3098 = CARTESIAN_POINT('',(0.588102841977,4.163336342344E-17));
#3099 = VECTOR('',#3100,1.);
#3100 = DIRECTION('',(0.,1.));
#3101 = ( GEOMETRIC_REPRESENTATION_CONTEXT(2) 
PARAMETRIC_REPRESENTATION_CONTEXT() REPRESENTATION_CONTEXT('2D SPACE',''
  ) );
#3102 = PCURVE('',#831,#3103);
#3103 = DEFINITIONAL_REPRESENTATION('',(#3104),#3107);
#3104 = B_SPLINE_CURVE_WITH_KNOTS('',1,(#3105,#3106),.UNSPECIFIED.,.F.,
  .F.,(2,2),(-0.565685424949,0.565685424949),.PIECEWISE_BEZIER_KNOTS.);
#3105 = CARTESIAN_POINT('',(0.,-0.565685424949));
#3106 = CARTESIAN_POINT('',(7.841371226363E-02,0.56296149501));
#3107 = ( GEOMETRIC_REPRESENTATION_CONTEXT(2) 
PARAMETRIC_REPRESENTATION_CONTEXT() REPRESENTATION_CONTEXT('2D SPACE',''
  ) );
#3108 = ORIENTED_EDGE('',*,*,#787,.F.);
#3109 = ADVANCED_FACE('',(#3110),#1503,.T.);
#3110 = FACE_BOUND('',#3111,.T.);
#3111 = EDGE_LOOP('',(#3112,#3135,#3156,#3157));
#3112 = ORIENTED_EDGE('',*,*,#3113,.F.);
#3113 = EDGE_CURVE('',#3114,#1460,#3116,.T.);
#3114 = VERTEX_POINT('',#3115);
#3115 = CARTESIAN_POINT('',(612.7,163.20559116309,229.13328930094));
#3116 = SURFACE_CURVE('',#3117,(#3121,#3128),.PCURVE_S1.);
#3117 = LINE('',#3118,#3119);
#3118 = CARTESIAN_POINT('',(612.28751987483,163.55021531232,
    229.36355979556));
#3119 = VECTOR('',#3120,1.);
#3120 = DIRECTION('',(-0.705398161813,0.589355041735,0.393794449037));
#3121 = PCURVE('',#1503,#3122);
#3122 = DEFINITIONAL_REPRESENTATION('',(#3123),#3127);
#3123 = LINE('',#3124,#3125);
#3124 = CARTESIAN_POINT('',(4.062574638488E-02,1.764956227453E-02));
#3125 = VECTOR('',#3126,1.);
#3126 = DIRECTION('',(6.947565488256E-02,0.997583647309));
#3127 = ( GEOMETRIC_REPRESENTATION_CONTEXT(2) 
PARAMETRIC_REPRESENTATION_CONTEXT() REPRESENTATION_CONTEXT('2D SPACE',''
  ) );
#3128 = PCURVE('',#1475,#3129);
#3129 = DEFINITIONAL_REPRESENTATION('',(#3130),#3134);
#3130 = LINE('',#3131,#3132);
#3131 = CARTESIAN_POINT('',(0.547477095593,1.764956227453E-02));
#3132 = VECTOR('',#3133,1.);
#3133 = DIRECTION('',(-6.947565488253E-02,0.997583647309));
#3134 = ( GEOMETRIC_REPRESENTATION_CONTEXT(2) 
PARAMETRIC_REPRESENTATION_CONTEXT() REPRESENTATION_CONTEXT('2D SPACE',''
  ) );
#3135 = ORIENTED_EDGE('',*,*,#3136,.T.);
#3136 = EDGE_CURVE('',#3114,#2666,#3137,.T.);
#3137 = SURFACE_CURVE('',#3138,(#3142,#3149),.PCURVE_S1.);
#3138 = LINE('',#3139,#3140);
#3139 = CARTESIAN_POINT('',(612.7,163.20559116309,229.13328930094));
#3140 = VECTOR('',#3141,1.);
#3141 = DIRECTION('',(-1.502484804543E-16,-0.471396736826,0.881921264348
    ));
#3142 = PCURVE('',#1503,#3143);
#3143 = DEFINITIONAL_REPRESENTATION('',(#3144),#3148);
#3144 = LINE('',#3145,#3146);
#3145 = CARTESIAN_POINT('',(3.025357742104E-14,-0.565685424949));
#3146 = VECTOR('',#3147,1.);
#3147 = DIRECTION('',(1.,-5.551115123126E-17));
#3148 = ( GEOMETRIC_REPRESENTATION_CONTEXT(2) 
PARAMETRIC_REPRESENTATION_CONTEXT() REPRESENTATION_CONTEXT('2D SPACE',''
  ) );
#3149 = PCURVE('',#2683,#3150);
#3150 = DEFINITIONAL_REPRESENTATION('',(#3151),#3155);
#3151 = LINE('',#3152,#3153);
#3152 = CARTESIAN_POINT('',(-1.201987843635E-16,-0.8));
#3153 = VECTOR('',#3154,1.);
#3154 = DIRECTION('',(1.,0.));
#3155 = ( GEOMETRIC_REPRESENTATION_CONTEXT(2) 
PARAMETRIC_REPRESENTATION_CONTEXT() REPRESENTATION_CONTEXT('2D SPACE',''
  ) );
#3156 = ORIENTED_EDGE('',*,*,#3033,.T.);
#3157 = ORIENTED_EDGE('',*,*,#1487,.F.);
#3158 = ADVANCED_FACE('',(#3159),#831,.T.);
#3159 = FACE_BOUND('',#3160,.T.);
#3160 = EDGE_LOOP('',(#3161,#3162,#3190,#3210));
#3161 = ORIENTED_EDGE('',*,*,#3089,.F.);
#3162 = ORIENTED_EDGE('',*,*,#3163,.T.);
#3163 = EDGE_CURVE('',#3062,#3164,#3166,.T.);
#3164 = VERTEX_POINT('',#3165);
#3165 = CARTESIAN_POINT('',(612.7,248.66417660892,274.6));
#3166 = SURFACE_CURVE('',#3167,(#3171,#3178),.PCURVE_S1.);
#3167 = LINE('',#3168,#3169);
#3168 = CARTESIAN_POINT('',(612.7,165.7,274.6));
#3169 = VECTOR('',#3170,1.);
#3170 = DIRECTION('',(1.110223024625E-16,1.,0.));
#3171 = PCURVE('',#831,#3172);
#3172 = DEFINITIONAL_REPRESENTATION('',(#3173),#3177);
#3173 = LINE('',#3174,#3175);
#3174 = CARTESIAN_POINT('',(4.4408920985E-17,-0.565685424949));
#3175 = VECTOR('',#3176,1.);
#3176 = DIRECTION('',(1.,-5.392603844284E-33));
#3177 = ( GEOMETRIC_REPRESENTATION_CONTEXT(2) 
PARAMETRIC_REPRESENTATION_CONTEXT() REPRESENTATION_CONTEXT('2D SPACE',''
  ) );
#3178 = PCURVE('',#3179,#3184);
#3179 = PLANE('',#3180);
#3180 = AXIS2_PLACEMENT_3D('',#3181,#3182,#3183);
#3181 = CARTESIAN_POINT('',(611.9,165.7,274.6));
#3182 = DIRECTION('',(-1.110223024625E-16,1.232595164408E-32,1.));
#3183 = DIRECTION('',(1.110223024625E-16,1.,0.));
#3184 = DEFINITIONAL_REPRESENTATION('',(#3185),#3189);
#3185 = LINE('',#3186,#3187);
#3186 = CARTESIAN_POINT('',(8.881784197002E-17,-0.8));
#3187 = VECTOR('',#3188,1.);
#3188 = DIRECTION('',(1.,0.));
#3189 = ( GEOMETRIC_REPRESENTATION_CONTEXT(2) 
PARAMETRIC_REPRESENTATION_CONTEXT() REPRESENTATION_CONTEXT('2D SPACE',''
  ) );
#3190 = ORIENTED_EDGE('',*,*,#3191,.T.);
#3191 = EDGE_CURVE('',#3164,#816,#3192,.T.);
#3192 = SURFACE_CURVE('',#3193,(#3197,#3204),.PCURVE_S1.);
#3193 = LINE('',#3194,#3195);
#3194 = CARTESIAN_POINT('',(612.3,248.66417660892,274.2));
#3195 = VECTOR('',#3196,1.);
#3196 = DIRECTION('',(-0.707106781187,7.850462293419E-17,-0.707106781187
    ));
#3197 = PCURVE('',#831,#3198);
#3198 = DEFINITIONAL_REPRESENTATION('',(#3199),#3203);
#3199 = LINE('',#3200,#3201);
#3200 = CARTESIAN_POINT('',(82.964176608921,6.513071401729E-15));
#3201 = VECTOR('',#3202,1.);
#3202 = DIRECTION('',(-3.08148791102E-33,1.));
#3203 = ( GEOMETRIC_REPRESENTATION_CONTEXT(2) 
PARAMETRIC_REPRESENTATION_CONTEXT() REPRESENTATION_CONTEXT('2D SPACE',''
  ) );
#3204 = PCURVE('',#859,#3205);
#3205 = DEFINITIONAL_REPRESENTATION('',(#3206),#3209);
#3206 = B_SPLINE_CURVE_WITH_KNOTS('',1,(#3207,#3208),.UNSPECIFIED.,.F.,
  .F.,(2,2),(-0.565685424949,0.565685424949),.PIECEWISE_BEZIER_KNOTS.);
#3207 = CARTESIAN_POINT('',(-2.84217094304E-14,-0.565685424949));
#3208 = CARTESIAN_POINT('',(7.740950792854E-02,0.563030979646));
#3209 = ( GEOMETRIC_REPRESENTATION_CONTEXT(2) 
PARAMETRIC_REPRESENTATION_CONTEXT() REPRESENTATION_CONTEXT('2D SPACE',''
  ) );
#3210 = ORIENTED_EDGE('',*,*,#815,.F.);
#3211 = ADVANCED_FACE('',(#3212),#1475,.T.);
#3212 = FACE_BOUND('',#3213,.T.);
#3213 = EDGE_LOOP('',(#3214,#3237,#3263,#3264));
#3214 = ORIENTED_EDGE('',*,*,#3215,.F.);
#3215 = EDGE_CURVE('',#3216,#1432,#3218,.T.);
#3216 = VERTEX_POINT('',#3217);
#3217 = CARTESIAN_POINT('',(612.7,163.57867965644,228.67867965644));
#3218 = SURFACE_CURVE('',#3219,(#3223,#3230),.PCURVE_S1.);
#3219 = LINE('',#3220,#3221);
#3220 = CARTESIAN_POINT('',(612.28751987483,163.87175840433,
    228.97175840433));
#3221 = VECTOR('',#3222,1.);
#3222 = DIRECTION('',(-0.705398161813,0.501205263994,0.501205263994));
#3223 = PCURVE('',#1475,#3224);
#3224 = DEFINITIONAL_REPRESENTATION('',(#3225),#3229);
#3225 = LINE('',#3226,#3227);
#3226 = CARTESIAN_POINT('',(4.062574638481E-02,1.764956227453E-02));
#3227 = VECTOR('',#3228,1.);
#3228 = DIRECTION('',(6.947565488249E-02,0.997583647309));
#3229 = ( GEOMETRIC_REPRESENTATION_CONTEXT(2) 
PARAMETRIC_REPRESENTATION_CONTEXT() REPRESENTATION_CONTEXT('2D SPACE',''
  ) );
#3230 = PCURVE('',#1447,#3231);
#3231 = DEFINITIONAL_REPRESENTATION('',(#3232),#3236);
#3232 = LINE('',#3233,#3234);
#3233 = CARTESIAN_POINT('',(0.547477095592,1.764956227453E-02));
#3234 = VECTOR('',#3235,1.);
#3235 = DIRECTION('',(-6.947565488257E-02,0.997583647309));
#3236 = ( GEOMETRIC_REPRESENTATION_CONTEXT(2) 
PARAMETRIC_REPRESENTATION_CONTEXT() REPRESENTATION_CONTEXT('2D SPACE',''
  ) );
#3237 = ORIENTED_EDGE('',*,*,#3238,.T.);
#3238 = EDGE_CURVE('',#3216,#3114,#3239,.T.);
#3239 = SURFACE_CURVE('',#3240,(#3244,#3251),.PCURVE_S1.);
#3240 = LINE('',#3241,#3242);
#3241 = CARTESIAN_POINT('',(612.7,163.57867965644,228.67867965644));
#3242 = VECTOR('',#3243,1.);
#3243 = DIRECTION('',(-1.562532034345E-16,-0.634393284164,0.773010453363
    ));
#3244 = PCURVE('',#1475,#3245);
#3245 = DEFINITIONAL_REPRESENTATION('',(#3246),#3250);
#3246 = LINE('',#3247,#3248);
#3247 = CARTESIAN_POINT('',(-2.6645352591E-15,-0.565685424949));
#3248 = VECTOR('',#3249,1.);
#3249 = DIRECTION('',(1.,0.));
#3250 = ( GEOMETRIC_REPRESENTATION_CONTEXT(2) 
PARAMETRIC_REPRESENTATION_CONTEXT() REPRESENTATION_CONTEXT('2D SPACE',''
  ) );
#3251 = PCURVE('',#3252,#3257);
#3252 = PLANE('',#3253);
#3253 = AXIS2_PLACEMENT_3D('',#3254,#3255,#3256);
#3254 = CARTESIAN_POINT('',(611.9,163.57867965644,228.67867965644));
#3255 = DIRECTION('',(-1.538959728532E-17,-0.773010453363,
    -0.634393284164));
#3256 = DIRECTION('',(-1.562532034345E-16,-0.634393284164,0.773010453363
    ));
#3257 = DEFINITIONAL_REPRESENTATION('',(#3258),#3262);
#3258 = LINE('',#3259,#3260);
#3259 = CARTESIAN_POINT('',(-1.250025627476E-16,-0.8));
#3260 = VECTOR('',#3261,1.);
#3261 = DIRECTION('',(1.,0.));
#3262 = ( GEOMETRIC_REPRESENTATION_CONTEXT(2) 
PARAMETRIC_REPRESENTATION_CONTEXT() REPRESENTATION_CONTEXT('2D SPACE',''
  ) );
#3263 = ORIENTED_EDGE('',*,*,#3113,.T.);
#3264 = ORIENTED_EDGE('',*,*,#1459,.F.);
#3265 = ADVANCED_FACE('',(#3266),#859,.T.);
#3266 = FACE_BOUND('',#3267,.T.);
#3267 = EDGE_LOOP('',(#3268,#3269,#3297,#3318));
#3268 = ORIENTED_EDGE('',*,*,#3191,.F.);
#3269 = ORIENTED_EDGE('',*,*,#3270,.T.);
#3270 = EDGE_CURVE('',#3164,#3271,#3273,.T.);
#3271 = VERTEX_POINT('',#3272);
#3272 = CARTESIAN_POINT('',(612.7,249.24202362195,274.54382282577));
#3273 = SURFACE_CURVE('',#3274,(#3278,#3285),.PCURVE_S1.);
#3274 = LINE('',#3275,#3276);
#3275 = CARTESIAN_POINT('',(612.7,248.66417660892,274.6));
#3276 = VECTOR('',#3277,1.);
#3277 = DIRECTION('',(1.212440641468E-16,0.995307559314,
    -9.676188491068E-02));
#3278 = PCURVE('',#859,#3279);
#3279 = DEFINITIONAL_REPRESENTATION('',(#3280),#3284);
#3280 = LINE('',#3281,#3282);
#3281 = CARTESIAN_POINT('',(-1.91860416443E-14,-0.565685424949));
#3282 = VECTOR('',#3283,1.);
#3283 = DIRECTION('',(1.,1.387778780781E-17));
#3284 = ( GEOMETRIC_REPRESENTATION_CONTEXT(2) 
PARAMETRIC_REPRESENTATION_CONTEXT() REPRESENTATION_CONTEXT('2D SPACE',''
  ) );
#3285 = PCURVE('',#3286,#3291);
#3286 = PLANE('',#3287);
#3287 = AXIS2_PLACEMENT_3D('',#3288,#3289,#3290);
#3288 = CARTESIAN_POINT('',(611.9,248.66417660892,274.6));
#3289 = DIRECTION('',(-9.975860964004E-17,9.676188491068E-02,
    0.995307559314));
#3290 = DIRECTION('',(1.212440641468E-16,0.995307559314,
    -9.676188491068E-02));
#3291 = DEFINITIONAL_REPRESENTATION('',(#3292),#3296);
#3292 = LINE('',#3293,#3294);
#3293 = CARTESIAN_POINT('',(9.699525131746E-17,-0.8));
#3294 = VECTOR('',#3295,1.);
#3295 = DIRECTION('',(1.,6.162975822039E-33));
#3296 = ( GEOMETRIC_REPRESENTATION_CONTEXT(2) 
PARAMETRIC_REPRESENTATION_CONTEXT() REPRESENTATION_CONTEXT('2D SPACE',''
  ) );
#3297 = ORIENTED_EDGE('',*,*,#3298,.T.);
#3298 = EDGE_CURVE('',#3271,#844,#3299,.T.);
#3299 = SURFACE_CURVE('',#3300,(#3304,#3311),.PCURVE_S1.);
#3300 = LINE('',#3301,#3302);
#3301 = CARTESIAN_POINT('',(612.28783724181,249.1622603312,
    274.13747133367));
#3302 = VECTOR('',#3303,1.);
#3303 = DIRECTION('',(-0.705441900491,-0.136519775973,-0.695495561309));
#3304 = PCURVE('',#859,#3305);
#3305 = DEFINITIONAL_REPRESENTATION('',(#3306),#3310);
#3306 = LINE('',#3307,#3308);
#3307 = CARTESIAN_POINT('',(0.540501639543,1.720073757952E-02));
#3308 = VECTOR('',#3309,1.);
#3309 = DIRECTION('',(-6.858170356254E-02,0.99764550314));
#3310 = ( GEOMETRIC_REPRESENTATION_CONTEXT(2) 
PARAMETRIC_REPRESENTATION_CONTEXT() REPRESENTATION_CONTEXT('2D SPACE',''
  ) );
#3311 = PCURVE('',#887,#3312);
#3312 = DEFINITIONAL_REPRESENTATION('',(#3313),#3317);
#3313 = LINE('',#3314,#3315);
#3314 = CARTESIAN_POINT('',(4.006966992124E-02,1.720073757952E-02));
#3315 = VECTOR('',#3316,1.);
#3316 = DIRECTION('',(6.858170356256E-02,0.99764550314));
#3317 = ( GEOMETRIC_REPRESENTATION_CONTEXT(2) 
PARAMETRIC_REPRESENTATION_CONTEXT() REPRESENTATION_CONTEXT('2D SPACE',''
  ) );
#3318 = ORIENTED_EDGE('',*,*,#843,.F.);
#3319 = ADVANCED_FACE('',(#3320),#1447,.T.);
#3320 = FACE_BOUND('',#3321,.T.);
#3321 = EDGE_LOOP('',(#3322,#3345,#3371,#3372));
#3322 = ORIENTED_EDGE('',*,*,#3323,.F.);
#3323 = EDGE_CURVE('',#3324,#1404,#3326,.T.);
#3324 = VERTEX_POINT('',#3325);
#3325 = CARTESIAN_POINT('',(612.7,164.03328930094,228.30559116309));
#3326 = SURFACE_CURVE('',#3327,(#3331,#3338),.PCURVE_S1.);
#3327 = LINE('',#3328,#3329);
#3328 = CARTESIAN_POINT('',(612.28751987483,164.26355979556,
    228.65021531232));
#3329 = VECTOR('',#3330,1.);
#3330 = DIRECTION('',(-0.705398161813,0.393794449037,0.589355041735));
#3331 = PCURVE('',#1447,#3332);
#3332 = DEFINITIONAL_REPRESENTATION('',(#3333),#3337);
#3333 = LINE('',#3334,#3335);
#3334 = CARTESIAN_POINT('',(4.062574638478E-02,1.764956227452E-02));
#3335 = VECTOR('',#3336,1.);
#3336 = DIRECTION('',(6.947565488254E-02,0.997583647309));
#3337 = ( GEOMETRIC_REPRESENTATION_CONTEXT(2) 
PARAMETRIC_REPRESENTATION_CONTEXT() REPRESENTATION_CONTEXT('2D SPACE',''
  ) );
#3338 = PCURVE('',#1419,#3339);
#3339 = DEFINITIONAL_REPRESENTATION('',(#3340),#3344);
#3340 = LINE('',#3341,#3342);
#3341 = CARTESIAN_POINT('',(0.547477095592,1.764956227452E-02));
#3342 = VECTOR('',#3343,1.);
#3343 = DIRECTION('',(-6.947565488253E-02,0.997583647309));
#3344 = ( GEOMETRIC_REPRESENTATION_CONTEXT(2) 
PARAMETRIC_REPRESENTATION_CONTEXT() REPRESENTATION_CONTEXT('2D SPACE',''
  ) );
#3345 = ORIENTED_EDGE('',*,*,#3346,.T.);
#3346 = EDGE_CURVE('',#3324,#3216,#3347,.T.);
#3347 = SURFACE_CURVE('',#3348,(#3352,#3359),.PCURVE_S1.);
#3348 = LINE('',#3349,#3350);
#3349 = CARTESIAN_POINT('',(612.7,164.03328930094,228.30559116309));
#3350 = VECTOR('',#3351,1.);
#3351 = DIRECTION('',(-1.562532034345E-16,-0.773010453363,0.634393284164
    ));
#3352 = PCURVE('',#1447,#3353);
#3353 = DEFINITIONAL_REPRESENTATION('',(#3354),#3358);
#3354 = LINE('',#3355,#3356);
#3355 = CARTESIAN_POINT('',(9.992007221626E-15,-0.565685424949));
#3356 = VECTOR('',#3357,1.);
#3357 = DIRECTION('',(1.,0.));
#3358 = ( GEOMETRIC_REPRESENTATION_CONTEXT(2) 
PARAMETRIC_REPRESENTATION_CONTEXT() REPRESENTATION_CONTEXT('2D SPACE',''
  ) );
#3359 = PCURVE('',#3360,#3365);
#3360 = PLANE('',#3361);
#3361 = AXIS2_PLACEMENT_3D('',#3362,#3363,#3364);
#3362 = CARTESIAN_POINT('',(611.9,164.03328930094,228.30559116309));
#3363 = DIRECTION('',(1.538959728532E-17,-0.634393284164,-0.773010453363
    ));
#3364 = DIRECTION('',(-1.562532034345E-16,-0.773010453363,0.634393284164
    ));
#3365 = DEFINITIONAL_REPRESENTATION('',(#3366),#3370);
#3366 = LINE('',#3367,#3368);
#3367 = CARTESIAN_POINT('',(-1.250025627476E-16,-0.8));
#3368 = VECTOR('',#3369,1.);
#3369 = DIRECTION('',(1.,0.));
#3370 = ( GEOMETRIC_REPRESENTATION_CONTEXT(2) 
PARAMETRIC_REPRESENTATION_CONTEXT() REPRESENTATION_CONTEXT('2D SPACE',''
  ) );
#3371 = ORIENTED_EDGE('',*,*,#3215,.T.);
#3372 = ORIENTED_EDGE('',*,*,#1431,.F.);
#3373 = ADVANCED_FACE('',(#3374),#887,.T.);
#3374 = FACE_BOUND('',#3375,.T.);
#3375 = EDGE_LOOP('',(#3376,#3377,#3405,#3426));
#3376 = ORIENTED_EDGE('',*,*,#3298,.F.);
#3377 = ORIENTED_EDGE('',*,*,#3378,.T.);
#3378 = EDGE_CURVE('',#3271,#3379,#3381,.T.);
#3379 = VERTEX_POINT('',#3380);
#3380 = CARTESIAN_POINT('',(612.7,249.79822942676,274.37739521968));
#3381 = SURFACE_CURVE('',#3382,(#3386,#3393),.PCURVE_S1.);
#3382 = LINE('',#3383,#3384);
#3383 = CARTESIAN_POINT('',(612.7,249.24202362195,274.54382282577));
#3384 = VECTOR('',#3385,1.);
#3385 = DIRECTION('',(1.381887527098E-16,0.958031848534,-0.286661781887)
  );
#3386 = PCURVE('',#887,#3387);
#3387 = DEFINITIONAL_REPRESENTATION('',(#3388),#3392);
#3388 = LINE('',#3389,#3390);
#3389 = CARTESIAN_POINT('',(2.692290834716E-15,-0.565685424949));
#3390 = VECTOR('',#3391,1.);
#3391 = DIRECTION('',(1.,5.551115123126E-17));
#3392 = ( GEOMETRIC_REPRESENTATION_CONTEXT(2) 
PARAMETRIC_REPRESENTATION_CONTEXT() REPRESENTATION_CONTEXT('2D SPACE',''
  ) );
#3393 = PCURVE('',#3394,#3399);
#3394 = PLANE('',#3395);
#3395 = AXIS2_PLACEMENT_3D('',#3396,#3397,#3398);
#3396 = CARTESIAN_POINT('',(611.9,249.24202362195,274.54382282577));
#3397 = DIRECTION('',(-7.453705060354E-17,0.286661781887,0.958031848534)
  );
#3398 = DIRECTION('',(1.381887527098E-16,0.958031848534,-0.286661781887)
  );
#3399 = DEFINITIONAL_REPRESENTATION('',(#3400),#3404);
#3400 = LINE('',#3401,#3402);
#3401 = CARTESIAN_POINT('',(1.105510021678E-16,-0.8));
#3402 = VECTOR('',#3403,1.);
#3403 = DIRECTION('',(1.,0.));
#3404 = ( GEOMETRIC_REPRESENTATION_CONTEXT(2) 
PARAMETRIC_REPRESENTATION_CONTEXT() REPRESENTATION_CONTEXT('2D SPACE',''
  ) );
#3405 = ORIENTED_EDGE('',*,*,#3406,.T.);
#3406 = EDGE_CURVE('',#3379,#872,#3407,.T.);
#3407 = SURFACE_CURVE('',#3408,(#3412,#3419),.PCURVE_S1.);
#3408 = LINE('',#3409,#3410);
#3409 = CARTESIAN_POINT('',(612.28783724181,249.64169009613,
    273.99401661354));
#3410 = VECTOR('',#3411,1.);
#3411 = DIRECTION('',(-0.705441900491,-0.267926688452,-0.656176054612));
#3412 = PCURVE('',#887,#3413);
#3413 = DEFINITIONAL_REPRESENTATION('',(#3414),#3418);
#3414 = LINE('',#3415,#3416);
#3415 = CARTESIAN_POINT('',(0.540501639543,1.720073757952E-02));
#3416 = VECTOR('',#3417,1.);
#3417 = DIRECTION('',(-6.858170356254E-02,0.99764550314));
#3418 = ( GEOMETRIC_REPRESENTATION_CONTEXT(2) 
PARAMETRIC_REPRESENTATION_CONTEXT() REPRESENTATION_CONTEXT('2D SPACE',''
  ) );
#3419 = PCURVE('',#915,#3420);
#3420 = DEFINITIONAL_REPRESENTATION('',(#3421),#3425);
#3421 = LINE('',#3422,#3423);
#3422 = CARTESIAN_POINT('',(4.006966992128E-02,1.720073757952E-02));
#3423 = VECTOR('',#3424,1.);
#3424 = DIRECTION('',(6.858170356257E-02,0.99764550314));
#3425 = ( GEOMETRIC_REPRESENTATION_CONTEXT(2) 
PARAMETRIC_REPRESENTATION_CONTEXT() REPRESENTATION_CONTEXT('2D SPACE',''
  ) );
#3426 = ORIENTED_EDGE('',*,*,#871,.F.);
#3427 = ADVANCED_FACE('',(#3428),#1419,.T.);
#3428 = FACE_BOUND('',#3429,.T.);
#3429 = EDGE_LOOP('',(#3430,#3453,#3479,#3480));
#3430 = ORIENTED_EDGE('',*,*,#3431,.F.);
#3431 = EDGE_CURVE('',#3432,#1376,#3434,.T.);
#3432 = VERTEX_POINT('',#3433);
#3433 = CARTESIAN_POINT('',(612.7,164.5519497029,228.02836140246));
#3434 = SURFACE_CURVE('',#3435,(#3439,#3446),.PCURVE_S1.);
#3435 = LINE('',#3436,#3437);
#3436 = CARTESIAN_POINT('',(612.28751987483,164.71056277829,
    228.41128724025));
#3437 = VECTOR('',#3438,1.);
#3438 = DIRECTION('',(-0.705398161813,0.271250334246,0.654856235736));
#3439 = PCURVE('',#1419,#3440);
#3440 = DEFINITIONAL_REPRESENTATION('',(#3441),#3445);
#3441 = LINE('',#3442,#3443);
#3442 = CARTESIAN_POINT('',(4.062574638488E-02,1.764956227452E-02));
#3443 = VECTOR('',#3444,1.);
#3444 = DIRECTION('',(6.947565488252E-02,0.997583647309));
#3445 = ( GEOMETRIC_REPRESENTATION_CONTEXT(2) 
PARAMETRIC_REPRESENTATION_CONTEXT() REPRESENTATION_CONTEXT('2D SPACE',''
  ) );
#3446 = PCURVE('',#1391,#3447);
#3447 = DEFINITIONAL_REPRESENTATION('',(#3448),#3452);
#3448 = LINE('',#3449,#3450);
#3449 = CARTESIAN_POINT('',(0.547477095593,1.76495622745E-02));
#3450 = VECTOR('',#3451,1.);
#3451 = DIRECTION('',(-6.947565488256E-02,0.997583647309));
#3452 = ( GEOMETRIC_REPRESENTATION_CONTEXT(2) 
PARAMETRIC_REPRESENTATION_CONTEXT() REPRESENTATION_CONTEXT('2D SPACE',''
  ) );
#3453 = ORIENTED_EDGE('',*,*,#3454,.T.);
#3454 = EDGE_CURVE('',#3432,#3324,#3455,.T.);
#3455 = SURFACE_CURVE('',#3456,(#3460,#3467),.PCURVE_S1.);
#3456 = LINE('',#3457,#3458);
#3457 = CARTESIAN_POINT('',(612.7,164.5519497029,228.02836140246));
#3458 = VECTOR('',#3459,1.);
#3459 = DIRECTION('',(-1.502484804543E-16,-0.881921264348,0.471396736826
    ));
#3460 = PCURVE('',#1419,#3461);
#3461 = DEFINITIONAL_REPRESENTATION('',(#3462),#3466);
#3462 = LINE('',#3463,#3464);
#3463 = CARTESIAN_POINT('',(3.552713678801E-15,-0.565685424949));
#3464 = VECTOR('',#3465,1.);
#3465 = DIRECTION('',(1.,1.110223024625E-16));
#3466 = ( GEOMETRIC_REPRESENTATION_CONTEXT(2) 
PARAMETRIC_REPRESENTATION_CONTEXT() REPRESENTATION_CONTEXT('2D SPACE',''
  ) );
#3467 = PCURVE('',#3468,#3473);
#3468 = PLANE('',#3469);
#3469 = AXIS2_PLACEMENT_3D('',#3470,#3471,#3472);
#3470 = CARTESIAN_POINT('',(611.9,164.5519497029,228.02836140246));
#3471 = DIRECTION('',(4.557737826287E-17,-0.471396736826,-0.881921264348
    ));
#3472 = DIRECTION('',(-1.502484804543E-16,-0.881921264348,0.471396736826
    ));
#3473 = DEFINITIONAL_REPRESENTATION('',(#3474),#3478);
#3474 = LINE('',#3475,#3476);
#3475 = CARTESIAN_POINT('',(-1.201987843635E-16,-0.8));
#3476 = VECTOR('',#3477,1.);
#3477 = DIRECTION('',(1.,6.162975822039E-33));
#3478 = ( GEOMETRIC_REPRESENTATION_CONTEXT(2) 
PARAMETRIC_REPRESENTATION_CONTEXT() REPRESENTATION_CONTEXT('2D SPACE',''
  ) );
#3479 = ORIENTED_EDGE('',*,*,#3323,.T.);
#3480 = ORIENTED_EDGE('',*,*,#1403,.F.);
#3481 = ADVANCED_FACE('',(#3482),#915,.T.);
#3482 = FACE_BOUND('',#3483,.T.);
#3483 = EDGE_LOOP('',(#3484,#3485,#3513,#3534));
#3484 = ORIENTED_EDGE('',*,*,#3406,.F.);
#3485 = ORIENTED_EDGE('',*,*,#3486,.T.);
#3486 = EDGE_CURVE('',#3379,#3487,#3489,.T.);
#3487 = VERTEX_POINT('',#3488);
#3488 = CARTESIAN_POINT('',(612.7,250.31196330975,274.10695013683));
#3489 = SURFACE_CURVE('',#3490,(#3494,#3501),.PCURVE_S1.);
#3490 = LINE('',#3491,#3492);
#3491 = CARTESIAN_POINT('',(612.7,249.79822942676,274.37739521968));
#3492 = VECTOR('',#3493,1.);
#3493 = DIRECTION('',(1.499580721811E-16,0.884876456372,-0.46582577962)
  );
#3494 = PCURVE('',#915,#3495);
#3495 = DEFINITIONAL_REPRESENTATION('',(#3496),#3500);
#3496 = LINE('',#3497,#3498);
#3497 = CARTESIAN_POINT('',(-1.160183060733E-14,-0.565685424949));
#3498 = VECTOR('',#3499,1.);
#3499 = DIRECTION('',(1.,-5.551115123126E-17));
#3500 = ( GEOMETRIC_REPRESENTATION_CONTEXT(2) 
PARAMETRIC_REPRESENTATION_CONTEXT() REPRESENTATION_CONTEXT('2D SPACE',''
  ) );
#3501 = PCURVE('',#3502,#3507);
#3502 = PLANE('',#3503);
#3503 = AXIS2_PLACEMENT_3D('',#3504,#3505,#3506);
#3504 = CARTESIAN_POINT('',(611.9,249.79822942676,274.37739521968));
#3505 = DIRECTION('',(-4.652397098153E-17,0.46582577962,0.884876456372)
  );
#3506 = DIRECTION('',(1.499580721811E-16,0.884876456372,-0.46582577962)
  );
#3507 = DEFINITIONAL_REPRESENTATION('',(#3508),#3512);
#3508 = LINE('',#3509,#3510);
#3509 = CARTESIAN_POINT('',(1.199664577449E-16,-0.8));
#3510 = VECTOR('',#3511,1.);
#3511 = DIRECTION('',(1.,-6.162975822039E-33));
#3512 = ( GEOMETRIC_REPRESENTATION_CONTEXT(2) 
PARAMETRIC_REPRESENTATION_CONTEXT() REPRESENTATION_CONTEXT('2D SPACE',''
  ) );
#3513 = ORIENTED_EDGE('',*,*,#3514,.T.);
#3514 = EDGE_CURVE('',#3487,#900,#3515,.T.);
#3515 = SURFACE_CURVE('',#3516,(#3520,#3527),.PCURVE_S1.);
#3516 = LINE('',#3517,#3518);
#3517 = CARTESIAN_POINT('',(612.28783724181,250.08451056406,
    273.76090250115));
#3518 = VECTOR('',#3519,1.);
#3519 = DIRECTION('',(-0.705441900491,-0.389299358093,-0.592281803553));
#3520 = PCURVE('',#915,#3521);
#3521 = DEFINITIONAL_REPRESENTATION('',(#3522),#3526);
#3522 = LINE('',#3523,#3524);
#3523 = CARTESIAN_POINT('',(0.540501639543,1.720073757952E-02));
#3524 = VECTOR('',#3525,1.);
#3525 = DIRECTION('',(-6.858170356259E-02,0.99764550314));
#3526 = ( GEOMETRIC_REPRESENTATION_CONTEXT(2) 
PARAMETRIC_REPRESENTATION_CONTEXT() REPRESENTATION_CONTEXT('2D SPACE',''
  ) );
#3527 = PCURVE('',#943,#3528);
#3528 = DEFINITIONAL_REPRESENTATION('',(#3529),#3533);
#3529 = LINE('',#3530,#3531);
#3530 = CARTESIAN_POINT('',(4.006966992129E-02,1.720073757953E-02));
#3531 = VECTOR('',#3532,1.);
#3532 = DIRECTION('',(6.858170356251E-02,0.997645503141));
#3533 = ( GEOMETRIC_REPRESENTATION_CONTEXT(2) 
PARAMETRIC_REPRESENTATION_CONTEXT() REPRESENTATION_CONTEXT('2D SPACE',''
  ) );
#3534 = ORIENTED_EDGE('',*,*,#899,.F.);
#3535 = ADVANCED_FACE('',(#3536),#1391,.T.);
#3536 = FACE_BOUND('',#3537,.T.);
#3537 = EDGE_LOOP('',(#3538,#3561,#3587,#3588));
#3538 = ORIENTED_EDGE('',*,*,#3539,.F.);
#3539 = EDGE_CURVE('',#3540,#1348,#3542,.T.);
#3540 = VERTEX_POINT('',#3541);
#3541 = CARTESIAN_POINT('',(612.7,165.11472903395,227.85764415879));
#3542 = SURFACE_CURVE('',#3543,(#3547,#3554),.PCURVE_S1.);
#3543 = LINE('',#3544,#3545);
#3544 = CARTESIAN_POINT('',(612.28751987483,165.19558927857,
    228.26415605993));
#3545 = VECTOR('',#3546,1.);
#3546 = DIRECTION('',(-0.705398161813,0.138282221229,0.695191671845));
#3547 = PCURVE('',#1391,#3548);
#3548 = DEFINITIONAL_REPRESENTATION('',(#3549),#3553);
#3549 = LINE('',#3550,#3551);
#3550 = CARTESIAN_POINT('',(4.062574638488E-02,1.764956227451E-02));
#3551 = VECTOR('',#3552,1.);
#3552 = DIRECTION('',(6.947565488252E-02,0.997583647309));
#3553 = ( GEOMETRIC_REPRESENTATION_CONTEXT(2) 
PARAMETRIC_REPRESENTATION_CONTEXT() REPRESENTATION_CONTEXT('2D SPACE',''
  ) );
#3554 = PCURVE('',#1363,#3555);
#3555 = DEFINITIONAL_REPRESENTATION('',(#3556),#3560);
#3556 = LINE('',#3557,#3558);
#3557 = CARTESIAN_POINT('',(0.547477095593,1.764956227452E-02));
#3558 = VECTOR('',#3559,1.);
#3559 = DIRECTION('',(-6.947565488255E-02,0.997583647309));
#3560 = ( GEOMETRIC_REPRESENTATION_CONTEXT(2) 
PARAMETRIC_REPRESENTATION_CONTEXT() REPRESENTATION_CONTEXT('2D SPACE',''
  ) );
#3561 = ORIENTED_EDGE('',*,*,#3562,.T.);
#3562 = EDGE_CURVE('',#3540,#3432,#3563,.T.);
#3563 = SURFACE_CURVE('',#3564,(#3568,#3575),.PCURVE_S1.);
#3564 = LINE('',#3565,#3566);
#3565 = CARTESIAN_POINT('',(612.7,165.11472903395,227.85764415879));
#3566 = VECTOR('',#3567,1.);
#3567 = DIRECTION('',(-1.384697926306E-16,-0.956940335732,0.290284677254
    ));
#3568 = PCURVE('',#1391,#3569);
#3569 = DEFINITIONAL_REPRESENTATION('',(#3570),#3574);
#3570 = LINE('',#3571,#3572);
#3571 = CARTESIAN_POINT('',(5.676015213396E-15,-0.565685424949));
#3572 = VECTOR('',#3573,1.);
#3573 = DIRECTION('',(1.,0.));
#3574 = ( GEOMETRIC_REPRESENTATION_CONTEXT(2) 
PARAMETRIC_REPRESENTATION_CONTEXT() REPRESENTATION_CONTEXT('2D SPACE',''
  ) );
#3575 = PCURVE('',#3576,#3581);
#3576 = PLANE('',#3577);
#3577 = AXIS2_PLACEMENT_3D('',#3578,#3579,#3580);
#3578 = CARTESIAN_POINT('',(611.9,165.11472903395,227.85764415879));
#3579 = DIRECTION('',(7.401364615386E-17,-0.290284677254,-0.956940335732
    ));
#3580 = DIRECTION('',(-1.384697926306E-16,-0.956940335732,0.290284677254
    ));
#3581 = DEFINITIONAL_REPRESENTATION('',(#3582),#3586);
#3582 = LINE('',#3583,#3584);
#3583 = CARTESIAN_POINT('',(-1.107758341045E-16,-0.8));
#3584 = VECTOR('',#3585,1.);
#3585 = DIRECTION('',(1.,-1.232595164408E-32));
#3586 = ( GEOMETRIC_REPRESENTATION_CONTEXT(2) 
PARAMETRIC_REPRESENTATION_CONTEXT() REPRESENTATION_CONTEXT('2D SPACE',''
  ) );
#3587 = ORIENTED_EDGE('',*,*,#3431,.T.);
#3588 = ORIENTED_EDGE('',*,*,#1375,.F.);
#3589 = ADVANCED_FACE('',(#3590),#943,.T.);
#3590 = FACE_BOUND('',#3591,.T.);
#3591 = EDGE_LOOP('',(#3592,#3593,#3621,#3642));
#3592 = ORIENTED_EDGE('',*,*,#3514,.F.);
#3593 = ORIENTED_EDGE('',*,*,#3594,.T.);
#3594 = EDGE_CURVE('',#3487,#3595,#3597,.T.);
#3595 = VERTEX_POINT('',#3596);
#3596 = CARTESIAN_POINT('',(612.7,250.76398519235,273.74261613756));
#3597 = SURFACE_CURVE('',#3598,(#3602,#3609),.PCURVE_S1.);
#3598 = LINE('',#3599,#3600);
#3599 = CARTESIAN_POINT('',(612.7,250.31196330975,274.10695013683));
#3600 = VECTOR('',#3601,1.);
#3601 = DIRECTION('',(1.561112444871E-16,0.778581158303,-0.627543926698)
  );
#3602 = PCURVE('',#943,#3603);
#3603 = DEFINITIONAL_REPRESENTATION('',(#3604),#3608);
#3604 = LINE('',#3605,#3606);
#3605 = CARTESIAN_POINT('',(1.224020884649E-14,-0.565685424949));
#3606 = VECTOR('',#3607,1.);
#3607 = DIRECTION('',(1.,0.));
#3608 = ( GEOMETRIC_REPRESENTATION_CONTEXT(2) 
PARAMETRIC_REPRESENTATION_CONTEXT() REPRESENTATION_CONTEXT('2D SPACE',''
  ) );
#3609 = PCURVE('',#3610,#3615);
#3610 = PLANE('',#3611);
#3611 = AXIS2_PLACEMENT_3D('',#3612,#3613,#3614);
#3612 = CARTESIAN_POINT('',(611.9,250.31196330975,274.10695013683));
#3613 = DIRECTION('',(-1.676850121042E-17,0.627543926698,0.778581158303)
  );
#3614 = DIRECTION('',(1.561112444871E-16,0.778581158303,-0.627543926698)
  );
#3615 = DEFINITIONAL_REPRESENTATION('',(#3616),#3620);
#3616 = LINE('',#3617,#3618);
#3617 = CARTESIAN_POINT('',(1.248889955897E-16,-0.8));
#3618 = VECTOR('',#3619,1.);
#3619 = DIRECTION('',(1.,0.));
#3620 = ( GEOMETRIC_REPRESENTATION_CONTEXT(2) 
PARAMETRIC_REPRESENTATION_CONTEXT() REPRESENTATION_CONTEXT('2D SPACE',''
  ) );
#3621 = ORIENTED_EDGE('',*,*,#3622,.T.);
#3622 = EDGE_CURVE('',#3595,#928,#3623,.T.);
#3623 = SURFACE_CURVE('',#3624,(#3628,#3635),.PCURVE_S1.);
#3624 = LINE('',#3625,#3626);
#3625 = CARTESIAN_POINT('',(612.28783724181,250.47413746662,
    273.44685945789));
#3626 = VECTOR('',#3627,1.);
#3627 = DIRECTION('',(-0.705441900491,-0.496092202489,-0.506205740447));
#3628 = PCURVE('',#943,#3629);
#3629 = DEFINITIONAL_REPRESENTATION('',(#3630),#3634);
#3630 = LINE('',#3631,#3632);
#3631 = CARTESIAN_POINT('',(0.540501639543,1.720073757951E-02));
#3632 = VECTOR('',#3633,1.);
#3633 = DIRECTION('',(-6.858170356254E-02,0.99764550314));
#3634 = ( GEOMETRIC_REPRESENTATION_CONTEXT(2) 
PARAMETRIC_REPRESENTATION_CONTEXT() REPRESENTATION_CONTEXT('2D SPACE',''
  ) );
#3635 = PCURVE('',#971,#3636);
#3636 = DEFINITIONAL_REPRESENTATION('',(#3637),#3641);
#3637 = LINE('',#3638,#3639);
#3638 = CARTESIAN_POINT('',(4.006966992128E-02,1.72007375795E-02));
#3639 = VECTOR('',#3640,1.);
#3640 = DIRECTION('',(6.858170356256E-02,0.99764550314));
#3641 = ( GEOMETRIC_REPRESENTATION_CONTEXT(2) 
PARAMETRIC_REPRESENTATION_CONTEXT() REPRESENTATION_CONTEXT('2D SPACE',''
  ) );
#3642 = ORIENTED_EDGE('',*,*,#927,.F.);
#3643 = ADVANCED_FACE('',(#3644),#1363,.T.);
#3644 = FACE_BOUND('',#3645,.T.);
#3645 = EDGE_LOOP('',(#3646,#3668,#3694,#3695));
#3646 = ORIENTED_EDGE('',*,*,#3647,.F.);
#3647 = EDGE_CURVE('',#3648,#1320,#3650,.T.);
#3648 = VERTEX_POINT('',#3649);
#3649 = CARTESIAN_POINT('',(612.7,165.7,227.8));
#3650 = SURFACE_CURVE('',#3651,(#3655,#3661),.PCURVE_S1.);
#3651 = LINE('',#3652,#3653);
#3652 = CARTESIAN_POINT('',(612.3,165.7,228.2));
#3653 = VECTOR('',#3654,1.);
#3654 = DIRECTION('',(-0.707106781187,7.850462293419E-17,0.707106781187)
  );
#3655 = PCURVE('',#1363,#3656);
#3656 = DEFINITIONAL_REPRESENTATION('',(#3657),#3660);
#3657 = B_SPLINE_CURVE_WITH_KNOTS('',1,(#3658,#3659),.UNSPECIFIED.,.F.,
  .F.,(2,2),(-0.565685424949,0.565685424949),.PIECEWISE_BEZIER_KNOTS.);
#3658 = CARTESIAN_POINT('',(0.,-0.565685424949));
#3659 = CARTESIAN_POINT('',(7.841371226365E-02,0.562961495011));
#3660 = ( GEOMETRIC_REPRESENTATION_CONTEXT(2) 
PARAMETRIC_REPRESENTATION_CONTEXT() REPRESENTATION_CONTEXT('2D SPACE',''
  ) );
#3661 = PCURVE('',#1335,#3662);
#3662 = DEFINITIONAL_REPRESENTATION('',(#3663),#3667);
#3663 = LINE('',#3664,#3665);
#3664 = CARTESIAN_POINT('',(26.035971480716,-2.043944123819E-15));
#3665 = VECTOR('',#3666,1.);
#3666 = DIRECTION('',(-2.311115933265E-33,1.));
#3667 = ( GEOMETRIC_REPRESENTATION_CONTEXT(2) 
PARAMETRIC_REPRESENTATION_CONTEXT() REPRESENTATION_CONTEXT('2D SPACE',''
  ) );
#3668 = ORIENTED_EDGE('',*,*,#3669,.T.);
#3669 = EDGE_CURVE('',#3648,#3540,#3670,.T.);
#3670 = SURFACE_CURVE('',#3671,(#3675,#3682),.PCURVE_S1.);
#3671 = LINE('',#3672,#3673);
#3672 = CARTESIAN_POINT('',(612.7,165.7,227.8));
#3673 = VECTOR('',#3674,1.);
#3674 = DIRECTION('',(-1.213697883309E-16,-0.995184726672,
    9.801714032956E-02));
#3675 = PCURVE('',#1363,#3676);
#3676 = DEFINITIONAL_REPRESENTATION('',(#3677),#3681);
#3677 = LINE('',#3678,#3679);
#3678 = CARTESIAN_POINT('',(1.873501354055E-14,-0.565685424949));
#3679 = VECTOR('',#3680,1.);
#3680 = DIRECTION('',(1.,2.775557561563E-17));
#3681 = ( GEOMETRIC_REPRESENTATION_CONTEXT(2) 
PARAMETRIC_REPRESENTATION_CONTEXT() REPRESENTATION_CONTEXT('2D SPACE',''
  ) );
#3682 = PCURVE('',#3683,#3688);
#3683 = PLANE('',#3684);
#3684 = AXIS2_PLACEMENT_3D('',#3685,#3686,#3687);
#3685 = CARTESIAN_POINT('',(611.9,165.7,227.8));
#3686 = DIRECTION('',(9.96056111305E-17,-9.801714032956E-02,
    -0.995184726672));
#3687 = DIRECTION('',(-1.213697883309E-16,-0.995184726672,
    9.801714032956E-02));
#3688 = DEFINITIONAL_REPRESENTATION('',(#3689),#3693);
#3689 = LINE('',#3690,#3691);
#3690 = CARTESIAN_POINT('',(-9.709583066468E-17,-0.8));
#3691 = VECTOR('',#3692,1.);
#3692 = DIRECTION('',(1.,-4.622231866529E-33));
#3693 = ( GEOMETRIC_REPRESENTATION_CONTEXT(2) 
PARAMETRIC_REPRESENTATION_CONTEXT() REPRESENTATION_CONTEXT('2D SPACE',''
  ) );
#3694 = ORIENTED_EDGE('',*,*,#3539,.T.);
#3695 = ORIENTED_EDGE('',*,*,#1347,.F.);
#3696 = ADVANCED_FACE('',(#3697),#971,.T.);
#3697 = FACE_BOUND('',#3698,.T.);
#3698 = EDGE_LOOP('',(#3699,#3700,#3728,#3749));
#3699 = ORIENTED_EDGE('',*,*,#3622,.F.);
#3700 = ORIENTED_EDGE('',*,*,#3701,.T.);
#3701 = EDGE_CURVE('',#3595,#3702,#3704,.T.);
#3702 = VERTEX_POINT('',#3703);
#3703 = CARTESIAN_POINT('',(612.7,251.13736619986,273.29803805825));
#3704 = SURFACE_CURVE('',#3705,(#3709,#3716),.PCURVE_S1.);
#3705 = LINE('',#3706,#3707);
#3706 = CARTESIAN_POINT('',(612.7,250.76398519235,273.74261613756));
#3707 = VECTOR('',#3708,1.);
#3708 = DIRECTION('',(1.56417824406E-16,0.643126867314,-0.765759644105)
  );
#3709 = PCURVE('',#971,#3710);
#3710 = DEFINITIONAL_REPRESENTATION('',(#3711),#3715);
#3711 = LINE('',#3712,#3713);
#3712 = CARTESIAN_POINT('',(1.06581410364E-14,-0.565685424949));
#3713 = VECTOR('',#3714,1.);
#3714 = DIRECTION('',(1.,-5.551115123126E-17));
#3715 = ( GEOMETRIC_REPRESENTATION_CONTEXT(2) 
PARAMETRIC_REPRESENTATION_CONTEXT() REPRESENTATION_CONTEXT('2D SPACE',''
  ) );
#3716 = PCURVE('',#3717,#3722);
#3717 = PLANE('',#3718);
#3718 = AXIS2_PLACEMENT_3D('',#3719,#3720,#3721);
#3719 = CARTESIAN_POINT('',(611.9,250.76398519235,273.74261613756));
#3720 = DIRECTION('',(1.361497323672E-17,0.765759644105,0.643126867314)
  );
#3721 = DIRECTION('',(1.56417824406E-16,0.643126867314,-0.765759644105)
  );
#3722 = DEFINITIONAL_REPRESENTATION('',(#3723),#3727);
#3723 = LINE('',#3724,#3725);
#3724 = CARTESIAN_POINT('',(1.251342595248E-16,-0.8));
#3725 = VECTOR('',#3726,1.);
#3726 = DIRECTION('',(1.,0.));
#3727 = ( GEOMETRIC_REPRESENTATION_CONTEXT(2) 
PARAMETRIC_REPRESENTATION_CONTEXT() REPRESENTATION_CONTEXT('2D SPACE',''
  ) );
#3728 = ORIENTED_EDGE('',*,*,#3729,.T.);
#3729 = EDGE_CURVE('',#3702,#956,#3730,.T.);
#3730 = SURFACE_CURVE('',#3731,(#3735,#3742),.PCURVE_S1.);
#3731 = LINE('',#3732,#3733);
#3732 = CARTESIAN_POINT('',(612.28783724181,250.79597871155,
    273.06364885093));
#3733 = VECTOR('',#3734,1.);
#3734 = DIRECTION('',(-0.705441900491,-0.584305674824,-0.401171538622));
#3735 = PCURVE('',#971,#3736);
#3736 = DEFINITIONAL_REPRESENTATION('',(#3737),#3741);
#3737 = LINE('',#3738,#3739);
#3738 = CARTESIAN_POINT('',(0.540501639543,1.720073757949E-02));
#3739 = VECTOR('',#3740,1.);
#3740 = DIRECTION('',(-6.858170356252E-02,0.997645503141));
#3741 = ( GEOMETRIC_REPRESENTATION_CONTEXT(2) 
PARAMETRIC_REPRESENTATION_CONTEXT() REPRESENTATION_CONTEXT('2D SPACE',''
  ) );
#3742 = PCURVE('',#999,#3743);
#3743 = DEFINITIONAL_REPRESENTATION('',(#3744),#3748);
#3744 = LINE('',#3745,#3746);
#3745 = CARTESIAN_POINT('',(4.00696699212E-02,1.720073757949E-02));
#3746 = VECTOR('',#3747,1.);
#3747 = DIRECTION('',(6.858170356259E-02,0.99764550314));
#3748 = ( GEOMETRIC_REPRESENTATION_CONTEXT(2) 
PARAMETRIC_REPRESENTATION_CONTEXT() REPRESENTATION_CONTEXT('2D SPACE',''
  ) );
#3749 = ORIENTED_EDGE('',*,*,#955,.F.);
#3750 = ADVANCED_FACE('',(#3751),#1335,.T.);
#3751 = FACE_BOUND('',#3752,.T.);
#3752 = EDGE_LOOP('',(#3753,#3776,#3802,#3803));
#3753 = ORIENTED_EDGE('',*,*,#3754,.F.);
#3754 = EDGE_CURVE('',#3755,#1292,#3757,.T.);
#3755 = VERTEX_POINT('',#3756);
#3756 = CARTESIAN_POINT('',(612.7,191.73597148071,227.8));
#3757 = SURFACE_CURVE('',#3758,(#3762,#3769),.PCURVE_S1.);
#3758 = LINE('',#3759,#3760);
#3759 = CARTESIAN_POINT('',(612.29249935764,191.71483583631,
    228.20750064235));
#3760 = VECTOR('',#3761,1.);
#3761 = DIRECTION('',(-0.706631706866,-3.665053481557E-02,0.706631706866
    ));
#3762 = PCURVE('',#1335,#3763);
#3763 = DEFINITIONAL_REPRESENTATION('',(#3764),#3768);
#3764 = LINE('',#3765,#3766);
#3765 = CARTESIAN_POINT('',(2.113564440262E-02,1.060751014398E-02));
#3766 = VECTOR('',#3767,1.);
#3767 = DIRECTION('',(3.665053481557E-02,0.999328143453));
#3768 = ( GEOMETRIC_REPRESENTATION_CONTEXT(2) 
PARAMETRIC_REPRESENTATION_CONTEXT() REPRESENTATION_CONTEXT('2D SPACE',''
  ) );
#3769 = PCURVE('',#1307,#3770);
#3770 = DEFINITIONAL_REPRESENTATION('',(#3771),#3775);
#3771 = LINE('',#3772,#3773);
#3772 = CARTESIAN_POINT('',(0.599592874135,1.0607510144E-02));
#3773 = VECTOR('',#3774,1.);
#3774 = DIRECTION('',(-3.665053481565E-02,0.999328143453));
#3775 = ( GEOMETRIC_REPRESENTATION_CONTEXT(2) 
PARAMETRIC_REPRESENTATION_CONTEXT() REPRESENTATION_CONTEXT('2D SPACE',''
  ) );
#3776 = ORIENTED_EDGE('',*,*,#3777,.T.);
#3777 = EDGE_CURVE('',#3755,#3648,#3778,.T.);
#3778 = SURFACE_CURVE('',#3779,(#3783,#3790),.PCURVE_S1.);
#3779 = LINE('',#3780,#3781);
#3780 = CARTESIAN_POINT('',(612.7,191.73597148071,227.8));
#3781 = VECTOR('',#3782,1.);
#3782 = DIRECTION('',(-1.110223024625E-16,-1.,0.));
#3783 = PCURVE('',#1335,#3784);
#3784 = DEFINITIONAL_REPRESENTATION('',(#3785),#3789);
#3785 = LINE('',#3786,#3787);
#3786 = CARTESIAN_POINT('',(-4.4408920985E-17,-0.565685424949));
#3787 = VECTOR('',#3788,1.);
#3788 = DIRECTION('',(1.,0.));
#3789 = ( GEOMETRIC_REPRESENTATION_CONTEXT(2) 
PARAMETRIC_REPRESENTATION_CONTEXT() REPRESENTATION_CONTEXT('2D SPACE',''
  ) );
#3790 = PCURVE('',#3791,#3796);
#3791 = PLANE('',#3792);
#3792 = AXIS2_PLACEMENT_3D('',#3793,#3794,#3795);
#3793 = CARTESIAN_POINT('',(611.9,191.73597148071,227.8));
#3794 = DIRECTION('',(1.110223024625E-16,-1.232595164408E-32,-1.));
#3795 = DIRECTION('',(-1.110223024625E-16,-1.,0.));
#3796 = DEFINITIONAL_REPRESENTATION('',(#3797),#3801);
#3797 = LINE('',#3798,#3799);
#3798 = CARTESIAN_POINT('',(-8.881784197001E-17,-0.8));
#3799 = VECTOR('',#3800,1.);
#3800 = DIRECTION('',(1.,0.));
#3801 = ( GEOMETRIC_REPRESENTATION_CONTEXT(2) 
PARAMETRIC_REPRESENTATION_CONTEXT() REPRESENTATION_CONTEXT('2D SPACE',''
  ) );
#3802 = ORIENTED_EDGE('',*,*,#3647,.T.);
#3803 = ORIENTED_EDGE('',*,*,#1319,.F.);
#3804 = ADVANCED_FACE('',(#3805),#999,.T.);
#3805 = FACE_BOUND('',#3806,.T.);
#3806 = EDGE_LOOP('',(#3807,#3808,#3836,#3857));
#3807 = ORIENTED_EDGE('',*,*,#3729,.F.);
#3808 = ORIENTED_EDGE('',*,*,#3809,.T.);
#3809 = EDGE_CURVE('',#3702,#3810,#3812,.T.);
#3810 = VERTEX_POINT('',#3811);
#3811 = CARTESIAN_POINT('',(612.7,251.41812267233,272.78986599237));
#3812 = SURFACE_CURVE('',#3813,(#3817,#3824),.PCURVE_S1.);
#3813 = LINE('',#3814,#3815);
#3814 = CARTESIAN_POINT('',(612.7,251.13736619986,273.29803805825));
#3815 = VECTOR('',#3816,1.);
#3816 = DIRECTION('',(1.508663300755E-16,0.48358654294,-0.875296552882)
  );
#3817 = PCURVE('',#999,#3818);
#3818 = DEFINITIONAL_REPRESENTATION('',(#3819),#3823);
#3819 = LINE('',#3820,#3821);
#3820 = CARTESIAN_POINT('',(-4.615752224879E-14,-0.565685424949));
#3821 = VECTOR('',#3822,1.);
#3822 = DIRECTION('',(1.,-5.551115123126E-17));
#3823 = ( GEOMETRIC_REPRESENTATION_CONTEXT(2) 
PARAMETRIC_REPRESENTATION_CONTEXT() REPRESENTATION_CONTEXT('2D SPACE',''
  ) );
#3824 = PCURVE('',#3825,#3830);
#3825 = PLANE('',#3826);
#3826 = AXIS2_PLACEMENT_3D('',#3827,#3828,#3829);
#3827 = CARTESIAN_POINT('',(611.9,251.13736619986,273.29803805825));
#3828 = DIRECTION('',(4.348854720144E-17,0.875296552882,0.48358654294));
#3829 = DIRECTION('',(1.508663300755E-16,0.48358654294,-0.875296552882)
  );
#3830 = DEFINITIONAL_REPRESENTATION('',(#3831),#3835);
#3831 = LINE('',#3832,#3833);
#3832 = CARTESIAN_POINT('',(1.206930640604E-16,-0.8));
#3833 = VECTOR('',#3834,1.);
#3834 = DIRECTION('',(1.,-1.232595164408E-32));
#3835 = ( GEOMETRIC_REPRESENTATION_CONTEXT(2) 
PARAMETRIC_REPRESENTATION_CONTEXT() REPRESENTATION_CONTEXT('2D SPACE',''
  ) );
#3836 = ORIENTED_EDGE('',*,*,#3837,.T.);
#3837 = EDGE_CURVE('',#3810,#984,#3838,.T.);
#3838 = SURFACE_CURVE('',#3839,(#3843,#3850),.PCURVE_S1.);
#3839 = LINE('',#3840,#3841);
#3840 = CARTESIAN_POINT('',(612.28783724181,251.03798087771,
    272.62562247297));
#3841 = VECTOR('',#3842,1.);
#3842 = DIRECTION('',(-0.705441900491,-0.650636052693,-0.281112881184));
#3843 = PCURVE('',#999,#3844);
#3844 = DEFINITIONAL_REPRESENTATION('',(#3845),#3849);
#3845 = LINE('',#3846,#3847);
#3846 = CARTESIAN_POINT('',(0.540501639543,1.720073757948E-02));
#3847 = VECTOR('',#3848,1.);
#3848 = DIRECTION('',(-6.858170356253E-02,0.997645503141));
#3849 = ( GEOMETRIC_REPRESENTATION_CONTEXT(2) 
PARAMETRIC_REPRESENTATION_CONTEXT() REPRESENTATION_CONTEXT('2D SPACE',''
  ) );
#3850 = PCURVE('',#1027,#3851);
#3851 = DEFINITIONAL_REPRESENTATION('',(#3852),#3856);
#3852 = LINE('',#3853,#3854);
#3853 = CARTESIAN_POINT('',(4.006966992112E-02,1.720073757952E-02));
#3854 = VECTOR('',#3855,1.);
#3855 = DIRECTION('',(6.858170356253E-02,0.99764550314));
#3856 = ( GEOMETRIC_REPRESENTATION_CONTEXT(2) 
PARAMETRIC_REPRESENTATION_CONTEXT() REPRESENTATION_CONTEXT('2D SPACE',''
  ) );
#3857 = ORIENTED_EDGE('',*,*,#983,.F.);
#3858 = ADVANCED_FACE('',(#3859),#1307,.T.);
#3859 = FACE_BOUND('',#3860,.T.);
#3860 = EDGE_LOOP('',(#3861,#3884,#3910,#3911));
#3861 = ORIENTED_EDGE('',*,*,#3862,.F.);
#3862 = EDGE_CURVE('',#3863,#1264,#3865,.T.);
#3863 = VERTEX_POINT('',#3864);
#3864 = CARTESIAN_POINT('',(612.7,192.3533692699,227.86421731562));
#3865 = SURFACE_CURVE('',#3866,(#3870,#3877),.PCURVE_S1.);
#3866 = LINE('',#3867,#3868);
#3867 = CARTESIAN_POINT('',(612.28609799745,192.26772901095,
    228.27144454209));
#3868 = VECTOR('',#3869,1.);
#3869 = DIRECTION('',(-0.705202015387,-0.14591300076,0.693829599905));
#3870 = PCURVE('',#1307,#3871);
#3871 = DEFINITIONAL_REPRESENTATION('',(#3872),#3876);
#3872 = LINE('',#3873,#3874);
#3873 = CARTESIAN_POINT('',(4.305113493905E-02,1.966040054492E-02));
#3874 = VECTOR('',#3875,1.);
#3875 = DIRECTION('',(7.335008513367E-02,0.997306254373));
#3876 = ( GEOMETRIC_REPRESENTATION_CONTEXT(2) 
PARAMETRIC_REPRESENTATION_CONTEXT() REPRESENTATION_CONTEXT('2D SPACE',''
  ) );
#3877 = PCURVE('',#1279,#3878);
#3878 = DEFINITIONAL_REPRESENTATION('',(#3879),#3883);
#3879 = LINE('',#3880,#3881);
#3880 = CARTESIAN_POINT('',(0.577677383598,1.966040054491E-02));
#3881 = VECTOR('',#3882,1.);
#3882 = DIRECTION('',(-7.335008513359E-02,0.997306254373));
#3883 = ( GEOMETRIC_REPRESENTATION_CONTEXT(2) 
PARAMETRIC_REPRESENTATION_CONTEXT() REPRESENTATION_CONTEXT('2D SPACE',''
  ) );
#3884 = ORIENTED_EDGE('',*,*,#3885,.T.);
#3885 = EDGE_CURVE('',#3863,#3755,#3886,.T.);
#3886 = SURFACE_CURVE('',#3887,(#3891,#3898),.PCURVE_S1.);
#3887 = LINE('',#3888,#3889);
#3888 = CARTESIAN_POINT('',(612.7,192.3533692699,227.86421731562));
#3889 = VECTOR('',#3890,1.);
#3890 = DIRECTION('',(-9.894078976419E-17,-0.994634160917,-0.10345475309
    ));
#3891 = PCURVE('',#1307,#3892);
#3892 = DEFINITIONAL_REPRESENTATION('',(#3893),#3897);
#3893 = LINE('',#3894,#3895);
#3894 = CARTESIAN_POINT('',(4.427014310693E-15,-0.565685424949));
#3895 = VECTOR('',#3896,1.);
#3896 = DIRECTION('',(1.,-1.387778780781E-17));
#3897 = ( GEOMETRIC_REPRESENTATION_CONTEXT(2) 
PARAMETRIC_REPRESENTATION_CONTEXT() REPRESENTATION_CONTEXT('2D SPACE',''
  ) );
#3898 = PCURVE('',#3899,#3904);
#3899 = PLANE('',#3900);
#3900 = AXIS2_PLACEMENT_3D('',#3901,#3902,#3903);
#3901 = CARTESIAN_POINT('',(611.9,192.3533692699,227.86421731562));
#3902 = DIRECTION('',(1.219123595416E-16,0.10345475309,-0.994634160917)
  );
#3903 = DIRECTION('',(-9.894078976419E-17,-0.994634160917,-0.10345475309
    ));
#3904 = DEFINITIONAL_REPRESENTATION('',(#3905),#3909);
#3905 = LINE('',#3906,#3907);
#3906 = CARTESIAN_POINT('',(-7.915263181135E-17,-0.8));
#3907 = VECTOR('',#3908,1.);
#3908 = DIRECTION('',(1.,-4.622231866529E-33));
#3909 = ( GEOMETRIC_REPRESENTATION_CONTEXT(2) 
PARAMETRIC_REPRESENTATION_CONTEXT() REPRESENTATION_CONTEXT('2D SPACE',''
  ) );
#3910 = ORIENTED_EDGE('',*,*,#3754,.T.);
#3911 = ORIENTED_EDGE('',*,*,#1291,.F.);
#3912 = ADVANCED_FACE('',(#3913),#1027,.T.);
#3913 = FACE_BOUND('',#3914,.T.);
#3914 = EDGE_LOOP('',(#3915,#3916,#3944,#3965));
#3915 = ORIENTED_EDGE('',*,*,#3837,.F.);
#3916 = ORIENTED_EDGE('',*,*,#3917,.T.);
#3917 = EDGE_CURVE('',#3810,#3918,#3920,.T.);
#3918 = VERTEX_POINT('',#3919);
#3919 = CARTESIAN_POINT('',(612.7,251.59573987292,272.23713172038));
#3920 = SURFACE_CURVE('',#3921,(#3925,#3932),.PCURVE_S1.);
#3921 = LINE('',#3922,#3923);
#3922 = CARTESIAN_POINT('',(612.7,251.41812267233,272.78986599237));
#3923 = VECTOR('',#3924,1.);
#3924 = DIRECTION('',(1.396646730051E-16,0.305935201581,-0.952052337024)
  );
#3925 = PCURVE('',#1027,#3926);
#3926 = DEFINITIONAL_REPRESENTATION('',(#3927),#3931);
#3927 = LINE('',#3928,#3929);
#3928 = CARTESIAN_POINT('',(-1.185163078787E-14,-0.565685424949));
#3929 = VECTOR('',#3930,1.);
#3930 = DIRECTION('',(1.,-2.775557561563E-17));
#3931 = ( GEOMETRIC_REPRESENTATION_CONTEXT(2) 
PARAMETRIC_REPRESENTATION_CONTEXT() REPRESENTATION_CONTEXT('2D SPACE',''
  ) );
#3932 = PCURVE('',#3933,#3938);
#3933 = PLANE('',#3934);
#3934 = AXIS2_PLACEMENT_3D('',#3935,#3936,#3937);
#3935 = CARTESIAN_POINT('',(611.9,251.41812267233,272.78986599237));
#3936 = DIRECTION('',(7.173341203742E-17,0.952052337024,0.305935201581)
  );
#3937 = DIRECTION('',(1.396646730051E-16,0.305935201581,-0.952052337024)
  );
#3938 = DEFINITIONAL_REPRESENTATION('',(#3939),#3943);
#3939 = LINE('',#3940,#3941);
#3940 = CARTESIAN_POINT('',(1.117317384041E-16,-0.8));
#3941 = VECTOR('',#3942,1.);
#3942 = DIRECTION('',(1.,-1.232595164408E-32));
#3943 = ( GEOMETRIC_REPRESENTATION_CONTEXT(2) 
PARAMETRIC_REPRESENTATION_CONTEXT() REPRESENTATION_CONTEXT('2D SPACE',''
  ) );
#3944 = ORIENTED_EDGE('',*,*,#3945,.T.);
#3945 = EDGE_CURVE('',#3918,#1012,#3946,.T.);
#3946 = SURFACE_CURVE('',#3947,(#3951,#3958),.PCURVE_S1.);
#3947 = LINE('',#3948,#3949);
#3948 = CARTESIAN_POINT('',(612.28783724181,251.19108063322,
    272.14918504677));
#3949 = VECTOR('',#3950,1.);
#3950 = DIRECTION('',(-0.705441900491,-0.692599167302,-0.150526138876));
#3951 = PCURVE('',#1027,#3952);
#3952 = DEFINITIONAL_REPRESENTATION('',(#3953),#3957);
#3953 = LINE('',#3954,#3955);
#3954 = CARTESIAN_POINT('',(0.540501639543,1.720073757963E-02));
#3955 = VECTOR('',#3956,1.);
#3956 = DIRECTION('',(-6.858170356265E-02,0.99764550314));
#3957 = ( GEOMETRIC_REPRESENTATION_CONTEXT(2) 
PARAMETRIC_REPRESENTATION_CONTEXT() REPRESENTATION_CONTEXT('2D SPACE',''
  ) );
#3958 = PCURVE('',#1055,#3959);
#3959 = DEFINITIONAL_REPRESENTATION('',(#3960),#3964);
#3960 = LINE('',#3961,#3962);
#3961 = CARTESIAN_POINT('',(4.006966992124E-02,1.720073757963E-02));
#3962 = VECTOR('',#3963,1.);
#3963 = DIRECTION('',(6.858170356246E-02,0.997645503141));
#3964 = ( GEOMETRIC_REPRESENTATION_CONTEXT(2) 
PARAMETRIC_REPRESENTATION_CONTEXT() REPRESENTATION_CONTEXT('2D SPACE',''
  ) );
#3965 = ORIENTED_EDGE('',*,*,#1011,.F.);
#3966 = ADVANCED_FACE('',(#3967),#1279,.T.);
#3967 = FACE_BOUND('',#3968,.T.);
#3968 = EDGE_LOOP('',(#3969,#3992,#4018,#4019));
#3969 = ORIENTED_EDGE('',*,*,#3970,.F.);
#3970 = EDGE_CURVE('',#3971,#1236,#3973,.T.);
#3971 = VERTEX_POINT('',#3972);
#3972 = CARTESIAN_POINT('',(612.7,192.94433530664,228.05412002006));
#3973 = SURFACE_CURVE('',#3974,(#3978,#3985),.PCURVE_S1.);
#3974 = LINE('',#3975,#3976);
#3975 = CARTESIAN_POINT('',(612.28609799745,192.77672118042,
    228.43500553124));
#3976 = VECTOR('',#3977,1.);
#3977 = DIRECTION('',(-0.705202015387,-0.285579240705,0.648948853742));
#3978 = PCURVE('',#1279,#3979);
#3979 = DEFINITIONAL_REPRESENTATION('',(#3980),#3984);
#3980 = LINE('',#3981,#3982);
#3981 = CARTESIAN_POINT('',(4.305113493932E-02,1.966040054492E-02));
#3982 = VECTOR('',#3983,1.);
#3983 = DIRECTION('',(7.335008513365E-02,0.997306254373));
#3984 = ( GEOMETRIC_REPRESENTATION_CONTEXT(2) 
PARAMETRIC_REPRESENTATION_CONTEXT() REPRESENTATION_CONTEXT('2D SPACE',''
  ) );
#3985 = PCURVE('',#1251,#3986);
#3986 = DEFINITIONAL_REPRESENTATION('',(#3987),#3991);
#3987 = LINE('',#3988,#3989);
#3988 = CARTESIAN_POINT('',(0.577677383598,1.966040054493E-02));
#3989 = VECTOR('',#3990,1.);
#3990 = DIRECTION('',(-7.335008513362E-02,0.997306254373));
#3991 = ( GEOMETRIC_REPRESENTATION_CONTEXT(2) 
PARAMETRIC_REPRESENTATION_CONTEXT() REPRESENTATION_CONTEXT('2D SPACE',''
  ) );
#3992 = ORIENTED_EDGE('',*,*,#3993,.T.);
#3993 = EDGE_CURVE('',#3971,#3863,#3994,.T.);
#3994 = SURFACE_CURVE('',#3995,(#3999,#4006),.PCURVE_S1.);
#3995 = LINE('',#3996,#3997);
#3996 = CARTESIAN_POINT('',(612.7,192.94433530664,228.05412002006));
#3997 = VECTOR('',#3998,1.);
#3998 = DIRECTION('',(-7.173341203743E-17,-0.952052337024,
    -0.305935201581));
#3999 = PCURVE('',#1279,#4000);
#4000 = DEFINITIONAL_REPRESENTATION('',(#4001),#4005);
#4001 = LINE('',#4002,#4003);
#4002 = CARTESIAN_POINT('',(-2.355060590986E-14,-0.565685424949));
#4003 = VECTOR('',#4004,1.);
#4004 = DIRECTION('',(1.,0.));
#4005 = ( GEOMETRIC_REPRESENTATION_CONTEXT(2) 
PARAMETRIC_REPRESENTATION_CONTEXT() REPRESENTATION_CONTEXT('2D SPACE',''
  ) );
#4006 = PCURVE('',#4007,#4012);
#4007 = PLANE('',#4008);
#4008 = AXIS2_PLACEMENT_3D('',#4009,#4010,#4011);
#4009 = CARTESIAN_POINT('',(611.9,192.94433530664,228.05412002006));
#4010 = DIRECTION('',(1.396646730051E-16,0.305935201581,-0.952052337024)
  );
#4011 = DIRECTION('',(-7.173341203743E-17,-0.952052337024,
    -0.305935201581));
#4012 = DEFINITIONAL_REPRESENTATION('',(#4013),#4017);
#4013 = LINE('',#4014,#4015);
#4014 = CARTESIAN_POINT('',(-5.738672962994E-17,-0.8));
#4015 = VECTOR('',#4016,1.);
#4016 = DIRECTION('',(1.,0.));
#4017 = ( GEOMETRIC_REPRESENTATION_CONTEXT(2) 
PARAMETRIC_REPRESENTATION_CONTEXT() REPRESENTATION_CONTEXT('2D SPACE',''
  ) );
#4018 = ORIENTED_EDGE('',*,*,#3862,.T.);
#4019 = ORIENTED_EDGE('',*,*,#1263,.F.);
#4020 = ADVANCED_FACE('',(#4021),#1055,.T.);
#4021 = FACE_BOUND('',#4022,.T.);
#4022 = EDGE_LOOP('',(#4023,#4024,#4052,#4073));
#4023 = ORIENTED_EDGE('',*,*,#3945,.F.);
#4024 = ORIENTED_EDGE('',*,*,#4025,.T.);
#4025 = EDGE_CURVE('',#3918,#4026,#4028,.T.);
#4026 = VERTEX_POINT('',#4027);
#4027 = CARTESIAN_POINT('',(612.7,251.66356578002,271.66053594196));
#4028 = SURFACE_CURVE('',#4029,(#4033,#4040),.PCURVE_S1.);
#4029 = LINE('',#4030,#4031);
#4030 = CARTESIAN_POINT('',(612.7,251.59573987292,272.23713172038));
#4031 = VECTOR('',#4032,1.);
#4032 = DIRECTION('',(1.232323714887E-16,0.116826143474,-0.993152381159)
  );
#4033 = PCURVE('',#1055,#4034);
#4034 = DEFINITIONAL_REPRESENTATION('',(#4035),#4039);
#4035 = LINE('',#4036,#4037);
#4036 = CARTESIAN_POINT('',(9.540979117872E-15,-0.565685424949));
#4037 = VECTOR('',#4038,1.);
#4038 = DIRECTION('',(1.,1.387778780781E-17));
#4039 = ( GEOMETRIC_REPRESENTATION_CONTEXT(2) 
PARAMETRIC_REPRESENTATION_CONTEXT() REPRESENTATION_CONTEXT('2D SPACE',''
  ) );
#4040 = PCURVE('',#4041,#4046);
#4041 = PLANE('',#4042);
#4042 = AXIS2_PLACEMENT_3D('',#4043,#4044,#4045);
#4043 = CARTESIAN_POINT('',(611.9,251.59573987292,272.23713172038));
#4044 = DIRECTION('',(9.729175661605E-17,0.993152381159,0.116826143474)
  );
#4045 = DIRECTION('',(1.232323714887E-16,0.116826143474,-0.993152381159)
  );
#4046 = DEFINITIONAL_REPRESENTATION('',(#4047),#4051);
#4047 = LINE('',#4048,#4049);
#4048 = CARTESIAN_POINT('',(9.858589719093E-17,-0.8));
#4049 = VECTOR('',#4050,1.);
#4050 = DIRECTION('',(1.,-1.232595164408E-32));
#4051 = ( GEOMETRIC_REPRESENTATION_CONTEXT(2) 
PARAMETRIC_REPRESENTATION_CONTEXT() REPRESENTATION_CONTEXT('2D SPACE',''
  ) );
#4052 = ORIENTED_EDGE('',*,*,#4053,.T.);
#4053 = EDGE_CURVE('',#4026,#1040,#4054,.T.);
#4054 = SURFACE_CURVE('',#4055,(#4059,#4066),.PCURVE_S1.);
#4055 = LINE('',#4056,#4057);
#4056 = CARTESIAN_POINT('',(612.28783724181,251.2495441703,
    271.65217984453));
#4057 = VECTOR('',#4058,1.);
#4058 = DIRECTION('',(-0.705441900491,-0.708623439182,
    -1.430197448242E-02));
#4059 = PCURVE('',#1055,#4060);
#4060 = DEFINITIONAL_REPRESENTATION('',(#4061),#4065);
#4061 = LINE('',#4062,#4063);
#4062 = CARTESIAN_POINT('',(0.540501639543,1.720073757948E-02));
#4063 = VECTOR('',#4064,1.);
#4064 = DIRECTION('',(-6.858170356246E-02,0.997645503141));
#4065 = ( GEOMETRIC_REPRESENTATION_CONTEXT(2) 
PARAMETRIC_REPRESENTATION_CONTEXT() REPRESENTATION_CONTEXT('2D SPACE',''
  ) );
#4066 = PCURVE('',#1083,#4067);
#4067 = DEFINITIONAL_REPRESENTATION('',(#4068),#4072);
#4068 = LINE('',#4069,#4070);
#4069 = CARTESIAN_POINT('',(4.006966992111E-02,1.720073757949E-02));
#4070 = VECTOR('',#4071,1.);
#4071 = DIRECTION('',(6.858170356265E-02,0.99764550314));
#4072 = ( GEOMETRIC_REPRESENTATION_CONTEXT(2) 
PARAMETRIC_REPRESENTATION_CONTEXT() REPRESENTATION_CONTEXT('2D SPACE',''
  ) );
#4073 = ORIENTED_EDGE('',*,*,#1039,.F.);
#4074 = ADVANCED_FACE('',(#4075),#1251,.T.);
#4075 = FACE_BOUND('',#4076,.T.);
#4076 = EDGE_LOOP('',(#4077,#4100,#4126,#4127));
#4077 = ORIENTED_EDGE('',*,*,#4078,.F.);
#4078 = EDGE_CURVE('',#4079,#1208,#4081,.T.);
#4079 = VERTEX_POINT('',#4080);
#4080 = CARTESIAN_POINT('',(612.7,193.48356942257,228.36157808539));
#4081 = SURFACE_CURVE('',#4082,(#4086,#4093),.PCURVE_S1.);
#4082 = LINE('',#4083,#4084);
#4083 = CARTESIAN_POINT('',(611.39358732696,192.77761647501,
    229.46291173271));
#4084 = VECTOR('',#4085,1.);
#4085 = DIRECTION('',(-0.706631706866,-0.381846216432,0.595705546262));
#4086 = PCURVE('',#1251,#4087);
#4087 = DEFINITIONAL_REPRESENTATION('',(#4088),#4092);
#4088 = LINE('',#4089,#4090);
#4089 = CARTESIAN_POINT('',(6.775909245759E-02,1.281861095317));
#4090 = VECTOR('',#4091,1.);
#4091 = DIRECTION('',(3.665053481556E-02,0.999328143453));
#4092 = ( GEOMETRIC_REPRESENTATION_CONTEXT(2) 
PARAMETRIC_REPRESENTATION_CONTEXT() REPRESENTATION_CONTEXT('2D SPACE',''
  ) );
#4093 = PCURVE('',#1223,#4094);
#4094 = DEFINITIONAL_REPRESENTATION('',(#4095),#4099);
#4095 = LINE('',#4096,#4097);
#4096 = CARTESIAN_POINT('',(69.971233898018,1.281861095317));
#4097 = VECTOR('',#4098,1.);
#4098 = DIRECTION('',(-3.665053481565E-02,0.999328143453));
#4099 = ( GEOMETRIC_REPRESENTATION_CONTEXT(2) 
PARAMETRIC_REPRESENTATION_CONTEXT() REPRESENTATION_CONTEXT('2D SPACE',''
  ) );
#4100 = ORIENTED_EDGE('',*,*,#4101,.T.);
#4101 = EDGE_CURVE('',#4079,#3971,#4102,.T.);
#4102 = SURFACE_CURVE('',#4103,(#4107,#4114),.PCURVE_S1.);
#4103 = LINE('',#4104,#4105);
#4104 = CARTESIAN_POINT('',(612.7,193.48356942257,228.36157808539));
#4105 = VECTOR('',#4106,1.);
#4106 = DIRECTION('',(-4.145501620308E-17,-0.868711682856,
    -0.495318091806));
#4107 = PCURVE('',#1251,#4108);
#4108 = DEFINITIONAL_REPRESENTATION('',(#4109),#4113);
#4109 = LINE('',#4110,#4111);
#4110 = CARTESIAN_POINT('',(-4.302114220422E-15,-0.565685424949));
#4111 = VECTOR('',#4112,1.);
#4112 = DIRECTION('',(1.,1.110223024625E-16));
#4113 = ( GEOMETRIC_REPRESENTATION_CONTEXT(2) 
PARAMETRIC_REPRESENTATION_CONTEXT() REPRESENTATION_CONTEXT('2D SPACE',''
  ) );
#4114 = PCURVE('',#4115,#4120);
#4115 = PLANE('',#4116);
#4116 = AXIS2_PLACEMENT_3D('',#4117,#4118,#4119);
#4117 = CARTESIAN_POINT('',(611.9,193.48356942257,228.36157808539));
#4118 = DIRECTION('',(1.514377262103E-16,0.495318091806,-0.868711682856)
  );
#4119 = DIRECTION('',(-4.145501620308E-17,-0.868711682856,
    -0.495318091806));
#4120 = DEFINITIONAL_REPRESENTATION('',(#4121),#4125);
#4121 = LINE('',#4122,#4123);
#4122 = CARTESIAN_POINT('',(-3.316401296246E-17,-0.8));
#4123 = VECTOR('',#4124,1.);
#4124 = DIRECTION('',(1.,0.));
#4125 = ( GEOMETRIC_REPRESENTATION_CONTEXT(2) 
PARAMETRIC_REPRESENTATION_CONTEXT() REPRESENTATION_CONTEXT('2D SPACE',''
  ) );
#4126 = ORIENTED_EDGE('',*,*,#3970,.T.);
#4127 = ORIENTED_EDGE('',*,*,#1235,.F.);
#4128 = ADVANCED_FACE('',(#4129),#1083,.T.);
#4129 = FACE_BOUND('',#4130,.T.);
#4130 = EDGE_LOOP('',(#4131,#4132,#4160,#4181));
#4131 = ORIENTED_EDGE('',*,*,#4053,.F.);
#4132 = ORIENTED_EDGE('',*,*,#4133,.T.);
#4133 = EDGE_CURVE('',#4026,#4134,#4136,.T.);
#4134 = VERTEX_POINT('',#4135);
#4135 = CARTESIAN_POINT('',(612.7,251.61906021509,271.08167300476));
#4136 = SURFACE_CURVE('',#4137,(#4141,#4148),.PCURVE_S1.);
#4137 = LINE('',#4138,#4139);
#4138 = CARTESIAN_POINT('',(612.7,251.66356578002,271.66053594196));
#4139 = VECTOR('',#4140,1.);
#4140 = DIRECTION('',(1.021848390364E-16,-7.665822304366E-02,
    -0.997057429058));
#4141 = PCURVE('',#1083,#4142);
#4142 = DEFINITIONAL_REPRESENTATION('',(#4143),#4147);
#4143 = LINE('',#4144,#4145);
#4144 = CARTESIAN_POINT('',(-1.822500483861E-14,-0.565685424949));
#4145 = VECTOR('',#4146,1.);
#4146 = DIRECTION('',(1.,1.387778780781E-17));
#4147 = ( GEOMETRIC_REPRESENTATION_CONTEXT(2) 
PARAMETRIC_REPRESENTATION_CONTEXT() REPRESENTATION_CONTEXT('2D SPACE',''
  ) );
#4148 = PCURVE('',#4149,#4154);
#4149 = PLANE('',#4150);
#4150 = AXIS2_PLACEMENT_3D('',#4151,#4152,#4153);
#4151 = CARTESIAN_POINT('',(611.9,251.66356578002,271.66053594196));
#4152 = DIRECTION('',(1.192063838864E-16,0.997057429058,
    -7.665822304366E-02));
#4153 = DIRECTION('',(1.021848390364E-16,-7.665822304366E-02,
    -0.997057429058));
#4154 = DEFINITIONAL_REPRESENTATION('',(#4155),#4159);
#4155 = LINE('',#4156,#4157);
#4156 = CARTESIAN_POINT('',(8.17478712291E-17,-0.8));
#4157 = VECTOR('',#4158,1.);
#4158 = DIRECTION('',(1.,0.));
#4159 = ( GEOMETRIC_REPRESENTATION_CONTEXT(2) 
PARAMETRIC_REPRESENTATION_CONTEXT() REPRESENTATION_CONTEXT('2D SPACE',''
  ) );
#4160 = ORIENTED_EDGE('',*,*,#4161,.T.);
#4161 = EDGE_CURVE('',#4134,#1068,#4162,.T.);
#4162 = SURFACE_CURVE('',#4163,(#4167,#4174),.PCURVE_S1.);
#4163 = LINE('',#4164,#4165);
#4164 = CARTESIAN_POINT('',(612.28783724181,251.21118194475,
    271.15322043148));
#4165 = VECTOR('',#4166,1.);
#4166 = DIRECTION('',(-0.705441900491,-0.698108736125,0.122457819587));
#4167 = PCURVE('',#1083,#4168);
#4168 = DEFINITIONAL_REPRESENTATION('',(#4169),#4173);
#4169 = LINE('',#4170,#4171);
#4170 = CARTESIAN_POINT('',(0.540501639543,1.720073757951E-02));
#4171 = VECTOR('',#4172,1.);
#4172 = DIRECTION('',(-6.858170356257E-02,0.99764550314));
#4173 = ( GEOMETRIC_REPRESENTATION_CONTEXT(2) 
PARAMETRIC_REPRESENTATION_CONTEXT() REPRESENTATION_CONTEXT('2D SPACE',''
  ) );
#4174 = PCURVE('',#1111,#4175);
#4175 = DEFINITIONAL_REPRESENTATION('',(#4176),#4180);
#4176 = LINE('',#4177,#4178);
#4177 = CARTESIAN_POINT('',(4.006966992141E-02,1.720073757951E-02));
#4178 = VECTOR('',#4179,1.);
#4179 = DIRECTION('',(6.85817035625E-02,0.997645503141));
#4180 = ( GEOMETRIC_REPRESENTATION_CONTEXT(2) 
PARAMETRIC_REPRESENTATION_CONTEXT() REPRESENTATION_CONTEXT('2D SPACE',''
  ) );
#4181 = ORIENTED_EDGE('',*,*,#1067,.F.);
#4182 = ADVANCED_FACE('',(#4183),#1223,.T.);
#4183 = FACE_BOUND('',#4184,.T.);
#4184 = EDGE_LOOP('',(#4185,#4207,#4233,#4234));
#4185 = ORIENTED_EDGE('',*,*,#4186,.F.);
#4186 = EDGE_CURVE('',#4187,#1180,#4189,.T.);
#4187 = VERTEX_POINT('',#4188);
#4188 = CARTESIAN_POINT('',(612.7,250.41177455078,269.16157808539));
#4189 = SURFACE_CURVE('',#4190,(#4194,#4200),.PCURVE_S1.);
#4190 = LINE('',#4191,#4192);
#4191 = CARTESIAN_POINT('',(612.3,250.14839538506,269.46262860452));
#4192 = VECTOR('',#4193,1.);
#4193 = DIRECTION('',(-0.707106781187,-0.465592985245,0.532187158893));
#4194 = PCURVE('',#1223,#4195);
#4195 = DEFINITIONAL_REPRESENTATION('',(#4196),#4199);
#4196 = B_SPLINE_CURVE_WITH_KNOTS('',1,(#4197,#4198),.UNSPECIFIED.,.F.,
  .F.,(2,2),(-0.565685424949,0.565685424949),.PIECEWISE_BEZIER_KNOTS.);
#4197 = CARTESIAN_POINT('',(0.,-0.565685424949));
#4198 = CARTESIAN_POINT('',(7.740950792851E-02,0.563030979646));
#4199 = ( GEOMETRIC_REPRESENTATION_CONTEXT(2) 
PARAMETRIC_REPRESENTATION_CONTEXT() REPRESENTATION_CONTEXT('2D SPACE',''
  ) );
#4200 = PCURVE('',#1195,#4201);
#4201 = DEFINITIONAL_REPRESENTATION('',(#4202),#4206);
#4202 = LINE('',#4203,#4204);
#4203 = CARTESIAN_POINT('',(0.580571309464,-5.689893001204E-15));
#4204 = VECTOR('',#4205,1.);
#4205 = DIRECTION('',(0.,1.));
#4206 = ( GEOMETRIC_REPRESENTATION_CONTEXT(2) 
PARAMETRIC_REPRESENTATION_CONTEXT() REPRESENTATION_CONTEXT('2D SPACE',''
  ) );
#4207 = ORIENTED_EDGE('',*,*,#4208,.T.);
#4208 = EDGE_CURVE('',#4187,#4079,#4209,.T.);
#4209 = SURFACE_CURVE('',#4210,(#4214,#4221),.PCURVE_S1.);
#4210 = LINE('',#4211,#4212);
#4211 = CARTESIAN_POINT('',(612.7,250.41177455078,269.16157808539));
#4212 = VECTOR('',#4213,1.);
#4213 = DIRECTION('',(-2.556562268342E-17,-0.812807304867,
    -0.582532647286));
#4214 = PCURVE('',#1223,#4215);
#4215 = DEFINITIONAL_REPRESENTATION('',(#4216),#4220);
#4216 = LINE('',#4217,#4218);
#4217 = CARTESIAN_POINT('',(2.498001805407E-14,-0.565685424949));
#4218 = VECTOR('',#4219,1.);
#4219 = DIRECTION('',(1.,2.22044604925E-16));
#4220 = ( GEOMETRIC_REPRESENTATION_CONTEXT(2) 
PARAMETRIC_REPRESENTATION_CONTEXT() REPRESENTATION_CONTEXT('2D SPACE',''
  ) );
#4221 = PCURVE('',#4222,#4227);
#4222 = PLANE('',#4223);
#4223 = AXIS2_PLACEMENT_3D('',#4224,#4225,#4226);
#4224 = CARTESIAN_POINT('',(611.9,250.41177455078,269.16157808539));
#4225 = DIRECTION('',(1.54913854206E-16,0.582532647286,-0.812807304867)
  );
#4226 = DIRECTION('',(-2.556562268342E-17,-0.812807304867,
    -0.582532647286));
#4227 = DEFINITIONAL_REPRESENTATION('',(#4228),#4232);
#4228 = LINE('',#4229,#4230);
#4229 = CARTESIAN_POINT('',(-2.312182554E-14,-0.8));
#4230 = VECTOR('',#4231,1.);
#4231 = DIRECTION('',(1.,0.));
#4232 = ( GEOMETRIC_REPRESENTATION_CONTEXT(2) 
PARAMETRIC_REPRESENTATION_CONTEXT() REPRESENTATION_CONTEXT('2D SPACE',''
  ) );
#4233 = ORIENTED_EDGE('',*,*,#4078,.T.);
#4234 = ORIENTED_EDGE('',*,*,#1207,.F.);
#4235 = ADVANCED_FACE('',(#4236),#1111,.T.);
#4236 = FACE_BOUND('',#4237,.T.);
#4237 = EDGE_LOOP('',(#4238,#4239,#4267,#4288));
#4238 = ORIENTED_EDGE('',*,*,#4161,.F.);
#4239 = ORIENTED_EDGE('',*,*,#4240,.T.);
#4240 = EDGE_CURVE('',#4134,#4241,#4243,.T.);
#4241 = VERTEX_POINT('',#4242);
#4242 = CARTESIAN_POINT('',(612.7,251.46388997604,270.52222216484));
#4243 = SURFACE_CURVE('',#4244,(#4248,#4255),.PCURVE_S1.);
#4244 = LINE('',#4245,#4246);
#4245 = CARTESIAN_POINT('',(612.7,251.61906021509,271.08167300476));
#4246 = VECTOR('',#4247,1.);
#4247 = DIRECTION('',(7.731033624672E-17,-0.267271627993,-0.963621231019
    ));
#4248 = PCURVE('',#1111,#4249);
#4249 = DEFINITIONAL_REPRESENTATION('',(#4250),#4254);
#4250 = LINE('',#4251,#4252);
#4251 = CARTESIAN_POINT('',(-1.328104293208E-14,-0.565685424949));
#4252 = VECTOR('',#4253,1.);
#4253 = DIRECTION('',(1.,0.));
#4254 = ( GEOMETRIC_REPRESENTATION_CONTEXT(2) 
PARAMETRIC_REPRESENTATION_CONTEXT() REPRESENTATION_CONTEXT('2D SPACE',''
  ) );
#4255 = PCURVE('',#4256,#4261);
#4256 = PLANE('',#4257);
#4257 = AXIS2_PLACEMENT_3D('',#4258,#4259,#4260);
#4258 = CARTESIAN_POINT('',(611.9,251.61906021509,271.08167300476));
#4259 = DIRECTION('',(1.366565592922E-16,0.963621231019,-0.267271627993)
  );
#4260 = DIRECTION('',(7.731033624672E-17,-0.267271627993,-0.963621231019
    ));
#4261 = DEFINITIONAL_REPRESENTATION('',(#4262),#4266);
#4262 = LINE('',#4263,#4264);
#4263 = CARTESIAN_POINT('',(6.184826899737E-17,-0.8));
#4264 = VECTOR('',#4265,1.);
#4265 = DIRECTION('',(1.,0.));
#4266 = ( GEOMETRIC_REPRESENTATION_CONTEXT(2) 
PARAMETRIC_REPRESENTATION_CONTEXT() REPRESENTATION_CONTEXT('2D SPACE',''
  ) );
#4267 = ORIENTED_EDGE('',*,*,#4268,.T.);
#4268 = EDGE_CURVE('',#4241,#1096,#4269,.T.);
#4269 = SURFACE_CURVE('',#4270,(#4274,#4281),.PCURVE_S1.);
#4270 = LINE('',#4271,#4272);
#4271 = CARTESIAN_POINT('',(612.28783724181,251.07743067753,
    270.67099356087));
#4272 = VECTOR('',#4273,1.);
#4273 = DIRECTION('',(-0.705441900491,-0.661448849001,0.254631390811));
#4274 = PCURVE('',#1111,#4275);
#4275 = DEFINITIONAL_REPRESENTATION('',(#4276),#4280);
#4276 = LINE('',#4277,#4278);
#4277 = CARTESIAN_POINT('',(0.540501639543,1.72007375795E-02));
#4278 = VECTOR('',#4279,1.);
#4279 = DIRECTION('',(-6.858170356253E-02,0.99764550314));
#4280 = ( GEOMETRIC_REPRESENTATION_CONTEXT(2) 
PARAMETRIC_REPRESENTATION_CONTEXT() REPRESENTATION_CONTEXT('2D SPACE',''
  ) );
#4281 = PCURVE('',#1139,#4282);
#4282 = DEFINITIONAL_REPRESENTATION('',(#4283),#4287);
#4283 = LINE('',#4284,#4285);
#4284 = CARTESIAN_POINT('',(4.006966992123E-02,1.720073757952E-02));
#4285 = VECTOR('',#4286,1.);
#4286 = DIRECTION('',(6.858170356259E-02,0.99764550314));
#4287 = ( GEOMETRIC_REPRESENTATION_CONTEXT(2) 
PARAMETRIC_REPRESENTATION_CONTEXT() REPRESENTATION_CONTEXT('2D SPACE',''
  ) );
#4288 = ORIENTED_EDGE('',*,*,#1095,.F.);
#4289 = ADVANCED_FACE('',(#4290),#1195,.T.);
#4290 = FACE_BOUND('',#4291,.T.);
#4291 = EDGE_LOOP('',(#4292,#4315,#4341,#4342));
#4292 = ORIENTED_EDGE('',*,*,#4293,.F.);
#4293 = EDGE_CURVE('',#4294,#1152,#4296,.T.);
#4294 = VERTEX_POINT('',#4295);
#4295 = CARTESIAN_POINT('',(612.7,250.84872778604,269.5438540532));
#4296 = SURFACE_CURVE('',#4297,(#4301,#4308),.PCURVE_S1.);
#4297 = LINE('',#4298,#4299);
#4298 = CARTESIAN_POINT('',(612.28783724181,250.54718259024,
    269.82767479341));
#4299 = VECTOR('',#4300,1.);
#4300 = DIRECTION('',(-0.705441900491,-0.516113141675,0.48577664623));
#4301 = PCURVE('',#1195,#4302);
#4302 = DEFINITIONAL_REPRESENTATION('',(#4303),#4307);
#4303 = LINE('',#4304,#4305);
#4304 = CARTESIAN_POINT('',(4.006966992158E-02,1.720073757948E-02));
#4305 = VECTOR('',#4306,1.);
#4306 = DIRECTION('',(6.858170356256E-02,0.99764550314));
#4307 = ( GEOMETRIC_REPRESENTATION_CONTEXT(2) 
PARAMETRIC_REPRESENTATION_CONTEXT() REPRESENTATION_CONTEXT('2D SPACE',''
  ) );
#4308 = PCURVE('',#1167,#4309);
#4309 = DEFINITIONAL_REPRESENTATION('',(#4310),#4314);
#4310 = LINE('',#4311,#4312);
#4311 = CARTESIAN_POINT('',(0.540501639543,1.720073757951E-02));
#4312 = VECTOR('',#4313,1.);
#4313 = DIRECTION('',(-6.858170356255E-02,0.99764550314));
#4314 = ( GEOMETRIC_REPRESENTATION_CONTEXT(2) 
PARAMETRIC_REPRESENTATION_CONTEXT() REPRESENTATION_CONTEXT('2D SPACE',''
  ) );
#4315 = ORIENTED_EDGE('',*,*,#4316,.T.);
#4316 = EDGE_CURVE('',#4294,#4187,#4317,.T.);
#4317 = SURFACE_CURVE('',#4318,(#4322,#4329),.PCURVE_S1.);
#4318 = LINE('',#4319,#4320);
#4319 = CARTESIAN_POINT('',(612.7,250.84872778604,269.5438540532));
#4320 = VECTOR('',#4321,1.);
#4321 = DIRECTION('',(-1.045590098364E-17,-0.752626297827,-0.65844791428
    ));
#4322 = PCURVE('',#1195,#4323);
#4323 = DEFINITIONAL_REPRESENTATION('',(#4324),#4328);
#4324 = LINE('',#4325,#4326);
#4325 = CARTESIAN_POINT('',(1.959543638463E-14,-0.565685424949));
#4326 = VECTOR('',#4327,1.);
#4327 = DIRECTION('',(1.,0.));
#4328 = ( GEOMETRIC_REPRESENTATION_CONTEXT(2) 
PARAMETRIC_REPRESENTATION_CONTEXT() REPRESENTATION_CONTEXT('2D SPACE',''
  ) );
#4329 = PCURVE('',#4330,#4335);
#4330 = PLANE('',#4331);
#4331 = AXIS2_PLACEMENT_3D('',#4332,#4333,#4334);
#4332 = CARTESIAN_POINT('',(611.9,250.84872778604,269.5438540532));
#4333 = DIRECTION('',(1.566607079736E-16,0.65844791428,-0.752626297827)
  );
#4334 = DIRECTION('',(-1.045590098364E-17,-0.752626297827,-0.65844791428
    ));
#4335 = DEFINITIONAL_REPRESENTATION('',(#4336),#4340);
#4336 = LINE('',#4337,#4338);
#4337 = CARTESIAN_POINT('',(-8.364720786912E-18,-0.8));
#4338 = VECTOR('',#4339,1.);
#4339 = DIRECTION('',(1.,0.));
#4340 = ( GEOMETRIC_REPRESENTATION_CONTEXT(2) 
PARAMETRIC_REPRESENTATION_CONTEXT() REPRESENTATION_CONTEXT('2D SPACE',''
  ) );
#4341 = ORIENTED_EDGE('',*,*,#4186,.T.);
#4342 = ORIENTED_EDGE('',*,*,#1179,.F.);
#4343 = ADVANCED_FACE('',(#4344),#1139,.T.);
#4344 = FACE_BOUND('',#4345,.T.);
#4345 = EDGE_LOOP('',(#4346,#4347,#4375,#4396));
#4346 = ORIENTED_EDGE('',*,*,#4268,.F.);
#4347 = ORIENTED_EDGE('',*,*,#4348,.T.);
#4348 = EDGE_CURVE('',#4241,#4349,#4351,.T.);
#4349 = VERTEX_POINT('',#4350);
#4350 = CARTESIAN_POINT('',(612.7,251.20386641325,270.00313566707));
#4351 = SURFACE_CURVE('',#4352,(#4356,#4363),.PCURVE_S1.);
#4352 = LINE('',#4353,#4354);
#4353 = CARTESIAN_POINT('',(612.7,251.46388997604,270.52222216484));
#4354 = VECTOR('',#4355,1.);
#4355 = DIRECTION('',(4.954044930436E-17,-0.447875323068,-0.894096021122
    ));
#4356 = PCURVE('',#1139,#4357);
#4357 = DEFINITIONAL_REPRESENTATION('',(#4358),#4362);
#4358 = LINE('',#4359,#4360);
#4359 = CARTESIAN_POINT('',(4.196643033083E-14,-0.565685424949));
#4360 = VECTOR('',#4361,1.);
#4361 = DIRECTION('',(1.,-1.110223024625E-16));
#4362 = ( GEOMETRIC_REPRESENTATION_CONTEXT(2) 
PARAMETRIC_REPRESENTATION_CONTEXT() REPRESENTATION_CONTEXT('2D SPACE',''
  ) );
#4363 = PCURVE('',#4364,#4369);
#4364 = PLANE('',#4365);
#4365 = AXIS2_PLACEMENT_3D('',#4366,#4367,#4368);
#4366 = CARTESIAN_POINT('',(611.9,251.46388997604,270.52222216484));
#4367 = DIRECTION('',(1.489887484707E-16,0.894096021122,-0.447875323068)
  );
#4368 = DIRECTION('',(4.954044930436E-17,-0.447875323068,-0.894096021122
    ));
#4369 = DEFINITIONAL_REPRESENTATION('',(#4370),#4374);
#4370 = LINE('',#4371,#4372);
#4371 = CARTESIAN_POINT('',(6.359248928317E-14,-0.8));
#4372 = VECTOR('',#4373,1.);
#4373 = DIRECTION('',(1.,0.));
#4374 = ( GEOMETRIC_REPRESENTATION_CONTEXT(2) 
PARAMETRIC_REPRESENTATION_CONTEXT() REPRESENTATION_CONTEXT('2D SPACE',''
  ) );
#4375 = ORIENTED_EDGE('',*,*,#4376,.T.);
#4376 = EDGE_CURVE('',#4349,#1124,#4377,.T.);
#4377 = SURFACE_CURVE('',#4378,(#4382,#4389),.PCURVE_S1.);
#4378 = LINE('',#4379,#4380);
#4379 = CARTESIAN_POINT('',(612.28783724181,250.85329954746,
    270.22355932799));
#4380 = VECTOR('',#4381,1.);
#4381 = DIRECTION('',(-0.705441900491,-0.600016743722,0.377268647365));
#4382 = PCURVE('',#1139,#4383);
#4383 = DEFINITIONAL_REPRESENTATION('',(#4384),#4388);
#4384 = LINE('',#4385,#4386);
#4385 = CARTESIAN_POINT('',(0.540501639543,1.72007375795E-02));
#4386 = VECTOR('',#4387,1.);
#4387 = DIRECTION('',(-6.858170356256E-02,0.99764550314));
#4388 = ( GEOMETRIC_REPRESENTATION_CONTEXT(2) 
PARAMETRIC_REPRESENTATION_CONTEXT() REPRESENTATION_CONTEXT('2D SPACE',''
  ) );
#4389 = PCURVE('',#1167,#4390);
#4390 = DEFINITIONAL_REPRESENTATION('',(#4391),#4395);
#4391 = LINE('',#4392,#4393);
#4392 = CARTESIAN_POINT('',(4.006966992106E-02,1.720073757952E-02));
#4393 = VECTOR('',#4394,1.);
#4394 = DIRECTION('',(6.858170356253E-02,0.99764550314));
#4395 = ( GEOMETRIC_REPRESENTATION_CONTEXT(2) 
PARAMETRIC_REPRESENTATION_CONTEXT() REPRESENTATION_CONTEXT('2D SPACE',''
  ) );
#4396 = ORIENTED_EDGE('',*,*,#1123,.F.);
#4397 = ADVANCED_FACE('',(#4398),#1167,.T.);
#4398 = FACE_BOUND('',#4399,.T.);
#4399 = EDGE_LOOP('',(#4400,#4401,#4427,#4428));
#4400 = ORIENTED_EDGE('',*,*,#4376,.F.);
#4401 = ORIENTED_EDGE('',*,*,#4402,.T.);
#4402 = EDGE_CURVE('',#4349,#4294,#4403,.T.);
#4403 = SURFACE_CURVE('',#4404,(#4408,#4415),.PCURVE_S1.);
#4404 = LINE('',#4405,#4406);
#4405 = CARTESIAN_POINT('',(612.7,251.20386641325,270.00313566707));
#4406 = VECTOR('',#4407,1.);
#4407 = DIRECTION('',(1.991520072738E-17,-0.611705438105,-0.791085619255
    ));
#4408 = PCURVE('',#1167,#4409);
#4409 = DEFINITIONAL_REPRESENTATION('',(#4410),#4414);
#4410 = LINE('',#4411,#4412);
#4411 = CARTESIAN_POINT('',(2.93098878501E-14,-0.565685424949));
#4412 = VECTOR('',#4413,1.);
#4413 = DIRECTION('',(1.,-5.551115123126E-17));
#4414 = ( GEOMETRIC_REPRESENTATION_CONTEXT(2) 
PARAMETRIC_REPRESENTATION_CONTEXT() REPRESENTATION_CONTEXT('2D SPACE',''
  ) );
#4415 = PCURVE('',#4416,#4421);
#4416 = PLANE('',#4417);
#4417 = AXIS2_PLACEMENT_3D('',#4418,#4419,#4420);
#4418 = CARTESIAN_POINT('',(611.9,251.20386641325,270.00313566707));
#4419 = DIRECTION('',(1.55741093062E-16,0.791085619255,-0.611705438105)
  );
#4420 = DIRECTION('',(1.991520072738E-17,-0.611705438105,-0.791085619255
    ));
#4421 = DEFINITIONAL_REPRESENTATION('',(#4422),#4426);
#4422 = LINE('',#4423,#4424);
#4423 = CARTESIAN_POINT('',(1.593216058191E-17,-0.8));
#4424 = VECTOR('',#4425,1.);
#4425 = DIRECTION('',(1.,0.));
#4426 = ( GEOMETRIC_REPRESENTATION_CONTEXT(2) 
PARAMETRIC_REPRESENTATION_CONTEXT() REPRESENTATION_CONTEXT('2D SPACE',''
  ) );
#4427 = ORIENTED_EDGE('',*,*,#4293,.T.);
#4428 = ORIENTED_EDGE('',*,*,#1151,.F.);
#4429 = ADVANCED_FACE('',(#4430),#1635,.F.);
#4430 = FACE_BOUND('',#4431,.F.);
#4431 = EDGE_LOOP('',(#4432,#4455,#4478,#4499));
#4432 = ORIENTED_EDGE('',*,*,#4433,.F.);
#4433 = EDGE_CURVE('',#4434,#1618,#4436,.T.);
#4434 = VERTEX_POINT('',#4435);
#4435 = CARTESIAN_POINT('',(623.8,164.5519497029,274.37163859753));
#4436 = SURFACE_CURVE('',#4437,(#4441,#4448),.PCURVE_S1.);
#4437 = LINE('',#4438,#4439);
#4438 = CARTESIAN_POINT('',(624.21248012516,164.71056277829,
    273.98871275974));
#4439 = VECTOR('',#4440,1.);
#4440 = DIRECTION('',(0.705398161813,0.271250334246,-0.654856235736));
#4441 = PCURVE('',#1635,#4442);
#4442 = DEFINITIONAL_REPRESENTATION('',(#4443),#4447);
#4443 = LINE('',#4444,#4445);
#4444 = CARTESIAN_POINT('',(4.062574638493E-02,1.76495622744E-02));
#4445 = VECTOR('',#4446,1.);
#4446 = DIRECTION('',(6.947565488256E-02,0.997583647309));
#4447 = ( GEOMETRIC_REPRESENTATION_CONTEXT(2) 
PARAMETRIC_REPRESENTATION_CONTEXT() REPRESENTATION_CONTEXT('2D SPACE',''
  ) );
#4448 = PCURVE('',#2547,#4449);
#4449 = DEFINITIONAL_REPRESENTATION('',(#4450),#4454);
#4450 = LINE('',#4451,#4452);
#4451 = CARTESIAN_POINT('',(0.547477095593,1.76495622744E-02));
#4452 = VECTOR('',#4453,1.);
#4453 = DIRECTION('',(-6.947565488251E-02,0.997583647309));
#4454 = ( GEOMETRIC_REPRESENTATION_CONTEXT(2) 
PARAMETRIC_REPRESENTATION_CONTEXT() REPRESENTATION_CONTEXT('2D SPACE',''
  ) );
#4455 = ORIENTED_EDGE('',*,*,#4456,.T.);
#4456 = EDGE_CURVE('',#4434,#4457,#4459,.T.);
#4457 = VERTEX_POINT('',#4458);
#4458 = CARTESIAN_POINT('',(623.8,165.11472903395,274.54235584121));
#4459 = SURFACE_CURVE('',#4460,(#4464,#4471),.PCURVE_S1.);
#4460 = LINE('',#4461,#4462);
#4461 = CARTESIAN_POINT('',(623.8,164.5519497029,274.37163859753));
#4462 = VECTOR('',#4463,1.);
#4463 = DIRECTION('',(7.401364615386E-17,0.956940335732,0.290284677254)
  );
#4464 = PCURVE('',#1635,#4465);
#4465 = DEFINITIONAL_REPRESENTATION('',(#4466),#4470);
#4466 = LINE('',#4467,#4468);
#4467 = CARTESIAN_POINT('',(7.091549569793E-15,-0.565685424949));
#4468 = VECTOR('',#4469,1.);
#4469 = DIRECTION('',(1.,-2.775557561563E-17));
#4470 = ( GEOMETRIC_REPRESENTATION_CONTEXT(2) 
PARAMETRIC_REPRESENTATION_CONTEXT() REPRESENTATION_CONTEXT('2D SPACE',''
  ) );
#4471 = PCURVE('',#2996,#4472);
#4472 = DEFINITIONAL_REPRESENTATION('',(#4473),#4477);
#4473 = LINE('',#4474,#4475);
#4474 = CARTESIAN_POINT('',(8.80762389231E-16,-11.9));
#4475 = VECTOR('',#4476,1.);
#4476 = DIRECTION('',(1.,-6.162975822039E-33));
#4477 = ( GEOMETRIC_REPRESENTATION_CONTEXT(2) 
PARAMETRIC_REPRESENTATION_CONTEXT() REPRESENTATION_CONTEXT('2D SPACE',''
  ) );
#4478 = ORIENTED_EDGE('',*,*,#4479,.T.);
#4479 = EDGE_CURVE('',#4457,#1620,#4480,.T.);
#4480 = SURFACE_CURVE('',#4481,(#4485,#4492),.PCURVE_S1.);
#4481 = LINE('',#4482,#4483);
#4482 = CARTESIAN_POINT('',(624.21248012516,165.19558927857,
    274.13584394007));
#4483 = VECTOR('',#4484,1.);
#4484 = DIRECTION('',(0.705398161813,0.138282221229,-0.695191671845));
#4485 = PCURVE('',#1635,#4486);
#4486 = DEFINITIONAL_REPRESENTATION('',(#4487),#4491);
#4487 = LINE('',#4488,#4489);
#4488 = CARTESIAN_POINT('',(0.547477095592,1.764956227442E-02));
#4489 = VECTOR('',#4490,1.);
#4490 = DIRECTION('',(-6.947565488256E-02,0.997583647309));
#4491 = ( GEOMETRIC_REPRESENTATION_CONTEXT(2) 
PARAMETRIC_REPRESENTATION_CONTEXT() REPRESENTATION_CONTEXT('2D SPACE',''
  ) );
#4492 = PCURVE('',#1663,#4493);
#4493 = DEFINITIONAL_REPRESENTATION('',(#4494),#4498);
#4494 = LINE('',#4495,#4496);
#4495 = CARTESIAN_POINT('',(4.062574638486E-02,1.76495622744E-02));
#4496 = VECTOR('',#4497,1.);
#4497 = DIRECTION('',(6.947565488252E-02,0.997583647309));
#4498 = ( GEOMETRIC_REPRESENTATION_CONTEXT(2) 
PARAMETRIC_REPRESENTATION_CONTEXT() REPRESENTATION_CONTEXT('2D SPACE',''
  ) );
#4499 = ORIENTED_EDGE('',*,*,#1617,.F.);
#4500 = ADVANCED_FACE('',(#4501),#2547,.F.);
#4501 = FACE_BOUND('',#4502,.F.);
#4502 = EDGE_LOOP('',(#4503,#4526,#4547,#4548));
#4503 = ORIENTED_EDGE('',*,*,#4504,.F.);
#4504 = EDGE_CURVE('',#4505,#2506,#4507,.T.);
#4505 = VERTEX_POINT('',#4506);
#4506 = CARTESIAN_POINT('',(623.8,164.03328930094,274.0944088369));
#4507 = SURFACE_CURVE('',#4508,(#4512,#4519),.PCURVE_S1.);
#4508 = LINE('',#4509,#4510);
#4509 = CARTESIAN_POINT('',(624.21248012516,164.26355979556,
    273.74978468767));
#4510 = VECTOR('',#4511,1.);
#4511 = DIRECTION('',(0.705398161813,0.393794449037,-0.589355041735));
#4512 = PCURVE('',#2547,#4513);
#4513 = DEFINITIONAL_REPRESENTATION('',(#4514),#4518);
#4514 = LINE('',#4515,#4516);
#4515 = CARTESIAN_POINT('',(4.062574638477E-02,1.764956227443E-02));
#4516 = VECTOR('',#4517,1.);
#4517 = DIRECTION('',(6.947565488253E-02,0.997583647309));
#4518 = ( GEOMETRIC_REPRESENTATION_CONTEXT(2) 
PARAMETRIC_REPRESENTATION_CONTEXT() REPRESENTATION_CONTEXT('2D SPACE',''
  ) );
#4519 = PCURVE('',#2521,#4520);
#4520 = DEFINITIONAL_REPRESENTATION('',(#4521),#4525);
#4521 = LINE('',#4522,#4523);
#4522 = CARTESIAN_POINT('',(0.547477095592,1.764956227441E-02));
#4523 = VECTOR('',#4524,1.);
#4524 = DIRECTION('',(-6.947565488255E-02,0.997583647309));
#4525 = ( GEOMETRIC_REPRESENTATION_CONTEXT(2) 
PARAMETRIC_REPRESENTATION_CONTEXT() REPRESENTATION_CONTEXT('2D SPACE',''
  ) );
#4526 = ORIENTED_EDGE('',*,*,#4527,.T.);
#4527 = EDGE_CURVE('',#4505,#4434,#4528,.T.);
#4528 = SURFACE_CURVE('',#4529,(#4533,#4540),.PCURVE_S1.);
#4529 = LINE('',#4530,#4531);
#4530 = CARTESIAN_POINT('',(623.8,164.03328930094,274.0944088369));
#4531 = VECTOR('',#4532,1.);
#4532 = DIRECTION('',(4.557737826287E-17,0.881921264348,0.471396736826)
  );
#4533 = PCURVE('',#2547,#4534);
#4534 = DEFINITIONAL_REPRESENTATION('',(#4535),#4539);
#4535 = LINE('',#4536,#4537);
#4536 = CARTESIAN_POINT('',(-7.93809462607E-15,-0.565685424949));
#4537 = VECTOR('',#4538,1.);
#4538 = DIRECTION('',(1.,0.));
#4539 = ( GEOMETRIC_REPRESENTATION_CONTEXT(2) 
PARAMETRIC_REPRESENTATION_CONTEXT() REPRESENTATION_CONTEXT('2D SPACE',''
  ) );
#4540 = PCURVE('',#2942,#4541);
#4541 = DEFINITIONAL_REPRESENTATION('',(#4542),#4546);
#4542 = LINE('',#4543,#4544);
#4543 = CARTESIAN_POINT('',(5.423708013281E-16,-11.9));
#4544 = VECTOR('',#4545,1.);
#4545 = DIRECTION('',(1.,0.));
#4546 = ( GEOMETRIC_REPRESENTATION_CONTEXT(2) 
PARAMETRIC_REPRESENTATION_CONTEXT() REPRESENTATION_CONTEXT('2D SPACE',''
  ) );
#4547 = ORIENTED_EDGE('',*,*,#4433,.T.);
#4548 = ORIENTED_EDGE('',*,*,#2533,.F.);
#4549 = ADVANCED_FACE('',(#4550),#1663,.F.);
#4550 = FACE_BOUND('',#4551,.F.);
#4551 = EDGE_LOOP('',(#4552,#4553,#4576,#4596));
#4552 = ORIENTED_EDGE('',*,*,#4479,.F.);
#4553 = ORIENTED_EDGE('',*,*,#4554,.T.);
#4554 = EDGE_CURVE('',#4457,#4555,#4557,.T.);
#4555 = VERTEX_POINT('',#4556);
#4556 = CARTESIAN_POINT('',(623.8,165.7,274.6));
#4557 = SURFACE_CURVE('',#4558,(#4562,#4569),.PCURVE_S1.);
#4558 = LINE('',#4559,#4560);
#4559 = CARTESIAN_POINT('',(623.8,165.11472903395,274.54235584121));
#4560 = VECTOR('',#4561,1.);
#4561 = DIRECTION('',(9.96056111305E-17,0.995184726672,
    9.801714032956E-02));
#4562 = PCURVE('',#1663,#4563);
#4563 = DEFINITIONAL_REPRESENTATION('',(#4564),#4568);
#4564 = LINE('',#4565,#4566);
#4565 = CARTESIAN_POINT('',(1.505046087757E-14,-0.565685424949));
#4566 = VECTOR('',#4567,1.);
#4567 = DIRECTION('',(1.,0.));
#4568 = ( GEOMETRIC_REPRESENTATION_CONTEXT(2) 
PARAMETRIC_REPRESENTATION_CONTEXT() REPRESENTATION_CONTEXT('2D SPACE',''
  ) );
#4569 = PCURVE('',#3077,#4570);
#4570 = DEFINITIONAL_REPRESENTATION('',(#4571),#4575);
#4571 = LINE('',#4572,#4573);
#4572 = CARTESIAN_POINT('',(1.185306772453E-15,-11.9));
#4573 = VECTOR('',#4574,1.);
#4574 = DIRECTION('',(1.,-4.622231866529E-33));
#4575 = ( GEOMETRIC_REPRESENTATION_CONTEXT(2) 
PARAMETRIC_REPRESENTATION_CONTEXT() REPRESENTATION_CONTEXT('2D SPACE',''
  ) );
#4576 = ORIENTED_EDGE('',*,*,#4577,.T.);
#4577 = EDGE_CURVE('',#4555,#1648,#4578,.T.);
#4578 = SURFACE_CURVE('',#4579,(#4583,#4590),.PCURVE_S1.);
#4579 = LINE('',#4580,#4581);
#4580 = CARTESIAN_POINT('',(624.2,165.73920685613,274.20192610933));
#4581 = VECTOR('',#4582,1.);
#4582 = DIRECTION('',(0.707106781187,6.930858459955E-02,-0.703701868763)
  );
#4583 = PCURVE('',#1663,#4584);
#4584 = DEFINITIONAL_REPRESENTATION('',(#4585),#4589);
#4585 = LINE('',#4586,#4587);
#4586 = CARTESIAN_POINT('',(0.588102841977,1.93595139919E-15));
#4587 = VECTOR('',#4588,1.);
#4588 = DIRECTION('',(0.,1.));
#4589 = ( GEOMETRIC_REPRESENTATION_CONTEXT(2) 
PARAMETRIC_REPRESENTATION_CONTEXT() REPRESENTATION_CONTEXT('2D SPACE',''
  ) );
#4590 = PCURVE('',#1691,#4591);
#4591 = DEFINITIONAL_REPRESENTATION('',(#4592),#4595);
#4592 = B_SPLINE_CURVE_WITH_KNOTS('',1,(#4593,#4594),.UNSPECIFIED.,.F.,
  .F.,(2,2),(-0.565685424949,0.565685424949),.PIECEWISE_BEZIER_KNOTS.);
#4593 = CARTESIAN_POINT('',(2.84217094304E-14,-0.565685424949));
#4594 = CARTESIAN_POINT('',(7.841371226368E-02,0.562961495011));
#4595 = ( GEOMETRIC_REPRESENTATION_CONTEXT(2) 
PARAMETRIC_REPRESENTATION_CONTEXT() REPRESENTATION_CONTEXT('2D SPACE',''
  ) );
#4596 = ORIENTED_EDGE('',*,*,#1647,.F.);
#4597 = ADVANCED_FACE('',(#4598),#2521,.F.);
#4598 = FACE_BOUND('',#4599,.F.);
#4599 = EDGE_LOOP('',(#4600,#4623,#4644,#4645));
#4600 = ORIENTED_EDGE('',*,*,#4601,.F.);
#4601 = EDGE_CURVE('',#4602,#2478,#4604,.T.);
#4602 = VERTEX_POINT('',#4603);
#4603 = CARTESIAN_POINT('',(623.8,163.57867965644,273.72132034356));
#4604 = SURFACE_CURVE('',#4605,(#4609,#4616),.PCURVE_S1.);
#4605 = LINE('',#4606,#4607);
#4606 = CARTESIAN_POINT('',(624.21248012516,163.87175840433,
    273.42824159567));
#4607 = VECTOR('',#4608,1.);
#4608 = DIRECTION('',(0.705398161813,0.501205263994,-0.501205263994));
#4609 = PCURVE('',#2521,#4610);
#4610 = DEFINITIONAL_REPRESENTATION('',(#4611),#4615);
#4611 = LINE('',#4612,#4613);
#4612 = CARTESIAN_POINT('',(4.062574638502E-02,1.764956227439E-02));
#4613 = VECTOR('',#4614,1.);
#4614 = DIRECTION('',(6.947565488256E-02,0.997583647309));
#4615 = ( GEOMETRIC_REPRESENTATION_CONTEXT(2) 
PARAMETRIC_REPRESENTATION_CONTEXT() REPRESENTATION_CONTEXT('2D SPACE',''
  ) );
#4616 = PCURVE('',#2493,#4617);
#4617 = DEFINITIONAL_REPRESENTATION('',(#4618),#4622);
#4618 = LINE('',#4619,#4620);
#4619 = CARTESIAN_POINT('',(0.547477095593,1.76495622744E-02));
#4620 = VECTOR('',#4621,1.);
#4621 = DIRECTION('',(-6.94756548825E-02,0.997583647309));
#4622 = ( GEOMETRIC_REPRESENTATION_CONTEXT(2) 
PARAMETRIC_REPRESENTATION_CONTEXT() REPRESENTATION_CONTEXT('2D SPACE',''
  ) );
#4623 = ORIENTED_EDGE('',*,*,#4624,.T.);
#4624 = EDGE_CURVE('',#4602,#4505,#4625,.T.);
#4625 = SURFACE_CURVE('',#4626,(#4630,#4637),.PCURVE_S1.);
#4626 = LINE('',#4627,#4628);
#4627 = CARTESIAN_POINT('',(623.8,163.57867965644,273.72132034356));
#4628 = VECTOR('',#4629,1.);
#4629 = DIRECTION('',(1.538959728532E-17,0.773010453363,0.634393284164)
  );
#4630 = PCURVE('',#2521,#4631);
#4631 = DEFINITIONAL_REPRESENTATION('',(#4632),#4636);
#4632 = LINE('',#4633,#4634);
#4633 = CARTESIAN_POINT('',(4.979350265444E-14,-0.565685424949));
#4634 = VECTOR('',#4635,1.);
#4635 = DIRECTION('',(1.,0.));
#4636 = ( GEOMETRIC_REPRESENTATION_CONTEXT(2) 
PARAMETRIC_REPRESENTATION_CONTEXT() REPRESENTATION_CONTEXT('2D SPACE',''
  ) );
#4637 = PCURVE('',#2888,#4638);
#4638 = DEFINITIONAL_REPRESENTATION('',(#4639),#4643);
#4639 = LINE('',#4640,#4641);
#4640 = CARTESIAN_POINT('',(2.215341469984E-14,-11.9));
#4641 = VECTOR('',#4642,1.);
#4642 = DIRECTION('',(1.,0.));
#4643 = ( GEOMETRIC_REPRESENTATION_CONTEXT(2) 
PARAMETRIC_REPRESENTATION_CONTEXT() REPRESENTATION_CONTEXT('2D SPACE',''
  ) );
#4644 = ORIENTED_EDGE('',*,*,#4504,.T.);
#4645 = ORIENTED_EDGE('',*,*,#2505,.F.);
#4646 = ADVANCED_FACE('',(#4647),#1691,.F.);
#4647 = FACE_BOUND('',#4648,.F.);
#4648 = EDGE_LOOP('',(#4649,#4650,#4673,#4693));
#4649 = ORIENTED_EDGE('',*,*,#4577,.F.);
#4650 = ORIENTED_EDGE('',*,*,#4651,.T.);
#4651 = EDGE_CURVE('',#4555,#4652,#4654,.T.);
#4652 = VERTEX_POINT('',#4653);
#4653 = CARTESIAN_POINT('',(623.8,248.66417660892,274.6));
#4654 = SURFACE_CURVE('',#4655,(#4659,#4666),.PCURVE_S1.);
#4655 = LINE('',#4656,#4657);
#4656 = CARTESIAN_POINT('',(623.8,165.7,274.6));
#4657 = VECTOR('',#4658,1.);
#4658 = DIRECTION('',(1.110223024625E-16,1.,0.));
#4659 = PCURVE('',#1691,#4660);
#4660 = DEFINITIONAL_REPRESENTATION('',(#4661),#4665);
#4661 = LINE('',#4662,#4663);
#4662 = CARTESIAN_POINT('',(-4.4408920985E-17,-0.565685424949));
#4663 = VECTOR('',#4664,1.);
#4664 = DIRECTION('',(1.,0.));
#4665 = ( GEOMETRIC_REPRESENTATION_CONTEXT(2) 
PARAMETRIC_REPRESENTATION_CONTEXT() REPRESENTATION_CONTEXT('2D SPACE',''
  ) );
#4666 = PCURVE('',#3179,#4667);
#4667 = DEFINITIONAL_REPRESENTATION('',(#4668),#4672);
#4668 = LINE('',#4669,#4670);
#4669 = CARTESIAN_POINT('',(1.321165399304E-15,-11.9));
#4670 = VECTOR('',#4671,1.);
#4671 = DIRECTION('',(1.,0.));
#4672 = ( GEOMETRIC_REPRESENTATION_CONTEXT(2) 
PARAMETRIC_REPRESENTATION_CONTEXT() REPRESENTATION_CONTEXT('2D SPACE',''
  ) );
#4673 = ORIENTED_EDGE('',*,*,#4674,.T.);
#4674 = EDGE_CURVE('',#4652,#1676,#4675,.T.);
#4675 = SURFACE_CURVE('',#4676,(#4680,#4687),.PCURVE_S1.);
#4676 = LINE('',#4677,#4678);
#4677 = CARTESIAN_POINT('',(624.2,248.66417660892,274.2));
#4678 = VECTOR('',#4679,1.);
#4679 = DIRECTION('',(0.707106781187,-7.850462293419E-17,-0.707106781187
    ));
#4680 = PCURVE('',#1691,#4681);
#4681 = DEFINITIONAL_REPRESENTATION('',(#4682),#4686);
#4682 = LINE('',#4683,#4684);
#4683 = CARTESIAN_POINT('',(82.964176608921,-6.513071401729E-15));
#4684 = VECTOR('',#4685,1.);
#4685 = DIRECTION('',(0.,1.));
#4686 = ( GEOMETRIC_REPRESENTATION_CONTEXT(2) 
PARAMETRIC_REPRESENTATION_CONTEXT() REPRESENTATION_CONTEXT('2D SPACE',''
  ) );
#4687 = PCURVE('',#1719,#4688);
#4688 = DEFINITIONAL_REPRESENTATION('',(#4689),#4692);
#4689 = B_SPLINE_CURVE_WITH_KNOTS('',1,(#4690,#4691),.UNSPECIFIED.,.F.,
  .F.,(2,2),(-0.565685424949,0.565685424949),.PIECEWISE_BEZIER_KNOTS.);
#4690 = CARTESIAN_POINT('',(0.,-0.565685424949));
#4691 = CARTESIAN_POINT('',(7.740950792856E-02,0.563030979646));
#4692 = ( GEOMETRIC_REPRESENTATION_CONTEXT(2) 
PARAMETRIC_REPRESENTATION_CONTEXT() REPRESENTATION_CONTEXT('2D SPACE',''
  ) );
#4693 = ORIENTED_EDGE('',*,*,#1675,.F.);
#4694 = ADVANCED_FACE('',(#4695),#2493,.F.);
#4695 = FACE_BOUND('',#4696,.F.);
#4696 = EDGE_LOOP('',(#4697,#4718,#4739,#4740));
#4697 = ORIENTED_EDGE('',*,*,#4698,.F.);
#4698 = EDGE_CURVE('',#2591,#2450,#4699,.T.);
#4699 = SURFACE_CURVE('',#4700,(#4704,#4711),.PCURVE_S1.);
#4700 = LINE('',#4701,#4702);
#4701 = CARTESIAN_POINT('',(624.21248012516,163.55021531232,
    273.03644020443));
#4702 = VECTOR('',#4703,1.);
#4703 = DIRECTION('',(0.705398161813,0.589355041735,-0.393794449037));
#4704 = PCURVE('',#2493,#4705);
#4705 = DEFINITIONAL_REPRESENTATION('',(#4706),#4710);
#4706 = LINE('',#4707,#4708);
#4707 = CARTESIAN_POINT('',(4.062574638464E-02,1.764956227441E-02));
#4708 = VECTOR('',#4709,1.);
#4709 = DIRECTION('',(6.947565488245E-02,0.997583647309));
#4710 = ( GEOMETRIC_REPRESENTATION_CONTEXT(2) 
PARAMETRIC_REPRESENTATION_CONTEXT() REPRESENTATION_CONTEXT('2D SPACE',''
  ) );
#4711 = PCURVE('',#2465,#4712);
#4712 = DEFINITIONAL_REPRESENTATION('',(#4713),#4717);
#4713 = LINE('',#4714,#4715);
#4714 = CARTESIAN_POINT('',(0.547477095592,1.764956227439E-02));
#4715 = VECTOR('',#4716,1.);
#4716 = DIRECTION('',(-6.947565488263E-02,0.997583647309));
#4717 = ( GEOMETRIC_REPRESENTATION_CONTEXT(2) 
PARAMETRIC_REPRESENTATION_CONTEXT() REPRESENTATION_CONTEXT('2D SPACE',''
  ) );
#4718 = ORIENTED_EDGE('',*,*,#4719,.T.);
#4719 = EDGE_CURVE('',#2591,#4602,#4720,.T.);
#4720 = SURFACE_CURVE('',#4721,(#4725,#4732),.PCURVE_S1.);
#4721 = LINE('',#4722,#4723);
#4722 = CARTESIAN_POINT('',(623.8,163.20559116309,273.26671069905));
#4723 = VECTOR('',#4724,1.);
#4724 = DIRECTION('',(-1.538959728532E-17,0.634393284164,0.773010453363)
  );
#4725 = PCURVE('',#2493,#4726);
#4726 = DEFINITIONAL_REPRESENTATION('',(#4727),#4731);
#4727 = LINE('',#4728,#4729);
#4728 = CARTESIAN_POINT('',(-1.540434446667E-14,-0.565685424949));
#4729 = VECTOR('',#4730,1.);
#4730 = DIRECTION('',(1.,-1.110223024625E-16));
#4731 = ( GEOMETRIC_REPRESENTATION_CONTEXT(2) 
PARAMETRIC_REPRESENTATION_CONTEXT() REPRESENTATION_CONTEXT('2D SPACE',''
  ) );
#4732 = PCURVE('',#2629,#4733);
#4733 = DEFINITIONAL_REPRESENTATION('',(#4734),#4738);
#4734 = LINE('',#4735,#4736);
#4735 = CARTESIAN_POINT('',(-1.831362076953E-16,-11.9));
#4736 = VECTOR('',#4737,1.);
#4737 = DIRECTION('',(1.,0.));
#4738 = ( GEOMETRIC_REPRESENTATION_CONTEXT(2) 
PARAMETRIC_REPRESENTATION_CONTEXT() REPRESENTATION_CONTEXT('2D SPACE',''
  ) );
#4739 = ORIENTED_EDGE('',*,*,#4601,.T.);
#4740 = ORIENTED_EDGE('',*,*,#2477,.F.);
#4741 = ADVANCED_FACE('',(#4742),#1719,.F.);
#4742 = FACE_BOUND('',#4743,.F.);
#4743 = EDGE_LOOP('',(#4744,#4745,#4768,#4789));
#4744 = ORIENTED_EDGE('',*,*,#4674,.F.);
#4745 = ORIENTED_EDGE('',*,*,#4746,.T.);
#4746 = EDGE_CURVE('',#4652,#4747,#4749,.T.);
#4747 = VERTEX_POINT('',#4748);
#4748 = CARTESIAN_POINT('',(623.8,249.24202362195,274.54382282577));
#4749 = SURFACE_CURVE('',#4750,(#4754,#4761),.PCURVE_S1.);
#4750 = LINE('',#4751,#4752);
#4751 = CARTESIAN_POINT('',(623.8,248.66417660892,274.6));
#4752 = VECTOR('',#4753,1.);
#4753 = DIRECTION('',(1.212440641468E-16,0.995307559314,
    -9.676188491068E-02));
#4754 = PCURVE('',#1719,#4755);
#4755 = DEFINITIONAL_REPRESENTATION('',(#4756),#4760);
#4756 = LINE('',#4757,#4758);
#4757 = CARTESIAN_POINT('',(-1.929012505286E-14,-0.565685424949));
#4758 = VECTOR('',#4759,1.);
#4759 = DIRECTION('',(1.,0.));
#4760 = ( GEOMETRIC_REPRESENTATION_CONTEXT(2) 
PARAMETRIC_REPRESENTATION_CONTEXT() REPRESENTATION_CONTEXT('2D SPACE',''
  ) );
#4761 = PCURVE('',#3286,#4762);
#4762 = DEFINITIONAL_REPRESENTATION('',(#4763),#4767);
#4763 = LINE('',#4764,#4765);
#4764 = CARTESIAN_POINT('',(1.442804363347E-15,-11.9));
#4765 = VECTOR('',#4766,1.);
#4766 = DIRECTION('',(1.,6.162975822039E-33));
#4767 = ( GEOMETRIC_REPRESENTATION_CONTEXT(2) 
PARAMETRIC_REPRESENTATION_CONTEXT() REPRESENTATION_CONTEXT('2D SPACE',''
  ) );
#4768 = ORIENTED_EDGE('',*,*,#4769,.T.);
#4769 = EDGE_CURVE('',#4747,#1704,#4770,.T.);
#4770 = SURFACE_CURVE('',#4771,(#4775,#4782),.PCURVE_S1.);
#4771 = LINE('',#4772,#4773);
#4772 = CARTESIAN_POINT('',(624.21216275818,249.1622603312,
    274.13747133367));
#4773 = VECTOR('',#4774,1.);
#4774 = DIRECTION('',(0.705441900491,-0.136519775973,-0.695495561309));
#4775 = PCURVE('',#1719,#4776);
#4776 = DEFINITIONAL_REPRESENTATION('',(#4777),#4781);
#4777 = LINE('',#4778,#4779);
#4778 = CARTESIAN_POINT('',(0.540501639543,1.720073757952E-02));
#4779 = VECTOR('',#4780,1.);
#4780 = DIRECTION('',(-6.858170356253E-02,0.99764550314));
#4781 = ( GEOMETRIC_REPRESENTATION_CONTEXT(2) 
PARAMETRIC_REPRESENTATION_CONTEXT() REPRESENTATION_CONTEXT('2D SPACE',''
  ) );
#4782 = PCURVE('',#1747,#4783);
#4783 = DEFINITIONAL_REPRESENTATION('',(#4784),#4788);
#4784 = LINE('',#4785,#4786);
#4785 = CARTESIAN_POINT('',(4.006966992124E-02,1.720073757952E-02));
#4786 = VECTOR('',#4787,1.);
#4787 = DIRECTION('',(6.858170356256E-02,0.99764550314));
#4788 = ( GEOMETRIC_REPRESENTATION_CONTEXT(2) 
PARAMETRIC_REPRESENTATION_CONTEXT() REPRESENTATION_CONTEXT('2D SPACE',''
  ) );
#4789 = ORIENTED_EDGE('',*,*,#1703,.F.);
#4790 = ADVANCED_FACE('',(#4791),#2465,.F.);
#4791 = FACE_BOUND('',#4792,.F.);
#4792 = EDGE_LOOP('',(#4793,#4794,#4795,#4796));
#4793 = ORIENTED_EDGE('',*,*,#2564,.F.);
#4794 = ORIENTED_EDGE('',*,*,#2590,.T.);
#4795 = ORIENTED_EDGE('',*,*,#4698,.T.);
#4796 = ORIENTED_EDGE('',*,*,#2449,.F.);
#4797 = ADVANCED_FACE('',(#4798),#1747,.F.);
#4798 = FACE_BOUND('',#4799,.F.);
#4799 = EDGE_LOOP('',(#4800,#4801,#4824,#4845));
#4800 = ORIENTED_EDGE('',*,*,#4769,.F.);
#4801 = ORIENTED_EDGE('',*,*,#4802,.T.);
#4802 = EDGE_CURVE('',#4747,#4803,#4805,.T.);
#4803 = VERTEX_POINT('',#4804);
#4804 = CARTESIAN_POINT('',(623.8,249.79822942676,274.37739521968));
#4805 = SURFACE_CURVE('',#4806,(#4810,#4817),.PCURVE_S1.);
#4806 = LINE('',#4807,#4808);
#4807 = CARTESIAN_POINT('',(623.8,249.24202362195,274.54382282577));
#4808 = VECTOR('',#4809,1.);
#4809 = DIRECTION('',(1.381887527098E-16,0.958031848534,-0.286661781887)
  );
#4810 = PCURVE('',#1747,#4811);
#4811 = DEFINITIONAL_REPRESENTATION('',(#4812),#4816);
#4812 = LINE('',#4813,#4814);
#4813 = CARTESIAN_POINT('',(2.581268532253E-15,-0.565685424949));
#4814 = VECTOR('',#4815,1.);
#4815 = DIRECTION('',(1.,8.326672684689E-17));
#4816 = ( GEOMETRIC_REPRESENTATION_CONTEXT(2) 
PARAMETRIC_REPRESENTATION_CONTEXT() REPRESENTATION_CONTEXT('2D SPACE',''
  ) );
#4817 = PCURVE('',#3394,#4818);
#4818 = DEFINITIONAL_REPRESENTATION('',(#4819),#4823);
#4819 = LINE('',#4820,#4821);
#4820 = CARTESIAN_POINT('',(1.644446157246E-15,-11.9));
#4821 = VECTOR('',#4822,1.);
#4822 = DIRECTION('',(1.,0.));
#4823 = ( GEOMETRIC_REPRESENTATION_CONTEXT(2) 
PARAMETRIC_REPRESENTATION_CONTEXT() REPRESENTATION_CONTEXT('2D SPACE',''
  ) );
#4824 = ORIENTED_EDGE('',*,*,#4825,.T.);
#4825 = EDGE_CURVE('',#4803,#1732,#4826,.T.);
#4826 = SURFACE_CURVE('',#4827,(#4831,#4838),.PCURVE_S1.);
#4827 = LINE('',#4828,#4829);
#4828 = CARTESIAN_POINT('',(624.21216275818,249.64169009613,
    273.99401661354));
#4829 = VECTOR('',#4830,1.);
#4830 = DIRECTION('',(0.705441900491,-0.267926688452,-0.656176054612));
#4831 = PCURVE('',#1747,#4832);
#4832 = DEFINITIONAL_REPRESENTATION('',(#4833),#4837);
#4833 = LINE('',#4834,#4835);
#4834 = CARTESIAN_POINT('',(0.540501639543,1.720073757949E-02));
#4835 = VECTOR('',#4836,1.);
#4836 = DIRECTION('',(-6.858170356254E-02,0.99764550314));
#4837 = ( GEOMETRIC_REPRESENTATION_CONTEXT(2) 
PARAMETRIC_REPRESENTATION_CONTEXT() REPRESENTATION_CONTEXT('2D SPACE',''
  ) );
#4838 = PCURVE('',#1775,#4839);
#4839 = DEFINITIONAL_REPRESENTATION('',(#4840),#4844);
#4840 = LINE('',#4841,#4842);
#4841 = CARTESIAN_POINT('',(4.00696699212E-02,1.72007375795E-02));
#4842 = VECTOR('',#4843,1.);
#4843 = DIRECTION('',(6.858170356256E-02,0.99764550314));
#4844 = ( GEOMETRIC_REPRESENTATION_CONTEXT(2) 
PARAMETRIC_REPRESENTATION_CONTEXT() REPRESENTATION_CONTEXT('2D SPACE',''
  ) );
#4845 = ORIENTED_EDGE('',*,*,#1731,.F.);
#4846 = ADVANCED_FACE('',(#4847),#1775,.F.);
#4847 = FACE_BOUND('',#4848,.F.);
#4848 = EDGE_LOOP('',(#4849,#4850,#4873,#4894));
#4849 = ORIENTED_EDGE('',*,*,#4825,.F.);
#4850 = ORIENTED_EDGE('',*,*,#4851,.T.);
#4851 = EDGE_CURVE('',#4803,#4852,#4854,.T.);
#4852 = VERTEX_POINT('',#4853);
#4853 = CARTESIAN_POINT('',(623.8,250.31196330975,274.10695013683));
#4854 = SURFACE_CURVE('',#4855,(#4859,#4866),.PCURVE_S1.);
#4855 = LINE('',#4856,#4857);
#4856 = CARTESIAN_POINT('',(623.8,249.79822942676,274.37739521968));
#4857 = VECTOR('',#4858,1.);
#4858 = DIRECTION('',(1.499580721811E-16,0.884876456372,-0.46582577962)
  );
#4859 = PCURVE('',#1775,#4860);
#4860 = DEFINITIONAL_REPRESENTATION('',(#4861),#4865);
#4861 = LINE('',#4862,#4863);
#4862 = CARTESIAN_POINT('',(-1.17128529098E-14,-0.565685424949));
#4863 = VECTOR('',#4864,1.);
#4864 = DIRECTION('',(1.,-5.551115123126E-17));
#4865 = ( GEOMETRIC_REPRESENTATION_CONTEXT(2) 
PARAMETRIC_REPRESENTATION_CONTEXT() REPRESENTATION_CONTEXT('2D SPACE',''
  ) );
#4866 = PCURVE('',#3502,#4867);
#4867 = DEFINITIONAL_REPRESENTATION('',(#4868),#4872);
#4868 = LINE('',#4869,#4870);
#4869 = CARTESIAN_POINT('',(1.784501058955E-15,-11.9));
#4870 = VECTOR('',#4871,1.);
#4871 = DIRECTION('',(1.,-6.162975822039E-33));
#4872 = ( GEOMETRIC_REPRESENTATION_CONTEXT(2) 
PARAMETRIC_REPRESENTATION_CONTEXT() REPRESENTATION_CONTEXT('2D SPACE',''
  ) );
#4873 = ORIENTED_EDGE('',*,*,#4874,.T.);
#4874 = EDGE_CURVE('',#4852,#1760,#4875,.T.);
#4875 = SURFACE_CURVE('',#4876,(#4880,#4887),.PCURVE_S1.);
#4876 = LINE('',#4877,#4878);
#4877 = CARTESIAN_POINT('',(624.21216275818,250.08451056406,
    273.76090250115));
#4878 = VECTOR('',#4879,1.);
#4879 = DIRECTION('',(0.705441900491,-0.389299358093,-0.592281803553));
#4880 = PCURVE('',#1775,#4881);
#4881 = DEFINITIONAL_REPRESENTATION('',(#4882),#4886);
#4882 = LINE('',#4883,#4884);
#4883 = CARTESIAN_POINT('',(0.540501639543,1.720073757951E-02));
#4884 = VECTOR('',#4885,1.);
#4885 = DIRECTION('',(-6.858170356259E-02,0.99764550314));
#4886 = ( GEOMETRIC_REPRESENTATION_CONTEXT(2) 
PARAMETRIC_REPRESENTATION_CONTEXT() REPRESENTATION_CONTEXT('2D SPACE',''
  ) );
#4887 = PCURVE('',#1803,#4888);
#4888 = DEFINITIONAL_REPRESENTATION('',(#4889),#4893);
#4889 = LINE('',#4890,#4891);
#4890 = CARTESIAN_POINT('',(4.006966992131E-02,1.720073757952E-02));
#4891 = VECTOR('',#4892,1.);
#4892 = DIRECTION('',(6.858170356251E-02,0.997645503141));
#4893 = ( GEOMETRIC_REPRESENTATION_CONTEXT(2) 
PARAMETRIC_REPRESENTATION_CONTEXT() REPRESENTATION_CONTEXT('2D SPACE',''
  ) );
#4894 = ORIENTED_EDGE('',*,*,#1759,.F.);
#4895 = ADVANCED_FACE('',(#4896),#1803,.F.);
#4896 = FACE_BOUND('',#4897,.F.);
#4897 = EDGE_LOOP('',(#4898,#4899,#4922,#4943));
#4898 = ORIENTED_EDGE('',*,*,#4874,.F.);
#4899 = ORIENTED_EDGE('',*,*,#4900,.T.);
#4900 = EDGE_CURVE('',#4852,#4901,#4903,.T.);
#4901 = VERTEX_POINT('',#4902);
#4902 = CARTESIAN_POINT('',(623.8,250.76398519235,273.74261613756));
#4903 = SURFACE_CURVE('',#4904,(#4908,#4915),.PCURVE_S1.);
#4904 = LINE('',#4905,#4906);
#4905 = CARTESIAN_POINT('',(623.8,250.31196330975,274.10695013683));
#4906 = VECTOR('',#4907,1.);
#4907 = DIRECTION('',(1.561112444871E-16,0.778581158303,-0.627543926698)
  );
#4908 = PCURVE('',#1803,#4909);
#4909 = DEFINITIONAL_REPRESENTATION('',(#4910),#4914);
#4910 = LINE('',#4911,#4912);
#4911 = CARTESIAN_POINT('',(1.212918654403E-14,-0.565685424949));
#4912 = VECTOR('',#4913,1.);
#4913 = DIRECTION('',(1.,1.110223024625E-16));
#4914 = ( GEOMETRIC_REPRESENTATION_CONTEXT(2) 
PARAMETRIC_REPRESENTATION_CONTEXT() REPRESENTATION_CONTEXT('2D SPACE',''
  ) );
#4915 = PCURVE('',#3610,#4916);
#4916 = DEFINITIONAL_REPRESENTATION('',(#4917),#4921);
#4917 = LINE('',#4918,#4919);
#4918 = CARTESIAN_POINT('',(1.857723809397E-15,-11.9));
#4919 = VECTOR('',#4920,1.);
#4920 = DIRECTION('',(1.,0.));
#4921 = ( GEOMETRIC_REPRESENTATION_CONTEXT(2) 
PARAMETRIC_REPRESENTATION_CONTEXT() REPRESENTATION_CONTEXT('2D SPACE',''
  ) );
#4922 = ORIENTED_EDGE('',*,*,#4923,.T.);
#4923 = EDGE_CURVE('',#4901,#1788,#4924,.T.);
#4924 = SURFACE_CURVE('',#4925,(#4929,#4936),.PCURVE_S1.);
#4925 = LINE('',#4926,#4927);
#4926 = CARTESIAN_POINT('',(624.21216275818,250.47413746662,
    273.44685945789));
#4927 = VECTOR('',#4928,1.);
#4928 = DIRECTION('',(0.705441900491,-0.496092202489,-0.506205740447));
#4929 = PCURVE('',#1803,#4930);
#4930 = DEFINITIONAL_REPRESENTATION('',(#4931),#4935);
#4931 = LINE('',#4932,#4933);
#4932 = CARTESIAN_POINT('',(0.540501639543,1.720073757951E-02));
#4933 = VECTOR('',#4934,1.);
#4934 = DIRECTION('',(-6.858170356254E-02,0.99764550314));
#4935 = ( GEOMETRIC_REPRESENTATION_CONTEXT(2) 
PARAMETRIC_REPRESENTATION_CONTEXT() REPRESENTATION_CONTEXT('2D SPACE',''
  ) );
#4936 = PCURVE('',#1831,#4937);
#4937 = DEFINITIONAL_REPRESENTATION('',(#4938),#4942);
#4938 = LINE('',#4939,#4940);
#4939 = CARTESIAN_POINT('',(4.006966992128E-02,1.72007375795E-02));
#4940 = VECTOR('',#4941,1.);
#4941 = DIRECTION('',(6.858170356256E-02,0.99764550314));
#4942 = ( GEOMETRIC_REPRESENTATION_CONTEXT(2) 
PARAMETRIC_REPRESENTATION_CONTEXT() REPRESENTATION_CONTEXT('2D SPACE',''
  ) );
#4943 = ORIENTED_EDGE('',*,*,#1787,.F.);
#4944 = ADVANCED_FACE('',(#4945),#1831,.F.);
#4945 = FACE_BOUND('',#4946,.F.);
#4946 = EDGE_LOOP('',(#4947,#4948,#4971,#4992));
#4947 = ORIENTED_EDGE('',*,*,#4923,.F.);
#4948 = ORIENTED_EDGE('',*,*,#4949,.T.);
#4949 = EDGE_CURVE('',#4901,#4950,#4952,.T.);
#4950 = VERTEX_POINT('',#4951);
#4951 = CARTESIAN_POINT('',(623.8,251.13736619986,273.29803805825));
#4952 = SURFACE_CURVE('',#4953,(#4957,#4964),.PCURVE_S1.);
#4953 = LINE('',#4954,#4955);
#4954 = CARTESIAN_POINT('',(623.8,250.76398519235,273.74261613756));
#4955 = VECTOR('',#4956,1.);
#4956 = DIRECTION('',(1.56417824406E-16,0.643126867314,-0.765759644105)
  );
#4957 = PCURVE('',#1831,#4958);
#4958 = DEFINITIONAL_REPRESENTATION('',(#4959),#4963);
#4959 = LINE('',#4960,#4961);
#4960 = CARTESIAN_POINT('',(1.060262988517E-14,-0.565685424949));
#4961 = VECTOR('',#4962,1.);
#4962 = DIRECTION('',(1.,-5.551115123126E-17));
#4963 = ( GEOMETRIC_REPRESENTATION_CONTEXT(2) 
PARAMETRIC_REPRESENTATION_CONTEXT() REPRESENTATION_CONTEXT('2D SPACE',''
  ) );
#4964 = PCURVE('',#3717,#4965);
#4965 = DEFINITIONAL_REPRESENTATION('',(#4966),#4970);
#4966 = LINE('',#4967,#4968);
#4967 = CARTESIAN_POINT('',(1.861372110432E-15,-11.9));
#4968 = VECTOR('',#4969,1.);
#4969 = DIRECTION('',(1.,0.));
#4970 = ( GEOMETRIC_REPRESENTATION_CONTEXT(2) 
PARAMETRIC_REPRESENTATION_CONTEXT() REPRESENTATION_CONTEXT('2D SPACE',''
  ) );
#4971 = ORIENTED_EDGE('',*,*,#4972,.T.);
#4972 = EDGE_CURVE('',#4950,#1816,#4973,.T.);
#4973 = SURFACE_CURVE('',#4974,(#4978,#4985),.PCURVE_S1.);
#4974 = LINE('',#4975,#4976);
#4975 = CARTESIAN_POINT('',(624.21216275818,250.79597871155,
    273.06364885093));
#4976 = VECTOR('',#4977,1.);
#4977 = DIRECTION('',(0.705441900491,-0.584305674824,-0.401171538622));
#4978 = PCURVE('',#1831,#4979);
#4979 = DEFINITIONAL_REPRESENTATION('',(#4980),#4984);
#4980 = LINE('',#4981,#4982);
#4981 = CARTESIAN_POINT('',(0.540501639543,1.720073757951E-02));
#4982 = VECTOR('',#4983,1.);
#4983 = DIRECTION('',(-6.858170356252E-02,0.997645503141));
#4984 = ( GEOMETRIC_REPRESENTATION_CONTEXT(2) 
PARAMETRIC_REPRESENTATION_CONTEXT() REPRESENTATION_CONTEXT('2D SPACE',''
  ) );
#4985 = PCURVE('',#1859,#4986);
#4986 = DEFINITIONAL_REPRESENTATION('',(#4987),#4991);
#4987 = LINE('',#4988,#4989);
#4988 = CARTESIAN_POINT('',(4.006966992133E-02,1.720073757949E-02));
#4989 = VECTOR('',#4990,1.);
#4990 = DIRECTION('',(6.858170356259E-02,0.99764550314));
#4991 = ( GEOMETRIC_REPRESENTATION_CONTEXT(2) 
PARAMETRIC_REPRESENTATION_CONTEXT() REPRESENTATION_CONTEXT('2D SPACE',''
  ) );
#4992 = ORIENTED_EDGE('',*,*,#1815,.F.);
#4993 = ADVANCED_FACE('',(#4994),#1859,.F.);
#4994 = FACE_BOUND('',#4995,.F.);
#4995 = EDGE_LOOP('',(#4996,#4997,#5020,#5041));
#4996 = ORIENTED_EDGE('',*,*,#4972,.F.);
#4997 = ORIENTED_EDGE('',*,*,#4998,.T.);
#4998 = EDGE_CURVE('',#4950,#4999,#5001,.T.);
#4999 = VERTEX_POINT('',#5000);
#5000 = CARTESIAN_POINT('',(623.8,251.41812267233,272.78986599237));
#5001 = SURFACE_CURVE('',#5002,(#5006,#5013),.PCURVE_S1.);
#5002 = LINE('',#5003,#5004);
#5003 = CARTESIAN_POINT('',(623.8,251.13736619986,273.29803805825));
#5004 = VECTOR('',#5005,1.);
#5005 = DIRECTION('',(1.508663300755E-16,0.48358654294,-0.875296552882)
  );
#5006 = PCURVE('',#1859,#5007);
#5007 = DEFINITIONAL_REPRESENTATION('',(#5008),#5012);
#5008 = LINE('',#5009,#5010);
#5009 = CARTESIAN_POINT('',(-4.626854455125E-14,-0.565685424949));
#5010 = VECTOR('',#5011,1.);
#5011 = DIRECTION('',(1.,5.551115123126E-17));
#5012 = ( GEOMETRIC_REPRESENTATION_CONTEXT(2) 
PARAMETRIC_REPRESENTATION_CONTEXT() REPRESENTATION_CONTEXT('2D SPACE',''
  ) );
#5013 = PCURVE('',#3825,#5014);
#5014 = DEFINITIONAL_REPRESENTATION('',(#5015),#5019);
#5015 = LINE('',#5016,#5017);
#5016 = CARTESIAN_POINT('',(1.795309327899E-15,-11.9));
#5017 = VECTOR('',#5018,1.);
#5018 = DIRECTION('',(1.,-1.232595164408E-32));
#5019 = ( GEOMETRIC_REPRESENTATION_CONTEXT(2) 
PARAMETRIC_REPRESENTATION_CONTEXT() REPRESENTATION_CONTEXT('2D SPACE',''
  ) );
#5020 = ORIENTED_EDGE('',*,*,#5021,.T.);
#5021 = EDGE_CURVE('',#4999,#1844,#5022,.T.);
#5022 = SURFACE_CURVE('',#5023,(#5027,#5034),.PCURVE_S1.);
#5023 = LINE('',#5024,#5025);
#5024 = CARTESIAN_POINT('',(624.21216275818,251.03798087771,
    272.62562247297));
#5025 = VECTOR('',#5026,1.);
#5026 = DIRECTION('',(0.705441900491,-0.650636052693,-0.281112881184));
#5027 = PCURVE('',#1859,#5028);
#5028 = DEFINITIONAL_REPRESENTATION('',(#5029),#5033);
#5029 = LINE('',#5030,#5031);
#5030 = CARTESIAN_POINT('',(0.540501639543,1.720073757951E-02));
#5031 = VECTOR('',#5032,1.);
#5032 = DIRECTION('',(-6.858170356253E-02,0.997645503141));
#5033 = ( GEOMETRIC_REPRESENTATION_CONTEXT(2) 
PARAMETRIC_REPRESENTATION_CONTEXT() REPRESENTATION_CONTEXT('2D SPACE',''
  ) );
#5034 = PCURVE('',#1887,#5035);
#5035 = DEFINITIONAL_REPRESENTATION('',(#5036),#5040);
#5036 = LINE('',#5037,#5038);
#5037 = CARTESIAN_POINT('',(4.006966992125E-02,1.720073757951E-02));
#5038 = VECTOR('',#5039,1.);
#5039 = DIRECTION('',(6.858170356253E-02,0.997645503141));
#5040 = ( GEOMETRIC_REPRESENTATION_CONTEXT(2) 
PARAMETRIC_REPRESENTATION_CONTEXT() REPRESENTATION_CONTEXT('2D SPACE',''
  ) );
#5041 = ORIENTED_EDGE('',*,*,#1843,.F.);
#5042 = ADVANCED_FACE('',(#5043),#2391,.F.);
#5043 = FACE_BOUND('',#5044,.F.);
#5044 = EDGE_LOOP('',(#5045,#5066,#5067,#5068));
#5045 = ORIENTED_EDGE('',*,*,#5046,.F.);
#5046 = EDGE_CURVE('',#2668,#2348,#5047,.T.);
#5047 = SURFACE_CURVE('',#5048,(#5052,#5059),.PCURVE_S1.);
#5048 = LINE('',#5049,#5050);
#5049 = CARTESIAN_POINT('',(624.21248012516,163.31128724025,
    229.81056277829));
#5050 = VECTOR('',#5051,1.);
#5051 = DIRECTION('',(0.705398161813,0.654856235736,0.271250334246));
#5052 = PCURVE('',#2391,#5053);
#5053 = DEFINITIONAL_REPRESENTATION('',(#5054),#5058);
#5054 = LINE('',#5055,#5056);
#5055 = CARTESIAN_POINT('',(4.062574638484E-02,1.764956227439E-02));
#5056 = VECTOR('',#5057,1.);
#5057 = DIRECTION('',(6.947565488261E-02,0.997583647309));
#5058 = ( GEOMETRIC_REPRESENTATION_CONTEXT(2) 
PARAMETRIC_REPRESENTATION_CONTEXT() REPRESENTATION_CONTEXT('2D SPACE',''
  ) );
#5059 = PCURVE('',#2363,#5060);
#5060 = DEFINITIONAL_REPRESENTATION('',(#5061),#5065);
#5061 = LINE('',#5062,#5063);
#5062 = CARTESIAN_POINT('',(0.547477095593,1.76495622744E-02));
#5063 = VECTOR('',#5064,1.);
#5064 = DIRECTION('',(-6.947565488247E-02,0.997583647309));
#5065 = ( GEOMETRIC_REPRESENTATION_CONTEXT(2) 
PARAMETRIC_REPRESENTATION_CONTEXT() REPRESENTATION_CONTEXT('2D SPACE',''
  ) );
#5066 = ORIENTED_EDGE('',*,*,#2695,.T.);
#5067 = ORIENTED_EDGE('',*,*,#2768,.T.);
#5068 = ORIENTED_EDGE('',*,*,#2375,.F.);
#5069 = ADVANCED_FACE('',(#5070),#1887,.F.);
#5070 = FACE_BOUND('',#5071,.F.);
#5071 = EDGE_LOOP('',(#5072,#5073,#5096,#5117));
#5072 = ORIENTED_EDGE('',*,*,#5021,.F.);
#5073 = ORIENTED_EDGE('',*,*,#5074,.T.);
#5074 = EDGE_CURVE('',#4999,#5075,#5077,.T.);
#5075 = VERTEX_POINT('',#5076);
#5076 = CARTESIAN_POINT('',(623.8,251.59573987292,272.23713172038));
#5077 = SURFACE_CURVE('',#5078,(#5082,#5089),.PCURVE_S1.);
#5078 = LINE('',#5079,#5080);
#5079 = CARTESIAN_POINT('',(623.8,251.41812267233,272.78986599237));
#5080 = VECTOR('',#5081,1.);
#5081 = DIRECTION('',(1.396646730051E-16,0.305935201581,-0.952052337024)
  );
#5082 = PCURVE('',#1887,#5083);
#5083 = DEFINITIONAL_REPRESENTATION('',(#5084),#5088);
#5084 = LINE('',#5085,#5086);
#5085 = CARTESIAN_POINT('',(-1.194877530253E-14,-0.565685424949));
#5086 = VECTOR('',#5087,1.);
#5087 = DIRECTION('',(1.,5.551115123126E-17));
#5088 = ( GEOMETRIC_REPRESENTATION_CONTEXT(2) 
PARAMETRIC_REPRESENTATION_CONTEXT() REPRESENTATION_CONTEXT('2D SPACE',''
  ) );
#5089 = PCURVE('',#3933,#5090);
#5090 = DEFINITIONAL_REPRESENTATION('',(#5091),#5095);
#5091 = LINE('',#5092,#5093);
#5092 = CARTESIAN_POINT('',(1.662009608761E-15,-11.9));
#5093 = VECTOR('',#5094,1.);
#5094 = DIRECTION('',(1.,-1.232595164408E-32));
#5095 = ( GEOMETRIC_REPRESENTATION_CONTEXT(2) 
PARAMETRIC_REPRESENTATION_CONTEXT() REPRESENTATION_CONTEXT('2D SPACE',''
  ) );
#5096 = ORIENTED_EDGE('',*,*,#5097,.T.);
#5097 = EDGE_CURVE('',#5075,#1872,#5098,.T.);
#5098 = SURFACE_CURVE('',#5099,(#5103,#5110),.PCURVE_S1.);
#5099 = LINE('',#5100,#5101);
#5100 = CARTESIAN_POINT('',(624.21216275818,251.19108063322,
    272.14918504677));
#5101 = VECTOR('',#5102,1.);
#5102 = DIRECTION('',(0.705441900491,-0.692599167302,-0.150526138876));
#5103 = PCURVE('',#1887,#5104);
#5104 = DEFINITIONAL_REPRESENTATION('',(#5105),#5109);
#5105 = LINE('',#5106,#5107);
#5106 = CARTESIAN_POINT('',(0.540501639543,1.720073757951E-02));
#5107 = VECTOR('',#5108,1.);
#5108 = DIRECTION('',(-6.858170356265E-02,0.99764550314));
#5109 = ( GEOMETRIC_REPRESENTATION_CONTEXT(2) 
PARAMETRIC_REPRESENTATION_CONTEXT() REPRESENTATION_CONTEXT('2D SPACE',''
  ) );
#5110 = PCURVE('',#1915,#5111);
#5111 = DEFINITIONAL_REPRESENTATION('',(#5112),#5116);
#5112 = LINE('',#5113,#5114);
#5113 = CARTESIAN_POINT('',(4.006966992125E-02,1.720073757951E-02));
#5114 = VECTOR('',#5115,1.);
#5115 = DIRECTION('',(6.858170356246E-02,0.997645503141));
#5116 = ( GEOMETRIC_REPRESENTATION_CONTEXT(2) 
PARAMETRIC_REPRESENTATION_CONTEXT() REPRESENTATION_CONTEXT('2D SPACE',''
  ) );
#5117 = ORIENTED_EDGE('',*,*,#1871,.F.);
#5118 = ADVANCED_FACE('',(#5119),#2363,.F.);
#5119 = FACE_BOUND('',#5120,.F.);
#5120 = EDGE_LOOP('',(#5121,#5144,#5165,#5166));
#5121 = ORIENTED_EDGE('',*,*,#5122,.F.);
#5122 = EDGE_CURVE('',#5123,#2320,#5125,.T.);
#5123 = VERTEX_POINT('',#5124);
#5124 = CARTESIAN_POINT('',(623.8,163.20559116309,229.13328930094));
#5125 = SURFACE_CURVE('',#5126,(#5130,#5137),.PCURVE_S1.);
#5126 = LINE('',#5127,#5128);
#5127 = CARTESIAN_POINT('',(624.21248012516,163.55021531232,
    229.36355979556));
#5128 = VECTOR('',#5129,1.);
#5129 = DIRECTION('',(0.705398161813,0.589355041735,0.393794449037));
#5130 = PCURVE('',#2363,#5131);
#5131 = DEFINITIONAL_REPRESENTATION('',(#5132),#5136);
#5132 = LINE('',#5133,#5134);
#5133 = CARTESIAN_POINT('',(4.062574638495E-02,1.76495622744E-02));
#5134 = VECTOR('',#5135,1.);
#5135 = DIRECTION('',(6.947565488256E-02,0.997583647309));
#5136 = ( GEOMETRIC_REPRESENTATION_CONTEXT(2) 
PARAMETRIC_REPRESENTATION_CONTEXT() REPRESENTATION_CONTEXT('2D SPACE',''
  ) );
#5137 = PCURVE('',#2335,#5138);
#5138 = DEFINITIONAL_REPRESENTATION('',(#5139),#5143);
#5139 = LINE('',#5140,#5141);
#5140 = CARTESIAN_POINT('',(0.547477095593,1.764956227439E-02));
#5141 = VECTOR('',#5142,1.);
#5142 = DIRECTION('',(-6.947565488253E-02,0.997583647309));
#5143 = ( GEOMETRIC_REPRESENTATION_CONTEXT(2) 
PARAMETRIC_REPRESENTATION_CONTEXT() REPRESENTATION_CONTEXT('2D SPACE',''
  ) );
#5144 = ORIENTED_EDGE('',*,*,#5145,.T.);
#5145 = EDGE_CURVE('',#5123,#2668,#5146,.T.);
#5146 = SURFACE_CURVE('',#5147,(#5151,#5158),.PCURVE_S1.);
#5147 = LINE('',#5148,#5149);
#5148 = CARTESIAN_POINT('',(623.8,163.20559116309,229.13328930094));
#5149 = VECTOR('',#5150,1.);
#5150 = DIRECTION('',(-1.502484804543E-16,-0.471396736826,0.881921264348
    ));
#5151 = PCURVE('',#2363,#5152);
#5152 = DEFINITIONAL_REPRESENTATION('',(#5153),#5157);
#5153 = LINE('',#5154,#5155);
#5154 = CARTESIAN_POINT('',(3.039235529911E-14,-0.565685424949));
#5155 = VECTOR('',#5156,1.);
#5156 = DIRECTION('',(1.,5.551115123126E-17));
#5157 = ( GEOMETRIC_REPRESENTATION_CONTEXT(2) 
PARAMETRIC_REPRESENTATION_CONTEXT() REPRESENTATION_CONTEXT('2D SPACE',''
  ) );
#5158 = PCURVE('',#2683,#5159);
#5159 = DEFINITIONAL_REPRESENTATION('',(#5160),#5164);
#5160 = LINE('',#5161,#5162);
#5161 = CARTESIAN_POINT('',(-1.787956917407E-15,-11.9));
#5162 = VECTOR('',#5163,1.);
#5163 = DIRECTION('',(1.,0.));
#5164 = ( GEOMETRIC_REPRESENTATION_CONTEXT(2) 
PARAMETRIC_REPRESENTATION_CONTEXT() REPRESENTATION_CONTEXT('2D SPACE',''
  ) );
#5165 = ORIENTED_EDGE('',*,*,#5046,.T.);
#5166 = ORIENTED_EDGE('',*,*,#2347,.F.);
#5167 = ADVANCED_FACE('',(#5168),#1915,.F.);
#5168 = FACE_BOUND('',#5169,.F.);
#5169 = EDGE_LOOP('',(#5170,#5171,#5194,#5215));
#5170 = ORIENTED_EDGE('',*,*,#5097,.F.);
#5171 = ORIENTED_EDGE('',*,*,#5172,.T.);
#5172 = EDGE_CURVE('',#5075,#5173,#5175,.T.);
#5173 = VERTEX_POINT('',#5174);
#5174 = CARTESIAN_POINT('',(623.8,251.66356578002,271.66053594196));
#5175 = SURFACE_CURVE('',#5176,(#5180,#5187),.PCURVE_S1.);
#5176 = LINE('',#5177,#5178);
#5177 = CARTESIAN_POINT('',(623.8,251.59573987292,272.23713172038));
#5178 = VECTOR('',#5179,1.);
#5179 = DIRECTION('',(1.232323714887E-16,0.116826143474,-0.993152381159)
  );
#5180 = PCURVE('',#1915,#5181);
#5181 = DEFINITIONAL_REPRESENTATION('',(#5182),#5186);
#5182 = LINE('',#5183,#5184);
#5183 = CARTESIAN_POINT('',(9.436895709314E-15,-0.565685424949));
#5184 = VECTOR('',#5185,1.);
#5185 = DIRECTION('',(1.,0.));
#5186 = ( GEOMETRIC_REPRESENTATION_CONTEXT(2) 
PARAMETRIC_REPRESENTATION_CONTEXT() REPRESENTATION_CONTEXT('2D SPACE',''
  ) );
#5187 = PCURVE('',#4041,#5188);
#5188 = DEFINITIONAL_REPRESENTATION('',(#5189),#5193);
#5189 = LINE('',#5190,#5191);
#5190 = CARTESIAN_POINT('',(1.466465220715E-15,-11.9));
#5191 = VECTOR('',#5192,1.);
#5192 = DIRECTION('',(1.,-1.232595164408E-32));
#5193 = ( GEOMETRIC_REPRESENTATION_CONTEXT(2) 
PARAMETRIC_REPRESENTATION_CONTEXT() REPRESENTATION_CONTEXT('2D SPACE',''
  ) );
#5194 = ORIENTED_EDGE('',*,*,#5195,.T.);
#5195 = EDGE_CURVE('',#5173,#1900,#5196,.T.);
#5196 = SURFACE_CURVE('',#5197,(#5201,#5208),.PCURVE_S1.);
#5197 = LINE('',#5198,#5199);
#5198 = CARTESIAN_POINT('',(624.21216275818,251.2495441703,
    271.65217984453));
#5199 = VECTOR('',#5200,1.);
#5200 = DIRECTION('',(0.705441900491,-0.708623439182,-1.430197448242E-02
    ));
#5201 = PCURVE('',#1915,#5202);
#5202 = DEFINITIONAL_REPRESENTATION('',(#5203),#5207);
#5203 = LINE('',#5204,#5205);
#5204 = CARTESIAN_POINT('',(0.540501639543,1.720073757948E-02));
#5205 = VECTOR('',#5206,1.);
#5206 = DIRECTION('',(-6.858170356246E-02,0.997645503141));
#5207 = ( GEOMETRIC_REPRESENTATION_CONTEXT(2) 
PARAMETRIC_REPRESENTATION_CONTEXT() REPRESENTATION_CONTEXT('2D SPACE',''
  ) );
#5208 = PCURVE('',#1943,#5209);
#5209 = DEFINITIONAL_REPRESENTATION('',(#5210),#5214);
#5210 = LINE('',#5211,#5212);
#5211 = CARTESIAN_POINT('',(4.006966992111E-02,1.720073757949E-02));
#5212 = VECTOR('',#5213,1.);
#5213 = DIRECTION('',(6.858170356265E-02,0.99764550314));
#5214 = ( GEOMETRIC_REPRESENTATION_CONTEXT(2) 
PARAMETRIC_REPRESENTATION_CONTEXT() REPRESENTATION_CONTEXT('2D SPACE',''
  ) );
#5215 = ORIENTED_EDGE('',*,*,#1899,.F.);
#5216 = ADVANCED_FACE('',(#5217),#2335,.F.);
#5217 = FACE_BOUND('',#5218,.F.);
#5218 = EDGE_LOOP('',(#5219,#5242,#5263,#5264));
#5219 = ORIENTED_EDGE('',*,*,#5220,.F.);
#5220 = EDGE_CURVE('',#5221,#2292,#5223,.T.);
#5221 = VERTEX_POINT('',#5222);
#5222 = CARTESIAN_POINT('',(623.8,163.57867965644,228.67867965644));
#5223 = SURFACE_CURVE('',#5224,(#5228,#5235),.PCURVE_S1.);
#5224 = LINE('',#5225,#5226);
#5225 = CARTESIAN_POINT('',(624.21248012516,163.87175840433,
    228.97175840433));
#5226 = VECTOR('',#5227,1.);
#5227 = DIRECTION('',(0.705398161813,0.501205263994,0.501205263994));
#5228 = PCURVE('',#2335,#5229);
#5229 = DEFINITIONAL_REPRESENTATION('',(#5230),#5234);
#5230 = LINE('',#5231,#5232);
#5231 = CARTESIAN_POINT('',(4.062574638484E-02,1.764956227439E-02));
#5232 = VECTOR('',#5233,1.);
#5233 = DIRECTION('',(6.947565488249E-02,0.997583647309));
#5234 = ( GEOMETRIC_REPRESENTATION_CONTEXT(2) 
PARAMETRIC_REPRESENTATION_CONTEXT() REPRESENTATION_CONTEXT('2D SPACE',''
  ) );
#5235 = PCURVE('',#2307,#5236);
#5236 = DEFINITIONAL_REPRESENTATION('',(#5237),#5241);
#5237 = LINE('',#5238,#5239);
#5238 = CARTESIAN_POINT('',(0.547477095592,1.764956227439E-02));
#5239 = VECTOR('',#5240,1.);
#5240 = DIRECTION('',(-6.947565488257E-02,0.997583647309));
#5241 = ( GEOMETRIC_REPRESENTATION_CONTEXT(2) 
PARAMETRIC_REPRESENTATION_CONTEXT() REPRESENTATION_CONTEXT('2D SPACE',''
  ) );
#5242 = ORIENTED_EDGE('',*,*,#5243,.T.);
#5243 = EDGE_CURVE('',#5221,#5123,#5244,.T.);
#5244 = SURFACE_CURVE('',#5245,(#5249,#5256),.PCURVE_S1.);
#5245 = LINE('',#5246,#5247);
#5246 = CARTESIAN_POINT('',(623.8,163.57867965644,228.67867965644));
#5247 = VECTOR('',#5248,1.);
#5248 = DIRECTION('',(-1.562532034345E-16,-0.634393284164,0.773010453363
    ));
#5249 = PCURVE('',#2335,#5250);
#5250 = DEFINITIONAL_REPRESENTATION('',(#5251),#5255);
#5251 = LINE('',#5252,#5253);
#5252 = CARTESIAN_POINT('',(-2.581268532253E-15,-0.565685424949));
#5253 = VECTOR('',#5254,1.);
#5254 = DIRECTION('',(1.,0.));
#5255 = ( GEOMETRIC_REPRESENTATION_CONTEXT(2) 
PARAMETRIC_REPRESENTATION_CONTEXT() REPRESENTATION_CONTEXT('2D SPACE',''
  ) );
#5256 = PCURVE('',#3252,#5257);
#5257 = DEFINITIONAL_REPRESENTATION('',(#5258),#5262);
#5258 = LINE('',#5259,#5260);
#5259 = CARTESIAN_POINT('',(-1.859413120871E-15,-11.9));
#5260 = VECTOR('',#5261,1.);
#5261 = DIRECTION('',(1.,0.));
#5262 = ( GEOMETRIC_REPRESENTATION_CONTEXT(2) 
PARAMETRIC_REPRESENTATION_CONTEXT() REPRESENTATION_CONTEXT('2D SPACE',''
  ) );
#5263 = ORIENTED_EDGE('',*,*,#5122,.T.);
#5264 = ORIENTED_EDGE('',*,*,#2319,.F.);
#5265 = ADVANCED_FACE('',(#5266),#1943,.F.);
#5266 = FACE_BOUND('',#5267,.F.);
#5267 = EDGE_LOOP('',(#5268,#5269,#5292,#5313));
#5268 = ORIENTED_EDGE('',*,*,#5195,.F.);
#5269 = ORIENTED_EDGE('',*,*,#5270,.T.);
#5270 = EDGE_CURVE('',#5173,#5271,#5273,.T.);
#5271 = VERTEX_POINT('',#5272);
#5272 = CARTESIAN_POINT('',(623.8,251.61906021509,271.08167300476));
#5273 = SURFACE_CURVE('',#5274,(#5278,#5285),.PCURVE_S1.);
#5274 = LINE('',#5275,#5276);
#5275 = CARTESIAN_POINT('',(623.8,251.66356578002,271.66053594196));
#5276 = VECTOR('',#5277,1.);
#5277 = DIRECTION('',(1.021848390364E-16,-7.665822304366E-02,
    -0.997057429058));
#5278 = PCURVE('',#1943,#5279);
#5279 = DEFINITIONAL_REPRESENTATION('',(#5280),#5284);
#5280 = LINE('',#5281,#5282);
#5281 = CARTESIAN_POINT('',(-1.831174101241E-14,-0.565685424949));
#5282 = VECTOR('',#5283,1.);
#5283 = DIRECTION('',(1.,2.081668171172E-17));
#5284 = ( GEOMETRIC_REPRESENTATION_CONTEXT(2) 
PARAMETRIC_REPRESENTATION_CONTEXT() REPRESENTATION_CONTEXT('2D SPACE',''
  ) );
#5285 = PCURVE('',#4149,#5286);
#5286 = DEFINITIONAL_REPRESENTATION('',(#5287),#5291);
#5287 = LINE('',#5288,#5289);
#5288 = CARTESIAN_POINT('',(1.215999584533E-15,-11.9));
#5289 = VECTOR('',#5290,1.);
#5290 = DIRECTION('',(1.,0.));
#5291 = ( GEOMETRIC_REPRESENTATION_CONTEXT(2) 
PARAMETRIC_REPRESENTATION_CONTEXT() REPRESENTATION_CONTEXT('2D SPACE',''
  ) );
#5292 = ORIENTED_EDGE('',*,*,#5293,.T.);
#5293 = EDGE_CURVE('',#5271,#1928,#5294,.T.);
#5294 = SURFACE_CURVE('',#5295,(#5299,#5306),.PCURVE_S1.);
#5295 = LINE('',#5296,#5297);
#5296 = CARTESIAN_POINT('',(624.21216275818,251.21118194475,
    271.15322043148));
#5297 = VECTOR('',#5298,1.);
#5298 = DIRECTION('',(0.705441900491,-0.698108736125,0.122457819587));
#5299 = PCURVE('',#1943,#5300);
#5300 = DEFINITIONAL_REPRESENTATION('',(#5301),#5305);
#5301 = LINE('',#5302,#5303);
#5302 = CARTESIAN_POINT('',(0.540501639543,1.720073757951E-02));
#5303 = VECTOR('',#5304,1.);
#5304 = DIRECTION('',(-6.858170356257E-02,0.99764550314));
#5305 = ( GEOMETRIC_REPRESENTATION_CONTEXT(2) 
PARAMETRIC_REPRESENTATION_CONTEXT() REPRESENTATION_CONTEXT('2D SPACE',''
  ) );
#5306 = PCURVE('',#1971,#5307);
#5307 = DEFINITIONAL_REPRESENTATION('',(#5308),#5312);
#5308 = LINE('',#5309,#5310);
#5309 = CARTESIAN_POINT('',(4.006966992141E-02,1.720073757951E-02));
#5310 = VECTOR('',#5311,1.);
#5311 = DIRECTION('',(6.85817035625E-02,0.997645503141));
#5312 = ( GEOMETRIC_REPRESENTATION_CONTEXT(2) 
PARAMETRIC_REPRESENTATION_CONTEXT() REPRESENTATION_CONTEXT('2D SPACE',''
  ) );
#5313 = ORIENTED_EDGE('',*,*,#1927,.F.);
#5314 = ADVANCED_FACE('',(#5315),#2307,.F.);
#5315 = FACE_BOUND('',#5316,.F.);
#5316 = EDGE_LOOP('',(#5317,#5340,#5361,#5362));
#5317 = ORIENTED_EDGE('',*,*,#5318,.F.);
#5318 = EDGE_CURVE('',#5319,#2264,#5321,.T.);
#5319 = VERTEX_POINT('',#5320);
#5320 = CARTESIAN_POINT('',(623.8,164.03328930094,228.30559116309));
#5321 = SURFACE_CURVE('',#5322,(#5326,#5333),.PCURVE_S1.);
#5322 = LINE('',#5323,#5324);
#5323 = CARTESIAN_POINT('',(624.21248012516,164.26355979556,
    228.65021531232));
#5324 = VECTOR('',#5325,1.);
#5325 = DIRECTION('',(0.705398161813,0.393794449037,0.589355041735));
#5326 = PCURVE('',#2307,#5327);
#5327 = DEFINITIONAL_REPRESENTATION('',(#5328),#5332);
#5328 = LINE('',#5329,#5330);
#5329 = CARTESIAN_POINT('',(4.062574638473E-02,1.764956227439E-02));
#5330 = VECTOR('',#5331,1.);
#5331 = DIRECTION('',(6.947565488254E-02,0.997583647309));
#5332 = ( GEOMETRIC_REPRESENTATION_CONTEXT(2) 
PARAMETRIC_REPRESENTATION_CONTEXT() REPRESENTATION_CONTEXT('2D SPACE',''
  ) );
#5333 = PCURVE('',#2279,#5334);
#5334 = DEFINITIONAL_REPRESENTATION('',(#5335),#5339);
#5335 = LINE('',#5336,#5337);
#5336 = CARTESIAN_POINT('',(0.547477095592,1.764956227439E-02));
#5337 = VECTOR('',#5338,1.);
#5338 = DIRECTION('',(-6.947565488253E-02,0.997583647309));
#5339 = ( GEOMETRIC_REPRESENTATION_CONTEXT(2) 
PARAMETRIC_REPRESENTATION_CONTEXT() REPRESENTATION_CONTEXT('2D SPACE',''
  ) );
#5340 = ORIENTED_EDGE('',*,*,#5341,.T.);
#5341 = EDGE_CURVE('',#5319,#5221,#5342,.T.);
#5342 = SURFACE_CURVE('',#5343,(#5347,#5354),.PCURVE_S1.);
#5343 = LINE('',#5344,#5345);
#5344 = CARTESIAN_POINT('',(623.8,164.03328930094,228.30559116309));
#5345 = VECTOR('',#5346,1.);
#5346 = DIRECTION('',(-1.562532034345E-16,-0.773010453363,0.634393284164
    ));
#5347 = PCURVE('',#2307,#5348);
#5348 = DEFINITIONAL_REPRESENTATION('',(#5349),#5353);
#5349 = LINE('',#5350,#5351);
#5350 = CARTESIAN_POINT('',(1.010302952409E-14,-0.565685424949));
#5351 = VECTOR('',#5352,1.);
#5352 = DIRECTION('',(1.,0.));
#5353 = ( GEOMETRIC_REPRESENTATION_CONTEXT(2) 
PARAMETRIC_REPRESENTATION_CONTEXT() REPRESENTATION_CONTEXT('2D SPACE',''
  ) );
#5354 = PCURVE('',#3360,#5355);
#5355 = DEFINITIONAL_REPRESENTATION('',(#5356),#5360);
#5356 = LINE('',#5357,#5358);
#5357 = CARTESIAN_POINT('',(-1.859413120871E-15,-11.9));
#5358 = VECTOR('',#5359,1.);
#5359 = DIRECTION('',(1.,0.));
#5360 = ( GEOMETRIC_REPRESENTATION_CONTEXT(2) 
PARAMETRIC_REPRESENTATION_CONTEXT() REPRESENTATION_CONTEXT('2D SPACE',''
  ) );
#5361 = ORIENTED_EDGE('',*,*,#5220,.T.);
#5362 = ORIENTED_EDGE('',*,*,#2291,.F.);
#5363 = ADVANCED_FACE('',(#5364),#1971,.F.);
#5364 = FACE_BOUND('',#5365,.F.);
#5365 = EDGE_LOOP('',(#5366,#5367,#5390,#5411));
#5366 = ORIENTED_EDGE('',*,*,#5293,.F.);
#5367 = ORIENTED_EDGE('',*,*,#5368,.T.);
#5368 = EDGE_CURVE('',#5271,#5369,#5371,.T.);
#5369 = VERTEX_POINT('',#5370);
#5370 = CARTESIAN_POINT('',(623.8,251.46388997604,270.52222216484));
#5371 = SURFACE_CURVE('',#5372,(#5376,#5383),.PCURVE_S1.);
#5372 = LINE('',#5373,#5374);
#5373 = CARTESIAN_POINT('',(623.8,251.61906021509,271.08167300476));
#5374 = VECTOR('',#5375,1.);
#5375 = DIRECTION('',(7.731033624672E-17,-0.267271627993,-0.963621231019
    ));
#5376 = PCURVE('',#1971,#5377);
#5377 = DEFINITIONAL_REPRESENTATION('',(#5378),#5382);
#5378 = LINE('',#5379,#5380);
#5379 = CARTESIAN_POINT('',(-1.333655408331E-14,-0.565685424949));
#5380 = VECTOR('',#5381,1.);
#5381 = DIRECTION('',(1.,2.775557561563E-17));
#5382 = ( GEOMETRIC_REPRESENTATION_CONTEXT(2) 
PARAMETRIC_REPRESENTATION_CONTEXT() REPRESENTATION_CONTEXT('2D SPACE',''
  ) );
#5383 = PCURVE('',#4256,#5384);
#5384 = DEFINITIONAL_REPRESENTATION('',(#5385),#5389);
#5385 = LINE('',#5386,#5387);
#5386 = CARTESIAN_POINT('',(9.199930013359E-16,-11.9));
#5387 = VECTOR('',#5388,1.);
#5388 = DIRECTION('',(1.,0.));
#5389 = ( GEOMETRIC_REPRESENTATION_CONTEXT(2) 
PARAMETRIC_REPRESENTATION_CONTEXT() REPRESENTATION_CONTEXT('2D SPACE',''
  ) );
#5390 = ORIENTED_EDGE('',*,*,#5391,.T.);
#5391 = EDGE_CURVE('',#5369,#1956,#5392,.T.);
#5392 = SURFACE_CURVE('',#5393,(#5397,#5404),.PCURVE_S1.);
#5393 = LINE('',#5394,#5395);
#5394 = CARTESIAN_POINT('',(624.21216275818,251.07743067753,
    270.67099356087));
#5395 = VECTOR('',#5396,1.);
#5396 = DIRECTION('',(0.705441900491,-0.661448849001,0.254631390811));
#5397 = PCURVE('',#1971,#5398);
#5398 = DEFINITIONAL_REPRESENTATION('',(#5399),#5403);
#5399 = LINE('',#5400,#5401);
#5400 = CARTESIAN_POINT('',(0.540501639543,1.720073757951E-02));
#5401 = VECTOR('',#5402,1.);
#5402 = DIRECTION('',(-6.858170356253E-02,0.99764550314));
#5403 = ( GEOMETRIC_REPRESENTATION_CONTEXT(2) 
PARAMETRIC_REPRESENTATION_CONTEXT() REPRESENTATION_CONTEXT('2D SPACE',''
  ) );
#5404 = PCURVE('',#1999,#5405);
#5405 = DEFINITIONAL_REPRESENTATION('',(#5406),#5410);
#5406 = LINE('',#5407,#5408);
#5407 = CARTESIAN_POINT('',(4.00696699211E-02,1.720073757952E-02));
#5408 = VECTOR('',#5409,1.);
#5409 = DIRECTION('',(6.858170356259E-02,0.99764550314));
#5410 = ( GEOMETRIC_REPRESENTATION_CONTEXT(2) 
PARAMETRIC_REPRESENTATION_CONTEXT() REPRESENTATION_CONTEXT('2D SPACE',''
  ) );
#5411 = ORIENTED_EDGE('',*,*,#1955,.F.);
#5412 = ADVANCED_FACE('',(#5413),#2279,.F.);
#5413 = FACE_BOUND('',#5414,.F.);
#5414 = EDGE_LOOP('',(#5415,#5438,#5459,#5460));
#5415 = ORIENTED_EDGE('',*,*,#5416,.F.);
#5416 = EDGE_CURVE('',#5417,#2236,#5419,.T.);
#5417 = VERTEX_POINT('',#5418);
#5418 = CARTESIAN_POINT('',(623.8,164.5519497029,228.02836140246));
#5419 = SURFACE_CURVE('',#5420,(#5424,#5431),.PCURVE_S1.);
#5420 = LINE('',#5421,#5422);
#5421 = CARTESIAN_POINT('',(624.21248012516,164.71056277829,
    228.41128724025));
#5422 = VECTOR('',#5423,1.);
#5423 = DIRECTION('',(0.705398161813,0.271250334246,0.654856235736));
#5424 = PCURVE('',#2279,#5425);
#5425 = DEFINITIONAL_REPRESENTATION('',(#5426),#5430);
#5426 = LINE('',#5427,#5428);
#5427 = CARTESIAN_POINT('',(4.062574638488E-02,1.76495622744E-02));
#5428 = VECTOR('',#5429,1.);
#5429 = DIRECTION('',(6.947565488252E-02,0.997583647309));
#5430 = ( GEOMETRIC_REPRESENTATION_CONTEXT(2) 
PARAMETRIC_REPRESENTATION_CONTEXT() REPRESENTATION_CONTEXT('2D SPACE',''
  ) );
#5431 = PCURVE('',#2251,#5432);
#5432 = DEFINITIONAL_REPRESENTATION('',(#5433),#5437);
#5433 = LINE('',#5434,#5435);
#5434 = CARTESIAN_POINT('',(0.547477095593,1.764956227439E-02));
#5435 = VECTOR('',#5436,1.);
#5436 = DIRECTION('',(-6.947565488257E-02,0.997583647309));
#5437 = ( GEOMETRIC_REPRESENTATION_CONTEXT(2) 
PARAMETRIC_REPRESENTATION_CONTEXT() REPRESENTATION_CONTEXT('2D SPACE',''
  ) );
#5438 = ORIENTED_EDGE('',*,*,#5439,.T.);
#5439 = EDGE_CURVE('',#5417,#5319,#5440,.T.);
#5440 = SURFACE_CURVE('',#5441,(#5445,#5452),.PCURVE_S1.);
#5441 = LINE('',#5442,#5443);
#5442 = CARTESIAN_POINT('',(623.8,164.5519497029,228.02836140246));
#5443 = VECTOR('',#5444,1.);
#5444 = DIRECTION('',(-1.502484804543E-16,-0.881921264348,0.471396736826
    ));
#5445 = PCURVE('',#2279,#5446);
#5446 = DEFINITIONAL_REPRESENTATION('',(#5447),#5451);
#5447 = LINE('',#5448,#5449);
#5448 = CARTESIAN_POINT('',(3.691491556879E-15,-0.565685424949));
#5449 = VECTOR('',#5450,1.);
#5450 = DIRECTION('',(1.,5.551115123126E-17));
#5451 = ( GEOMETRIC_REPRESENTATION_CONTEXT(2) 
PARAMETRIC_REPRESENTATION_CONTEXT() REPRESENTATION_CONTEXT('2D SPACE',''
  ) );
#5452 = PCURVE('',#3468,#5453);
#5453 = DEFINITIONAL_REPRESENTATION('',(#5454),#5458);
#5454 = LINE('',#5455,#5456);
#5455 = CARTESIAN_POINT('',(-1.787956917407E-15,-11.9));
#5456 = VECTOR('',#5457,1.);
#5457 = DIRECTION('',(1.,6.162975822039E-33));
#5458 = ( GEOMETRIC_REPRESENTATION_CONTEXT(2) 
PARAMETRIC_REPRESENTATION_CONTEXT() REPRESENTATION_CONTEXT('2D SPACE',''
  ) );
#5459 = ORIENTED_EDGE('',*,*,#5318,.T.);
#5460 = ORIENTED_EDGE('',*,*,#2263,.F.);
#5461 = ADVANCED_FACE('',(#5462),#1999,.F.);
#5462 = FACE_BOUND('',#5463,.F.);
#5463 = EDGE_LOOP('',(#5464,#5465,#5488,#5509));
#5464 = ORIENTED_EDGE('',*,*,#5391,.F.);
#5465 = ORIENTED_EDGE('',*,*,#5466,.T.);
#5466 = EDGE_CURVE('',#5369,#5467,#5469,.T.);
#5467 = VERTEX_POINT('',#5468);
#5468 = CARTESIAN_POINT('',(623.8,251.20386641325,270.00313566707));
#5469 = SURFACE_CURVE('',#5470,(#5474,#5481),.PCURVE_S1.);
#5470 = LINE('',#5471,#5472);
#5471 = CARTESIAN_POINT('',(623.8,251.46388997604,270.52222216484));
#5472 = VECTOR('',#5473,1.);
#5473 = DIRECTION('',(4.954044930436E-17,-0.447875323068,-0.894096021122
    ));
#5474 = PCURVE('',#1999,#5475);
#5475 = DEFINITIONAL_REPRESENTATION('',(#5476),#5480);
#5476 = LINE('',#5477,#5478);
#5477 = CARTESIAN_POINT('',(4.196643033083E-14,-0.565685424949));
#5478 = VECTOR('',#5479,1.);
#5479 = DIRECTION('',(1.,0.));
#5480 = ( GEOMETRIC_REPRESENTATION_CONTEXT(2) 
PARAMETRIC_REPRESENTATION_CONTEXT() REPRESENTATION_CONTEXT('2D SPACE',''
  ) );
#5481 = PCURVE('',#4364,#5482);
#5482 = DEFINITIONAL_REPRESENTATION('',(#5483),#5487);
#5483 = LINE('',#5484,#5485);
#5484 = CARTESIAN_POINT('',(6.414238827045E-14,-11.9));
#5485 = VECTOR('',#5486,1.);
#5486 = DIRECTION('',(1.,0.));
#5487 = ( GEOMETRIC_REPRESENTATION_CONTEXT(2) 
PARAMETRIC_REPRESENTATION_CONTEXT() REPRESENTATION_CONTEXT('2D SPACE',''
  ) );
#5488 = ORIENTED_EDGE('',*,*,#5489,.T.);
#5489 = EDGE_CURVE('',#5467,#1984,#5490,.T.);
#5490 = SURFACE_CURVE('',#5491,(#5495,#5502),.PCURVE_S1.);
#5491 = LINE('',#5492,#5493);
#5492 = CARTESIAN_POINT('',(624.21216275818,250.85329954746,
    270.22355932799));
#5493 = VECTOR('',#5494,1.);
#5494 = DIRECTION('',(0.705441900491,-0.600016743722,0.377268647365));
#5495 = PCURVE('',#1999,#5496);
#5496 = DEFINITIONAL_REPRESENTATION('',(#5497),#5501);
#5497 = LINE('',#5498,#5499);
#5498 = CARTESIAN_POINT('',(0.540501639543,1.720073757952E-02));
#5499 = VECTOR('',#5500,1.);
#5500 = DIRECTION('',(-6.858170356256E-02,0.99764550314));
#5501 = ( GEOMETRIC_REPRESENTATION_CONTEXT(2) 
PARAMETRIC_REPRESENTATION_CONTEXT() REPRESENTATION_CONTEXT('2D SPACE',''
  ) );
#5502 = PCURVE('',#2027,#5503);
#5503 = DEFINITIONAL_REPRESENTATION('',(#5504),#5508);
#5504 = LINE('',#5505,#5506);
#5505 = CARTESIAN_POINT('',(4.006966992114E-02,1.720073757952E-02));
#5506 = VECTOR('',#5507,1.);
#5507 = DIRECTION('',(6.858170356253E-02,0.99764550314));
#5508 = ( GEOMETRIC_REPRESENTATION_CONTEXT(2) 
PARAMETRIC_REPRESENTATION_CONTEXT() REPRESENTATION_CONTEXT('2D SPACE',''
  ) );
#5509 = ORIENTED_EDGE('',*,*,#1983,.F.);
#5510 = ADVANCED_FACE('',(#5511),#2251,.F.);
#5511 = FACE_BOUND('',#5512,.F.);
#5512 = EDGE_LOOP('',(#5513,#5536,#5557,#5558));
#5513 = ORIENTED_EDGE('',*,*,#5514,.F.);
#5514 = EDGE_CURVE('',#5515,#2208,#5517,.T.);
#5515 = VERTEX_POINT('',#5516);
#5516 = CARTESIAN_POINT('',(623.8,165.11472903395,227.85764415879));
#5517 = SURFACE_CURVE('',#5518,(#5522,#5529),.PCURVE_S1.);
#5518 = LINE('',#5519,#5520);
#5519 = CARTESIAN_POINT('',(624.21248012516,165.19558927857,
    228.26415605993));
#5520 = VECTOR('',#5521,1.);
#5521 = DIRECTION('',(0.705398161813,0.138282221229,0.695191671845));
#5522 = PCURVE('',#2251,#5523);
#5523 = DEFINITIONAL_REPRESENTATION('',(#5524),#5528);
#5524 = LINE('',#5525,#5526);
#5525 = CARTESIAN_POINT('',(4.062574638489E-02,1.764956227439E-02));
#5526 = VECTOR('',#5527,1.);
#5527 = DIRECTION('',(6.947565488252E-02,0.997583647309));
#5528 = ( GEOMETRIC_REPRESENTATION_CONTEXT(2) 
PARAMETRIC_REPRESENTATION_CONTEXT() REPRESENTATION_CONTEXT('2D SPACE',''
  ) );
#5529 = PCURVE('',#2223,#5530);
#5530 = DEFINITIONAL_REPRESENTATION('',(#5531),#5535);
#5531 = LINE('',#5532,#5533);
#5532 = CARTESIAN_POINT('',(0.547477095593,1.76495622744E-02));
#5533 = VECTOR('',#5534,1.);
#5534 = DIRECTION('',(-6.947565488255E-02,0.997583647309));
#5535 = ( GEOMETRIC_REPRESENTATION_CONTEXT(2) 
PARAMETRIC_REPRESENTATION_CONTEXT() REPRESENTATION_CONTEXT('2D SPACE',''
  ) );
#5536 = ORIENTED_EDGE('',*,*,#5537,.T.);
#5537 = EDGE_CURVE('',#5515,#5417,#5538,.T.);
#5538 = SURFACE_CURVE('',#5539,(#5543,#5550),.PCURVE_S1.);
#5539 = LINE('',#5540,#5541);
#5540 = CARTESIAN_POINT('',(623.8,165.11472903395,227.85764415879));
#5541 = VECTOR('',#5542,1.);
#5542 = DIRECTION('',(-1.384697926306E-16,-0.956940335732,0.290284677254
    ));
#5543 = PCURVE('',#2251,#5544);
#5544 = DEFINITIONAL_REPRESENTATION('',(#5545),#5549);
#5545 = LINE('',#5546,#5547);
#5546 = CARTESIAN_POINT('',(5.800915303666E-15,-0.565685424949));
#5547 = VECTOR('',#5548,1.);
#5548 = DIRECTION('',(1.,2.775557561563E-17));
#5549 = ( GEOMETRIC_REPRESENTATION_CONTEXT(2) 
PARAMETRIC_REPRESENTATION_CONTEXT() REPRESENTATION_CONTEXT('2D SPACE',''
  ) );
#5550 = PCURVE('',#3576,#5551);
#5551 = DEFINITIONAL_REPRESENTATION('',(#5552),#5556);
#5552 = LINE('',#5553,#5554);
#5553 = CARTESIAN_POINT('',(-1.647790532304E-15,-11.9));
#5554 = VECTOR('',#5555,1.);
#5555 = DIRECTION('',(1.,-1.232595164408E-32));
#5556 = ( GEOMETRIC_REPRESENTATION_CONTEXT(2) 
PARAMETRIC_REPRESENTATION_CONTEXT() REPRESENTATION_CONTEXT('2D SPACE',''
  ) );
#5557 = ORIENTED_EDGE('',*,*,#5416,.T.);
#5558 = ORIENTED_EDGE('',*,*,#2235,.F.);
#5559 = ADVANCED_FACE('',(#5560),#2027,.F.);
#5560 = FACE_BOUND('',#5561,.F.);
#5561 = EDGE_LOOP('',(#5562,#5563,#5586,#5607));
#5562 = ORIENTED_EDGE('',*,*,#5489,.F.);
#5563 = ORIENTED_EDGE('',*,*,#5564,.T.);
#5564 = EDGE_CURVE('',#5467,#5565,#5567,.T.);
#5565 = VERTEX_POINT('',#5566);
#5566 = CARTESIAN_POINT('',(623.8,250.84872778604,269.5438540532));
#5567 = SURFACE_CURVE('',#5568,(#5572,#5579),.PCURVE_S1.);
#5568 = LINE('',#5569,#5570);
#5569 = CARTESIAN_POINT('',(623.8,251.20386641325,270.00313566707));
#5570 = VECTOR('',#5571,1.);
#5571 = DIRECTION('',(1.991520072738E-17,-0.611705438105,-0.791085619255
    ));
#5572 = PCURVE('',#2027,#5573);
#5573 = DEFINITIONAL_REPRESENTATION('',(#5574),#5578);
#5574 = LINE('',#5575,#5576);
#5575 = CARTESIAN_POINT('',(2.928213227449E-14,-0.565685424949));
#5576 = VECTOR('',#5577,1.);
#5577 = DIRECTION('',(1.,5.551115123126E-17));
#5578 = ( GEOMETRIC_REPRESENTATION_CONTEXT(2) 
PARAMETRIC_REPRESENTATION_CONTEXT() REPRESENTATION_CONTEXT('2D SPACE',''
  ) );
#5579 = PCURVE('',#4416,#5580);
#5580 = DEFINITIONAL_REPRESENTATION('',(#5581),#5585);
#5581 = LINE('',#5582,#5583);
#5582 = CARTESIAN_POINT('',(2.369908886559E-16,-11.9));
#5583 = VECTOR('',#5584,1.);
#5584 = DIRECTION('',(1.,0.));
#5585 = ( GEOMETRIC_REPRESENTATION_CONTEXT(2) 
PARAMETRIC_REPRESENTATION_CONTEXT() REPRESENTATION_CONTEXT('2D SPACE',''
  ) );
#5586 = ORIENTED_EDGE('',*,*,#5587,.T.);
#5587 = EDGE_CURVE('',#5565,#2012,#5588,.T.);
#5588 = SURFACE_CURVE('',#5589,(#5593,#5600),.PCURVE_S1.);
#5589 = LINE('',#5590,#5591);
#5590 = CARTESIAN_POINT('',(624.21216275818,250.54718259024,
    269.82767479341));
#5591 = VECTOR('',#5592,1.);
#5592 = DIRECTION('',(0.705441900491,-0.516113141675,0.48577664623));
#5593 = PCURVE('',#2027,#5594);
#5594 = DEFINITIONAL_REPRESENTATION('',(#5595),#5599);
#5595 = LINE('',#5596,#5597);
#5596 = CARTESIAN_POINT('',(0.540501639543,1.72007375795E-02));
#5597 = VECTOR('',#5598,1.);
#5598 = DIRECTION('',(-6.858170356255E-02,0.99764550314));
#5599 = ( GEOMETRIC_REPRESENTATION_CONTEXT(2) 
PARAMETRIC_REPRESENTATION_CONTEXT() REPRESENTATION_CONTEXT('2D SPACE',''
  ) );
#5600 = PCURVE('',#2055,#5601);
#5601 = DEFINITIONAL_REPRESENTATION('',(#5602),#5606);
#5602 = LINE('',#5603,#5604);
#5603 = CARTESIAN_POINT('',(4.006966992124E-02,1.720073757949E-02));
#5604 = VECTOR('',#5605,1.);
#5605 = DIRECTION('',(6.858170356256E-02,0.99764550314));
#5606 = ( GEOMETRIC_REPRESENTATION_CONTEXT(2) 
PARAMETRIC_REPRESENTATION_CONTEXT() REPRESENTATION_CONTEXT('2D SPACE',''
  ) );
#5607 = ORIENTED_EDGE('',*,*,#2011,.F.);
#5608 = ADVANCED_FACE('',(#5609),#2223,.F.);
#5609 = FACE_BOUND('',#5610,.F.);
#5610 = EDGE_LOOP('',(#5611,#5633,#5654,#5655));
#5611 = ORIENTED_EDGE('',*,*,#5612,.F.);
#5612 = EDGE_CURVE('',#5613,#2180,#5615,.T.);
#5613 = VERTEX_POINT('',#5614);
#5614 = CARTESIAN_POINT('',(623.8,165.7,227.8));
#5615 = SURFACE_CURVE('',#5616,(#5620,#5626),.PCURVE_S1.);
#5616 = LINE('',#5617,#5618);
#5617 = CARTESIAN_POINT('',(624.2,165.7,228.2));
#5618 = VECTOR('',#5619,1.);
#5619 = DIRECTION('',(0.707106781187,-7.850462293419E-17,0.707106781187)
  );
#5620 = PCURVE('',#2223,#5621);
#5621 = DEFINITIONAL_REPRESENTATION('',(#5622),#5625);
#5622 = B_SPLINE_CURVE_WITH_KNOTS('',1,(#5623,#5624),.UNSPECIFIED.,.F.,
  .F.,(2,2),(-0.565685424949,0.565685424949),.PIECEWISE_BEZIER_KNOTS.);
#5623 = CARTESIAN_POINT('',(2.84217094304E-14,-0.565685424949));
#5624 = CARTESIAN_POINT('',(7.841371226365E-02,0.562961495011));
#5625 = ( GEOMETRIC_REPRESENTATION_CONTEXT(2) 
PARAMETRIC_REPRESENTATION_CONTEXT() REPRESENTATION_CONTEXT('2D SPACE',''
  ) );
#5626 = PCURVE('',#2195,#5627);
#5627 = DEFINITIONAL_REPRESENTATION('',(#5628),#5632);
#5628 = LINE('',#5629,#5630);
#5629 = CARTESIAN_POINT('',(26.035971480716,2.043944123819E-15));
#5630 = VECTOR('',#5631,1.);
#5631 = DIRECTION('',(1.001483571081E-32,1.));
#5632 = ( GEOMETRIC_REPRESENTATION_CONTEXT(2) 
PARAMETRIC_REPRESENTATION_CONTEXT() REPRESENTATION_CONTEXT('2D SPACE',''
  ) );
#5633 = ORIENTED_EDGE('',*,*,#5634,.T.);
#5634 = EDGE_CURVE('',#5613,#5515,#5635,.T.);
#5635 = SURFACE_CURVE('',#5636,(#5640,#5647),.PCURVE_S1.);
#5636 = LINE('',#5637,#5638);
#5637 = CARTESIAN_POINT('',(623.8,165.7,227.8));
#5638 = VECTOR('',#5639,1.);
#5639 = DIRECTION('',(-1.213697883309E-16,-0.995184726672,
    9.801714032956E-02));
#5640 = PCURVE('',#2223,#5641);
#5641 = DEFINITIONAL_REPRESENTATION('',(#5642),#5646);
#5642 = LINE('',#5643,#5644);
#5643 = CARTESIAN_POINT('',(1.88252191613E-14,-0.565685424949));
#5644 = VECTOR('',#5645,1.);
#5645 = DIRECTION('',(1.,4.163336342344E-17));
#5646 = ( GEOMETRIC_REPRESENTATION_CONTEXT(2) 
PARAMETRIC_REPRESENTATION_CONTEXT() REPRESENTATION_CONTEXT('2D SPACE',''
  ) );
#5647 = PCURVE('',#3683,#5648);
#5648 = DEFINITIONAL_REPRESENTATION('',(#5649),#5653);
#5649 = LINE('',#5650,#5651);
#5650 = CARTESIAN_POINT('',(-1.444300481137E-15,-11.9));
#5651 = VECTOR('',#5652,1.);
#5652 = DIRECTION('',(1.,-4.622231866529E-33));
#5653 = ( GEOMETRIC_REPRESENTATION_CONTEXT(2) 
PARAMETRIC_REPRESENTATION_CONTEXT() REPRESENTATION_CONTEXT('2D SPACE',''
  ) );
#5654 = ORIENTED_EDGE('',*,*,#5514,.T.);
#5655 = ORIENTED_EDGE('',*,*,#2207,.F.);
#5656 = ADVANCED_FACE('',(#5657),#2055,.F.);
#5657 = FACE_BOUND('',#5658,.F.);
#5658 = EDGE_LOOP('',(#5659,#5660,#5683,#5703));
#5659 = ORIENTED_EDGE('',*,*,#5587,.F.);
#5660 = ORIENTED_EDGE('',*,*,#5661,.T.);
#5661 = EDGE_CURVE('',#5565,#5662,#5664,.T.);
#5662 = VERTEX_POINT('',#5663);
#5663 = CARTESIAN_POINT('',(623.8,250.41177455078,269.16157808539));
#5664 = SURFACE_CURVE('',#5665,(#5669,#5676),.PCURVE_S1.);
#5665 = LINE('',#5666,#5667);
#5666 = CARTESIAN_POINT('',(623.8,250.84872778604,269.5438540532));
#5667 = VECTOR('',#5668,1.);
#5668 = DIRECTION('',(-1.045590098364E-17,-0.752626297827,-0.65844791428
    ));
#5669 = PCURVE('',#2055,#5670);
#5670 = DEFINITIONAL_REPRESENTATION('',(#5671),#5675);
#5671 = LINE('',#5672,#5673);
#5672 = CARTESIAN_POINT('',(1.956768080902E-14,-0.565685424949));
#5673 = VECTOR('',#5674,1.);
#5674 = DIRECTION('',(1.,0.));
#5675 = ( GEOMETRIC_REPRESENTATION_CONTEXT(2) 
PARAMETRIC_REPRESENTATION_CONTEXT() REPRESENTATION_CONTEXT('2D SPACE',''
  ) );
#5676 = PCURVE('',#4330,#5677);
#5677 = DEFINITIONAL_REPRESENTATION('',(#5678),#5682);
#5678 = LINE('',#5679,#5680);
#5679 = CARTESIAN_POINT('',(-1.244252217053E-16,-11.9));
#5680 = VECTOR('',#5681,1.);
#5681 = DIRECTION('',(1.,0.));
#5682 = ( GEOMETRIC_REPRESENTATION_CONTEXT(2) 
PARAMETRIC_REPRESENTATION_CONTEXT() REPRESENTATION_CONTEXT('2D SPACE',''
  ) );
#5683 = ORIENTED_EDGE('',*,*,#5684,.T.);
#5684 = EDGE_CURVE('',#5662,#2040,#5685,.T.);
#5685 = SURFACE_CURVE('',#5686,(#5690,#5697),.PCURVE_S1.);
#5686 = LINE('',#5687,#5688);
#5687 = CARTESIAN_POINT('',(624.2,250.14839538506,269.46262860452));
#5688 = VECTOR('',#5689,1.);
#5689 = DIRECTION('',(0.707106781187,-0.465592985245,0.532187158893));
#5690 = PCURVE('',#2055,#5691);
#5691 = DEFINITIONAL_REPRESENTATION('',(#5692),#5696);
#5692 = LINE('',#5693,#5694);
#5693 = CARTESIAN_POINT('',(0.580571309464,-5.689893001204E-15));
#5694 = VECTOR('',#5695,1.);
#5695 = DIRECTION('',(-5.551115123126E-17,1.));
#5696 = ( GEOMETRIC_REPRESENTATION_CONTEXT(2) 
PARAMETRIC_REPRESENTATION_CONTEXT() REPRESENTATION_CONTEXT('2D SPACE',''
  ) );
#5697 = PCURVE('',#2083,#5698);
#5698 = DEFINITIONAL_REPRESENTATION('',(#5699),#5702);
#5699 = B_SPLINE_CURVE_WITH_KNOTS('',1,(#5700,#5701),.UNSPECIFIED.,.F.,
  .F.,(2,2),(-0.565685424949,0.565685424949),.PIECEWISE_BEZIER_KNOTS.);
#5700 = CARTESIAN_POINT('',(0.,-0.565685424949));
#5701 = CARTESIAN_POINT('',(7.740950792856E-02,0.563030979646));
#5702 = ( GEOMETRIC_REPRESENTATION_CONTEXT(2) 
PARAMETRIC_REPRESENTATION_CONTEXT() REPRESENTATION_CONTEXT('2D SPACE',''
  ) );
#5703 = ORIENTED_EDGE('',*,*,#2039,.F.);
#5704 = ADVANCED_FACE('',(#5705),#2195,.F.);
#5705 = FACE_BOUND('',#5706,.F.);
#5706 = EDGE_LOOP('',(#5707,#5730,#5751,#5752));
#5707 = ORIENTED_EDGE('',*,*,#5708,.F.);
#5708 = EDGE_CURVE('',#5709,#2152,#5711,.T.);
#5709 = VERTEX_POINT('',#5710);
#5710 = CARTESIAN_POINT('',(623.8,191.73597148071,227.8));
#5711 = SURFACE_CURVE('',#5712,(#5716,#5723),.PCURVE_S1.);
#5712 = LINE('',#5713,#5714);
#5713 = CARTESIAN_POINT('',(624.20750064235,191.71483583631,
    228.20750064235));
#5714 = VECTOR('',#5715,1.);
#5715 = DIRECTION('',(0.706631706866,-3.665053481557E-02,0.706631706866)
  );
#5716 = PCURVE('',#2195,#5717);
#5717 = DEFINITIONAL_REPRESENTATION('',(#5718),#5722);
#5718 = LINE('',#5719,#5720);
#5719 = CARTESIAN_POINT('',(2.113564440268E-02,1.060751014398E-02));
#5720 = VECTOR('',#5721,1.);
#5721 = DIRECTION('',(3.665053481557E-02,0.999328143453));
#5722 = ( GEOMETRIC_REPRESENTATION_CONTEXT(2) 
PARAMETRIC_REPRESENTATION_CONTEXT() REPRESENTATION_CONTEXT('2D SPACE',''
  ) );
#5723 = PCURVE('',#2167,#5724);
#5724 = DEFINITIONAL_REPRESENTATION('',(#5725),#5729);
#5725 = LINE('',#5726,#5727);
#5726 = CARTESIAN_POINT('',(0.599592874135,1.0607510144E-02));
#5727 = VECTOR('',#5728,1.);
#5728 = DIRECTION('',(-3.665053481565E-02,0.999328143453));
#5729 = ( GEOMETRIC_REPRESENTATION_CONTEXT(2) 
PARAMETRIC_REPRESENTATION_CONTEXT() REPRESENTATION_CONTEXT('2D SPACE',''
  ) );
#5730 = ORIENTED_EDGE('',*,*,#5731,.T.);
#5731 = EDGE_CURVE('',#5709,#5613,#5732,.T.);
#5732 = SURFACE_CURVE('',#5733,(#5737,#5744),.PCURVE_S1.);
#5733 = LINE('',#5734,#5735);
#5734 = CARTESIAN_POINT('',(623.8,191.73597148071,227.8));
#5735 = VECTOR('',#5736,1.);
#5736 = DIRECTION('',(-1.110223024625E-16,-1.,0.));
#5737 = PCURVE('',#2195,#5738);
#5738 = DEFINITIONAL_REPRESENTATION('',(#5739),#5743);
#5739 = LINE('',#5740,#5741);
#5740 = CARTESIAN_POINT('',(4.4408920985E-17,-0.565685424949));
#5741 = VECTOR('',#5742,1.);
#5742 = DIRECTION('',(1.,-1.232595164408E-32));
#5743 = ( GEOMETRIC_REPRESENTATION_CONTEXT(2) 
PARAMETRIC_REPRESENTATION_CONTEXT() REPRESENTATION_CONTEXT('2D SPACE',''
  ) );
#5744 = PCURVE('',#3791,#5745);
#5745 = DEFINITIONAL_REPRESENTATION('',(#5746),#5750);
#5746 = LINE('',#5747,#5748);
#5747 = CARTESIAN_POINT('',(-1.321165399304E-15,-11.9));
#5748 = VECTOR('',#5749,1.);
#5749 = DIRECTION('',(1.,0.));
#5750 = ( GEOMETRIC_REPRESENTATION_CONTEXT(2) 
PARAMETRIC_REPRESENTATION_CONTEXT() REPRESENTATION_CONTEXT('2D SPACE',''
  ) );
#5751 = ORIENTED_EDGE('',*,*,#5612,.T.);
#5752 = ORIENTED_EDGE('',*,*,#2179,.F.);
#5753 = ADVANCED_FACE('',(#5754),#2083,.F.);
#5754 = FACE_BOUND('',#5755,.F.);
#5755 = EDGE_LOOP('',(#5756,#5757,#5780,#5801));
#5756 = ORIENTED_EDGE('',*,*,#5684,.F.);
#5757 = ORIENTED_EDGE('',*,*,#5758,.T.);
#5758 = EDGE_CURVE('',#5662,#5759,#5761,.T.);
#5759 = VERTEX_POINT('',#5760);
#5760 = CARTESIAN_POINT('',(623.8,193.48356942257,228.36157808539));
#5761 = SURFACE_CURVE('',#5762,(#5766,#5773),.PCURVE_S1.);
#5762 = LINE('',#5763,#5764);
#5763 = CARTESIAN_POINT('',(623.8,250.41177455078,269.16157808539));
#5764 = VECTOR('',#5765,1.);
#5765 = DIRECTION('',(-2.556562268342E-17,-0.812807304867,
    -0.582532647286));
#5766 = PCURVE('',#2083,#5767);
#5767 = DEFINITIONAL_REPRESENTATION('',(#5768),#5772);
#5768 = LINE('',#5769,#5770);
#5769 = CARTESIAN_POINT('',(2.48689957516E-14,-0.565685424949));
#5770 = VECTOR('',#5771,1.);
#5771 = DIRECTION('',(1.,-1.665334536938E-16));
#5772 = ( GEOMETRIC_REPRESENTATION_CONTEXT(2) 
PARAMETRIC_REPRESENTATION_CONTEXT() REPRESENTATION_CONTEXT('2D SPACE',''
  ) );
#5773 = PCURVE('',#4222,#5774);
#5774 = DEFINITIONAL_REPRESENTATION('',(#5775),#5779);
#5775 = LINE('',#5776,#5777);
#5776 = CARTESIAN_POINT('',(-2.340560395178E-14,-11.9));
#5777 = VECTOR('',#5778,1.);
#5778 = DIRECTION('',(1.,0.));
#5779 = ( GEOMETRIC_REPRESENTATION_CONTEXT(2) 
PARAMETRIC_REPRESENTATION_CONTEXT() REPRESENTATION_CONTEXT('2D SPACE',''
  ) );
#5780 = ORIENTED_EDGE('',*,*,#5781,.T.);
#5781 = EDGE_CURVE('',#5759,#2068,#5782,.T.);
#5782 = SURFACE_CURVE('',#5783,(#5787,#5794),.PCURVE_S1.);
#5783 = LINE('',#5784,#5785);
#5784 = CARTESIAN_POINT('',(625.10641267303,192.77761647501,
    229.46291173271));
#5785 = VECTOR('',#5786,1.);
#5786 = DIRECTION('',(0.706631706866,-0.381846216432,0.595705546262));
#5787 = PCURVE('',#2083,#5788);
#5788 = DEFINITIONAL_REPRESENTATION('',(#5789),#5793);
#5789 = LINE('',#5790,#5791);
#5790 = CARTESIAN_POINT('',(69.971233898017,1.281861095317));
#5791 = VECTOR('',#5792,1.);
#5792 = DIRECTION('',(-3.665053481565E-02,0.999328143453));
#5793 = ( GEOMETRIC_REPRESENTATION_CONTEXT(2) 
PARAMETRIC_REPRESENTATION_CONTEXT() REPRESENTATION_CONTEXT('2D SPACE',''
  ) );
#5794 = PCURVE('',#2111,#5795);
#5795 = DEFINITIONAL_REPRESENTATION('',(#5796),#5800);
#5796 = LINE('',#5797,#5798);
#5797 = CARTESIAN_POINT('',(6.775909245634E-02,1.281861095317));
#5798 = VECTOR('',#5799,1.);
#5799 = DIRECTION('',(3.665053481557E-02,0.999328143453));
#5800 = ( GEOMETRIC_REPRESENTATION_CONTEXT(2) 
PARAMETRIC_REPRESENTATION_CONTEXT() REPRESENTATION_CONTEXT('2D SPACE',''
  ) );
#5801 = ORIENTED_EDGE('',*,*,#2067,.F.);
#5802 = ADVANCED_FACE('',(#5803),#2167,.F.);
#5803 = FACE_BOUND('',#5804,.F.);
#5804 = EDGE_LOOP('',(#5805,#5828,#5849,#5850));
#5805 = ORIENTED_EDGE('',*,*,#5806,.F.);
#5806 = EDGE_CURVE('',#5807,#2124,#5809,.T.);
#5807 = VERTEX_POINT('',#5808);
#5808 = CARTESIAN_POINT('',(623.8,192.3533692699,227.86421731562));
#5809 = SURFACE_CURVE('',#5810,(#5814,#5821),.PCURVE_S1.);
#5810 = LINE('',#5811,#5812);
#5811 = CARTESIAN_POINT('',(624.21390200254,192.26772901095,
    228.27144454209));
#5812 = VECTOR('',#5813,1.);
#5813 = DIRECTION('',(0.705202015387,-0.14591300076,0.693829599905));
#5814 = PCURVE('',#2167,#5815);
#5815 = DEFINITIONAL_REPRESENTATION('',(#5816),#5820);
#5816 = LINE('',#5817,#5818);
#5817 = CARTESIAN_POINT('',(4.305113493905E-02,1.966040054492E-02));
#5818 = VECTOR('',#5819,1.);
#5819 = DIRECTION('',(7.335008513366E-02,0.997306254373));
#5820 = ( GEOMETRIC_REPRESENTATION_CONTEXT(2) 
PARAMETRIC_REPRESENTATION_CONTEXT() REPRESENTATION_CONTEXT('2D SPACE',''
  ) );
#5821 = PCURVE('',#2139,#5822);
#5822 = DEFINITIONAL_REPRESENTATION('',(#5823),#5827);
#5823 = LINE('',#5824,#5825);
#5824 = CARTESIAN_POINT('',(0.577677383598,1.966040054491E-02));
#5825 = VECTOR('',#5826,1.);
#5826 = DIRECTION('',(-7.335008513359E-02,0.997306254373));
#5827 = ( GEOMETRIC_REPRESENTATION_CONTEXT(2) 
PARAMETRIC_REPRESENTATION_CONTEXT() REPRESENTATION_CONTEXT('2D SPACE',''
  ) );
#5828 = ORIENTED_EDGE('',*,*,#5829,.T.);
#5829 = EDGE_CURVE('',#5807,#5709,#5830,.T.);
#5830 = SURFACE_CURVE('',#5831,(#5835,#5842),.PCURVE_S1.);
#5831 = LINE('',#5832,#5833);
#5832 = CARTESIAN_POINT('',(623.8,192.3533692699,227.86421731562));
#5833 = VECTOR('',#5834,1.);
#5834 = DIRECTION('',(-9.894078976419E-17,-0.994634160917,-0.10345475309
    ));
#5835 = PCURVE('',#2167,#5836);
#5836 = DEFINITIONAL_REPRESENTATION('',(#5837),#5841);
#5837 = LINE('',#5838,#5839);
#5838 = CARTESIAN_POINT('',(4.51028103754E-15,-0.565685424949));
#5839 = VECTOR('',#5840,1.);
#5840 = DIRECTION('',(1.,0.));
#5841 = ( GEOMETRIC_REPRESENTATION_CONTEXT(2) 
PARAMETRIC_REPRESENTATION_CONTEXT() REPRESENTATION_CONTEXT('2D SPACE',''
  ) );
#5842 = PCURVE('',#3899,#5843);
#5843 = DEFINITIONAL_REPRESENTATION('',(#5844),#5848);
#5844 = LINE('',#5845,#5846);
#5845 = CARTESIAN_POINT('',(-1.177395398194E-15,-11.9));
#5846 = VECTOR('',#5847,1.);
#5847 = DIRECTION('',(1.,-4.622231866529E-33));
#5848 = ( GEOMETRIC_REPRESENTATION_CONTEXT(2) 
PARAMETRIC_REPRESENTATION_CONTEXT() REPRESENTATION_CONTEXT('2D SPACE',''
  ) );
#5849 = ORIENTED_EDGE('',*,*,#5708,.T.);
#5850 = ORIENTED_EDGE('',*,*,#2151,.F.);
#5851 = ADVANCED_FACE('',(#5852),#2111,.F.);
#5852 = FACE_BOUND('',#5853,.F.);
#5853 = EDGE_LOOP('',(#5854,#5855,#5878,#5899));
#5854 = ORIENTED_EDGE('',*,*,#5781,.F.);
#5855 = ORIENTED_EDGE('',*,*,#5856,.T.);
#5856 = EDGE_CURVE('',#5759,#5857,#5859,.T.);
#5857 = VERTEX_POINT('',#5858);
#5858 = CARTESIAN_POINT('',(623.8,192.94433530664,228.05412002006));
#5859 = SURFACE_CURVE('',#5860,(#5864,#5871),.PCURVE_S1.);
#5860 = LINE('',#5861,#5862);
#5861 = CARTESIAN_POINT('',(623.8,193.48356942257,228.36157808539));
#5862 = VECTOR('',#5863,1.);
#5863 = DIRECTION('',(-4.145501620308E-17,-0.868711682856,
    -0.495318091806));
#5864 = PCURVE('',#2111,#5865);
#5865 = DEFINITIONAL_REPRESENTATION('',(#5866),#5870);
#5866 = LINE('',#5867,#5868);
#5867 = CARTESIAN_POINT('',(-4.246603069191E-15,-0.565685424949));
#5868 = VECTOR('',#5869,1.);
#5869 = DIRECTION('',(1.,-5.551115123126E-17));
#5870 = ( GEOMETRIC_REPRESENTATION_CONTEXT(2) 
PARAMETRIC_REPRESENTATION_CONTEXT() REPRESENTATION_CONTEXT('2D SPACE',''
  ) );
#5871 = PCURVE('',#4115,#5872);
#5872 = DEFINITIONAL_REPRESENTATION('',(#5873),#5877);
#5873 = LINE('',#5874,#5875);
#5874 = CARTESIAN_POINT('',(-4.933146928166E-16,-11.9));
#5875 = VECTOR('',#5876,1.);
#5876 = DIRECTION('',(1.,0.));
#5877 = ( GEOMETRIC_REPRESENTATION_CONTEXT(2) 
PARAMETRIC_REPRESENTATION_CONTEXT() REPRESENTATION_CONTEXT('2D SPACE',''
  ) );
#5878 = ORIENTED_EDGE('',*,*,#5879,.T.);
#5879 = EDGE_CURVE('',#5857,#2096,#5880,.T.);
#5880 = SURFACE_CURVE('',#5881,(#5885,#5892),.PCURVE_S1.);
#5881 = LINE('',#5882,#5883);
#5882 = CARTESIAN_POINT('',(624.21390200254,192.77672118042,
    228.43500553124));
#5883 = VECTOR('',#5884,1.);
#5884 = DIRECTION('',(0.705202015387,-0.285579240705,0.648948853742));
#5885 = PCURVE('',#2111,#5886);
#5886 = DEFINITIONAL_REPRESENTATION('',(#5887),#5891);
#5887 = LINE('',#5888,#5889);
#5888 = CARTESIAN_POINT('',(0.577677383598,1.966040054491E-02));
#5889 = VECTOR('',#5890,1.);
#5890 = DIRECTION('',(-7.335008513362E-02,0.997306254373));
#5891 = ( GEOMETRIC_REPRESENTATION_CONTEXT(2) 
PARAMETRIC_REPRESENTATION_CONTEXT() REPRESENTATION_CONTEXT('2D SPACE',''
  ) );
#5892 = PCURVE('',#2139,#5893);
#5893 = DEFINITIONAL_REPRESENTATION('',(#5894),#5898);
#5894 = LINE('',#5895,#5896);
#5895 = CARTESIAN_POINT('',(4.30511349392E-02,1.966040054491E-02));
#5896 = VECTOR('',#5897,1.);
#5897 = DIRECTION('',(7.335008513365E-02,0.997306254373));
#5898 = ( GEOMETRIC_REPRESENTATION_CONTEXT(2) 
PARAMETRIC_REPRESENTATION_CONTEXT() REPRESENTATION_CONTEXT('2D SPACE',''
  ) );
#5899 = ORIENTED_EDGE('',*,*,#2095,.F.);
#5900 = ADVANCED_FACE('',(#5901),#2139,.F.);
#5901 = FACE_BOUND('',#5902,.F.);
#5902 = EDGE_LOOP('',(#5903,#5904,#5925,#5926));
#5903 = ORIENTED_EDGE('',*,*,#5879,.F.);
#5904 = ORIENTED_EDGE('',*,*,#5905,.T.);
#5905 = EDGE_CURVE('',#5857,#5807,#5906,.T.);
#5906 = SURFACE_CURVE('',#5907,(#5911,#5918),.PCURVE_S1.);
#5907 = LINE('',#5908,#5909);
#5908 = CARTESIAN_POINT('',(623.8,192.94433530664,228.05412002006));
#5909 = VECTOR('',#5910,1.);
#5910 = DIRECTION('',(-7.173341203743E-17,-0.952052337024,
    -0.305935201581));
#5911 = PCURVE('',#2139,#5912);
#5912 = DEFINITIONAL_REPRESENTATION('',(#5913),#5917);
#5913 = LINE('',#5914,#5915);
#5914 = CARTESIAN_POINT('',(-2.346733918301E-14,-0.565685424949));
#5915 = VECTOR('',#5916,1.);
#5916 = DIRECTION('',(1.,5.551115123126E-17));
#5917 = ( GEOMETRIC_REPRESENTATION_CONTEXT(2) 
PARAMETRIC_REPRESENTATION_CONTEXT() REPRESENTATION_CONTEXT('2D SPACE',''
  ) );
#5918 = PCURVE('',#4007,#5919);
#5919 = DEFINITIONAL_REPRESENTATION('',(#5920),#5924);
#5920 = LINE('',#5921,#5922);
#5921 = CARTESIAN_POINT('',(-8.536276032454E-16,-11.9));
#5922 = VECTOR('',#5923,1.);
#5923 = DIRECTION('',(1.,0.));
#5924 = ( GEOMETRIC_REPRESENTATION_CONTEXT(2) 
PARAMETRIC_REPRESENTATION_CONTEXT() REPRESENTATION_CONTEXT('2D SPACE',''
  ) );
#5925 = ORIENTED_EDGE('',*,*,#5806,.T.);
#5926 = ORIENTED_EDGE('',*,*,#2123,.F.);
#5927 = ADVANCED_FACE('',(#5928),#2629,.T.);
#5928 = FACE_BOUND('',#5929,.T.);
#5929 = EDGE_LOOP('',(#5930,#5931,#5932,#5953));
#5930 = ORIENTED_EDGE('',*,*,#2613,.T.);
#5931 = ORIENTED_EDGE('',*,*,#4719,.T.);
#5932 = ORIENTED_EDGE('',*,*,#5933,.F.);
#5933 = EDGE_CURVE('',#2824,#4602,#5934,.T.);
#5934 = SURFACE_CURVE('',#5935,(#5939,#5946),.PCURVE_S1.);
#5935 = LINE('',#5936,#5937);
#5936 = CARTESIAN_POINT('',(611.9,163.57867965644,273.72132034356));
#5937 = VECTOR('',#5938,1.);
#5938 = DIRECTION('',(1.,-1.110223024625E-16,1.110223024625E-16));
#5939 = PCURVE('',#2629,#5940);
#5940 = DEFINITIONAL_REPRESENTATION('',(#5941),#5945);
#5941 = LINE('',#5942,#5943);
#5942 = CARTESIAN_POINT('',(0.588102841977,-9.050665900379E-18));
#5943 = VECTOR('',#5944,1.);
#5944 = DIRECTION('',(0.,-1.));
#5945 = ( GEOMETRIC_REPRESENTATION_CONTEXT(2) 
PARAMETRIC_REPRESENTATION_CONTEXT() REPRESENTATION_CONTEXT('2D SPACE',''
  ) );
#5946 = PCURVE('',#2888,#5947);
#5947 = DEFINITIONAL_REPRESENTATION('',(#5948),#5952);
#5948 = LINE('',#5949,#5950);
#5949 = CARTESIAN_POINT('',(0.,0.));
#5950 = VECTOR('',#5951,1.);
#5951 = DIRECTION('',(0.,-1.));
#5952 = ( GEOMETRIC_REPRESENTATION_CONTEXT(2) 
PARAMETRIC_REPRESENTATION_CONTEXT() REPRESENTATION_CONTEXT('2D SPACE',''
  ) );
#5953 = ORIENTED_EDGE('',*,*,#2823,.F.);
#5954 = ADVANCED_FACE('',(#5955),#2683,.T.);
#5955 = FACE_BOUND('',#5956,.T.);
#5956 = EDGE_LOOP('',(#5957,#5978,#5979,#5980));
#5957 = ORIENTED_EDGE('',*,*,#5958,.T.);
#5958 = EDGE_CURVE('',#3114,#5123,#5959,.T.);
#5959 = SURFACE_CURVE('',#5960,(#5964,#5971),.PCURVE_S1.);
#5960 = LINE('',#5961,#5962);
#5961 = CARTESIAN_POINT('',(611.9,163.20559116309,229.13328930094));
#5962 = VECTOR('',#5963,1.);
#5963 = DIRECTION('',(1.,-1.110223024625E-16,1.110223024625E-16));
#5964 = PCURVE('',#2683,#5965);
#5965 = DEFINITIONAL_REPRESENTATION('',(#5966),#5970);
#5966 = LINE('',#5967,#5968);
#5967 = CARTESIAN_POINT('',(0.,0.));
#5968 = VECTOR('',#5969,1.);
#5969 = DIRECTION('',(0.,-1.));
#5970 = ( GEOMETRIC_REPRESENTATION_CONTEXT(2) 
PARAMETRIC_REPRESENTATION_CONTEXT() REPRESENTATION_CONTEXT('2D SPACE',''
  ) );
#5971 = PCURVE('',#3252,#5972);
#5972 = DEFINITIONAL_REPRESENTATION('',(#5973),#5977);
#5973 = LINE('',#5974,#5975);
#5974 = CARTESIAN_POINT('',(0.588102841977,-9.189295300792E-17));
#5975 = VECTOR('',#5976,1.);
#5976 = DIRECTION('',(0.,-1.));
#5977 = ( GEOMETRIC_REPRESENTATION_CONTEXT(2) 
PARAMETRIC_REPRESENTATION_CONTEXT() REPRESENTATION_CONTEXT('2D SPACE',''
  ) );
#5978 = ORIENTED_EDGE('',*,*,#5145,.T.);
#5979 = ORIENTED_EDGE('',*,*,#2665,.F.);
#5980 = ORIENTED_EDGE('',*,*,#3136,.F.);
#5981 = ADVANCED_FACE('',(#5982),#2888,.T.);
#5982 = FACE_BOUND('',#5983,.T.);
#5983 = EDGE_LOOP('',(#5984,#5985,#5986,#6007));
#5984 = ORIENTED_EDGE('',*,*,#5933,.T.);
#5985 = ORIENTED_EDGE('',*,*,#4624,.T.);
#5986 = ORIENTED_EDGE('',*,*,#5987,.F.);
#5987 = EDGE_CURVE('',#2873,#4505,#5988,.T.);
#5988 = SURFACE_CURVE('',#5989,(#5993,#6000),.PCURVE_S1.);
#5989 = LINE('',#5990,#5991);
#5990 = CARTESIAN_POINT('',(611.9,164.03328930094,274.0944088369));
#5991 = VECTOR('',#5992,1.);
#5992 = DIRECTION('',(1.,-1.110223024625E-16,1.110223024625E-16));
#5993 = PCURVE('',#2888,#5994);
#5994 = DEFINITIONAL_REPRESENTATION('',(#5995),#5999);
#5995 = LINE('',#5996,#5997);
#5996 = CARTESIAN_POINT('',(0.588102841977,9.050665900382E-18));
#5997 = VECTOR('',#5998,1.);
#5998 = DIRECTION('',(0.,-1.));
#5999 = ( GEOMETRIC_REPRESENTATION_CONTEXT(2) 
PARAMETRIC_REPRESENTATION_CONTEXT() REPRESENTATION_CONTEXT('2D SPACE',''
  ) );
#6000 = PCURVE('',#2942,#6001);
#6001 = DEFINITIONAL_REPRESENTATION('',(#6002),#6006);
#6002 = LINE('',#6003,#6004);
#6003 = CARTESIAN_POINT('',(0.,0.));
#6004 = VECTOR('',#6005,1.);
#6005 = DIRECTION('',(0.,-1.));
#6006 = ( GEOMETRIC_REPRESENTATION_CONTEXT(2) 
PARAMETRIC_REPRESENTATION_CONTEXT() REPRESENTATION_CONTEXT('2D SPACE',''
  ) );
#6007 = ORIENTED_EDGE('',*,*,#2872,.F.);
#6008 = ADVANCED_FACE('',(#6009),#2942,.T.);
#6009 = FACE_BOUND('',#6010,.T.);
#6010 = EDGE_LOOP('',(#6011,#6012,#6013,#6034));
#6011 = ORIENTED_EDGE('',*,*,#5987,.T.);
#6012 = ORIENTED_EDGE('',*,*,#4527,.T.);
#6013 = ORIENTED_EDGE('',*,*,#6014,.F.);
#6014 = EDGE_CURVE('',#2927,#4434,#6015,.T.);
#6015 = SURFACE_CURVE('',#6016,(#6020,#6027),.PCURVE_S1.);
#6016 = LINE('',#6017,#6018);
#6017 = CARTESIAN_POINT('',(611.9,164.5519497029,274.37163859753));
#6018 = VECTOR('',#6019,1.);
#6019 = DIRECTION('',(1.,-1.110223024625E-16,1.110223024625E-16));
#6020 = PCURVE('',#2942,#6021);
#6021 = DEFINITIONAL_REPRESENTATION('',(#6022),#6026);
#6022 = LINE('',#6023,#6024);
#6023 = CARTESIAN_POINT('',(0.588102841977,2.680418568627E-17));
#6024 = VECTOR('',#6025,1.);
#6025 = DIRECTION('',(0.,-1.));
#6026 = ( GEOMETRIC_REPRESENTATION_CONTEXT(2) 
PARAMETRIC_REPRESENTATION_CONTEXT() REPRESENTATION_CONTEXT('2D SPACE',''
  ) );
#6027 = PCURVE('',#2996,#6028);
#6028 = DEFINITIONAL_REPRESENTATION('',(#6029),#6033);
#6029 = LINE('',#6030,#6031);
#6030 = CARTESIAN_POINT('',(0.,0.));
#6031 = VECTOR('',#6032,1.);
#6032 = DIRECTION('',(6.162975822039E-33,-1.));
#6033 = ( GEOMETRIC_REPRESENTATION_CONTEXT(2) 
PARAMETRIC_REPRESENTATION_CONTEXT() REPRESENTATION_CONTEXT('2D SPACE',''
  ) );
#6034 = ORIENTED_EDGE('',*,*,#2926,.F.);
#6035 = ADVANCED_FACE('',(#6036),#2996,.T.);
#6036 = FACE_BOUND('',#6037,.T.);
#6037 = EDGE_LOOP('',(#6038,#6039,#6040,#6061));
#6038 = ORIENTED_EDGE('',*,*,#6014,.T.);
#6039 = ORIENTED_EDGE('',*,*,#4456,.T.);
#6040 = ORIENTED_EDGE('',*,*,#6041,.F.);
#6041 = EDGE_CURVE('',#2981,#4457,#6042,.T.);
#6042 = SURFACE_CURVE('',#6043,(#6047,#6054),.PCURVE_S1.);
#6043 = LINE('',#6044,#6045);
#6044 = CARTESIAN_POINT('',(611.9,165.11472903395,274.54235584121));
#6045 = VECTOR('',#6046,1.);
#6046 = DIRECTION('',(1.,-1.110223024625E-16,1.110223024625E-16));
#6047 = PCURVE('',#2996,#6048);
#6048 = DEFINITIONAL_REPRESENTATION('',(#6049),#6053);
#6049 = LINE('',#6050,#6051);
#6050 = CARTESIAN_POINT('',(0.588102841977,4.352763564819E-17));
#6051 = VECTOR('',#6052,1.);
#6052 = DIRECTION('',(6.162975822039E-33,-1.));
#6053 = ( GEOMETRIC_REPRESENTATION_CONTEXT(2) 
PARAMETRIC_REPRESENTATION_CONTEXT() REPRESENTATION_CONTEXT('2D SPACE',''
  ) );
#6054 = PCURVE('',#3077,#6055);
#6055 = DEFINITIONAL_REPRESENTATION('',(#6056),#6060);
#6056 = LINE('',#6057,#6058);
#6057 = CARTESIAN_POINT('',(0.,0.));
#6058 = VECTOR('',#6059,1.);
#6059 = DIRECTION('',(4.622231866529E-33,-1.));
#6060 = ( GEOMETRIC_REPRESENTATION_CONTEXT(2) 
PARAMETRIC_REPRESENTATION_CONTEXT() REPRESENTATION_CONTEXT('2D SPACE',''
  ) );
#6061 = ORIENTED_EDGE('',*,*,#2980,.F.);
#6062 = ADVANCED_FACE('',(#6063),#3077,.T.);
#6063 = FACE_BOUND('',#6064,.T.);
#6064 = EDGE_LOOP('',(#6065,#6066,#6067,#6088));
#6065 = ORIENTED_EDGE('',*,*,#6041,.T.);
#6066 = ORIENTED_EDGE('',*,*,#4554,.T.);
#6067 = ORIENTED_EDGE('',*,*,#6068,.F.);
#6068 = EDGE_CURVE('',#3062,#4555,#6069,.T.);
#6069 = SURFACE_CURVE('',#6070,(#6074,#6081),.PCURVE_S1.);
#6070 = LINE('',#6071,#6072);
#6071 = CARTESIAN_POINT('',(611.9,165.7,274.6));
#6072 = VECTOR('',#6073,1.);
#6073 = DIRECTION('',(1.,-1.110223024625E-16,1.110223024625E-16));
#6074 = PCURVE('',#3077,#6075);
#6075 = DEFINITIONAL_REPRESENTATION('',(#6076),#6080);
#6076 = LINE('',#6077,#6078);
#6077 = CARTESIAN_POINT('',(0.588102841977,5.857834298274E-17));
#6078 = VECTOR('',#6079,1.);
#6079 = DIRECTION('',(4.622231866529E-33,-1.));
#6080 = ( GEOMETRIC_REPRESENTATION_CONTEXT(2) 
PARAMETRIC_REPRESENTATION_CONTEXT() REPRESENTATION_CONTEXT('2D SPACE',''
  ) );
#6081 = PCURVE('',#3179,#6082);
#6082 = DEFINITIONAL_REPRESENTATION('',(#6083),#6087);
#6083 = LINE('',#6084,#6085);
#6084 = CARTESIAN_POINT('',(0.,0.));
#6085 = VECTOR('',#6086,1.);
#6086 = DIRECTION('',(0.,-1.));
#6087 = ( GEOMETRIC_REPRESENTATION_CONTEXT(2) 
PARAMETRIC_REPRESENTATION_CONTEXT() REPRESENTATION_CONTEXT('2D SPACE',''
  ) );
#6088 = ORIENTED_EDGE('',*,*,#3061,.F.);
#6089 = ADVANCED_FACE('',(#6090),#3179,.T.);
#6090 = FACE_BOUND('',#6091,.T.);
#6091 = EDGE_LOOP('',(#6092,#6093,#6094,#6115));
#6092 = ORIENTED_EDGE('',*,*,#6068,.T.);
#6093 = ORIENTED_EDGE('',*,*,#4651,.T.);
#6094 = ORIENTED_EDGE('',*,*,#6095,.F.);
#6095 = EDGE_CURVE('',#3164,#4652,#6096,.T.);
#6096 = SURFACE_CURVE('',#6097,(#6101,#6108),.PCURVE_S1.);
#6097 = LINE('',#6098,#6099);
#6098 = CARTESIAN_POINT('',(611.9,248.66417660892,274.6));
#6099 = VECTOR('',#6100,1.);
#6100 = DIRECTION('',(1.,-1.110223024625E-16,1.110223024625E-16));
#6101 = PCURVE('',#3179,#6102);
#6102 = DEFINITIONAL_REPRESENTATION('',(#6103),#6107);
#6103 = LINE('',#6104,#6105);
#6104 = CARTESIAN_POINT('',(82.964176608921,-1.044759638126E-13));
#6105 = VECTOR('',#6106,1.);
#6106 = DIRECTION('',(0.,-1.));
#6107 = ( GEOMETRIC_REPRESENTATION_CONTEXT(2) 
PARAMETRIC_REPRESENTATION_CONTEXT() REPRESENTATION_CONTEXT('2D SPACE',''
  ) );
#6108 = PCURVE('',#3286,#6109);
#6109 = DEFINITIONAL_REPRESENTATION('',(#6110),#6114);
#6110 = LINE('',#6111,#6112);
#6111 = CARTESIAN_POINT('',(0.,0.));
#6112 = VECTOR('',#6113,1.);
#6113 = DIRECTION('',(-6.162975822039E-33,-1.));
#6114 = ( GEOMETRIC_REPRESENTATION_CONTEXT(2) 
PARAMETRIC_REPRESENTATION_CONTEXT() REPRESENTATION_CONTEXT('2D SPACE',''
  ) );
#6115 = ORIENTED_EDGE('',*,*,#3163,.F.);
#6116 = ADVANCED_FACE('',(#6117),#3252,.T.);
#6117 = FACE_BOUND('',#6118,.T.);
#6118 = EDGE_LOOP('',(#6119,#6140,#6141,#6142));
#6119 = ORIENTED_EDGE('',*,*,#6120,.T.);
#6120 = EDGE_CURVE('',#3216,#5221,#6121,.T.);
#6121 = SURFACE_CURVE('',#6122,(#6126,#6133),.PCURVE_S1.);
#6122 = LINE('',#6123,#6124);
#6123 = CARTESIAN_POINT('',(611.9,163.57867965644,228.67867965644));
#6124 = VECTOR('',#6125,1.);
#6125 = DIRECTION('',(1.,-1.110223024625E-16,1.110223024625E-16));
#6126 = PCURVE('',#3252,#6127);
#6127 = DEFINITIONAL_REPRESENTATION('',(#6128),#6132);
#6128 = LINE('',#6129,#6130);
#6129 = CARTESIAN_POINT('',(0.,0.));
#6130 = VECTOR('',#6131,1.);
#6131 = DIRECTION('',(0.,-1.));
#6132 = ( GEOMETRIC_REPRESENTATION_CONTEXT(2) 
PARAMETRIC_REPRESENTATION_CONTEXT() REPRESENTATION_CONTEXT('2D SPACE',''
  ) );
#6133 = PCURVE('',#3360,#6134);
#6134 = DEFINITIONAL_REPRESENTATION('',(#6135),#6139);
#6135 = LINE('',#6136,#6137);
#6136 = CARTESIAN_POINT('',(0.588102841977,-9.189295300791E-17));
#6137 = VECTOR('',#6138,1.);
#6138 = DIRECTION('',(0.,-1.));
#6139 = ( GEOMETRIC_REPRESENTATION_CONTEXT(2) 
PARAMETRIC_REPRESENTATION_CONTEXT() REPRESENTATION_CONTEXT('2D SPACE',''
  ) );
#6140 = ORIENTED_EDGE('',*,*,#5243,.T.);
#6141 = ORIENTED_EDGE('',*,*,#5958,.F.);
#6142 = ORIENTED_EDGE('',*,*,#3238,.F.);
#6143 = ADVANCED_FACE('',(#6144),#3286,.T.);
#6144 = FACE_BOUND('',#6145,.T.);
#6145 = EDGE_LOOP('',(#6146,#6147,#6148,#6169));
#6146 = ORIENTED_EDGE('',*,*,#6095,.T.);
#6147 = ORIENTED_EDGE('',*,*,#4746,.T.);
#6148 = ORIENTED_EDGE('',*,*,#6149,.F.);
#6149 = EDGE_CURVE('',#3271,#4747,#6150,.T.);
#6150 = SURFACE_CURVE('',#6151,(#6155,#6162),.PCURVE_S1.);
#6151 = LINE('',#6152,#6153);
#6152 = CARTESIAN_POINT('',(611.9,249.24202362195,274.54382282577));
#6153 = VECTOR('',#6154,1.);
#6154 = DIRECTION('',(1.,-1.110223024625E-16,1.110223024625E-16));
#6155 = PCURVE('',#3286,#6156);
#6156 = DEFINITIONAL_REPRESENTATION('',(#6157),#6161);
#6157 = LINE('',#6158,#6159);
#6158 = CARTESIAN_POINT('',(0.580571309464,7.039082508647E-17));
#6159 = VECTOR('',#6160,1.);
#6160 = DIRECTION('',(-6.162975822039E-33,-1.));
#6161 = ( GEOMETRIC_REPRESENTATION_CONTEXT(2) 
PARAMETRIC_REPRESENTATION_CONTEXT() REPRESENTATION_CONTEXT('2D SPACE',''
  ) );
#6162 = PCURVE('',#3394,#6163);
#6163 = DEFINITIONAL_REPRESENTATION('',(#6164),#6168);
#6164 = LINE('',#6165,#6166);
#6165 = CARTESIAN_POINT('',(0.,0.));
#6166 = VECTOR('',#6167,1.);
#6167 = DIRECTION('',(0.,-1.));
#6168 = ( GEOMETRIC_REPRESENTATION_CONTEXT(2) 
PARAMETRIC_REPRESENTATION_CONTEXT() REPRESENTATION_CONTEXT('2D SPACE',''
  ) );
#6169 = ORIENTED_EDGE('',*,*,#3270,.F.);
#6170 = ADVANCED_FACE('',(#6171),#3360,.T.);
#6171 = FACE_BOUND('',#6172,.T.);
#6172 = EDGE_LOOP('',(#6173,#6194,#6195,#6196));
#6173 = ORIENTED_EDGE('',*,*,#6174,.T.);
#6174 = EDGE_CURVE('',#3324,#5319,#6175,.T.);
#6175 = SURFACE_CURVE('',#6176,(#6180,#6187),.PCURVE_S1.);
#6176 = LINE('',#6177,#6178);
#6177 = CARTESIAN_POINT('',(611.9,164.03328930094,228.30559116309));
#6178 = VECTOR('',#6179,1.);
#6179 = DIRECTION('',(1.,-1.110223024625E-16,1.110223024625E-16));
#6180 = PCURVE('',#3360,#6181);
#6181 = DEFINITIONAL_REPRESENTATION('',(#6182),#6186);
#6182 = LINE('',#6183,#6184);
#6183 = CARTESIAN_POINT('',(0.,0.));
#6184 = VECTOR('',#6185,1.);
#6185 = DIRECTION('',(0.,-1.));
#6186 = ( GEOMETRIC_REPRESENTATION_CONTEXT(2) 
PARAMETRIC_REPRESENTATION_CONTEXT() REPRESENTATION_CONTEXT('2D SPACE',''
  ) );
#6187 = PCURVE('',#3468,#6188);
#6188 = DEFINITIONAL_REPRESENTATION('',(#6189),#6193);
#6189 = LINE('',#6190,#6191);
#6190 = CARTESIAN_POINT('',(0.588102841977,-8.836155835798E-17));
#6191 = VECTOR('',#6192,1.);
#6192 = DIRECTION('',(-6.162975822039E-33,-1.));
#6193 = ( GEOMETRIC_REPRESENTATION_CONTEXT(2) 
PARAMETRIC_REPRESENTATION_CONTEXT() REPRESENTATION_CONTEXT('2D SPACE',''
  ) );
#6194 = ORIENTED_EDGE('',*,*,#5341,.T.);
#6195 = ORIENTED_EDGE('',*,*,#6120,.F.);
#6196 = ORIENTED_EDGE('',*,*,#3346,.F.);
#6197 = ADVANCED_FACE('',(#6198),#3394,.T.);
#6198 = FACE_BOUND('',#6199,.T.);
#6199 = EDGE_LOOP('',(#6200,#6201,#6202,#6223));
#6200 = ORIENTED_EDGE('',*,*,#6149,.T.);
#6201 = ORIENTED_EDGE('',*,*,#4802,.T.);
#6202 = ORIENTED_EDGE('',*,*,#6203,.F.);
#6203 = EDGE_CURVE('',#3379,#4803,#6204,.T.);
#6204 = SURFACE_CURVE('',#6205,(#6209,#6216),.PCURVE_S1.);
#6205 = LINE('',#6206,#6207);
#6206 = CARTESIAN_POINT('',(611.9,249.79822942676,274.37739521968));
#6207 = VECTOR('',#6208,1.);
#6208 = DIRECTION('',(1.,-1.110223024625E-16,1.110223024625E-16));
#6209 = PCURVE('',#3394,#6210);
#6210 = DEFINITIONAL_REPRESENTATION('',(#6211),#6215);
#6211 = LINE('',#6212,#6213);
#6212 = CARTESIAN_POINT('',(0.580571309464,8.022842511392E-17));
#6213 = VECTOR('',#6214,1.);
#6214 = DIRECTION('',(0.,-1.));
#6215 = ( GEOMETRIC_REPRESENTATION_CONTEXT(2) 
PARAMETRIC_REPRESENTATION_CONTEXT() REPRESENTATION_CONTEXT('2D SPACE',''
  ) );
#6216 = PCURVE('',#3502,#6217);
#6217 = DEFINITIONAL_REPRESENTATION('',(#6218),#6222);
#6218 = LINE('',#6219,#6220);
#6219 = CARTESIAN_POINT('',(0.,0.));
#6220 = VECTOR('',#6221,1.);
#6221 = DIRECTION('',(6.162975822039E-33,-1.));
#6222 = ( GEOMETRIC_REPRESENTATION_CONTEXT(2) 
PARAMETRIC_REPRESENTATION_CONTEXT() REPRESENTATION_CONTEXT('2D SPACE',''
  ) );
#6223 = ORIENTED_EDGE('',*,*,#3378,.F.);
#6224 = ADVANCED_FACE('',(#6225),#3468,.T.);
#6225 = FACE_BOUND('',#6226,.T.);
#6226 = EDGE_LOOP('',(#6227,#6248,#6249,#6250));
#6227 = ORIENTED_EDGE('',*,*,#6228,.T.);
#6228 = EDGE_CURVE('',#3432,#5417,#6229,.T.);
#6229 = SURFACE_CURVE('',#6230,(#6234,#6241),.PCURVE_S1.);
#6230 = LINE('',#6231,#6232);
#6231 = CARTESIAN_POINT('',(611.9,164.5519497029,228.02836140246));
#6232 = VECTOR('',#6233,1.);
#6233 = DIRECTION('',(1.,-1.110223024625E-16,1.110223024625E-16));
#6234 = PCURVE('',#3468,#6235);
#6235 = DEFINITIONAL_REPRESENTATION('',(#6236),#6240);
#6236 = LINE('',#6237,#6238);
#6237 = CARTESIAN_POINT('',(0.,0.));
#6238 = VECTOR('',#6239,1.);
#6239 = DIRECTION('',(-6.162975822039E-33,-1.));
#6240 = ( GEOMETRIC_REPRESENTATION_CONTEXT(2) 
PARAMETRIC_REPRESENTATION_CONTEXT() REPRESENTATION_CONTEXT('2D SPACE',''
  ) );
#6241 = PCURVE('',#3576,#6242);
#6242 = DEFINITIONAL_REPRESENTATION('',(#6243),#6247);
#6243 = LINE('',#6244,#6245);
#6244 = CARTESIAN_POINT('',(0.588102841977,-8.143447857408E-17));
#6245 = VECTOR('',#6246,1.);
#6246 = DIRECTION('',(1.232595164408E-32,-1.));
#6247 = ( GEOMETRIC_REPRESENTATION_CONTEXT(2) 
PARAMETRIC_REPRESENTATION_CONTEXT() REPRESENTATION_CONTEXT('2D SPACE',''
  ) );
#6248 = ORIENTED_EDGE('',*,*,#5439,.T.);
#6249 = ORIENTED_EDGE('',*,*,#6174,.F.);
#6250 = ORIENTED_EDGE('',*,*,#3454,.F.);
#6251 = ADVANCED_FACE('',(#6252),#3502,.T.);
#6252 = FACE_BOUND('',#6253,.T.);
#6253 = EDGE_LOOP('',(#6254,#6255,#6256,#6277));
#6254 = ORIENTED_EDGE('',*,*,#6203,.T.);
#6255 = ORIENTED_EDGE('',*,*,#4851,.T.);
#6256 = ORIENTED_EDGE('',*,*,#6257,.F.);
#6257 = EDGE_CURVE('',#3487,#4852,#6258,.T.);
#6258 = SURFACE_CURVE('',#6259,(#6263,#6270),.PCURVE_S1.);
#6259 = LINE('',#6260,#6261);
#6260 = CARTESIAN_POINT('',(611.9,250.31196330975,274.10695013683));
#6261 = VECTOR('',#6262,1.);
#6262 = DIRECTION('',(1.,-1.110223024625E-16,1.110223024625E-16));
#6263 = PCURVE('',#3502,#6264);
#6264 = DEFINITIONAL_REPRESENTATION('',(#6265),#6269);
#6265 = LINE('',#6266,#6267);
#6266 = CARTESIAN_POINT('',(0.580571309464,8.706135433087E-17));
#6267 = VECTOR('',#6268,1.);
#6268 = DIRECTION('',(6.162975822039E-33,-1.));
#6269 = ( GEOMETRIC_REPRESENTATION_CONTEXT(2) 
PARAMETRIC_REPRESENTATION_CONTEXT() REPRESENTATION_CONTEXT('2D SPACE',''
  ) );
#6270 = PCURVE('',#3610,#6271);
#6271 = DEFINITIONAL_REPRESENTATION('',(#6272),#6276);
#6272 = LINE('',#6273,#6274);
#6273 = CARTESIAN_POINT('',(0.,0.));
#6274 = VECTOR('',#6275,1.);
#6275 = DIRECTION('',(0.,-1.));
#6276 = ( GEOMETRIC_REPRESENTATION_CONTEXT(2) 
PARAMETRIC_REPRESENTATION_CONTEXT() REPRESENTATION_CONTEXT('2D SPACE',''
  ) );
#6277 = ORIENTED_EDGE('',*,*,#3486,.F.);
#6278 = ADVANCED_FACE('',(#6279),#3576,.T.);
#6279 = FACE_BOUND('',#6280,.T.);
#6280 = EDGE_LOOP('',(#6281,#6302,#6303,#6304));
#6281 = ORIENTED_EDGE('',*,*,#6282,.T.);
#6282 = EDGE_CURVE('',#3540,#5515,#6283,.T.);
#6283 = SURFACE_CURVE('',#6284,(#6288,#6295),.PCURVE_S1.);
#6284 = LINE('',#6285,#6286);
#6285 = CARTESIAN_POINT('',(611.9,165.11472903395,227.85764415879));
#6286 = VECTOR('',#6287,1.);
#6287 = DIRECTION('',(1.,-1.110223024625E-16,1.110223024625E-16));
#6288 = PCURVE('',#3576,#6289);
#6289 = DEFINITIONAL_REPRESENTATION('',(#6290),#6294);
#6290 = LINE('',#6291,#6292);
#6291 = CARTESIAN_POINT('',(0.,0.));
#6292 = VECTOR('',#6293,1.);
#6293 = DIRECTION('',(1.232595164408E-32,-1.));
#6294 = ( GEOMETRIC_REPRESENTATION_CONTEXT(2) 
PARAMETRIC_REPRESENTATION_CONTEXT() REPRESENTATION_CONTEXT('2D SPACE',''
  ) );
#6295 = PCURVE('',#3683,#6296);
#6296 = DEFINITIONAL_REPRESENTATION('',(#6297),#6301);
#6297 = LINE('',#6298,#6299);
#6298 = CARTESIAN_POINT('',(0.588102841977,-7.137791744757E-17));
#6299 = VECTOR('',#6300,1.);
#6300 = DIRECTION('',(4.622231866529E-33,-1.));
#6301 = ( GEOMETRIC_REPRESENTATION_CONTEXT(2) 
PARAMETRIC_REPRESENTATION_CONTEXT() REPRESENTATION_CONTEXT('2D SPACE',''
  ) );
#6302 = ORIENTED_EDGE('',*,*,#5537,.T.);
#6303 = ORIENTED_EDGE('',*,*,#6228,.F.);
#6304 = ORIENTED_EDGE('',*,*,#3562,.F.);
#6305 = ADVANCED_FACE('',(#6306),#3610,.T.);
#6306 = FACE_BOUND('',#6307,.T.);
#6307 = EDGE_LOOP('',(#6308,#6309,#6310,#6331));
#6308 = ORIENTED_EDGE('',*,*,#6257,.T.);
#6309 = ORIENTED_EDGE('',*,*,#4900,.T.);
#6310 = ORIENTED_EDGE('',*,*,#6311,.F.);
#6311 = EDGE_CURVE('',#3595,#4901,#6312,.T.);
#6312 = SURFACE_CURVE('',#6313,(#6317,#6324),.PCURVE_S1.);
#6313 = LINE('',#6314,#6315);
#6314 = CARTESIAN_POINT('',(611.9,250.76398519235,273.74261613756));
#6315 = VECTOR('',#6316,1.);
#6316 = DIRECTION('',(1.,-1.110223024625E-16,1.110223024625E-16));
#6317 = PCURVE('',#3610,#6318);
#6318 = DEFINITIONAL_REPRESENTATION('',(#6319),#6323);
#6319 = LINE('',#6320,#6321);
#6320 = CARTESIAN_POINT('',(0.580571309464,9.063370963394E-17));
#6321 = VECTOR('',#6322,1.);
#6322 = DIRECTION('',(0.,-1.));
#6323 = ( GEOMETRIC_REPRESENTATION_CONTEXT(2) 
PARAMETRIC_REPRESENTATION_CONTEXT() REPRESENTATION_CONTEXT('2D SPACE',''
  ) );
#6324 = PCURVE('',#3717,#6325);
#6325 = DEFINITIONAL_REPRESENTATION('',(#6326),#6330);
#6326 = LINE('',#6327,#6328);
#6327 = CARTESIAN_POINT('',(0.,0.));
#6328 = VECTOR('',#6329,1.);
#6329 = DIRECTION('',(0.,-1.));
#6330 = ( GEOMETRIC_REPRESENTATION_CONTEXT(2) 
PARAMETRIC_REPRESENTATION_CONTEXT() REPRESENTATION_CONTEXT('2D SPACE',''
  ) );
#6331 = ORIENTED_EDGE('',*,*,#3594,.F.);
#6332 = ADVANCED_FACE('',(#6333),#3683,.T.);
#6333 = FACE_BOUND('',#6334,.T.);
#6334 = EDGE_LOOP('',(#6335,#6356,#6357,#6358));
#6335 = ORIENTED_EDGE('',*,*,#6336,.T.);
#6336 = EDGE_CURVE('',#3648,#5613,#6337,.T.);
#6337 = SURFACE_CURVE('',#6338,(#6342,#6349),.PCURVE_S1.);
#6338 = LINE('',#6339,#6340);
#6339 = CARTESIAN_POINT('',(611.9,165.7,227.8));
#6340 = VECTOR('',#6341,1.);
#6341 = DIRECTION('',(1.,-1.110223024625E-16,1.110223024625E-16));
#6342 = PCURVE('',#3683,#6343);
#6343 = DEFINITIONAL_REPRESENTATION('',(#6344),#6348);
#6344 = LINE('',#6345,#6346);
#6345 = CARTESIAN_POINT('',(0.,0.));
#6346 = VECTOR('',#6347,1.);
#6347 = DIRECTION('',(4.622231866529E-33,-1.));
#6348 = ( GEOMETRIC_REPRESENTATION_CONTEXT(2) 
PARAMETRIC_REPRESENTATION_CONTEXT() REPRESENTATION_CONTEXT('2D SPACE',''
  ) );
#6349 = PCURVE('',#3791,#6350);
#6350 = DEFINITIONAL_REPRESENTATION('',(#6351),#6355);
#6351 = LINE('',#6352,#6353);
#6352 = CARTESIAN_POINT('',(26.035971480716,-2.890573500637E-15));
#6353 = VECTOR('',#6354,1.);
#6354 = DIRECTION('',(0.,-1.));
#6355 = ( GEOMETRIC_REPRESENTATION_CONTEXT(2) 
PARAMETRIC_REPRESENTATION_CONTEXT() REPRESENTATION_CONTEXT('2D SPACE',''
  ) );
#6356 = ORIENTED_EDGE('',*,*,#5634,.T.);
#6357 = ORIENTED_EDGE('',*,*,#6282,.F.);
#6358 = ORIENTED_EDGE('',*,*,#3669,.F.);
#6359 = ADVANCED_FACE('',(#6360),#3717,.T.);
#6360 = FACE_BOUND('',#6361,.T.);
#6361 = EDGE_LOOP('',(#6362,#6363,#6364,#6385));
#6362 = ORIENTED_EDGE('',*,*,#6311,.T.);
#6363 = ORIENTED_EDGE('',*,*,#4949,.T.);
#6364 = ORIENTED_EDGE('',*,*,#6365,.F.);
#6365 = EDGE_CURVE('',#3702,#4950,#6366,.T.);
#6366 = SURFACE_CURVE('',#6367,(#6371,#6378),.PCURVE_S1.);
#6367 = LINE('',#6368,#6369);
#6368 = CARTESIAN_POINT('',(611.9,251.13736619986,273.29803805825));
#6369 = VECTOR('',#6370,1.);
#6370 = DIRECTION('',(1.,-1.110223024625E-16,1.110223024625E-16));
#6371 = PCURVE('',#3717,#6372);
#6372 = DEFINITIONAL_REPRESENTATION('',(#6373),#6377);
#6373 = LINE('',#6374,#6375);
#6374 = CARTESIAN_POINT('',(0.580571309464,9.081170113893E-17));
#6375 = VECTOR('',#6376,1.);
#6376 = DIRECTION('',(0.,-1.));
#6377 = ( GEOMETRIC_REPRESENTATION_CONTEXT(2) 
PARAMETRIC_REPRESENTATION_CONTEXT() REPRESENTATION_CONTEXT('2D SPACE',''
  ) );
#6378 = PCURVE('',#3825,#6379);
#6379 = DEFINITIONAL_REPRESENTATION('',(#6380),#6384);
#6380 = LINE('',#6381,#6382);
#6381 = CARTESIAN_POINT('',(0.,0.));
#6382 = VECTOR('',#6383,1.);
#6383 = DIRECTION('',(1.232595164408E-32,-1.));
#6384 = ( GEOMETRIC_REPRESENTATION_CONTEXT(2) 
PARAMETRIC_REPRESENTATION_CONTEXT() REPRESENTATION_CONTEXT('2D SPACE',''
  ) );
#6385 = ORIENTED_EDGE('',*,*,#3701,.F.);
#6386 = ADVANCED_FACE('',(#6387),#3791,.T.);
#6387 = FACE_BOUND('',#6388,.T.);
#6388 = EDGE_LOOP('',(#6389,#6410,#6411,#6412));
#6389 = ORIENTED_EDGE('',*,*,#6390,.T.);
#6390 = EDGE_CURVE('',#3755,#5709,#6391,.T.);
#6391 = SURFACE_CURVE('',#6392,(#6396,#6403),.PCURVE_S1.);
#6392 = LINE('',#6393,#6394);
#6393 = CARTESIAN_POINT('',(611.9,191.73597148071,227.8));
#6394 = VECTOR('',#6395,1.);
#6395 = DIRECTION('',(1.,-1.110223024625E-16,1.110223024625E-16));
#6396 = PCURVE('',#3791,#6397);
#6397 = DEFINITIONAL_REPRESENTATION('',(#6398),#6402);
#6398 = LINE('',#6399,#6400);
#6399 = CARTESIAN_POINT('',(0.,0.));
#6400 = VECTOR('',#6401,1.);
#6401 = DIRECTION('',(0.,-1.));
#6402 = ( GEOMETRIC_REPRESENTATION_CONTEXT(2) 
PARAMETRIC_REPRESENTATION_CONTEXT() REPRESENTATION_CONTEXT('2D SPACE',''
  ) );
#6403 = PCURVE('',#3899,#6404);
#6404 = DEFINITIONAL_REPRESENTATION('',(#6405),#6409);
#6405 = LINE('',#6406,#6407);
#6406 = CARTESIAN_POINT('',(0.620728518537,-6.141536985323E-17));
#6407 = VECTOR('',#6408,1.);
#6408 = DIRECTION('',(6.162975822039E-33,-1.));
#6409 = ( GEOMETRIC_REPRESENTATION_CONTEXT(2) 
PARAMETRIC_REPRESENTATION_CONTEXT() REPRESENTATION_CONTEXT('2D SPACE',''
  ) );
#6410 = ORIENTED_EDGE('',*,*,#5731,.T.);
#6411 = ORIENTED_EDGE('',*,*,#6336,.F.);
#6412 = ORIENTED_EDGE('',*,*,#3777,.F.);
#6413 = ADVANCED_FACE('',(#6414),#3825,.T.);
#6414 = FACE_BOUND('',#6415,.T.);
#6415 = EDGE_LOOP('',(#6416,#6417,#6418,#6439));
#6416 = ORIENTED_EDGE('',*,*,#6365,.T.);
#6417 = ORIENTED_EDGE('',*,*,#4998,.T.);
#6418 = ORIENTED_EDGE('',*,*,#6419,.F.);
#6419 = EDGE_CURVE('',#3810,#4999,#6420,.T.);
#6420 = SURFACE_CURVE('',#6421,(#6425,#6432),.PCURVE_S1.);
#6421 = LINE('',#6422,#6423);
#6422 = CARTESIAN_POINT('',(611.9,251.41812267233,272.78986599237));
#6423 = VECTOR('',#6424,1.);
#6424 = DIRECTION('',(1.,-1.110223024625E-16,1.110223024625E-16));
#6425 = PCURVE('',#3825,#6426);
#6426 = DEFINITIONAL_REPRESENTATION('',(#6427),#6431);
#6427 = LINE('',#6428,#6429);
#6428 = CARTESIAN_POINT('',(0.580571309464,8.7588662806E-17));
#6429 = VECTOR('',#6430,1.);
#6430 = DIRECTION('',(1.232595164408E-32,-1.));
#6431 = ( GEOMETRIC_REPRESENTATION_CONTEXT(2) 
PARAMETRIC_REPRESENTATION_CONTEXT() REPRESENTATION_CONTEXT('2D SPACE',''
  ) );
#6432 = PCURVE('',#3933,#6433);
#6433 = DEFINITIONAL_REPRESENTATION('',(#6434),#6438);
#6434 = LINE('',#6435,#6436);
#6435 = CARTESIAN_POINT('',(0.,0.));
#6436 = VECTOR('',#6437,1.);
#6437 = DIRECTION('',(1.232595164408E-32,-1.));
#6438 = ( GEOMETRIC_REPRESENTATION_CONTEXT(2) 
PARAMETRIC_REPRESENTATION_CONTEXT() REPRESENTATION_CONTEXT('2D SPACE',''
  ) );
#6439 = ORIENTED_EDGE('',*,*,#3809,.F.);
#6440 = ADVANCED_FACE('',(#6441),#3899,.T.);
#6441 = FACE_BOUND('',#6442,.T.);
#6442 = EDGE_LOOP('',(#6443,#6464,#6465,#6466));
#6443 = ORIENTED_EDGE('',*,*,#6444,.T.);
#6444 = EDGE_CURVE('',#3863,#5807,#6445,.T.);
#6445 = SURFACE_CURVE('',#6446,(#6450,#6457),.PCURVE_S1.);
#6446 = LINE('',#6447,#6448);
#6447 = CARTESIAN_POINT('',(611.9,192.3533692699,227.86421731562));
#6448 = VECTOR('',#6449,1.);
#6449 = DIRECTION('',(1.,-1.110223024625E-16,1.110223024625E-16));
#6450 = PCURVE('',#3899,#6451);
#6451 = DEFINITIONAL_REPRESENTATION('',(#6452),#6456);
#6452 = LINE('',#6453,#6454);
#6453 = CARTESIAN_POINT('',(-0.,0.));
#6454 = VECTOR('',#6455,1.);
#6455 = DIRECTION('',(6.162975822039E-33,-1.));
#6456 = ( GEOMETRIC_REPRESENTATION_CONTEXT(2) 
PARAMETRIC_REPRESENTATION_CONTEXT() REPRESENTATION_CONTEXT('2D SPACE',''
  ) );
#6457 = PCURVE('',#4007,#6458);
#6458 = DEFINITIONAL_REPRESENTATION('',(#6459),#6463);
#6459 = LINE('',#6460,#6461);
#6460 = CARTESIAN_POINT('',(0.620728518537,-4.452697458362E-17));
#6461 = VECTOR('',#6462,1.);
#6462 = DIRECTION('',(0.,-1.));
#6463 = ( GEOMETRIC_REPRESENTATION_CONTEXT(2) 
PARAMETRIC_REPRESENTATION_CONTEXT() REPRESENTATION_CONTEXT('2D SPACE',''
  ) );
#6464 = ORIENTED_EDGE('',*,*,#5829,.T.);
#6465 = ORIENTED_EDGE('',*,*,#6390,.F.);
#6466 = ORIENTED_EDGE('',*,*,#3885,.F.);
#6467 = ADVANCED_FACE('',(#6468),#3933,.T.);
#6468 = FACE_BOUND('',#6469,.T.);
#6469 = EDGE_LOOP('',(#6470,#6471,#6472,#6493));
#6470 = ORIENTED_EDGE('',*,*,#6419,.T.);
#6471 = ORIENTED_EDGE('',*,*,#5074,.T.);
#6472 = ORIENTED_EDGE('',*,*,#6473,.F.);
#6473 = EDGE_CURVE('',#3918,#5075,#6474,.T.);
#6474 = SURFACE_CURVE('',#6475,(#6479,#6486),.PCURVE_S1.);
#6475 = LINE('',#6476,#6477);
#6476 = CARTESIAN_POINT('',(611.9,251.59573987292,272.23713172038));
#6477 = VECTOR('',#6478,1.);
#6478 = DIRECTION('',(1.,-1.110223024625E-16,1.110223024625E-16));
#6479 = PCURVE('',#3933,#6480);
#6480 = DEFINITIONAL_REPRESENTATION('',(#6481),#6485);
#6481 = LINE('',#6482,#6483);
#6482 = CARTESIAN_POINT('',(0.580571309464,8.108530209245E-17));
#6483 = VECTOR('',#6484,1.);
#6484 = DIRECTION('',(1.232595164408E-32,-1.));
#6485 = ( GEOMETRIC_REPRESENTATION_CONTEXT(2) 
PARAMETRIC_REPRESENTATION_CONTEXT() REPRESENTATION_CONTEXT('2D SPACE',''
  ) );
#6486 = PCURVE('',#4041,#6487);
#6487 = DEFINITIONAL_REPRESENTATION('',(#6488),#6492);
#6488 = LINE('',#6489,#6490);
#6489 = CARTESIAN_POINT('',(0.,0.));
#6490 = VECTOR('',#6491,1.);
#6491 = DIRECTION('',(1.232595164408E-32,-1.));
#6492 = ( GEOMETRIC_REPRESENTATION_CONTEXT(2) 
PARAMETRIC_REPRESENTATION_CONTEXT() REPRESENTATION_CONTEXT('2D SPACE',''
  ) );
#6493 = ORIENTED_EDGE('',*,*,#3917,.F.);
#6494 = ADVANCED_FACE('',(#6495),#4007,.T.);
#6495 = FACE_BOUND('',#6496,.T.);
#6496 = EDGE_LOOP('',(#6497,#6518,#6519,#6520));
#6497 = ORIENTED_EDGE('',*,*,#6498,.T.);
#6498 = EDGE_CURVE('',#3971,#5857,#6499,.T.);
#6499 = SURFACE_CURVE('',#6500,(#6504,#6511),.PCURVE_S1.);
#6500 = LINE('',#6501,#6502);
#6501 = CARTESIAN_POINT('',(611.9,192.94433530664,228.05412002006));
#6502 = VECTOR('',#6503,1.);
#6503 = DIRECTION('',(1.,-1.110223024625E-16,1.110223024625E-16));
#6504 = PCURVE('',#4007,#6505);
#6505 = DEFINITIONAL_REPRESENTATION('',(#6506),#6510);
#6506 = LINE('',#6507,#6508);
#6507 = CARTESIAN_POINT('',(-0.,0.));
#6508 = VECTOR('',#6509,1.);
#6509 = DIRECTION('',(0.,-1.));
#6510 = ( GEOMETRIC_REPRESENTATION_CONTEXT(2) 
PARAMETRIC_REPRESENTATION_CONTEXT() REPRESENTATION_CONTEXT('2D SPACE',''
  ) );
#6511 = PCURVE('',#4115,#6512);
#6512 = DEFINITIONAL_REPRESENTATION('',(#6513),#6517);
#6513 = LINE('',#6514,#6515);
#6514 = CARTESIAN_POINT('',(0.620728518537,-2.573231079367E-17));
#6515 = VECTOR('',#6516,1.);
#6516 = DIRECTION('',(0.,-1.));
#6517 = ( GEOMETRIC_REPRESENTATION_CONTEXT(2) 
PARAMETRIC_REPRESENTATION_CONTEXT() REPRESENTATION_CONTEXT('2D SPACE',''
  ) );
#6518 = ORIENTED_EDGE('',*,*,#5905,.T.);
#6519 = ORIENTED_EDGE('',*,*,#6444,.F.);
#6520 = ORIENTED_EDGE('',*,*,#3993,.F.);
#6521 = ADVANCED_FACE('',(#6522),#4041,.T.);
#6522 = FACE_BOUND('',#6523,.T.);
#6523 = EDGE_LOOP('',(#6524,#6525,#6526,#6547));
#6524 = ORIENTED_EDGE('',*,*,#6473,.T.);
#6525 = ORIENTED_EDGE('',*,*,#5172,.T.);
#6526 = ORIENTED_EDGE('',*,*,#6527,.F.);
#6527 = EDGE_CURVE('',#4026,#5173,#6528,.T.);
#6528 = SURFACE_CURVE('',#6529,(#6533,#6540),.PCURVE_S1.);
#6529 = LINE('',#6530,#6531);
#6530 = CARTESIAN_POINT('',(611.9,251.66356578002,271.66053594196));
#6531 = VECTOR('',#6532,1.);
#6532 = DIRECTION('',(1.,-1.110223024625E-16,1.110223024625E-16));
#6533 = PCURVE('',#4041,#6534);
#6534 = DEFINITIONAL_REPRESENTATION('',(#6535),#6539);
#6535 = LINE('',#6536,#6537);
#6536 = CARTESIAN_POINT('',(0.580571309464,7.154517928353E-17));
#6537 = VECTOR('',#6538,1.);
#6538 = DIRECTION('',(1.232595164408E-32,-1.));
#6539 = ( GEOMETRIC_REPRESENTATION_CONTEXT(2) 
PARAMETRIC_REPRESENTATION_CONTEXT() REPRESENTATION_CONTEXT('2D SPACE',''
  ) );
#6540 = PCURVE('',#4149,#6541);
#6541 = DEFINITIONAL_REPRESENTATION('',(#6542),#6546);
#6542 = LINE('',#6543,#6544);
#6543 = CARTESIAN_POINT('',(0.,0.));
#6544 = VECTOR('',#6545,1.);
#6545 = DIRECTION('',(0.,-1.));
#6546 = ( GEOMETRIC_REPRESENTATION_CONTEXT(2) 
PARAMETRIC_REPRESENTATION_CONTEXT() REPRESENTATION_CONTEXT('2D SPACE',''
  ) );
#6547 = ORIENTED_EDGE('',*,*,#4025,.F.);
#6548 = ADVANCED_FACE('',(#6549),#4115,.T.);
#6549 = FACE_BOUND('',#6550,.T.);
#6550 = EDGE_LOOP('',(#6551,#6572,#6573,#6574));
#6551 = ORIENTED_EDGE('',*,*,#6552,.T.);
#6552 = EDGE_CURVE('',#4079,#5759,#6553,.T.);
#6553 = SURFACE_CURVE('',#6554,(#6558,#6565),.PCURVE_S1.);
#6554 = LINE('',#6555,#6556);
#6555 = CARTESIAN_POINT('',(611.9,193.48356942257,228.36157808539));
#6556 = VECTOR('',#6557,1.);
#6557 = DIRECTION('',(1.,-1.110223024625E-16,1.110223024625E-16));
#6558 = PCURVE('',#4115,#6559);
#6559 = DEFINITIONAL_REPRESENTATION('',(#6560),#6564);
#6560 = LINE('',#6561,#6562);
#6561 = CARTESIAN_POINT('',(-0.,0.));
#6562 = VECTOR('',#6563,1.);
#6563 = DIRECTION('',(0.,-1.));
#6564 = ( GEOMETRIC_REPRESENTATION_CONTEXT(2) 
PARAMETRIC_REPRESENTATION_CONTEXT() REPRESENTATION_CONTEXT('2D SPACE',''
  ) );
#6565 = PCURVE('',#4222,#6566);
#6566 = DEFINITIONAL_REPRESENTATION('',(#6567),#6571);
#6567 = LINE('',#6568,#6569);
#6568 = CARTESIAN_POINT('',(70.038992990469,-1.790590467921E-15));
#6569 = VECTOR('',#6570,1.);
#6570 = DIRECTION('',(0.,-1.));
#6571 = ( GEOMETRIC_REPRESENTATION_CONTEXT(2) 
PARAMETRIC_REPRESENTATION_CONTEXT() REPRESENTATION_CONTEXT('2D SPACE',''
  ) );
#6572 = ORIENTED_EDGE('',*,*,#5856,.T.);
#6573 = ORIENTED_EDGE('',*,*,#6498,.F.);
#6574 = ORIENTED_EDGE('',*,*,#4101,.F.);
#6575 = ADVANCED_FACE('',(#6576),#4149,.T.);
#6576 = FACE_BOUND('',#6577,.T.);
#6577 = EDGE_LOOP('',(#6578,#6579,#6580,#6601));
#6578 = ORIENTED_EDGE('',*,*,#6527,.T.);
#6579 = ORIENTED_EDGE('',*,*,#5270,.T.);
#6580 = ORIENTED_EDGE('',*,*,#6581,.F.);
#6581 = EDGE_CURVE('',#4134,#5271,#6582,.T.);
#6582 = SURFACE_CURVE('',#6583,(#6587,#6594),.PCURVE_S1.);
#6583 = LINE('',#6584,#6585);
#6584 = CARTESIAN_POINT('',(611.9,251.61906021509,271.08167300476));
#6585 = VECTOR('',#6586,1.);
#6586 = DIRECTION('',(1.,-1.110223024625E-16,1.110223024625E-16));
#6587 = PCURVE('',#4149,#6588);
#6588 = DEFINITIONAL_REPRESENTATION('',(#6589),#6593);
#6589 = LINE('',#6590,#6591);
#6590 = CARTESIAN_POINT('',(0.580571309464,5.932558580673E-17));
#6591 = VECTOR('',#6592,1.);
#6592 = DIRECTION('',(0.,-1.));
#6593 = ( GEOMETRIC_REPRESENTATION_CONTEXT(2) 
PARAMETRIC_REPRESENTATION_CONTEXT() REPRESENTATION_CONTEXT('2D SPACE',''
  ) );
#6594 = PCURVE('',#4256,#6595);
#6595 = DEFINITIONAL_REPRESENTATION('',(#6596),#6600);
#6596 = LINE('',#6597,#6598);
#6597 = CARTESIAN_POINT('',(0.,0.));
#6598 = VECTOR('',#6599,1.);
#6599 = DIRECTION('',(0.,-1.));
#6600 = ( GEOMETRIC_REPRESENTATION_CONTEXT(2) 
PARAMETRIC_REPRESENTATION_CONTEXT() REPRESENTATION_CONTEXT('2D SPACE',''
  ) );
#6601 = ORIENTED_EDGE('',*,*,#4133,.F.);
#6602 = ADVANCED_FACE('',(#6603),#4222,.T.);
#6603 = FACE_BOUND('',#6604,.T.);
#6604 = EDGE_LOOP('',(#6605,#6626,#6627,#6628));
#6605 = ORIENTED_EDGE('',*,*,#6606,.T.);
#6606 = EDGE_CURVE('',#4187,#5662,#6607,.T.);
#6607 = SURFACE_CURVE('',#6608,(#6612,#6619),.PCURVE_S1.);
#6608 = LINE('',#6609,#6610);
#6609 = CARTESIAN_POINT('',(611.9,250.41177455078,269.16157808539));
#6610 = VECTOR('',#6611,1.);
#6611 = DIRECTION('',(1.,-1.110223024625E-16,1.110223024625E-16));
#6612 = PCURVE('',#4222,#6613);
#6613 = DEFINITIONAL_REPRESENTATION('',(#6614),#6618);
#6614 = LINE('',#6615,#6616);
#6615 = CARTESIAN_POINT('',(-0.,0.));
#6616 = VECTOR('',#6617,1.);
#6617 = DIRECTION('',(0.,-1.));
#6618 = ( GEOMETRIC_REPRESENTATION_CONTEXT(2) 
PARAMETRIC_REPRESENTATION_CONTEXT() REPRESENTATION_CONTEXT('2D SPACE',''
  ) );
#6619 = PCURVE('',#4330,#6620);
#6620 = DEFINITIONAL_REPRESENTATION('',(#6621),#6625);
#6621 = LINE('',#6622,#6623);
#6622 = CARTESIAN_POINT('',(0.580571309464,-6.070396125698E-18));
#6623 = VECTOR('',#6624,1.);
#6624 = DIRECTION('',(0.,-1.));
#6625 = ( GEOMETRIC_REPRESENTATION_CONTEXT(2) 
PARAMETRIC_REPRESENTATION_CONTEXT() REPRESENTATION_CONTEXT('2D SPACE',''
  ) );
#6626 = ORIENTED_EDGE('',*,*,#5758,.T.);
#6627 = ORIENTED_EDGE('',*,*,#6552,.F.);
#6628 = ORIENTED_EDGE('',*,*,#4208,.F.);
#6629 = ADVANCED_FACE('',(#6630),#4256,.T.);
#6630 = FACE_BOUND('',#6631,.T.);
#6631 = EDGE_LOOP('',(#6632,#6633,#6634,#6655));
#6632 = ORIENTED_EDGE('',*,*,#6581,.T.);
#6633 = ORIENTED_EDGE('',*,*,#5368,.T.);
#6634 = ORIENTED_EDGE('',*,*,#6635,.F.);
#6635 = EDGE_CURVE('',#4241,#5369,#6636,.T.);
#6636 = SURFACE_CURVE('',#6637,(#6641,#6648),.PCURVE_S1.);
#6637 = LINE('',#6638,#6639);
#6638 = CARTESIAN_POINT('',(611.9,251.46388997604,270.52222216484));
#6639 = VECTOR('',#6640,1.);
#6640 = DIRECTION('',(1.,-1.110223024625E-16,1.110223024625E-16));
#6641 = PCURVE('',#4256,#6642);
#6642 = DEFINITIONAL_REPRESENTATION('',(#6643),#6647);
#6643 = LINE('',#6644,#6645);
#6644 = CARTESIAN_POINT('',(0.580571309464,4.488416314986E-17));
#6645 = VECTOR('',#6646,1.);
#6646 = DIRECTION('',(0.,-1.));
#6647 = ( GEOMETRIC_REPRESENTATION_CONTEXT(2) 
PARAMETRIC_REPRESENTATION_CONTEXT() REPRESENTATION_CONTEXT('2D SPACE',''
  ) );
#6648 = PCURVE('',#4364,#6649);
#6649 = DEFINITIONAL_REPRESENTATION('',(#6650),#6654);
#6650 = LINE('',#6651,#6652);
#6651 = CARTESIAN_POINT('',(0.,0.));
#6652 = VECTOR('',#6653,1.);
#6653 = DIRECTION('',(0.,-1.));
#6654 = ( GEOMETRIC_REPRESENTATION_CONTEXT(2) 
PARAMETRIC_REPRESENTATION_CONTEXT() REPRESENTATION_CONTEXT('2D SPACE',''
  ) );
#6655 = ORIENTED_EDGE('',*,*,#4240,.F.);
#6656 = ADVANCED_FACE('',(#6657),#4330,.T.);
#6657 = FACE_BOUND('',#6658,.T.);
#6658 = EDGE_LOOP('',(#6659,#6680,#6681,#6682));
#6659 = ORIENTED_EDGE('',*,*,#6660,.T.);
#6660 = EDGE_CURVE('',#4294,#5565,#6661,.T.);
#6661 = SURFACE_CURVE('',#6662,(#6666,#6673),.PCURVE_S1.);
#6662 = LINE('',#6663,#6664);
#6663 = CARTESIAN_POINT('',(611.9,250.84872778604,269.5438540532));
#6664 = VECTOR('',#6665,1.);
#6665 = DIRECTION('',(1.,-1.110223024625E-16,1.110223024625E-16));
#6666 = PCURVE('',#4330,#6667);
#6667 = DEFINITIONAL_REPRESENTATION('',(#6668),#6672);
#6668 = LINE('',#6669,#6670);
#6669 = CARTESIAN_POINT('',(-0.,0.));
#6670 = VECTOR('',#6671,1.);
#6671 = DIRECTION('',(0.,-1.));
#6672 = ( GEOMETRIC_REPRESENTATION_CONTEXT(2) 
PARAMETRIC_REPRESENTATION_CONTEXT() REPRESENTATION_CONTEXT('2D SPACE',''
  ) );
#6673 = PCURVE('',#4416,#6674);
#6674 = DEFINITIONAL_REPRESENTATION('',(#6675),#6679);
#6675 = LINE('',#6676,#6677);
#6676 = CARTESIAN_POINT('',(0.580571309464,1.156219416453E-17));
#6677 = VECTOR('',#6678,1.);
#6678 = DIRECTION('',(0.,-1.));
#6679 = ( GEOMETRIC_REPRESENTATION_CONTEXT(2) 
PARAMETRIC_REPRESENTATION_CONTEXT() REPRESENTATION_CONTEXT('2D SPACE',''
  ) );
#6680 = ORIENTED_EDGE('',*,*,#5661,.T.);
#6681 = ORIENTED_EDGE('',*,*,#6606,.F.);
#6682 = ORIENTED_EDGE('',*,*,#4316,.F.);
#6683 = ADVANCED_FACE('',(#6684),#4364,.T.);
#6684 = FACE_BOUND('',#6685,.T.);
#6685 = EDGE_LOOP('',(#6686,#6687,#6688,#6709));
#6686 = ORIENTED_EDGE('',*,*,#6635,.T.);
#6687 = ORIENTED_EDGE('',*,*,#5466,.T.);
#6688 = ORIENTED_EDGE('',*,*,#6689,.F.);
#6689 = EDGE_CURVE('',#4349,#5467,#6690,.T.);
#6690 = SURFACE_CURVE('',#6691,(#6695,#6702),.PCURVE_S1.);
#6691 = LINE('',#6692,#6693);
#6692 = CARTESIAN_POINT('',(611.9,251.20386641325,270.00313566707));
#6693 = VECTOR('',#6694,1.);
#6694 = DIRECTION('',(1.,-1.110223024625E-16,1.110223024625E-16));
#6695 = PCURVE('',#4364,#6696);
#6696 = DEFINITIONAL_REPRESENTATION('',(#6697),#6701);
#6697 = LINE('',#6698,#6699);
#6698 = CARTESIAN_POINT('',(0.580571309464,2.876176352407E-17));
#6699 = VECTOR('',#6700,1.);
#6700 = DIRECTION('',(0.,-1.));
#6701 = ( GEOMETRIC_REPRESENTATION_CONTEXT(2) 
PARAMETRIC_REPRESENTATION_CONTEXT() REPRESENTATION_CONTEXT('2D SPACE',''
  ) );
#6702 = PCURVE('',#4416,#6703);
#6703 = DEFINITIONAL_REPRESENTATION('',(#6704),#6708);
#6704 = LINE('',#6705,#6706);
#6705 = CARTESIAN_POINT('',(0.,0.));
#6706 = VECTOR('',#6707,1.);
#6707 = DIRECTION('',(0.,-1.));
#6708 = ( GEOMETRIC_REPRESENTATION_CONTEXT(2) 
PARAMETRIC_REPRESENTATION_CONTEXT() REPRESENTATION_CONTEXT('2D SPACE',''
  ) );
#6709 = ORIENTED_EDGE('',*,*,#4348,.F.);
#6710 = ADVANCED_FACE('',(#6711),#4416,.T.);
#6711 = FACE_BOUND('',#6712,.T.);
#6712 = EDGE_LOOP('',(#6713,#6714,#6715,#6716));
#6713 = ORIENTED_EDGE('',*,*,#6689,.T.);
#6714 = ORIENTED_EDGE('',*,*,#5564,.T.);
#6715 = ORIENTED_EDGE('',*,*,#6660,.F.);
#6716 = ORIENTED_EDGE('',*,*,#4402,.F.);
#6717 = ( GEOMETRIC_REPRESENTATION_CONTEXT(3) 
GLOBAL_UNCERTAINTY_ASSIGNED_CONTEXT((#6721)) 
GLOBAL_UNIT_ASSIGNED_CONTEXT((#6718,#6719,#6720)) REPRESENTATION_CONTEXT
('Context #1','3D Context with UNIT and UNCERTAINTY') );
#6718 = ( LENGTH_UNIT() NAMED_UNIT(*) SI_UNIT(.MILLI.,.METRE.) );
#6719 = ( NAMED_UNIT(*) PLANE_ANGLE_UNIT() SI_UNIT($,.RADIAN.) );
#6720 = ( NAMED_UNIT(*) SI_UNIT($,.STERADIAN.) SOLID_ANGLE_UNIT() );
#6721 = UNCERTAINTY_MEASURE_WITH_UNIT(LENGTH_MEASURE(1.E-02),#6718,
  'distance_accuracy_value','confusion accuracy');
#6722 = PRODUCT_RELATED_PRODUCT_CATEGORY('part',$,(#7));
ENDSEC;
END-ISO-10303-21;
