                                                                        S0000001
,,31HOpen CASCADE IGES processor 7.9,13HFilename.iges,                  G0000001
16HOpen CASCADE 7.9,31HOpen CASCADE IGES processor 7.9,32,308,15,308,15,G0000002
,1.,2,2HMM,1,0.01,15H20260926.072355,0.0118152,730.059598,4Hroot,,11,0, G0000003
15H20260926.072355,;                                                    G0000004
     186       1       0       0       0       0       0       000000000D0000001
     186       0       0       1       0                               0D0000002
     514       2       0       0       0       0       0       000010000D0000003
     514       0       0      12       1                               0D0000004
     510      14       0       0       0       0       0       000010000D0000005
     510       0       0       1       1                               0D0000006
     190      15       0       0       0       0       0       000010000D0000007
     190       0       0       1       1                               0D0000008
     116      16       0       0       0       0       0       000010400D0000009
     116       0       0       1       0                               0D0000010
     123      17       0       0       0       0       0       000010200D0000011
     123       0       0       1       0                               0D0000012
     123      18       0       0       0       0       0       000010200D0000013
     123       0       0       1       0                               0D0000014
     508      19       0       0       0       0       0       000010000D0000015
     508       0       0       1       1                               0D0000016
     504      20       0       0       0       0       0       000010001D0000017
     504       0       0      66       1                               0D0000018
     110      86       0       0       0       0       0       000010000D0000019
     110       0       0       1       0                               0D0000020
     502      87       0       0       0       0       0       000010000D0000021
     502       0       0      79       1                               0D0000022
     110     166       0       0       0       0       0       000010000D0000023
     110       0       0       1       0                               0D0000024
     110     167       0       0       0       0       0       000010000D0000025
     110       0       0       2       0                               0D0000026
     110     169       0       0       0       0       0       000010000D0000027
     110       0       0       1       0                               0D0000028
     110     170       0       0       0       0       0       000010000D0000029
     110       0       0       1       0                               0D0000030
     110     171       0       0       0       0       0       000010000D0000031
     110       0       0       1       0                               0D0000032
     110     172       0       0       0       0       0       000010000D0000033
     110       0       0       1       0                               0D0000034
     110     173       0       0       0       0       0       000010000D0000035
     110       0       0       1       0                               0D0000036
     110     174       0       0       0       0       0       000010000D0000037
     110       0       0       2       0                               0D0000038
     110     176       0       0       0       0       0       000010000D0000039
     110       0       0       2       0                               0D0000040
     110     178       0       0       0       0       0       000010000D0000041
     110       0       0       1       0                               0D0000042
     110     179       0       0       0       0       0       000010000D0000043
     110       0       0       2       0                               0D0000044
     110     181       0       0       0       0       0       000010000D0000045
     110       0       0       2       0                               0D0000046
     110     183       0       0       0       0       0       000010000D0000047
     110       0       0       2       0                               0D0000048
     110     185       0       0       0       0       0       000010000D0000049
     110       0       0       2       0                               0D0000050
     110     187       0       0       0       0       0       000010000D0000051
     110       0       0       2       0                               0D0000052
     110     189       0       0       0       0       0       000010000D0000053
     110       0       0       2       0                               0D0000054
     110     191       0       0       0       0       0       000010000D0000055
     110       0       0       1       0                               0D0000056
     110     192       0       0       0       0       0       000010000D0000057
     110       0       0       1       0                               0D0000058
     110     193       0       0       0       0       0       000010000D0000059
     110       0       0       1       0                               0D0000060
     110     194       0       0       0       0       0       000010000D0000061
     110       0       0       1       0                               0D0000062
     110     195       0       0       0       0       0       000010000D0000063
     110       0       0       1       0                               0D0000064
     110     196       0       0       0       0       0       000010000D0000065
     110       0       0       1       0                               0D0000066
     110     197       0       0       0       0       0       000010000D0000067
     110       0       0       2       0                               0D0000068
     110     199       0       0       0       0       0       000010000D0000069
     110       0       0       2       0                               0D0000070
     110     201       0       0       0       0       0       000010000D0000071
     110       0       0       2       0                               0D0000072
     110     203       0       0       0       0       0       000010000D0000073
     110       0       0       2       0                               0D0000074
     110     205       0       0       0       0       0       000010000D0000075
     110       0       0       2       0                               0D0000076
     110     207       0       0       0       0       0       000010000D0000077
     110       0       0       2       0                               0D0000078
     110     209       0       0       0       0       0       000010000D0000079
     110       0       0       2       0                               0D0000080
     110     211       0       0       0       0       0       000010000D0000081
     110       0       0       1       0                               0D0000082
     110     212       0       0       0       0       0       000010000D0000083
     110       0       0       2       0                               0D0000084
     110     214       0       0       0       0       0       000010000D0000085
     110       0       0       2       0                               0D0000086
     110     216       0       0       0       0       0       000010000D0000087
     110       0       0       2       0                               0D0000088
     110     218       0       0       0       0       0       000010000D0000089
     110       0       0       2       0                               0D0000090
     110     220       0       0       0       0       0       000010000D0000091
     110       0       0       2       0                               0D0000092
     110     222       0       0       0       0       0       000010000D0000093
     110       0       0       2       0                               0D0000094
     110     224       0       0       0       0       0       000010000D0000095
     110       0       0       2       0                               0D0000096
     110     226       0       0       0       0       0       000010000D0000097
     110       0       0       2       0                               0D0000098
     110     228       0       0       0       0       0       000010000D0000099
     110       0       0       1       0                               0D0000100
     110     229       0       0       0       0       0       000010000D0000101
     110       0       0       2       0                               0D0000102
     110     231       0       0       0       0       0       000010000D0000103
     110       0       0       2       0                               0D0000104
     110     233       0       0       0       0       0       000010000D0000105
     110       0       0       2       0                               0D0000106
     110     235       0       0       0       0       0       000010000D0000107
     110       0       0       2       0                               0D0000108
     110     237       0       0       0       0       0       000010000D0000109
     110       0       0       2       0                               0D0000110
     110     239       0       0       0       0       0       000010000D0000111
     110       0       0       2       0                               0D0000112
     110     241       0       0       0       0       0       000010000D0000113
     110       0       0       2       0                               0D0000114
     110     243       0       0       0       0       0       000010000D0000115
     110       0       0       2       0                               0D0000116
     110     245       0       0       0       0       0       000010000D0000117
     110       0       0       1       0                               0D0000118
     110     246       0       0       0       0       0       000010000D0000119
     110       0       0       2       0                               0D0000120
     110     248       0       0       0       0       0       000010000D0000121
     110       0       0       2       0                               0D0000122
     110     250       0       0       0       0       0       000010000D0000123
     110       0       0       2       0                               0D0000124
     110     252       0       0       0       0       0       000010000D0000125
     110       0       0       2       0                               0D0000126
     110     254       0       0       0       0       0       000010000D0000127
     110       0       0       2       0                               0D0000128
     110     256       0       0       0       0       0       000010000D0000129
     110       0       0       2       0                               0D0000130
     110     258       0       0       0       0       0       000010000D0000131
     110       0       0       2       0                               0D0000132
     110     260       0       0       0       0       0       000010000D0000133
     110       0       0       2       0                               0D0000134
     110     262       0       0       0       0       0       000010000D0000135
     110       0       0       2       0                               0D0000136
     110     264       0       0       0       0       0       000010000D0000137
     110       0       0       2       0                               0D0000138
     110     266       0       0       0       0       0       000010000D0000139
     110       0       0       2       0                               0D0000140
     110     268       0       0       0       0       0       000010000D0000141
     110       0       0       2       0                               0D0000142
     110     270       0       0       0       0       0       000010000D0000143
     110       0       0       2       0                               0D0000144
     110     272       0       0       0       0       0       000010000D0000145
     110       0       0       2       0                               0D0000146
     110     274       0       0       0       0       0       000010000D0000147
     110       0       0       2       0                               0D0000148
     110     276       0       0       0       0       0       000010000D0000149
     110       0       0       1       0                               0D0000150
     110     277       0       0       0       0       0       000010000D0000151
     110       0       0       2       0                               0D0000152
     110     279       0       0       0       0       0       000010000D0000153
     110       0       0       2       0                               0D0000154
     110     281       0       0       0       0       0       000010000D0000155
     110       0       0       2       0                               0D0000156
     110     283       0       0       0       0       0       000010000D0000157
     110       0       0       2       0                               0D0000158
     110     285       0       0       0       0       0       000010000D0000159
     110       0       0       2       0                               0D0000160
     110     287       0       0       0       0       0       000010000D0000161
     110       0       0       2       0                               0D0000162
     110     289       0       0       0       0       0       000010000D0000163
     110       0       0       2       0                               0D0000164
     110     291       0       0       0       0       0       000010000D0000165
     110       0       0       2       0                               0D0000166
     110     293       0       0       0       0       0       000010000D0000167
     110       0       0       2       0                               0D0000168
     110     295       0       0       0       0       0       000010000D0000169
     110       0       0       2       0                               0D0000170
     110     297       0       0       0       0       0       000010000D0000171
     110       0       0       2       0                               0D0000172
     110     299       0       0       0       0       0       000010000D0000173
     110       0       0       2       0                               0D0000174
     110     301       0       0       0       0       0       000010000D0000175
     110       0       0       2       0                               0D0000176
     110     303       0       0       0       0       0       000010000D0000177
     110       0       0       2       0                               0D0000178
     110     305       0       0       0       0       0       000010000D0000179
     110       0       0       2       0                               0D0000180
     110     307       0       0       0       0       0       000010000D0000181
     110       0       0       1       0                               0D0000182
     110     308       0       0       0       0       0       000010000D0000183
     110       0       0       2       0                               0D0000184
     110     310       0       0       0       0       0       000010000D0000185
     110       0       0       2       0                               0D0000186
     110     312       0       0       0       0       0       000010000D0000187
     110       0       0       2       0                               0D0000188
     110     314       0       0       0       0       0       000010000D0000189
     110       0       0       2       0                               0D0000190
     110     316       0       0       0       0       0       000010000D0000191
     110       0       0       2       0                               0D0000192
     110     318       0       0       0       0       0       000010000D0000193
     110       0       0       2       0                               0D0000194
     110     320       0       0       0       0       0       000010000D0000195
     110       0       0       2       0                               0D0000196
     110     322       0       0       0       0       0       000010000D0000197
     110       0       0       2       0                               0D0000198
     110     324       0       0       0       0       0       000010000D0000199
     110       0       0       1       0                               0D0000200
     110     325       0       0       0       0       0       000010000D0000201
     110       0       0       2       0                               0D0000202
     110     327       0       0       0       0       0       000010000D0000203
     110       0       0       2       0                               0D0000204
     110     329       0       0       0       0       0       000010000D0000205
     110       0       0       2       0                               0D0000206
     110     331       0       0       0       0       0       000010000D0000207
     110       0       0       2       0                               0D0000208
     110     333       0       0       0       0       0       000010000D0000209
     110       0       0       2       0                               0D0000210
     110     335       0       0       0       0       0       000010000D0000211
     110       0       0       2       0                               0D0000212
     110     337       0       0       0       0       0       000010000D0000213
     110       0       0       2       0                               0D0000214
     110     339       0       0       0       0       0       000010000D0000215
     110       0       0       2       0                               0D0000216
     110     341       0       0       0       0       0       000010000D0000217
     110       0       0       2       0                               0D0000218
     110     343       0       0       0       0       0       000010000D0000219
     110       0       0       2       0                               0D0000220
     110     345       0       0       0       0       0       000010000D0000221
     110       0       0       2       0                               0D0000222
     110     347       0       0       0       0       0       000010000D0000223
     110       0       0       2       0                               0D0000224
     110     349       0       0       0       0       0       000010000D0000225
     110       0       0       2       0                               0D0000226
     110     351       0       0       0       0       0       000010000D0000227
     110       0       0       2       0                               0D0000228
     110     353       0       0       0       0       0       000010000D0000229
     110       0       0       2       0                               0D0000230
     110     355       0       0       0       0       0       000010000D0000231
     110       0       0       2       0                               0D0000232
     110     357       0       0       0       0       0       000010000D0000233
     110       0       0       2       0                               0D0000234
     110     359       0       0       0       0       0       000010000D0000235
     110       0       0       2       0                               0D0000236
     110     361       0       0       0       0       0       000010000D0000237
     110       0       0       2       0                               0D0000238
     110     363       0       0       0       0       0       000010000D0000239
     110       0       0       2       0                               0D0000240
     110     365       0       0       0       0       0       000010000D0000241
     110       0       0       2       0                               0D0000242
     110     367       0       0       0       0       0       000010000D0000243
     110       0       0       2       0                               0D0000244
     110     369       0       0       0       0       0       000010000D0000245
     110       0       0       2       0                               0D0000246
     110     371       0       0       0       0       0       000010000D0000247
     110       0       0       2       0                               0D0000248
     110     373       0       0       0       0       0       000010000D0000249
     110       0       0       2       0                               0D0000250
     110     375       0       0       0       0       0       000010000D0000251
     110       0       0       1       0                               0D0000252
     110     376       0       0       0       0       0       000010000D0000253
     110       0       0       1       0                               0D0000254
     110     377       0       0       0       0       0       000010000D0000255
     110       0       0       2       0                               0D0000256
     110     379       0       0       0       0       0       000010000D0000257
     110       0       0       2       0                               0D0000258
     110     381       0       0       0       0       0       000010000D0000259
     110       0       0       1       0                               0D0000260
     110     382       0       0       0       0       0       000010000D0000261
     110       0       0       1       0                               0D0000262
     110     383       0       0       0       0       0       000010000D0000263
     110       0       0       2       0                               0D0000264
     110     385       0       0       0       0       0       000010000D0000265
     110       0       0       2       0                               0D0000266
     110     387       0       0       0       0       0       000010000D0000267
     110       0       0       1       0                               0D0000268
     110     388       0       0       0       0       0       000010000D0000269
     110       0       0       2       0                               0D0000270
     110     390       0       0       0       0       0       000010000D0000271
     110       0       0       2       0                               0D0000272
     110     392       0       0       0       0       0       000010000D0000273
     110       0       0       2       0                               0D0000274
     110     394       0       0       0       0       0       000010000D0000275
     110       0       0       2       0                               0D0000276
     110     396       0       0       0       0       0       000010000D0000277
     110       0       0       2       0                               0D0000278
     110     398       0       0       0       0       0       000010000D0000279
     110       0       0       1       0                               0D0000280
     110     399       0       0       0       0       0       000010000D0000281
     110       0       0       1       0                               0D0000282
     110     400       0       0       0       0       0       000010000D0000283
     110       0       0       2       0                               0D0000284
     110     402       0       0       0       0       0       000010000D0000285
     110       0       0       2       0                               0D0000286
     110     404       0       0       0       0       0       000010000D0000287
     110       0       0       1       0                               0D0000288
     110     405       0       0       0       0       0       000010000D0000289
     110       0       0       1       0                               0D0000290
     110     406       0       0       0       0       0       000010000D0000291
     110       0       0       2       0                               0D0000292
     110     408       0       0       0       0       0       000010000D0000293
     110       0       0       2       0                               0D0000294
     110     410       0       0       0       0       0       000010000D0000295
     110       0       0       2       0                               0D0000296
     110     412       0       0       0       0       0       000010000D0000297
     110       0       0       1       0                               0D0000298
     110     413       0       0       0       0       0       000010000D0000299
     110       0       0       2       0                               0D0000300
     110     415       0       0       0       0       0       000010000D0000301
     110       0       0       2       0                               0D0000302
     110     417       0       0       0       0       0       000010000D0000303
     110       0       0       2       0                               0D0000304
     110     419       0       0       0       0       0       000010000D0000305
     110       0       0       2       0                               0D0000306
     110     421       0       0       0       0       0       000010000D0000307
     110       0       0       2       0                               0D0000308
     110     423       0       0       0       0       0       000010000D0000309
     110       0       0       2       0                               0D0000310
     110     425       0       0       0       0       0       000010000D0000311
     110       0       0       2       0                               0D0000312
     110     427       0       0       0       0       0       000010000D0000313
     110       0       0       2       0                               0D0000314
     110     429       0       0       0       0       0       000010000D0000315
     110       0       0       2       0                               0D0000316
     110     431       0       0       0       0       0       000010000D0000317
     110       0       0       2       0                               0D0000318
     110     433       0       0       0       0       0       000010000D0000319
     110       0       0       2       0                               0D0000320
     110     435       0       0       0       0       0       000010000D0000321
     110       0       0       2       0                               0D0000322
     110     437       0       0       0       0       0       000010000D0000323
     110       0       0       1       0                               0D0000324
     110     438       0       0       0       0       0       000010000D0000325
     110       0       0       1       0                               0D0000326
     110     439       0       0       0       0       0       000010000D0000327
     110       0       0       2       0                               0D0000328
     110     441       0       0       0       0       0       000010000D0000329
     110       0       0       2       0                               0D0000330
     110     443       0       0       0       0       0       000010000D0000331
     110       0       0       1       0                               0D0000332
     110     444       0       0       0       0       0       000010000D0000333
     110       0       0       1       0                               0D0000334
     110     445       0       0       0       0       0       000010000D0000335
     110       0       0       2       0                               0D0000336
     110     447       0       0       0       0       0       000010000D0000337
     110       0       0       2       0                               0D0000338
     110     449       0       0       0       0       0       000010000D0000339
     110       0       0       1       0                               0D0000340
     110     450       0       0       0       0       0       000010000D0000341
     110       0       0       2       0                               0D0000342
     110     452       0       0       0       0       0       000010000D0000343
     110       0       0       2       0                               0D0000344
     110     454       0       0       0       0       0       000010000D0000345
     110       0       0       2       0                               0D0000346
     110     456       0       0       0       0       0       000010000D0000347
     110       0       0       2       0                               0D0000348
     110     458       0       0       0       0       0       000010000D0000349
     110       0       0       2       0                               0D0000350
     110     460       0       0       0       0       0       000010000D0000351
     110       0       0       2       0                               0D0000352
     110     462       0       0       0       0       0       000010000D0000353
     110       0       0       2       0                               0D0000354
     110     464       0       0       0       0       0       000010000D0000355
     110       0       0       2       0                               0D0000356
     110     466       0       0       0       0       0       000010000D0000357
     110       0       0       2       0                               0D0000358
     110     468       0       0       0       0       0       000010000D0000359
     110       0       0       1       0                               0D0000360
     110     469       0       0       0       0       0       000010000D0000361
     110       0       0       1       0                               0D0000362
     110     470       0       0       0       0       0       000010000D0000363
     110       0       0       2       0                               0D0000364
     110     472       0       0       0       0       0       000010000D0000365
     110       0       0       2       0                               0D0000366
     110     474       0       0       0       0       0       000010000D0000367
     110       0       0       1       0                               0D0000368
     110     475       0       0       0       0       0       000010000D0000369
     110       0       0       1       0                               0D0000370
     110     476       0       0       0       0       0       000010000D0000371
     110       0       0       2       0                               0D0000372
     110     478       0       0       0       0       0       000010000D0000373
     110       0       0       2       0                               0D0000374
     110     480       0       0       0       0       0       000010000D0000375
     110       0       0       2       0                               0D0000376
     110     482       0       0       0       0       0       000010000D0000377
     110       0       0       1       0                               0D0000378
     110     483       0       0       0       0       0       000010000D0000379
     110       0       0       2       0                               0D0000380
     110     485       0       0       0       0       0       000010000D0000381
     110       0       0       2       0                               0D0000382
     110     487       0       0       0       0       0       000010000D0000383
     110       0       0       2       0                               0D0000384
     110     489       0       0       0       0       0       000010000D0000385
     110       0       0       2       0                               0D0000386
     110     491       0       0       0       0       0       000010000D0000387
     110       0       0       1       0                               0D0000388
     110     492       0       0       0       0       0       000010000D0000389
     110       0       0       1       0                               0D0000390
     110     493       0       0       0       0       0       000010000D0000391
     110       0       0       2       0                               0D0000392
     110     495       0       0       0       0       0       000010000D0000393
     110       0       0       2       0                               0D0000394
     110     497       0       0       0       0       0       000010000D0000395
     110       0       0       1       0                               0D0000396
     110     498       0       0       0       0       0       000010000D0000397
     110       0       0       1       0                               0D0000398
     110     499       0       0       0       0       0       000010000D0000399
     110       0       0       2       0                               0D0000400
     110     501       0       0       0       0       0       000010000D0000401
     110       0       0       2       0                               0D0000402
     110     503       0       0       0       0       0       000010000D0000403
     110       0       0       1       0                               0D0000404
     110     504       0       0       0       0       0       000010000D0000405
     110       0       0       2       0                               0D0000406
     110     506       0       0       0       0       0       000010000D0000407
     110       0       0       2       0                               0D0000408
     110     508       0       0       0       0       0       000010000D0000409
     110       0       0       2       0                               0D0000410
     110     510       0       0       0       0       0       000010000D0000411
     110       0       0       2       0                               0D0000412
     110     512       0       0       0       0       0       000010000D0000413
     110       0       0       2       0                               0D0000414
     110     514       0       0       0       0       0       000010000D0000415
     110       0       0       2       0                               0D0000416
     110     516       0       0       0       0       0       000010000D0000417
     110       0       0       2       0                               0D0000418
     110     518       0       0       0       0       0       000010000D0000419
     110       0       0       2       0                               0D0000420
     110     520       0       0       0       0       0       000010000D0000421
     110       0       0       2       0                               0D0000422
     110     522       0       0       0       0       0       000010000D0000423
     110       0       0       2       0                               0D0000424
     110     524       0       0       0       0       0       000010000D0000425
     110       0       0       2       0                               0D0000426
     110     526       0       0       0       0       0       000010000D0000427
     110       0       0       2       0                               0D0000428
     110     528       0       0       0       0       0       000010000D0000429
     110       0       0       2       0                               0D0000430
     110     530       0       0       0       0       0       000010000D0000431
     110       0       0       1       0                               0D0000432
     110     531       0       0       0       0       0       000010000D0000433
     110       0       0       1       0                               0D0000434
     110     532       0       0       0       0       0       000010000D0000435
     110       0       0       2       0                               0D0000436
     110     534       0       0       0       0       0       000010000D0000437
     110       0       0       2       0                               0D0000438
     110     536       0       0       0       0       0       000010000D0000439
     110       0       0       1       0                               0D0000440
     110     537       0       0       0       0       0       000010000D0000441
     110       0       0       1       0                               0D0000442
     110     538       0       0       0       0       0       000010000D0000443
     110       0       0       2       0                               0D0000444
     110     540       0       0       0       0       0       000010000D0000445
     110       0       0       2       0                               0D0000446
     110     542       0       0       0       0       0       000010000D0000447
     110       0       0       2       0                               0D0000448
     110     544       0       0       0       0       0       000010000D0000449
     110       0       0       1       0                               0D0000450
     110     545       0       0       0       0       0       000010000D0000451
     110       0       0       2       0                               0D0000452
     110     547       0       0       0       0       0       000010000D0000453
     110       0       0       2       0                               0D0000454
     110     549       0       0       0       0       0       000010000D0000455
     110       0       0       2       0                               0D0000456
     110     551       0       0       0       0       0       000010000D0000457
     110       0       0       2       0                               0D0000458
     110     553       0       0       0       0       0       000010000D0000459
     110       0       0       2       0                               0D0000460
     110     555       0       0       0       0       0       000010000D0000461
     110       0       0       2       0                               0D0000462
     110     557       0       0       0       0       0       000010000D0000463
     110       0       0       2       0                               0D0000464
     110     559       0       0       0       0       0       000010000D0000465
     110       0       0       2       0                               0D0000466
     110     561       0       0       0       0       0       000010000D0000467
     110       0       0       2       0                               0D0000468
     110     563       0       0       0       0       0       000010000D0000469
     110       0       0       2       0                               0D0000470
     110     565       0       0       0       0       0       000010000D0000471
     110       0       0       2       0                               0D0000472
     110     567       0       0       0       0       0       000010000D0000473
     110       0       0       2       0                               0D0000474
     110     569       0       0       0       0       0       000010000D0000475
     110       0       0       2       0                               0D0000476
     110     571       0       0       0       0       0       000010000D0000477
     110       0       0       2       0                               0D0000478
     110     573       0       0       0       0       0       000010000D0000479
     110       0       0       1       0                               0D0000480
     110     574       0       0       0       0       0       000010000D0000481
     110       0       0       2       0                               0D0000482
     110     576       0       0       0       0       0       000010000D0000483
     110       0       0       1       0                               0D0000484
     110     577       0       0       0       0       0       000010000D0000485
     110       0       0       2       0                               0D0000486
     110     579       0       0       0       0       0       000010000D0000487
     110       0       0       2       0                               0D0000488
     110     581       0       0       0       0       0       000010000D0000489
     110       0       0       2       0                               0D0000490
     110     583       0       0       0       0       0       000010000D0000491
     110       0       0       2       0                               0D0000492
     110     585       0       0       0       0       0       000010000D0000493
     110       0       0       1       0                               0D0000494
     110     586       0       0       0       0       0       000010000D0000495
     110       0       0       2       0                               0D0000496
     110     588       0       0       0       0       0       000010000D0000497
     110       0       0       1       0                               0D0000498
     110     589       0       0       0       0       0       000010000D0000499
     110       0       0       2       0                               0D0000500
     110     591       0       0       0       0       0       000010000D0000501
     110       0       0       2       0                               0D0000502
     110     593       0       0       0       0       0       000010000D0000503
     110       0       0       2       0                               0D0000504
     110     595       0       0       0       0       0       000010000D0000505
     110       0       0       2       0                               0D0000506
     110     597       0       0       0       0       0       000010000D0000507
     110       0       0       2       0                               0D0000508
     110     599       0       0       0       0       0       000010000D0000509
     110       0       0       2       0                               0D0000510
     110     601       0       0       0       0       0       000010000D0000511
     110       0       0       2       0                               0D0000512
     110     603       0       0       0       0       0       000010000D0000513
     110       0       0       2       0                               0D0000514
     110     605       0       0       0       0       0       000010000D0000515
     110       0       0       1       0                               0D0000516
     110     606       0       0       0       0       0       000010000D0000517
     110       0       0       2       0                               0D0000518
     110     608       0       0       0       0       0       000010000D0000519
     110       0       0       1       0                               0D0000520
     110     609       0       0       0       0       0       000010000D0000521
     110       0       0       2       0                               0D0000522
     110     611       0       0       0       0       0       000010000D0000523
     110       0       0       2       0                               0D0000524
     510     613       0       0       0       0       0       000010000D0000525
     510       0       0       1       1                               0D0000526
     190     614       0       0       0       0       0       000010000D0000527
     190       0       0       1       1                               0D0000528
     116     615       0       0       0       0       0       000010400D0000529
     116       0       0       1       0                               0D0000530
     123     616       0       0       0       0       0       000010200D0000531
     123       0       0       1       0                               0D0000532
     123     617       0       0       0       0       0       000010200D0000533
     123       0       0       1       0                               0D0000534
     508     618       0       0       0       0       0       000010000D0000535
     508       0       0       1       1                               0D0000536
     510     619       0       0       0       0       0       000010000D0000537
     510       0       0       1       1                               0D0000538
     190     620       0       0       0       0       0       000010000D0000539
     190       0       0       1       1                               0D0000540
     116     621       0       0       0       0       0       000010400D0000541
     116       0       0       1       0                               0D0000542
     123     622       0       0       0       0       0       000010200D0000543
     123       0       0       1       0                               0D0000544
     123     623       0       0       0       0       0       000010200D0000545
     123       0       0       1       0                               0D0000546
     508     624       0       0       0       0       0       000010000D0000547
     508       0       0       1       1                               0D0000548
     510     625       0       0       0       0       0       000010000D0000549
     510       0       0       1       1                               0D0000550
     190     626       0       0       0       0       0       000010000D0000551
     190       0       0       1       1                               0D0000552
     116     627       0       0       0       0       0       000010400D0000553
     116       0       0       1       0                               0D0000554
     123     628       0       0       0       0       0       000010200D0000555
     123       0       0       1       0                               0D0000556
     123     629       0       0       0       0       0       000010200D0000557
     123       0       0       1       0                               0D0000558
     508     630       0       0       0       0       0       000010000D0000559
     508       0       0       1       1                               0D0000560
     510     631       0       0       0       0       0       000010000D0000561
     510       0       0       1       1                               0D0000562
     190     632       0       0       0       0       0       000010000D0000563
     190       0       0       1       1                               0D0000564
     116     633       0       0       0       0       0       000010400D0000565
     116       0       0       1       0                               0D0000566
     123     634       0       0       0       0       0       000010200D0000567
     123       0       0       1       0                               0D0000568
     123     635       0       0       0       0       0       000010200D0000569
     123       0       0       1       0                               0D0000570
     508     636       0       0       0       0       0       000010000D0000571
     508       0       0       1       1                               0D0000572
     510     637       0       0       0       0       0       000010000D0000573
     510       0       0       1       1                               0D0000574
     190     638       0       0       0       0       0       000010000D0000575
     190       0       0       1       1                               0D0000576
     116     639       0       0       0       0       0       000010400D0000577
     116       0       0       1       0                               0D0000578
     123     640       0       0       0       0       0       000010200D0000579
     123       0       0       1       0                               0D0000580
     123     641       0       0       0       0       0       000010200D0000581
     123       0       0       1       0                               0D0000582
     508     642       0       0       0       0       0       000010000D0000583
     508       0       0       1       1                               0D0000584
     510     643       0       0       0       0       0       000010000D0000585
     510       0       0       1       1                               0D0000586
     190     644       0       0       0       0       0       000010000D0000587
     190       0       0       1       1                               0D0000588
     116     645       0       0       0       0       0       000010400D0000589
     116       0       0       1       0                               0D0000590
     123     646       0       0       0       0       0       000010200D0000591
     123       0       0       1       0                               0D0000592
     123     647       0       0       0       0       0       000010200D0000593
     123       0       0       1       0                               0D0000594
     508     648       0       0       0       0       0       000010000D0000595
     508       0       0       1       1                               0D0000596
     510     649       0       0       0       0       0       000010000D0000597
     510       0       0       1       1                               0D0000598
     190     650       0       0       0       0       0       000010000D0000599
     190       0       0       1       1                               0D0000600
     116     651       0       0       0       0       0       000010400D0000601
     116       0       0       1       0                               0D0000602
     123     652       0       0       0       0       0       000010200D0000603
     123       0       0       1       0                               0D0000604
     123     653       0       0       0       0       0       000010200D0000605
     123       0       0       1       0                               0D0000606
     508     654       0       0       0       0       0       000010000D0000607
     508       0       0       1       1                               0D0000608
     510     655       0       0       0       0       0       000010000D0000609
     510       0       0       1       1                               0D0000610
     190     656       0       0       0       0       0       000010000D0000611
     190       0       0       1       1                               0D0000612
     116     657       0       0       0       0       0       000010400D0000613
     116       0       0       1       0                               0D0000614
     123     658       0       0       0       0       0       000010200D0000615
     123       0       0       1       0                               0D0000616
     123     659       0       0       0       0       0       000010200D0000617
     123       0       0       1       0                               0D0000618
     508     660       0       0       0       0       0       000010000D0000619
     508       0       0       7       1                               0D0000620
     510     667       0       0       0       0       0       000010000D0000621
     510       0       0       1       1                               0D0000622
     190     668       0       0       0       0       0       000010000D0000623
     190       0       0       1       1                               0D0000624
     116     669       0       0       0       0       0       000010400D0000625
     116       0       0       1       0                               0D0000626
     123     670       0       0       0       0       0       000010200D0000627
     123       0       0       1       0                               0D0000628
     123     671       0       0       0       0       0       000010200D0000629
     123       0       0       1       0                               0D0000630
     508     672       0       0       0       0       0       000010000D0000631
     508       0       0       1       1                               0D0000632
     510     673       0       0       0       0       0       000010000D0000633
     510       0       0       1       1                               0D0000634
     190     674       0       0       0       0       0       000010000D0000635
     190       0       0       1       1                               0D0000636
     116     675       0       0       0       0       0       000010400D0000637
     116       0       0       1       0                               0D0000638
     123     676       0       0       0       0       0       000010200D0000639
     123       0       0       1       0                               0D0000640
     123     677       0       0       0       0       0       000010200D0000641
     123       0       0       1       0                               0D0000642
     508     678       0       0       0       0       0       000010000D0000643
     508       0       0       7       1                               0D0000644
     510     685       0       0       0       0       0       000010000D0000645
     510       0       0       1       1                               0D0000646
     190     686       0       0       0       0       0       000010000D0000647
     190       0       0       1       1                               0D0000648
     116     687       0       0       0       0       0       000010400D0000649
     116       0       0       1       0                               0D0000650
     123     688       0       0       0       0       0       000010200D0000651
     123       0       0       1       0                               0D0000652
     123     689       0       0       0       0       0       000010200D0000653
     123       0       0       1       0                               0D0000654
     508     690       0       0       0       0       0       000010000D0000655
     508       0       0       1       1                               0D0000656
     510     691       0       0       0       0       0       000010000D0000657
     510       0       0       1       1                               0D0000658
     190     692       0       0       0       0       0       000010000D0000659
     190       0       0       1       1                               0D0000660
     116     693       0       0       0       0       0       000010400D0000661
     116       0       0       1       0                               0D0000662
     123     694       0       0       0       0       0       000010200D0000663
     123       0       0       1       0                               0D0000664
     123     695       0       0       0       0       0       000010200D0000665
     123       0       0       1       0                               0D0000666
     508     696       0       0       0       0       0       000010000D0000667
     508       0       0       1       1                               0D0000668
     510     697       0       0       0       0       0       000010000D0000669
     510       0       0       1       1                               0D0000670
     190     698       0       0       0       0       0       000010000D0000671
     190       0       0       1       1                               0D0000672
     116     699       0       0       0       0       0       000010400D0000673
     116       0       0       1       0                               0D0000674
     123     700       0       0       0       0       0       000010200D0000675
     123       0       0       1       0                               0D0000676
     123     701       0       0       0       0       0       000010200D0000677
     123       0       0       1       0                               0D0000678
     508     702       0       0       0       0       0       000010000D0000679
     508       0       0       1       1                               0D0000680
     510     703       0       0       0       0       0       000010000D0000681
     510       0       0       1       1                               0D0000682
     190     704       0       0       0       0       0       000010000D0000683
     190       0       0       1       1                               0D0000684
     116     705       0       0       0       0       0       000010400D0000685
     116       0       0       1       0                               0D0000686
     123     706       0       0       0       0       0       000010200D0000687
     123       0       0       1       0                               0D0000688
     123     707       0       0       0       0       0       000010200D0000689
     123       0       0       1       0                               0D0000690
     508     708       0       0       0       0       0       000010000D0000691
     508       0       0       1       1                               0D0000692
     510     709       0       0       0       0       0       000010000D0000693
     510       0       0       1       1                               0D0000694
     190     710       0       0       0       0       0       000010000D0000695
     190       0       0       1       1                               0D0000696
     116     711       0       0       0       0       0       000010400D0000697
     116       0       0       1       0                               0D0000698
     123     712       0       0       0       0       0       000010200D0000699
     123       0       0       1       0                               0D0000700
     123     713       0       0       0       0       0       000010200D0000701
     123       0       0       1       0                               0D0000702
     508     714       0       0       0       0       0       000010000D0000703
     508       0       0       1       1                               0D0000704
     510     715       0       0       0       0       0       000010000D0000705
     510       0       0       1       1                               0D0000706
     190     716       0       0       0       0       0       000010000D0000707
     190       0       0       1       1                               0D0000708
     116     717       0       0       0       0       0       000010400D0000709
     116       0       0       1       0                               0D0000710
     123     718       0       0       0       0       0       000010200D0000711
     123       0       0       1       0                               0D0000712
     123     719       0       0       0       0       0       000010200D0000713
     123       0       0       1       0                               0D0000714
     508     720       0       0       0       0       0       000010000D0000715
     508       0       0       1       1                               0D0000716
     510     721       0       0       0       0       0       000010000D0000717
     510       0       0       1       1                               0D0000718
     190     722       0       0       0       0       0       000010000D0000719
     190       0       0       1       1                               0D0000720
     116     723       0       0       0       0       0       000010400D0000721
     116       0       0       1       0                               0D0000722
     123     724       0       0       0       0       0       000010200D0000723
     123       0       0       1       0                               0D0000724
     123     725       0       0       0       0       0       000010200D0000725
     123       0       0       1       0                               0D0000726
     508     726       0       0       0       0       0       000010000D0000727
     508       0       0       1       1                               0D0000728
     510     727       0       0       0       0       0       000010000D0000729
     510       0       0       1       1                               0D0000730
     190     728       0       0       0       0       0       000010000D0000731
     190       0       0       1       1                               0D0000732
     116     729       0       0       0       0       0       000010400D0000733
     116       0       0       1       0                               0D0000734
     123     730       0       0       0       0       0       000010200D0000735
     123       0       0       1       0                               0D0000736
     123     731       0       0       0       0       0       000010200D0000737
     123       0       0       1       0                               0D0000738
     508     732       0       0       0       0       0       000010000D0000739
     508       0       0       1       1                               0D0000740
     510     733       0       0       0       0       0       000010000D0000741
     510       0       0       1       1                               0D0000742
     190     734       0       0       0       0       0       000010000D0000743
     190       0       0       1       1                               0D0000744
     116     735       0       0       0       0       0       000010400D0000745
     116       0       0       1       0                               0D0000746
     123     736       0       0       0       0       0       000010200D0000747
     123       0       0       1       0                               0D0000748
     123     737       0       0       0       0       0       000010200D0000749
     123       0       0       1       0                               0D0000750
     508     738       0       0       0       0       0       000010000D0000751
     508       0       0       1       1                               0D0000752
     510     739       0       0       0       0       0       000010000D0000753
     510       0       0       1       1                               0D0000754
     190     740       0       0       0       0       0       000010000D0000755
     190       0       0       1       1                               0D0000756
     116     741       0       0       0       0       0       000010400D0000757
     116       0       0       1       0                               0D0000758
     123     742       0       0       0       0       0       000010200D0000759
     123       0       0       1       0                               0D0000760
     123     743       0       0       0       0       0       000010200D0000761
     123       0       0       1       0                               0D0000762
     508     744       0       0       0       0       0       000010000D0000763
     508       0       0       1       1                               0D0000764
     510     745       0       0       0       0       0       000010000D0000765
     510       0       0       1       1                               0D0000766
     190     746       0       0       0       0       0       000010000D0000767
     190       0       0       1       1                               0D0000768
     116     747       0       0       0       0       0       000010400D0000769
     116       0       0       1       0                               0D0000770
     123     748       0       0       0       0       0       000010200D0000771
     123       0       0       1       0                               0D0000772
     123     749       0       0       0       0       0       000010200D0000773
     123       0       0       1       0                               0D0000774
     508     750       0       0       0       0       0       000010000D0000775
     508       0       0       1       1                               0D0000776
     510     751       0       0       0       0       0       000010000D0000777
     510       0       0       1       1                               0D0000778
     190     752       0       0       0       0       0       000010000D0000779
     190       0       0       1       1                               0D0000780
     116     753       0       0       0       0       0       000010400D0000781
     116       0       0       1       0                               0D0000782
     123     754       0       0       0       0       0       000010200D0000783
     123       0       0       1       0                               0D0000784
     123     755       0       0       0       0       0       000010200D0000785
     123       0       0       1       0                               0D0000786
     508     756       0       0       0       0       0       000010000D0000787
     508       0       0       1       1                               0D0000788
     510     757       0       0       0       0       0       000010000D0000789
     510       0       0       1       1                               0D0000790
     190     758       0       0       0       0       0       000010000D0000791
     190       0       0       1       1                               0D0000792
     116     759       0       0       0       0       0       000010400D0000793
     116       0       0       1       0                               0D0000794
     123     760       0       0       0       0       0       000010200D0000795
     123       0       0       1       0                               0D0000796
     123     761       0       0       0       0       0       000010200D0000797
     123       0       0       1       0                               0D0000798
     508     762       0       0       0       0       0       000010000D0000799
     508       0       0       1       1                               0D0000800
     510     763       0       0       0       0       0       000010000D0000801
     510       0       0       1       1                               0D0000802
     190     764       0       0       0       0       0       000010000D0000803
     190       0       0       1       1                               0D0000804
     116     765       0       0       0       0       0       000010400D0000805
     116       0       0       1       0                               0D0000806
     123     766       0       0       0       0       0       000010200D0000807
     123       0       0       1       0                               0D0000808
     123     767       0       0       0       0       0       000010200D0000809
     123       0       0       1       0                               0D0000810
     508     768       0       0       0       0       0       000010000D0000811
     508       0       0       1       1                               0D0000812
     510     769       0       0       0       0       0       000010000D0000813
     510       0       0       1       1                               0D0000814
     190     770       0       0       0       0       0       000010000D0000815
     190       0       0       1       1                               0D0000816
     116     771       0       0       0       0       0       000010400D0000817
     116       0       0       1       0                               0D0000818
     123     772       0       0       0       0       0       000010200D0000819
     123       0       0       1       0                               0D0000820
     123     773       0       0       0       0       0       000010200D0000821
     123       0       0       1       0                               0D0000822
     508     774       0       0       0       0       0       000010000D0000823
     508       0       0       1       1                               0D0000824
     510     775       0       0       0       0       0       000010000D0000825
     510       0       0       1       1                               0D0000826
     190     776       0       0       0       0       0       000010000D0000827
     190       0       0       1       1                               0D0000828
     116     777       0       0       0       0       0       000010400D0000829
     116       0       0       1       0                               0D0000830
     123     778       0       0       0       0       0       000010200D0000831
     123       0       0       1       0                               0D0000832
     123     779       0       0       0       0       0       000010200D0000833
     123       0       0       1       0                               0D0000834
     508     780       0       0       0       0       0       000010000D0000835
     508       0       0       1       1                               0D0000836
     510     781       0       0       0       0       0       000010000D0000837
     510       0       0       1       1                               0D0000838
     190     782       0       0       0       0       0       000010000D0000839
     190       0       0       1       1                               0D0000840
     116     783       0       0       0       0       0       000010400D0000841
     116       0       0       1       0                               0D0000842
     123     784       0       0       0       0       0       000010200D0000843
     123       0       0       1       0                               0D0000844
     123     785       0       0       0       0       0       000010200D0000845
     123       0       0       1       0                               0D0000846
     508     786       0       0       0       0       0       000010000D0000847
     508       0       0       1       1                               0D0000848
     510     787       0       0       0       0       0       000010000D0000849
     510       0       0       1       1                               0D0000850
     190     788       0       0       0       0       0       000010000D0000851
     190       0       0       1       1                               0D0000852
     116     789       0       0       0       0       0       000010400D0000853
     116       0       0       1       0                               0D0000854
     123     790       0       0       0       0       0       000010200D0000855
     123       0       0       1       0                               0D0000856
     123     791       0       0       0       0       0       000010200D0000857
     123       0       0       1       0                               0D0000858
     508     792       0       0       0       0       0       000010000D0000859
     508       0       0       1       1                               0D0000860
     510     793       0       0       0       0       0       000010000D0000861
     510       0       0       1       1                               0D0000862
     190     794       0       0       0       0       0       000010000D0000863
     190       0       0       1       1                               0D0000864
     116     795       0       0       0       0       0       000010400D0000865
     116       0       0       1       0                               0D0000866
     123     796       0       0       0       0       0       000010200D0000867
     123       0       0       1       0                               0D0000868
     123     797       0       0       0       0       0       000010200D0000869
     123       0       0       1       0                               0D0000870
     508     798       0       0       0       0       0       000010000D0000871
     508       0       0       1       1                               0D0000872
     510     799       0       0       0       0       0       000010000D0000873
     510       0       0       1       1                               0D0000874
     190     800       0       0       0       0       0       000010000D0000875
     190       0       0       1       1                               0D0000876
     116     801       0       0       0       0       0       000010400D0000877
     116       0       0       1       0                               0D0000878
     123     802       0       0       0       0       0       000010200D0000879
     123       0       0       1       0                               0D0000880
     123     803       0       0       0       0       0       000010200D0000881
     123       0       0       1       0                               0D0000882
     508     804       0       0       0       0       0       000010000D0000883
     508       0       0       1       1                               0D0000884
     510     805       0       0       0       0       0       000010000D0000885
     510       0       0       1       1                               0D0000886
     190     806       0       0       0       0       0       000010000D0000887
     190       0       0       1       1                               0D0000888
     116     807       0       0       0       0       0       000010400D0000889
     116       0       0       1       0                               0D0000890
     123     808       0       0       0       0       0       000010200D0000891
     123       0       0       1       0                               0D0000892
     123     809       0       0       0       0       0       000010200D0000893
     123       0       0       1       0                               0D0000894
     508     810       0       0       0       0       0       000010000D0000895
     508       0       0       1       1                               0D0000896
     510     811       0       0       0       0       0       000010000D0000897
     510       0       0       1       1                               0D0000898
     190     812       0       0       0       0       0       000010000D0000899
     190       0       0       1       1                               0D0000900
     116     813       0       0       0       0       0       000010400D0000901
     116       0       0       1       0                               0D0000902
     123     814       0       0       0       0       0       000010200D0000903
     123       0       0       1       0                               0D0000904
     123     815       0       0       0       0       0       000010200D0000905
     123       0       0       1       0                               0D0000906
     508     816       0       0       0       0       0       000010000D0000907
     508       0       0       1       1                               0D0000908
     510     817       0       0       0       0       0       000010000D0000909
     510       0       0       1       1                               0D0000910
     190     818       0       0       0       0       0       000010000D0000911
     190       0       0       1       1                               0D0000912
     116     819       0       0       0       0       0       000010400D0000913
     116       0       0       1       0                               0D0000914
     123     820       0       0       0       0       0       000010200D0000915
     123       0       0       1       0                               0D0000916
     123     821       0       0       0       0       0       000010200D0000917
     123       0       0       1       0                               0D0000918
     508     822       0       0       0       0       0       000010000D0000919
     508       0       0       1       1                               0D0000920
     510     823       0       0       0       0       0       000010000D0000921
     510       0       0       1       1                               0D0000922
     190     824       0       0       0       0       0       000010000D0000923
     190       0       0       1       1                               0D0000924
     116     825       0       0       0       0       0       000010400D0000925
     116       0       0       1       0                               0D0000926
     123     826       0       0       0       0       0       000010200D0000927
     123       0       0       1       0                               0D0000928
     123     827       0       0       0       0       0       000010200D0000929
     123       0       0       1       0                               0D0000930
     508     828       0       0       0       0       0       000010000D0000931
     508       0       0       1       1                               0D0000932
     510     829       0       0       0       0       0       000010000D0000933
     510       0       0       1       1                               0D0000934
     190     830       0       0       0       0       0       000010000D0000935
     190       0       0       1       1                               0D0000936
     116     831       0       0       0       0       0       000010400D0000937
     116       0       0       1       0                               0D0000938
     123     832       0       0       0       0       0       000010200D0000939
     123       0       0       1       0                               0D0000940
     123     833       0       0       0       0       0       000010200D0000941
     123       0       0       1       0                               0D0000942
     508     834       0       0       0       0       0       000010000D0000943
     508       0       0       1       1                               0D0000944
     510     835       0       0       0       0       0       000010000D0000945
     510       0       0       1       1                               0D0000946
     190     836       0       0       0       0       0       000010000D0000947
     190       0       0       1       1                               0D0000948
     116     837       0       0       0       0       0       000010400D0000949
     116       0       0       1       0                               0D0000950
     123     838       0       0       0       0       0       000010200D0000951
     123       0       0       1       0                               0D0000952
     123     839       0       0       0       0       0       000010200D0000953
     123       0       0       1       0                               0D0000954
     508     840       0       0       0       0       0       000010000D0000955
     508       0       0       1       1                               0D0000956
     510     841       0       0       0       0       0       000010000D0000957
     510       0       0       1       1                               0D0000958
     190     842       0       0       0       0       0       000010000D0000959
     190       0       0       1       1                               0D0000960
     116     843       0       0       0       0       0       000010400D0000961
     116       0       0       1       0                               0D0000962
     123     844       0       0       0       0       0       000010200D0000963
     123       0       0       1       0                               0D0000964
     123     845       0       0       0       0       0       000010200D0000965
     123       0       0       1       0                               0D0000966
     508     846       0       0       0       0       0       000010000D0000967
     508       0       0       1       1                               0D0000968
     510     847       0       0       0       0       0       000010000D0000969
     510       0       0       1       1                               0D0000970
     190     848       0       0       0       0       0       000010000D0000971
     190       0       0       1       1                               0D0000972
     116     849       0       0       0       0       0       000010400D0000973
     116       0       0       1       0                               0D0000974
     123     850       0       0       0       0       0       000010200D0000975
     123       0       0       1       0                               0D0000976
     123     851       0       0       0       0       0       000010200D0000977
     123       0       0       1       0                               0D0000978
     508     852       0       0       0       0       0       000010000D0000979
     508       0       0       1       1                               0D0000980
     510     853       0       0       0       0       0       000010000D0000981
     510       0       0       1       1                               0D0000982
     190     854       0       0       0       0       0       000010000D0000983
     190       0       0       1       1                               0D0000984
     116     855       0       0       0       0       0       000010400D0000985
     116       0       0       1       0                               0D0000986
     123     856       0       0       0       0       0       000010200D0000987
     123       0       0       1       0                               0D0000988
     123     857       0       0       0       0       0       000010200D0000989
     123       0       0       1       0                               0D0000990
     508     858       0       0       0       0       0       000010000D0000991
     508       0       0       1       1                               0D0000992
     510     859       0       0       0       0       0       000010000D0000993
     510       0       0       1       1                               0D0000994
     190     860       0       0       0       0       0       000010000D0000995
     190       0       0       1       1                               0D0000996
     116     861       0       0       0       0       0       000010400D0000997
     116       0       0       1       0                               0D0000998
     123     862       0       0       0       0       0       000010200D0000999
     123       0       0       1       0                               0D0001000
     123     863       0       0       0       0       0       000010200D0001001
     123       0       0       1       0                               0D0001002
     508     864       0       0       0       0       0       000010000D0001003
     508       0       0       1       1                               0D0001004
     510     865       0       0       0       0       0       000010000D0001005
     510       0       0       1       1                               0D0001006
     190     866       0       0       0       0       0       000010000D0001007
     190       0       0       1       1                               0D0001008
     116     867       0       0       0       0       0       000010400D0001009
     116       0       0       1       0                               0D0001010
     123     868       0       0       0       0       0       000010200D0001011
     123       0       0       1       0                               0D0001012
     123     869       0       0       0       0       0       000010200D0001013
     123       0       0       1       0                               0D0001014
     508     870       0       0       0       0       0       000010000D0001015
     508       0       0       1       1                               0D0001016
     510     871       0       0       0       0       0       000010000D0001017
     510       0       0       1       1                               0D0001018
     190     872       0       0       0       0       0       000010000D0001019
     190       0       0       1       1                               0D0001020
     116     873       0       0       0       0       0       000010400D0001021
     116       0       0       1       0                               0D0001022
     123     874       0       0       0       0       0       000010200D0001023
     123       0       0       1       0                               0D0001024
     123     875       0       0       0       0       0       000010200D0001025
     123       0       0       1       0                               0D0001026
     508     876       0       0       0       0       0       000010000D0001027
     508       0       0       1       1                               0D0001028
     510     877       0       0       0       0       0       000010000D0001029
     510       0       0       1       1                               0D0001030
     190     878       0       0       0       0       0       000010000D0001031
     190       0       0       1       1                               0D0001032
     116     879       0       0       0       0       0       000010400D0001033
     116       0       0       1       0                               0D0001034
     123     880       0       0       0       0       0       000010200D0001035
     123       0       0       1       0                               0D0001036
     123     881       0       0       0       0       0       000010200D0001037
     123       0       0       1       0                               0D0001038
     508     882       0       0       0       0       0       000010000D0001039
     508       0       0       1       1                               0D0001040
     510     883       0       0       0       0       0       000010000D0001041
     510       0       0       1       1                               0D0001042
     190     884       0       0       0       0       0       000010000D0001043
     190       0       0       1       1                               0D0001044
     116     885       0       0       0       0       0       000010400D0001045
     116       0       0       1       0                               0D0001046
     123     886       0       0       0       0       0       000010200D0001047
     123       0       0       1       0                               0D0001048
     123     887       0       0       0       0       0       000010200D0001049
     123       0       0       1       0                               0D0001050
     508     888       0       0       0       0       0       000010000D0001051
     508       0       0       1       1                               0D0001052
     510     889       0       0       0       0       0       000010000D0001053
     510       0       0       1       1                               0D0001054
     190     890       0       0       0       0       0       000010000D0001055
     190       0       0       1       1                               0D0001056
     116     891       0       0       0       0       0       000010400D0001057
     116       0       0       1       0                               0D0001058
     123     892       0       0       0       0       0       000010200D0001059
     123       0       0       1       0                               0D0001060
     123     893       0       0       0       0       0       000010200D0001061
     123       0       0       1       0                               0D0001062
     508     894       0       0       0       0       0       000010000D0001063
     508       0       0       1       1                               0D0001064
     510     895       0       0       0       0       0       000010000D0001065
     510       0       0       1       1                               0D0001066
     190     896       0       0       0       0       0       000010000D0001067
     190       0       0       1       1                               0D0001068
     116     897       0       0       0       0       0       000010400D0001069
     116       0       0       1       0                               0D0001070
     123     898       0       0       0       0       0       000010200D0001071
     123       0       0       1       0                               0D0001072
     123     899       0       0       0       0       0       000010200D0001073
     123       0       0       1       0                               0D0001074
     508     900       0       0       0       0       0       000010000D0001075
     508       0       0       1       1                               0D0001076
     510     901       0       0       0       0       0       000010000D0001077
     510       0       0       1       1                               0D0001078
     190     902       0       0       0       0       0       000010000D0001079
     190       0       0       1       1                               0D0001080
     116     903       0       0       0       0       0       000010400D0001081
     116       0       0       1       0                               0D0001082
     123     904       0       0       0       0       0       000010200D0001083
     123       0       0       1       0                               0D0001084
     123     905       0       0       0       0       0       000010200D0001085
     123       0       0       1       0                               0D0001086
     508     906       0       0       0       0       0       000010000D0001087
     508       0       0       1       1                               0D0001088
     510     907       0       0       0       0       0       000010000D0001089
     510       0       0       1       1                               0D0001090
     190     908       0       0       0       0       0       000010000D0001091
     190       0       0       1       1                               0D0001092
     116     909       0       0       0       0       0       000010400D0001093
     116       0       0       1       0                               0D0001094
     123     910       0       0       0       0       0       000010200D0001095
     123       0       0       1       0                               0D0001096
     123     911       0       0       0       0       0       000010200D0001097
     123       0       0       1       0                               0D0001098
     508     912       0       0       0       0       0       000010000D0001099
     508       0       0       1       1                               0D0001100
     510     913       0       0       0       0       0       000010000D0001101
     510       0       0       1       1                               0D0001102
     190     914       0       0       0       0       0       000010000D0001103
     190       0       0       1       1                               0D0001104
     116     915       0       0       0       0       0       000010400D0001105
     116       0       0       1       0                               0D0001106
     123     916       0       0       0       0       0       000010200D0001107
     123       0       0       1       0                               0D0001108
     123     917       0       0       0       0       0       000010200D0001109
     123       0       0       1       0                               0D0001110
     508     918       0       0       0       0       0       000010000D0001111
     508       0       0       1       1                               0D0001112
     510     919       0       0       0       0       0       000010000D0001113
     510       0       0       1       1                               0D0001114
     190     920       0       0       0       0       0       000010000D0001115
     190       0       0       1       1                               0D0001116
     116     921       0       0       0       0       0       000010400D0001117
     116       0       0       1       0                               0D0001118
     123     922       0       0       0       0       0       000010200D0001119
     123       0       0       1       0                               0D0001120
     123     923       0       0       0       0       0       000010200D0001121
     123       0       0       1       0                               0D0001122
     508     924       0       0       0       0       0       000010000D0001123
     508       0       0       1       1                               0D0001124
     510     925       0       0       0       0       0       000010000D0001125
     510       0       0       1       1                               0D0001126
     190     926       0       0       0       0       0       000010000D0001127
     190       0       0       1       1                               0D0001128
     116     927       0       0       0       0       0       000010400D0001129
     116       0       0       1       0                               0D0001130
     123     928       0       0       0       0       0       000010200D0001131
     123       0       0       1       0                               0D0001132
     123     929       0       0       0       0       0       000010200D0001133
     123       0       0       1       0                               0D0001134
     508     930       0       0       0       0       0       000010000D0001135
     508       0       0       1       1                               0D0001136
     510     931       0       0       0       0       0       000010000D0001137
     510       0       0       1       1                               0D0001138
     190     932       0       0       0       0       0       000010000D0001139
     190       0       0       1       1                               0D0001140
     116     933       0       0       0       0       0       000010400D0001141
     116       0       0       1       0                               0D0001142
     123     934       0       0       0       0       0       000010200D0001143
     123       0       0       1       0                               0D0001144
     123     935       0       0       0       0       0       000010200D0001145
     123       0       0       1       0                               0D0001146
     508     936       0       0       0       0       0       000010000D0001147
     508       0       0       1       1                               0D0001148
     510     937       0       0       0       0       0       000010000D0001149
     510       0       0       1       1                               0D0001150
     190     938       0       0       0       0       0       000010000D0001151
     190       0       0       1       1                               0D0001152
     116     939       0       0       0       0       0       000010400D0001153
     116       0       0       1       0                               0D0001154
     123     940       0       0       0       0       0       000010200D0001155
     123       0       0       1       0                               0D0001156
     123     941       0       0       0       0       0       000010200D0001157
     123       0       0       1       0                               0D0001158
     508     942       0       0       0       0       0       000010000D0001159
     508       0       0       1       1                               0D0001160
     510     943       0       0       0       0       0       000010000D0001161
     510       0       0       1       1                               0D0001162
     190     944       0       0       0       0       0       000010000D0001163
     190       0       0       1       1                               0D0001164
     116     945       0       0       0       0       0       000010400D0001165
     116       0       0       1       0                               0D0001166
     123     946       0       0       0       0       0       000010200D0001167
     123       0       0       1       0                               0D0001168
     123     947       0       0       0       0       0       000010200D0001169
     123       0       0       1       0                               0D0001170
     508     948       0       0       0       0       0       000010000D0001171
     508       0       0       1       1                               0D0001172
     510     949       0       0       0       0       0       000010000D0001173
     510       0       0       1       1                               0D0001174
     190     950       0       0       0       0       0       000010000D0001175
     190       0       0       1       1                               0D0001176
     116     951       0       0       0       0       0       000010400D0001177
     116       0       0       1       0                               0D0001178
     123     952       0       0       0       0       0       000010200D0001179
     123       0       0       1       0                               0D0001180
     123     953       0       0       0       0       0       000010200D0001181
     123       0       0       1       0                               0D0001182
     508     954       0       0       0       0       0       000010000D0001183
     508       0       0       1       1                               0D0001184
     510     955       0       0       0       0       0       000010000D0001185
     510       0       0       1       1                               0D0001186
     190     956       0       0       0       0       0       000010000D0001187
     190       0       0       1       1                               0D0001188
     116     957       0       0       0       0       0       000010400D0001189
     116       0       0       1       0                               0D0001190
     123     958       0       0       0       0       0       000010200D0001191
     123       0       0       1       0                               0D0001192
     123     959       0       0       0       0       0       000010200D0001193
     123       0       0       1       0                               0D0001194
     508     960       0       0       0       0       0       000010000D0001195
     508       0       0       1       1                               0D0001196
     510     961       0       0       0       0       0       000010000D0001197
     510       0       0       1       1                               0D0001198
     190     962       0       0       0       0       0       000010000D0001199
     190       0       0       1       1                               0D0001200
     116     963       0       0       0       0       0       000010400D0001201
     116       0       0       1       0                               0D0001202
     123     964       0       0       0       0       0       000010200D0001203
     123       0       0       1       0                               0D0001204
     123     965       0       0       0       0       0       000010200D0001205
     123       0       0       1       0                               0D0001206
     508     966       0       0       0       0       0       000010000D0001207
     508       0       0       1       1                               0D0001208
     510     967       0       0       0       0       0       000010000D0001209
     510       0       0       1       1                               0D0001210
     190     968       0       0       0       0       0       000010000D0001211
     190       0       0       1       1                               0D0001212
     116     969       0       0       0       0       0       000010400D0001213
     116       0       0       1       0                               0D0001214
     123     970       0       0       0       0       0       000010200D0001215
     123       0       0       1       0                               0D0001216
     123     971       0       0       0       0       0       000010200D0001217
     123       0       0       1       0                               0D0001218
     508     972       0       0       0       0       0       000010000D0001219
     508       0       0       1       1                               0D0001220
     510     973       0       0       0       0       0       000010000D0001221
     510       0       0       1       1                               0D0001222
     190     974       0       0       0       0       0       000010000D0001223
     190       0       0       1       1                               0D0001224
     116     975       0       0       0       0       0       000010400D0001225
     116       0       0       1       0                               0D0001226
     123     976       0       0       0       0       0       000010200D0001227
     123       0       0       1       0                               0D0001228
     123     977       0       0       0       0       0       000010200D0001229
     123       0       0       1       0                               0D0001230
     508     978       0       0       0       0       0       000010000D0001231
     508       0       0       1       1                               0D0001232
     510     979       0       0       0       0       0       000010000D0001233
     510       0       0       1       1                               0D0001234
     190     980       0       0       0       0       0       000010000D0001235
     190       0       0       1       1                               0D0001236
     116     981       0       0       0       0       0       000010400D0001237
     116       0       0       1       0                               0D0001238
     123     982       0       0       0       0       0       000010200D0001239
     123       0       0       1       0                               0D0001240
     123     983       0       0       0       0       0       000010200D0001241
     123       0       0       1       0                               0D0001242
     508     984       0       0       0       0       0       000010000D0001243
     508       0       0       1       1                               0D0001244
     510     985       0       0       0       0       0       000010000D0001245
     510       0       0       1       1                               0D0001246
     190     986       0       0       0       0       0       000010000D0001247
     190       0       0       1       1                               0D0001248
     116     987       0       0       0       0       0       000010400D0001249
     116       0       0       1       0                               0D0001250
     123     988       0       0       0       0       0       000010200D0001251
     123       0       0       1       0                               0D0001252
     123     989       0       0       0       0       0       000010200D0001253
     123       0       0       1       0                               0D0001254
     508     990       0       0       0       0       0       000010000D0001255
     508       0       0       1       1                               0D0001256
     510     991       0       0       0       0       0       000010000D0001257
     510       0       0       1       1                               0D0001258
     190     992       0       0       0       0       0       000010000D0001259
     190       0       0       1       1                               0D0001260
     116     993       0       0       0       0       0       000010400D0001261
     116       0       0       1       0                               0D0001262
     123     994       0       0       0       0       0       000010200D0001263
     123       0       0       1       0                               0D0001264
     123     995       0       0       0       0       0       000010200D0001265
     123       0       0       1       0                               0D0001266
     508     996       0       0       0       0       0       000010000D0001267
     508       0       0       1       1                               0D0001268
     510     997       0       0       0       0       0       000010000D0001269
     510       0       0       1       1                               0D0001270
     190     998       0       0       0       0       0       000010000D0001271
     190       0       0       1       1                               0D0001272
     116     999       0       0       0       0       0       000010400D0001273
     116       0       0       1       0                               0D0001274
     123    1000       0       0       0       0       0       000010200D0001275
     123       0       0       1       0                               0D0001276
     123    1001       0       0       0       0       0       000010200D0001277
     123       0       0       1       0                               0D0001278
     508    1002       0       0       0       0       0       000010000D0001279
     508       0       0       1       1                               0D0001280
     510    1003       0       0       0       0       0       000010000D0001281
     510       0       0       1       1                               0D0001282
     190    1004       0       0       0       0       0       000010000D0001283
     190       0       0       1       1                               0D0001284
     116    1005       0       0       0       0       0       000010400D0001285
     116       0       0       1       0                               0D0001286
     123    1006       0       0       0       0       0       000010200D0001287
     123       0       0       1       0                               0D0001288
     123    1007       0       0       0       0       0       000010200D0001289
     123       0       0       1       0                               0D0001290
     508    1008       0       0       0       0       0       000010000D0001291
     508       0       0       1       1                               0D0001292
     510    1009       0       0       0       0       0       000010000D0001293
     510       0       0       1       1                               0D0001294
     190    1010       0       0       0       0       0       000010000D0001295
     190       0       0       1       1                               0D0001296
     116    1011       0       0       0       0       0       000010400D0001297
     116       0       0       1       0                               0D0001298
     123    1012       0       0       0       0       0       000010200D0001299
     123       0       0       1       0                               0D0001300
     123    1013       0       0       0       0       0       000010200D0001301
     123       0       0       1       0                               0D0001302
     508    1014       0       0       0       0       0       000010000D0001303
     508       0       0       1       1                               0D0001304
     510    1015       0       0       0       0       0       000010000D0001305
     510       0       0       1       1                               0D0001306
     190    1016       0       0       0       0       0       000010000D0001307
     190       0       0       1       1                               0D0001308
     116    1017       0       0       0       0       0       000010400D0001309
     116       0       0       1       0                               0D0001310
     123    1018       0       0       0       0       0       000010200D0001311
     123       0       0       1       0                               0D0001312
     123    1019       0       0       0       0       0       000010200D0001313
     123       0       0       1       0                               0D0001314
     508    1020       0       0       0       0       0       000010000D0001315
     508       0       0       1       1                               0D0001316
     510    1021       0       0       0       0       0       000010000D0001317
     510       0       0       1       1                               0D0001318
     190    1022       0       0       0       0       0       000010000D0001319
     190       0       0       1       1                               0D0001320
     116    1023       0       0       0       0       0       000010400D0001321
     116       0       0       1       0                               0D0001322
     123    1024       0       0       0       0       0       000010200D0001323
     123       0       0       1       0                               0D0001324
     123    1025       0       0       0       0       0       000010200D0001325
     123       0       0       1       0                               0D0001326
     508    1026       0       0       0       0       0       000010000D0001327
     508       0       0       1       1                               0D0001328
     510    1027       0       0       0       0       0       000010000D0001329
     510       0       0       1       1                               0D0001330
     190    1028       0       0       0       0       0       000010000D0001331
     190       0       0       1       1                               0D0001332
     116    1029       0       0       0       0       0       000010400D0001333
     116       0       0       1       0                               0D0001334
     123    1030       0       0       0       0       0       000010200D0001335
     123       0       0       1       0                               0D0001336
     123    1031       0       0       0       0       0       000010200D0001337
     123       0       0       1       0                               0D0001338
     508    1032       0       0       0       0       0       000010000D0001339
     508       0       0       1       1                               0D0001340
     510    1033       0       0       0       0       0       000010000D0001341
     510       0       0       1       1                               0D0001342
     190    1034       0       0       0       0       0       000010000D0001343
     190       0       0       1       1                               0D0001344
     116    1035       0       0       0       0       0       000010400D0001345
     116       0       0       1       0                               0D0001346
     123    1036       0       0       0       0       0       000010200D0001347
     123       0       0       1       0                               0D0001348
     123    1037       0       0       0       0       0       000010200D0001349
     123       0       0       1       0                               0D0001350
     508    1038       0       0       0       0       0       000010000D0001351
     508       0       0       1       1                               0D0001352
     510    1039       0       0       0       0       0       000010000D0001353
     510       0       0       1       1                               0D0001354
     190    1040       0       0       0       0       0       000010000D0001355
     190       0       0       1       1                               0D0001356
     116    1041       0       0       0       0       0       000010400D0001357
     116       0       0       1       0                               0D0001358
     123    1042       0       0       0       0       0       000010200D0001359
     123       0       0       1       0                               0D0001360
     123    1043       0       0       0       0       0       000010200D0001361
     123       0       0       1       0                               0D0001362
     508    1044       0       0       0       0       0       000010000D0001363
     508       0       0       1       1                               0D0001364
     510    1045       0       0       0       0       0       000010000D0001365
     510       0       0       1       1                               0D0001366
     190    1046       0       0       0       0       0       000010000D0001367
     190       0       0       1       1                               0D0001368
     116    1047       0       0       0       0       0       000010400D0001369
     116       0       0       1       0                               0D0001370
     123    1048       0       0       0       0       0       000010200D0001371
     123       0       0       1       0                               0D0001372
     123    1049       0       0       0       0       0       000010200D0001373
     123       0       0       1       0                               0D0001374
     508    1050       0       0       0       0       0       000010000D0001375
     508       0       0       1       1                               0D0001376
     510    1051       0       0       0       0       0       000010000D0001377
     510       0       0       1       1                               0D0001378
     190    1052       0       0       0       0       0       000010000D0001379
     190       0       0       1       1                               0D0001380
     116    1053       0       0       0       0       0       000010400D0001381
     116       0       0       1       0                               0D0001382
     123    1054       0       0       0       0       0       000010200D0001383
     123       0       0       1       0                               0D0001384
     123    1055       0       0       0       0       0       000010200D0001385
     123       0       0       1       0                               0D0001386
     508    1056       0       0       0       0       0       000010000D0001387
     508       0       0       1       1                               0D0001388
     510    1057       0       0       0       0       0       000010000D0001389
     510       0       0       1       1                               0D0001390
     190    1058       0       0       0       0       0       000010000D0001391
     190       0       0       1       1                               0D0001392
     116    1059       0       0       0       0       0       000010400D0001393
     116       0       0       1       0                               0D0001394
     123    1060       0       0       0       0       0       000010200D0001395
     123       0       0       1       0                               0D0001396
     123    1061       0       0       0       0       0       000010200D0001397
     123       0       0       1       0                               0D0001398
     508    1062       0       0       0       0       0       000010000D0001399
     508       0       0       1       1                               0D0001400
     510    1063       0       0       0       0       0       000010000D0001401
     510       0       0       1       1                               0D0001402
     190    1064       0       0       0       0       0       000010000D0001403
     190       0       0       1       1                               0D0001404
     116    1065       0       0       0       0       0       000010400D0001405
     116       0       0       1       0                               0D0001406
     123    1066       0       0       0       0       0       000010200D0001407
     123       0       0       1       0                               0D0001408
     123    1067       0       0       0       0       0       000010200D0001409
     123       0       0       1       0                               0D0001410
     508    1068       0       0       0       0       0       000010000D0001411
     508       0       0       1       1                               0D0001412
     510    1069       0       0       0       0       0       000010000D0001413
     510       0       0       1       1                               0D0001414
     190    1070       0       0       0       0       0       000010000D0001415
     190       0       0       1       1                               0D0001416
     116    1071       0       0       0       0       0       000010400D0001417
     116       0       0       1       0                               0D0001418
     123    1072       0       0       0       0       0       000010200D0001419
     123       0       0       1       0                               0D0001420
     123    1073       0       0       0       0       0       000010200D0001421
     123       0       0       1       0                               0D0001422
     508    1074       0       0       0       0       0       000010000D0001423
     508       0       0       1       1                               0D0001424
     510    1075       0       0       0       0       0       000010000D0001425
     510       0       0       1       1                               0D0001426
     190    1076       0       0       0       0       0       000010000D0001427
     190       0       0       1       1                               0D0001428
     116    1077       0       0       0       0       0       000010400D0001429
     116       0       0       1       0                               0D0001430
     123    1078       0       0       0       0       0       000010200D0001431
     123       0       0       1       0                               0D0001432
     123    1079       0       0       0       0       0       000010200D0001433
     123       0       0       1       0                               0D0001434
     508    1080       0       0       0       0       0       000010000D0001435
     508       0       0       1       1                               0D0001436
     510    1081       0       0       0       0       0       000010000D0001437
     510       0       0       1       1                               0D0001438
     190    1082       0       0       0       0       0       000010000D0001439
     190       0       0       1       1                               0D0001440
     116    1083       0       0       0       0       0       000010400D0001441
     116       0       0       1       0                               0D0001442
     123    1084       0       0       0       0       0       000010200D0001443
     123       0       0       1       0                               0D0001444
     123    1085       0       0       0       0       0       000010200D0001445
     123       0       0       1       0                               0D0001446
     508    1086       0       0       0       0       0       000010000D0001447
     508       0       0       1       1                               0D0001448
     510    1087       0       0       0       0       0       000010000D0001449
     510       0       0       1       1                               0D0001450
     190    1088       0       0       0       0       0       000010000D0001451
     190       0       0       1       1                               0D0001452
     116    1089       0       0       0       0       0       000010400D0001453
     116       0       0       1       0                               0D0001454
     123    1090       0       0       0       0       0       000010200D0001455
     123       0       0       1       0                               0D0001456
     123    1091       0       0       0       0       0       000010200D0001457
     123       0       0       1       0                               0D0001458
     508    1092       0       0       0       0       0       000010000D0001459
     508       0       0       1       1                               0D0001460
     510    1093       0       0       0       0       0       000010000D0001461
     510       0       0       1       1                               0D0001462
     190    1094       0       0       0       0       0       000010000D0001463
     190       0       0       1       1                               0D0001464
     116    1095       0       0       0       0       0       000010400D0001465
     116       0       0       1       0                               0D0001466
     123    1096       0       0       0       0       0       000010200D0001467
     123       0       0       1       0                               0D0001468
     123    1097       0       0       0       0       0       000010200D0001469
     123       0       0       1       0                               0D0001470
     508    1098       0       0       0       0       0       000010000D0001471
     508       0       0       1       1                               0D0001472
     510    1099       0       0       0       0       0       000010000D0001473
     510       0       0       1       1                               0D0001474
     190    1100       0       0       0       0       0       000010000D0001475
     190       0       0       1       1                               0D0001476
     116    1101       0       0       0       0       0       000010400D0001477
     116       0       0       1       0                               0D0001478
     123    1102       0       0       0       0       0       000010200D0001479
     123       0       0       1       0                               0D0001480
     123    1103       0       0       0       0       0       000010200D0001481
     123       0       0       1       0                               0D0001482
     508    1104       0       0       0       0       0       000010000D0001483
     508       0       0       1       1                               0D0001484
     510    1105       0       0       0       0       0       000010000D0001485
     510       0       0       1       1                               0D0001486
     190    1106       0       0       0       0       0       000010000D0001487
     190       0       0       1       1                               0D0001488
     116    1107       0       0       0       0       0       000010400D0001489
     116       0       0       1       0                               0D0001490
     123    1108       0       0       0       0       0       000010200D0001491
     123       0       0       1       0                               0D0001492
     123    1109       0       0       0       0       0       000010200D0001493
     123       0       0       1       0                               0D0001494
     508    1110       0       0       0       0       0       000010000D0001495
     508       0       0       1       1                               0D0001496
     510    1111       0       0       0       0       0       000010000D0001497
     510       0       0       1       1                               0D0001498
     190    1112       0       0       0       0       0       000010000D0001499
     190       0       0       1       1                               0D0001500
     116    1113       0       0       0       0       0       000010400D0001501
     116       0       0       1       0                               0D0001502
     123    1114       0       0       0       0       0       000010200D0001503
     123       0       0       1       0                               0D0001504
     123    1115       0       0       0       0       0       000010200D0001505
     123       0       0       1       0                               0D0001506
     508    1116       0       0       0       0       0       000010000D0001507
     508       0       0       1       1                               0D0001508
     510    1117       0       0       0       0       0       000010000D0001509
     510       0       0       1       1                               0D0001510
     190    1118       0       0       0       0       0       000010000D0001511
     190       0       0       1       1                               0D0001512
     116    1119       0       0       0       0       0       000010400D0001513
     116       0       0       1       0                               0D0001514
     123    1120       0       0       0       0       0       000010200D0001515
     123       0       0       1       0                               0D0001516
     123    1121       0       0       0       0       0       000010200D0001517
     123       0       0       1       0                               0D0001518
     508    1122       0       0       0       0       0       000010000D0001519
     508       0       0       1       1                               0D0001520
     510    1123       0       0       0       0       0       000010000D0001521
     510       0       0       1       1                               0D0001522
     190    1124       0       0       0       0       0       000010000D0001523
     190       0       0       1       1                               0D0001524
     116    1125       0       0       0       0       0       000010400D0001525
     116       0       0       1       0                               0D0001526
     123    1126       0       0       0       0       0       000010200D0001527
     123       0       0       1       0                               0D0001528
     123    1127       0       0       0       0       0       000010200D0001529
     123       0       0       1       0                               0D0001530
     508    1128       0       0       0       0       0       000010000D0001531
     508       0       0       1       1                               0D0001532
     510    1129       0       0       0       0       0       000010000D0001533
     510       0       0       1       1                               0D0001534
     190    1130       0       0       0       0       0       000010000D0001535
     190       0       0       1       1                               0D0001536
     116    1131       0       0       0       0       0       000010400D0001537
     116       0       0       1       0                               0D0001538
     123    1132       0       0       0       0       0       000010200D0001539
     123       0       0       1       0                               0D0001540
     123    1133       0       0       0       0       0       000010200D0001541
     123       0       0       1       0                               0D0001542
     508    1134       0       0       0       0       0       000010000D0001543
     508       0       0       1       1                               0D0001544
     510    1135       0       0       0       0       0       000010000D0001545
     510       0       0       1       1                               0D0001546
     190    1136       0       0       0       0       0       000010000D0001547
     190       0       0       1       1                               0D0001548
     116    1137       0       0       0       0       0       000010400D0001549
     116       0       0       1       0                               0D0001550
     123    1138       0       0       0       0       0       000010200D0001551
     123       0       0       1       0                               0D0001552
     123    1139       0       0       0       0       0       000010200D0001553
     123       0       0       1       0                               0D0001554
     508    1140       0       0       0       0       0       000010000D0001555
     508       0       0       1       1                               0D0001556
     510    1141       0       0       0       0       0       000010000D0001557
     510       0       0       1       1                               0D0001558
     190    1142       0       0       0       0       0       000010000D0001559
     190       0       0       1       1                               0D0001560
     116    1143       0       0       0       0       0       000010400D0001561
     116       0       0       1       0                               0D0001562
     123    1144       0       0       0       0       0       000010200D0001563
     123       0       0       1       0                               0D0001564
     123    1145       0       0       0       0       0       000010200D0001565
     123       0       0       1       0                               0D0001566
     508    1146       0       0       0       0       0       000010000D0001567
     508       0       0       1       1                               0D0001568
     510    1147       0       0       0       0       0       000010000D0001569
     510       0       0       1       1                               0D0001570
     190    1148       0       0       0       0       0       000010000D0001571
     190       0       0       1       1                               0D0001572
     116    1149       0       0       0       0       0       000010400D0001573
     116       0       0       1       0                               0D0001574
     123    1150       0       0       0       0       0       000010200D0001575
     123       0       0       1       0                               0D0001576
     123    1151       0       0       0       0       0       000010200D0001577
     123       0       0       1       0                               0D0001578
     508    1152       0       0       0       0       0       000010000D0001579
     508       0       0       1       1                               0D0001580
     510    1153       0       0       0       0       0       000010000D0001581
     510       0       0       1       1                               0D0001582
     190    1154       0       0       0       0       0       000010000D0001583
     190       0       0       1       1                               0D0001584
     116    1155       0       0       0       0       0       000010400D0001585
     116       0       0       1       0                               0D0001586
     123    1156       0       0       0       0       0       000010200D0001587
     123       0       0       1       0                               0D0001588
     123    1157       0       0       0       0       0       000010200D0001589
     123       0       0       1       0                               0D0001590
     508    1158       0       0       0       0       0       000010000D0001591
     508       0       0       1       1                               0D0001592
     510    1159       0       0       0       0       0       000010000D0001593
     510       0       0       1       1                               0D0001594
     190    1160       0       0       0       0       0       000010000D0001595
     190       0       0       1       1                               0D0001596
     116    1161       0       0       0       0       0       000010400D0001597
     116       0       0       1       0                               0D0001598
     123    1162       0       0       0       0       0       000010200D0001599
     123       0       0       1       0                               0D0001600
     123    1163       0       0       0       0       0       000010200D0001601
     123       0       0       1       0                               0D0001602
     508    1164       0       0       0       0       0       000010000D0001603
     508       0       0       1       1                               0D0001604
     510    1165       0       0       0       0       0       000010000D0001605
     510       0       0       1       1                               0D0001606
     190    1166       0       0       0       0       0       000010000D0001607
     190       0       0       1       1                               0D0001608
     116    1167       0       0       0       0       0       000010400D0001609
     116       0       0       1       0                               0D0001610
     123    1168       0       0       0       0       0       000010200D0001611
     123       0       0       1       0                               0D0001612
     123    1169       0       0       0       0       0       000010200D0001613
     123       0       0       1       0                               0D0001614
     508    1170       0       0       0       0       0       000010000D0001615
     508       0       0       1       1                               0D0001616
     510    1171       0       0       0       0       0       000010000D0001617
     510       0       0       1       1                               0D0001618
     190    1172       0       0       0       0       0       000010000D0001619
     190       0       0       1       1                               0D0001620
     116    1173       0       0       0       0       0       000010400D0001621
     116       0       0       1       0                               0D0001622
     123    1174       0       0       0       0       0       000010200D0001623
     123       0       0       1       0                               0D0001624
     123    1175       0       0       0       0       0       000010200D0001625
     123       0       0       1       0                               0D0001626
     508    1176       0       0       0       0       0       000010000D0001627
     508       0       0       1       1                               0D0001628
     510    1177       0       0       0       0       0       000010000D0001629
     510       0       0       1       1                               0D0001630
     190    1178       0       0       0       0       0       000010000D0001631
     190       0       0       1       1                               0D0001632
     116    1179       0       0       0       0       0       000010400D0001633
     116       0       0       1       0                               0D0001634
     123    1180       0       0       0       0       0       000010200D0001635
     123       0       0       1       0                               0D0001636
     123    1181       0       0       0       0       0       000010200D0001637
     123       0       0       1       0                               0D0001638
     508    1182       0       0       0       0       0       000010000D0001639
     508       0       0       1       1                               0D0001640
     510    1183       0       0       0       0       0       000010000D0001641
     510       0       0       1       1                               0D0001642
     190    1184       0       0       0       0       0       000010000D0001643
     190       0       0       1       1                               0D0001644
     116    1185       0       0       0       0       0       000010400D0001645
     116       0       0       1       0                               0D0001646
     123    1186       0       0       0       0       0       000010200D0001647
     123       0       0       1       0                               0D0001648
     123    1187       0       0       0       0       0       000010200D0001649
     123       0       0       1       0                               0D0001650
     508    1188       0       0       0       0       0       000010000D0001651
     508       0       0       1       1                               0D0001652
     510    1189       0       0       0       0       0       000010000D0001653
     510       0       0       1       1                               0D0001654
     190    1190       0       0       0       0       0       000010000D0001655
     190       0       0       1       1                               0D0001656
     116    1191       0       0       0       0       0       000010400D0001657
     116       0       0       1       0                               0D0001658
     123    1192       0       0       0       0       0       000010200D0001659
     123       0       0       1       0                               0D0001660
     123    1193       0       0       0       0       0       000010200D0001661
     123       0       0       1       0                               0D0001662
     508    1194       0       0       0       0       0       000010000D0001663
     508       0       0       1       1                               0D0001664
     510    1195       0       0       0       0       0       000010000D0001665
     510       0       0       1       1                               0D0001666
     190    1196       0       0       0       0       0       000010000D0001667
     190       0       0       1       1                               0D0001668
     116    1197       0       0       0       0       0       000010400D0001669
     116       0       0       1       0                               0D0001670
     123    1198       0       0       0       0       0       000010200D0001671
     123       0       0       1       0                               0D0001672
     123    1199       0       0       0       0       0       000010200D0001673
     123       0       0       1       0                               0D0001674
     508    1200       0       0       0       0       0       000010000D0001675
     508       0       0       1       1                               0D0001676
     510    1201       0       0       0       0       0       000010000D0001677
     510       0       0       1       1                               0D0001678
     190    1202       0       0       0       0       0       000010000D0001679
     190       0       0       1       1                               0D0001680
     116    1203       0       0       0       0       0       000010400D0001681
     116       0       0       1       0                               0D0001682
     123    1204       0       0       0       0       0       000010200D0001683
     123       0       0       1       0                               0D0001684
     123    1205       0       0       0       0       0       000010200D0001685
     123       0       0       1       0                               0D0001686
     508    1206       0       0       0       0       0       000010000D0001687
     508       0       0       1       1                               0D0001688
     510    1207       0       0       0       0       0       000010000D0001689
     510       0       0       1       1                               0D0001690
     190    1208       0       0       0       0       0       000010000D0001691
     190       0       0       1       1                               0D0001692
     116    1209       0       0       0       0       0       000010400D0001693
     116       0       0       1       0                               0D0001694
     123    1210       0       0       0       0       0       000010200D0001695
     123       0       0       1       0                               0D0001696
     123    1211       0       0       0       0       0       000010200D0001697
     123       0       0       1       0                               0D0001698
     508    1212       0       0       0       0       0       000010000D0001699
     508       0       0       1       1                               0D0001700
     510    1213       0       0       0       0       0       000010000D0001701
     510       0       0       1       1                               0D0001702
     190    1214       0       0       0       0       0       000010000D0001703
     190       0       0       1       1                               0D0001704
     116    1215       0       0       0       0       0       000010400D0001705
     116       0       0       1       0                               0D0001706
     123    1216       0       0       0       0       0       000010200D0001707
     123       0       0       1       0                               0D0001708
     123    1217       0       0       0       0       0       000010200D0001709
     123       0       0       1       0                               0D0001710
     508    1218       0       0       0       0       0       000010000D0001711
     508       0       0       1       1                               0D0001712
     510    1219       0       0       0       0       0       000010000D0001713
     510       0       0       1       1                               0D0001714
     190    1220       0       0       0       0       0       000010000D0001715
     190       0       0       1       1                               0D0001716
     116    1221       0       0       0       0       0       000010400D0001717
     116       0       0       1       0                               0D0001718
     123    1222       0       0       0       0       0       000010200D0001719
     123       0       0       1       0                               0D0001720
     123    1223       0       0       0       0       0       000010200D0001721
     123       0       0       1       0                               0D0001722
     508    1224       0       0       0       0       0       000010000D0001723
     508       0       0       1       1                               0D0001724
     510    1225       0       0       0       0       0       000010000D0001725
     510       0       0       1       1                               0D0001726
     190    1226       0       0       0       0       0       000010000D0001727
     190       0       0       1       1                               0D0001728
     116    1227       0       0       0       0       0       000010400D0001729
     116       0       0       1       0                               0D0001730
     123    1228       0       0       0       0       0       000010200D0001731
     123       0       0       1       0                               0D0001732
     123    1229       0       0       0       0       0       000010200D0001733
     123       0       0       1       0                               0D0001734
     508    1230       0       0       0       0       0       000010000D0001735
     508       0       0       1       1                               0D0001736
     510    1231       0       0       0       0       0       000010000D0001737
     510       0       0       1       1                               0D0001738
     190    1232       0       0       0       0       0       000010000D0001739
     190       0       0       1       1                               0D0001740
     116    1233       0       0       0       0       0       000010400D0001741
     116       0       0       1       0                               0D0001742
     123    1234       0       0       0       0       0       000010200D0001743
     123       0       0       1       0                               0D0001744
     123    1235       0       0       0       0       0       000010200D0001745
     123       0       0       1       0                               0D0001746
     508    1236       0       0       0       0       0       000010000D0001747
     508       0       0       1       1                               0D0001748
     510    1237       0       0       0       0       0       000010000D0001749
     510       0       0       1       1                               0D0001750
     190    1238       0       0       0       0       0       000010000D0001751
     190       0       0       1       1                               0D0001752
     116    1239       0       0       0       0       0       000010400D0001753
     116       0       0       1       0                               0D0001754
     123    1240       0       0       0       0       0       000010200D0001755
     123       0       0       1       0                               0D0001756
     123    1241       0       0       0       0       0       000010200D0001757
     123       0       0       1       0                               0D0001758
     508    1242       0       0       0       0       0       000010000D0001759
     508       0       0       1       1                               0D0001760
     510    1243       0       0       0       0       0       000010000D0001761
     510       0       0       1       1                               0D0001762
     190    1244       0       0       0       0       0       000010000D0001763
     190       0       0       1       1                               0D0001764
     116    1245       0       0       0       0       0       000010400D0001765
     116       0       0       1       0                               0D0001766
     123    1246       0       0       0       0       0       000010200D0001767
     123       0       0       1       0                               0D0001768
     123    1247       0       0       0       0       0       000010200D0001769
     123       0       0       1       0                               0D0001770
     508    1248       0       0       0       0       0       000010000D0001771
     508       0       0       1       1                               0D0001772
     510    1249       0       0       0       0       0       000010000D0001773
     510       0       0       1       1                               0D0001774
     190    1250       0       0       0       0       0       000010000D0001775
     190       0       0       1       1                               0D0001776
     116    1251       0       0       0       0       0       000010400D0001777
     116       0       0       1       0                               0D0001778
     123    1252       0       0       0       0       0       000010200D0001779
     123       0       0       1       0                               0D0001780
     123    1253       0       0       0       0       0       000010200D0001781
     123       0       0       1       0                               0D0001782
     508    1254       0       0       0       0       0       000010000D0001783
     508       0       0       1       1                               0D0001784
     510    1255       0       0       0       0       0       000010000D0001785
     510       0       0       1       1                               0D0001786
     190    1256       0       0       0       0       0       000010000D0001787
     190       0       0       1       1                               0D0001788
     116    1257       0       0       0       0       0       000010400D0001789
     116       0       0       1       0                               0D0001790
     123    1258       0       0       0       0       0       000010200D0001791
     123       0       0       1       0                               0D0001792
     123    1259       0       0       0       0       0       000010200D0001793
     123       0       0       1       0                               0D0001794
     508    1260       0       0       0       0       0       000010000D0001795
     508       0       0       1       1                               0D0001796
     510    1261       0       0       0       0       0       000010000D0001797
     510       0       0       1       1                               0D0001798
     190    1262       0       0       0       0       0       000010000D0001799
     190       0       0       1       1                               0D0001800
     116    1263       0       0       0       0       0       000010400D0001801
     116       0       0       1       0                               0D0001802
     123    1264       0       0       0       0       0       000010200D0001803
     123       0       0       1       0                               0D0001804
     123    1265       0       0       0       0       0       000010200D0001805
     123       0       0       1       0                               0D0001806
     508    1266       0       0       0       0       0       000010000D0001807
     508       0       0       1       1                               0D0001808
     510    1267       0       0       0       0       0       000010000D0001809
     510       0       0       1       1                               0D0001810
     190    1268       0       0       0       0       0       000010000D0001811
     190       0       0       1       1                               0D0001812
     116    1269       0       0       0       0       0       000010400D0001813
     116       0       0       1       0                               0D0001814
     123    1270       0       0       0       0       0       000010200D0001815
     123       0       0       1       0                               0D0001816
     123    1271       0       0       0       0       0       000010200D0001817
     123       0       0       1       0                               0D0001818
     508    1272       0       0       0       0       0       000010000D0001819
     508       0       0       1       1                               0D0001820
     510    1273       0       0       0       0       0       000010000D0001821
     510       0       0       1       1                               0D0001822
     190    1274       0       0       0       0       0       000010000D0001823
     190       0       0       1       1                               0D0001824
     116    1275       0       0       0       0       0       000010400D0001825
     116       0       0       1       0                               0D0001826
     123    1276       0       0       0       0       0       000010200D0001827
     123       0       0       1       0                               0D0001828
     123    1277       0       0       0       0       0       000010200D0001829
     123       0       0       1       0                               0D0001830
     508    1278       0       0       0       0       0       000010000D0001831
     508       0       0       1       1                               0D0001832
186,3,1,0;                                                       0000001P0000001
514,110,5,1,525,1,537,1,549,0,561,1,573,1,585,1,597,0,609,1,621, 0000003P0000002
1,633,0,645,0,657,1,669,1,681,1,693,0,705,1,717,1,729,1,741,1,   0000003P0000003
753,1,765,1,777,1,789,1,801,1,813,1,825,1,837,1,849,1,861,1,873, 0000003P0000004
1,885,1,897,1,909,1,921,1,933,1,945,1,957,1,969,1,981,1,993,1,   0000003P0000005
1005,1,1017,1,1029,1,1041,1,1053,1,1065,1,1077,1,1089,0,1101,0,  0000003P0000006
1113,0,1125,0,1137,0,1149,0,1161,0,1173,0,1185,0,1197,0,1209,0,  0000003P0000007
1221,0,1233,0,1245,0,1257,0,1269,0,1281,0,1293,0,1305,0,1317,0,  0000003P0000008
1329,0,1341,0,1353,0,1365,0,1377,0,1389,0,1401,0,1413,0,1425,0,  0000003P0000009
1437,0,1449,0,1461,0,1473,1,1485,1,1497,1,1509,1,1521,1,1533,1,  0000003P0000010
1545,1,1557,1,1569,1,1581,1,1593,1,1605,1,1617,1,1629,1,1641,1,  0000003P0000011
1653,1,1665,1,1677,1,1689,1,1701,1,1713,1,1725,1,1737,1,1749,1,  0000003P0000012
1761,1,1773,1,1785,1,1797,1,1809,1,1821,1;                       0000003P0000013
510,7,1,1,15;                                                    0000005P0000014
190,9,11,13;                                                     0000007P0000015
116,730.,162.7,253.3,0;                                          0000009P0000016
123,0.995184727,-1.08820886E-17,-9.801714033E-02;                0000011P0000017
123,-9.801714033E-02,-1.104876997E-16,-0.995184727;              0000013P0000018
508,4,0,17,1,1,0,0,17,2,1,0,0,17,3,0,0,0,17,4,0,0;               0000015P0000019
504,252,19,21,1,21,2,23,21,2,21,3,25,21,4,21,3,27,21,1,21,4,29,  0000017P0000020
21,5,21,6,31,21,6,21,2,33,21,5,21,1,35,21,1,21,7,37,21,4,21,8,   0000017P0000021
39,21,7,21,8,41,21,2,21,9,43,21,3,21,10,45,21,9,21,10,47,21,3,   0000017P0000022
21,11,49,21,12,21,11,51,21,4,21,12,53,21,13,21,14,55,21,14,21,6, 0000017P0000023
57,21,13,21,5,59,21,5,21,15,61,21,15,21,7,63,21,6,21,16,65,21,   0000017P0000024
16,21,9,67,21,8,21,17,69,21,17,21,18,71,21,18,21,19,73,21,19,21, 0000017P0000025
20,75,21,20,21,21,77,21,21,21,22,79,21,22,21,23,81,21,23,21,24,  0000017P0000026
83,21,24,21,25,85,21,25,21,26,87,21,26,21,27,89,21,27,21,28,91,  0000017P0000027
21,28,21,29,93,21,29,21,30,95,21,30,21,31,97,21,31,21,32,99,21,  0000017P0000028
32,21,33,101,21,33,21,34,103,21,34,21,35,105,21,35,21,36,107,21, 0000017P0000029
36,21,37,109,21,37,21,38,111,21,38,21,39,113,21,39,21,40,115,21, 0000017P0000030
40,21,41,117,21,41,21,42,119,21,42,21,43,121,21,43,21,44,123,21, 0000017P0000031
44,21,45,125,21,45,21,46,127,21,46,21,47,129,21,47,21,48,131,21, 0000017P0000032
48,21,49,133,21,49,21,15,135,21,12,21,17,137,21,50,21,51,139,21, 0000017P0000033
51,21,52,141,21,52,21,53,143,21,53,21,54,145,21,54,21,55,147,21, 0000017P0000034
55,21,56,149,21,56,21,57,151,21,57,21,58,153,21,58,21,59,155,21, 0000017P0000035
59,21,60,157,21,60,21,61,159,21,61,21,62,161,21,62,21,63,163,21, 0000017P0000036
63,21,64,165,21,64,21,16,167,21,10,21,65,169,21,65,21,66,171,21, 0000017P0000037
66,21,67,173,21,67,21,68,175,21,68,21,69,177,21,69,21,70,179,21, 0000017P0000038
70,21,71,181,21,71,21,72,183,21,72,21,73,185,21,73,21,74,187,21, 0000017P0000039
74,21,75,189,21,75,21,76,191,21,76,21,77,193,21,77,21,78,195,21, 0000017P0000040
78,21,79,197,21,79,21,80,199,21,80,21,81,201,21,81,21,82,203,21, 0000017P0000041
82,21,50,205,21,11,21,65,207,21,11,21,83,209,21,84,21,83,211,21, 0000017P0000042
12,21,84,213,21,85,21,86,215,21,86,21,14,217,21,85,21,13,219,21, 0000017P0000043
13,21,49,221,21,14,21,64,223,21,84,21,18,225,21,84,21,87,227,21, 0000017P0000044
87,21,19,229,21,87,21,88,231,21,88,21,20,233,21,85,21,48,235,21, 0000017P0000045
88,21,89,237,21,89,21,21,239,21,90,21,47,241,21,90,21,85,243,21, 0000017P0000046
89,21,91,245,21,91,21,22,247,21,92,21,46,249,21,92,21,90,251,21, 0000017P0000047
91,21,93,253,21,93,21,23,255,21,94,21,45,257,21,94,21,92,259,21, 0000017P0000048
93,21,95,261,21,95,21,24,263,21,96,21,44,265,21,96,21,94,267,21, 0000017P0000049
95,21,97,269,21,97,21,25,271,21,98,21,43,273,21,98,21,96,275,21, 0000017P0000050
97,21,99,277,21,99,21,26,279,21,100,21,42,281,21,100,21,98,283,  0000017P0000051
21,99,21,101,285,21,101,21,27,287,21,102,21,41,289,21,102,21,    0000017P0000052
100,291,21,101,21,103,293,21,103,21,28,295,21,104,21,40,297,21,  0000017P0000053
104,21,102,299,21,103,21,105,301,21,105,21,29,303,21,106,21,39,  0000017P0000054
305,21,106,21,104,307,21,105,21,107,309,21,107,21,30,311,21,108, 0000017P0000055
21,38,313,21,108,21,106,315,21,107,21,109,317,21,109,21,31,319,  0000017P0000056
21,110,21,37,321,21,110,21,108,323,21,109,21,111,325,21,111,21,  0000017P0000057
32,327,21,112,21,36,329,21,112,21,110,331,21,111,21,113,333,21,  0000017P0000058
113,21,33,335,21,114,21,35,337,21,114,21,112,339,21,113,21,115,  0000017P0000059
341,21,115,21,34,343,21,115,21,114,345,21,116,21,50,347,21,116,  0000017P0000060
21,117,349,21,117,21,51,351,21,118,21,82,353,21,118,21,116,355,  0000017P0000061
21,117,21,119,357,21,119,21,52,359,21,120,21,81,361,21,120,21,   0000017P0000062
118,363,21,119,21,121,365,21,121,21,53,367,21,122,21,80,369,21,  0000017P0000063
122,21,120,371,21,121,21,123,373,21,123,21,54,375,21,124,21,79,  0000017P0000064
377,21,124,21,122,379,21,123,21,125,381,21,125,21,55,383,21,126, 0000017P0000065
21,78,385,21,126,21,124,387,21,125,21,127,389,21,127,21,56,391,  0000017P0000066
21,128,21,77,393,21,128,21,126,395,21,127,21,129,397,21,129,21,  0000017P0000067
57,399,21,130,21,76,401,21,130,21,128,403,21,129,21,131,405,21,  0000017P0000068
131,21,58,407,21,132,21,75,409,21,132,21,130,411,21,131,21,133,  0000017P0000069
413,21,133,21,59,415,21,134,21,74,417,21,134,21,132,419,21,133,  0000017P0000070
21,135,421,21,135,21,60,423,21,136,21,73,425,21,136,21,134,427,  0000017P0000071
21,135,21,137,429,21,137,21,61,431,21,138,21,72,433,21,138,21,   0000017P0000072
136,435,21,137,21,139,437,21,139,21,62,439,21,140,21,71,441,21,  0000017P0000073
140,21,138,443,21,139,21,86,445,21,86,21,63,447,21,141,21,70,    0000017P0000074
449,21,141,21,140,451,21,142,21,69,453,21,142,21,141,455,21,143, 0000017P0000075
21,68,457,21,143,21,142,459,21,144,21,67,461,21,144,21,143,463,  0000017P0000076
21,83,21,66,465,21,83,21,144,467,21,87,21,144,469,21,90,21,139,  0000017P0000077
471,21,88,21,143,473,21,89,21,142,475,21,91,21,141,477,21,92,21, 0000017P0000078
137,479,21,93,21,140,481,21,94,21,135,483,21,95,21,138,485,21,   0000017P0000079
96,21,133,487,21,97,21,136,489,21,98,21,131,491,21,99,21,134,    0000017P0000080
493,21,100,21,129,495,21,101,21,132,497,21,102,21,127,499,21,    0000017P0000081
103,21,130,501,21,104,21,125,503,21,105,21,128,505,21,106,21,    0000017P0000082
123,507,21,107,21,126,509,21,108,21,121,511,21,109,21,124,513,   0000017P0000083
21,110,21,119,515,21,111,21,122,517,21,112,21,117,519,21,113,21, 0000017P0000084
120,521,21,114,21,116,523,21,115,21,118;                         0000017P0000085
110,730.,161.9,253.3,730.,150.8,253.3;                           0000019P0000086
502,144,730.,161.9,253.3,730.,150.8,253.3,729.884711682,150.8,   0000021P0000087
252.129458068,729.884711682,161.9,252.129458068,730.,161.9,      0000021P0000088
319.4,730.,150.8,319.4,729.2,162.7,253.3,729.096286978,162.7,    0000021P0000089
252.286285492,729.2,150.,253.3,729.096286978,150.,252.286285492, 0000021P0000090
729.543277195,150.8,251.003899406,729.543277195,161.9,           0000021P0000091
251.003899406,729.884711682,161.9,320.570541932,729.884711682,   0000021P0000092
150.8,320.570541932,729.203852219,162.7,319.321586288,           0000021P0000093
729.203852219,150.,319.321586288,728.800597363,162.7,            0000021P0000094
251.311527465,728.320423483,162.7,250.413185322,727.674218152,   0000021P0000095
162.7,249.625781848,726.886814678,162.7,248.979576517,           0000021P0000096
725.988472535,162.7,248.499402637,725.013714508,162.7,           0000021P0000097
248.203713022,723.921586288,162.7,248.096147781,576.,162.7,      0000021P0000098
248.1,574.986285492,162.7,248.203713022,574.011527465,162.7,     0000021P0000099
248.499402637,573.113185322,162.7,248.979576517,572.325781848,   0000021P0000100
162.7,249.625781848,571.679576517,162.7,250.413185322,           0000021P0000101
571.199402637,162.7,251.311527465,570.903713022,162.7,           0000021P0000102
252.286285492,570.796147781,162.7,253.378413712,570.8,162.7,     0000021P0000103
319.4,570.903713022,162.7,320.413714508,571.199402637,162.7,     0000021P0000104
321.388472535,571.679576517,162.7,322.286814678,572.325781848,   0000021P0000105
162.7,323.074218152,573.113185322,162.7,323.720423483,           0000021P0000106
574.011527465,162.7,324.200597363,574.986285492,162.7,           0000021P0000107
324.496286978,576.078413712,162.7,324.603852219,724.,162.7,      0000021P0000108
324.6,725.013714508,162.7,324.496286978,725.988472535,162.7,     0000021P0000109
324.200597363,726.886814678,162.7,323.720423483,727.674218152,   0000021P0000110
162.7,323.074218152,728.320423483,162.7,322.286814678,           0000021P0000111
728.800597363,162.7,321.388472535,729.096286978,162.7,           0000021P0000112
320.413714508,571.199402637,150.,321.388472535,571.679576517,    0000021P0000113
150.,322.286814678,572.325781848,150.,323.074218152,             0000021P0000114
573.113185322,150.,323.720423483,574.011527465,150.,             0000021P0000115
324.200597363,574.986285492,150.,324.496286978,576.078413712,    0000021P0000116
150.,324.603852219,724.,150.,324.6,725.013714508,150.,           0000021P0000117
324.496286978,725.988472535,150.,324.200597363,726.886814678,    0000021P0000118
150.,323.720423483,727.674218152,150.,323.074218152,             0000021P0000119
728.320423483,150.,322.286814678,728.800597363,150.,             0000021P0000120
321.388472535,729.096286978,150.,320.413714508,728.800597363,    0000021P0000121
150.,251.311527465,728.320423483,150.,250.413185322,             0000021P0000122
727.674218152,150.,249.625781848,726.886814678,150.,             0000021P0000123
248.979576517,725.988472535,150.,248.499402637,725.013714508,    0000021P0000124
150.,248.203713022,723.921586288,150.,248.096147781,576.,150.,   0000021P0000125
248.1,574.986285492,150.,248.203713022,574.011527465,150.,       0000021P0000126
248.499402637,573.113185322,150.,248.979576517,572.325781848,    0000021P0000127
150.,249.625781848,571.679576517,150.,250.413185322,             0000021P0000128
571.199402637,150.,251.311527465,570.903713022,150.,             0000021P0000129
252.286285492,570.796147781,150.,253.378413712,570.8,150.,319.4, 0000021P0000130
570.903713022,150.,320.413714508,728.988817674,150.8,            0000021P0000131
249.966578602,728.988817674,161.9,249.966578602,729.543277195,   0000021P0000132
161.9,321.696100594,729.543277195,150.8,321.696100594,           0000021P0000133
728.242640687,161.9,249.057359313,727.333421398,161.9,           0000021P0000134
248.311182326,726.296100594,161.9,247.756722805,728.988817674,   0000021P0000135
161.9,322.733421398,725.170541932,161.9,247.415288318,           0000021P0000136
728.242640687,161.9,323.642640687,724.,161.9,247.3,              0000021P0000137
727.333421398,161.9,324.388817674,576.,161.9,247.3,              0000021P0000138
726.296100594,161.9,324.943277195,574.829458068,161.9,           0000021P0000139
247.415288318,725.170541932,161.9,325.284711682,573.703899406,   0000021P0000140
161.9,247.756722805,724.,161.9,325.4,572.666578602,161.9,        0000021P0000141
248.311182326,576.,161.9,325.4,571.757359313,161.9,              0000021P0000142
249.057359313,574.829458068,161.9,325.284711682,571.011182326,   0000021P0000143
161.9,249.966578602,573.703899406,161.9,324.943277195,           0000021P0000144
570.456722805,161.9,251.003899406,572.666578602,161.9,           0000021P0000145
324.388817674,570.115288318,161.9,252.129458068,571.757359313,   0000021P0000146
161.9,323.642640687,570.,161.9,253.3,571.011182326,161.9,        0000021P0000147
322.733421398,570.,161.9,319.4,570.456722805,161.9,              0000021P0000148
321.696100594,570.115288318,161.9,320.570541932,570.456722805,   0000021P0000149
150.8,321.696100594,571.011182326,150.8,322.733421398,           0000021P0000150
570.115288318,150.8,320.570541932,571.757359313,150.8,           0000021P0000151
323.642640687,570.,150.8,319.4,572.666578602,150.8,              0000021P0000152
324.388817674,570.,150.8,253.3,573.703899406,150.8,              0000021P0000153
324.943277195,570.115288318,150.8,252.129458068,574.829458068,   0000021P0000154
150.8,325.284711682,570.456722805,150.8,251.003899406,576.,      0000021P0000155
150.8,325.4,571.011182326,150.8,249.966578602,724.,150.8,325.4,  0000021P0000156
571.757359313,150.8,249.057359313,725.170541932,150.8,           0000021P0000157
325.284711682,572.666578602,150.8,248.311182326,726.296100594,   0000021P0000158
150.8,324.943277195,573.703899406,150.8,247.756722805,           0000021P0000159
727.333421398,150.8,324.388817674,574.829458068,150.8,           0000021P0000160
247.415288318,728.242640687,150.8,323.642640687,576.,150.8,      0000021P0000161
247.3,728.988817674,150.8,322.733421398,724.,150.8,247.3,        0000021P0000162
725.170541932,150.8,247.415288318,726.296100594,150.8,           0000021P0000163
247.756722805,727.333421398,150.8,248.311182326,728.242640687,   0000021P0000164
150.8,249.057359313;                                             0000021P0000165
110,730.,150.8,253.3,729.884711682,150.8,252.129458068;          0000023P0000166
110,729.884711682,161.9,252.129458068,729.884711682,150.8,       0000025P0000167
252.129458068;                                                   0000025P0000168
110,730.,161.9,253.3,729.884711682,161.9,252.129458068;          0000027P0000169
110,730.,161.9,319.4,730.,150.8,319.4;                           0000029P0000170
110,730.,150.8,319.4,730.,150.8,253.3;                           0000031P0000171
110,730.,161.9,319.4,730.,161.9,253.3;                           0000033P0000172
110,730.,161.9,253.3,729.2,162.7,253.3;                          0000035P0000173
110,729.884711682,161.9,252.129458068,729.096286978,162.7,       0000037P0000174
252.286285492;                                                   0000037P0000175
110,729.203852219,162.7,253.378413712,729.096286978,162.7,       0000039P0000176
252.286285492;                                                   0000039P0000177
110,730.,150.8,253.3,729.2,150.,253.3;                           0000041P0000178
110,729.884711682,150.8,252.129458068,729.096286978,150.,        0000043P0000179
252.286285492;                                                   0000043P0000180
110,729.203852219,150.,253.378413712,729.096286978,150.,         0000045P0000181
252.286285492;                                                   0000045P0000182
110,729.884711682,150.8,252.129458068,729.543277195,150.8,       0000047P0000183
251.003899406;                                                   0000047P0000184
110,729.543277195,161.9,251.003899406,729.543277195,150.8,       0000049P0000185
251.003899406;                                                   0000049P0000186
110,729.884711682,161.9,252.129458068,729.543277195,161.9,       0000051P0000187
251.003899406;                                                   0000051P0000188
110,729.884711682,161.9,320.570541932,729.884711682,150.8,       0000053P0000189
320.570541932;                                                   0000053P0000190
110,729.884711682,150.8,320.570541932,730.,150.8,319.4;          0000055P0000191
110,729.884711682,161.9,320.570541932,730.,161.9,319.4;          0000057P0000192
110,730.,161.9,319.4,729.203852219,162.7,319.321586288;          0000059P0000193
110,729.2,162.7,319.4,729.2,162.7,253.3;                         0000061P0000194
110,730.,150.8,319.4,729.203852219,150.,319.321586288;           0000063P0000195
110,729.2,150.,319.4,729.2,150.,253.3;                           0000065P0000196
110,729.096286978,162.7,252.286285492,728.800597363,162.7,       0000067P0000197
251.311527465;                                                   0000067P0000198
110,728.800597363,162.7,251.311527465,728.320423483,162.7,       0000069P0000199
250.413185322;                                                   0000069P0000200
110,728.320423483,162.7,250.413185322,727.674218152,162.7,       0000071P0000201
249.625781848;                                                   0000071P0000202
110,727.674218152,162.7,249.625781848,726.886814678,162.7,       0000073P0000203
248.979576517;                                                   0000073P0000204
110,726.886814678,162.7,248.979576517,725.988472535,162.7,       0000075P0000205
248.499402637;                                                   0000075P0000206
110,725.988472535,162.7,248.499402637,725.013714508,162.7,       0000077P0000207
248.203713022;                                                   0000077P0000208
110,725.013714508,162.7,248.203713022,723.921586288,162.7,       0000079P0000209
248.096147781;                                                   0000079P0000210
110,724.,162.7,248.1,576.,162.7,248.1;                           0000081P0000211
110,576.078413712,162.7,248.096147781,574.986285492,162.7,       0000083P0000212
248.203713022;                                                   0000083P0000213
110,574.986285492,162.7,248.203713022,574.011527465,162.7,       0000085P0000214
248.499402637;                                                   0000085P0000215
110,574.011527465,162.7,248.499402637,573.113185322,162.7,       0000087P0000216
248.979576517;                                                   0000087P0000217
110,573.113185322,162.7,248.979576517,572.325781848,162.7,       0000089P0000218
249.625781848;                                                   0000089P0000219
110,572.325781848,162.7,249.625781848,571.679576517,162.7,       0000091P0000220
250.413185322;                                                   0000091P0000221
110,571.679576517,162.7,250.413185322,571.199402637,162.7,       0000093P0000222
251.311527465;                                                   0000093P0000223
110,571.199402637,162.7,251.311527465,570.903713022,162.7,       0000095P0000224
252.286285492;                                                   0000095P0000225
110,570.903713022,162.7,252.286285492,570.796147781,162.7,       0000097P0000226
253.378413712;                                                   0000097P0000227
110,570.8,162.7,253.3,570.8,162.7,319.4;                         0000099P0000228
110,570.796147781,162.7,319.321586288,570.903713022,162.7,       0000101P0000229
320.413714508;                                                   0000101P0000230
110,570.903713022,162.7,320.413714508,571.199402637,162.7,       0000103P0000231
321.388472535;                                                   0000103P0000232
110,571.199402637,162.7,321.388472535,571.679576517,162.7,       0000105P0000233
322.286814678;                                                   0000105P0000234
110,571.679576517,162.7,322.286814678,572.325781848,162.7,       0000107P0000235
323.074218152;                                                   0000107P0000236
110,572.325781848,162.7,323.074218152,573.113185322,162.7,       0000109P0000237
323.720423483;                                                   0000109P0000238
110,573.113185322,162.7,323.720423483,574.011527465,162.7,       0000111P0000239
324.200597363;                                                   0000111P0000240
110,574.011527465,162.7,324.200597363,574.986285492,162.7,       0000113P0000241
324.496286978;                                                   0000113P0000242
110,574.986285492,162.7,324.496286978,576.078413712,162.7,       0000115P0000243
324.603852219;                                                   0000115P0000244
110,576.,162.7,324.6,724.,162.7,324.6;                           0000117P0000245
110,723.921586288,162.7,324.603852219,725.013714508,162.7,       0000119P0000246
324.496286978;                                                   0000119P0000247
110,725.013714508,162.7,324.496286978,725.988472535,162.7,       0000121P0000248
324.200597363;                                                   0000121P0000249
110,725.988472535,162.7,324.200597363,726.886814678,162.7,       0000123P0000250
323.720423483;                                                   0000123P0000251
110,726.886814678,162.7,323.720423483,727.674218152,162.7,       0000125P0000252
323.074218152;                                                   0000125P0000253
110,727.674218152,162.7,323.074218152,728.320423483,162.7,       0000127P0000254
322.286814678;                                                   0000127P0000255
110,728.320423483,162.7,322.286814678,728.800597363,162.7,       0000129P0000256
321.388472535;                                                   0000129P0000257
110,728.800597363,162.7,321.388472535,729.096286978,162.7,       0000131P0000258
320.413714508;                                                   0000131P0000259
110,729.096286978,162.7,320.413714508,729.203852219,162.7,       0000133P0000260
319.321586288;                                                   0000133P0000261
110,729.543277195,161.9,251.003899406,728.800597363,162.7,       0000135P0000262
251.311527465;                                                   0000135P0000263
110,571.199402637,150.,321.388472535,571.679576517,150.,         0000137P0000264
322.286814678;                                                   0000137P0000265
110,571.679576517,150.,322.286814678,572.325781848,150.,         0000139P0000266
323.074218152;                                                   0000139P0000267
110,572.325781848,150.,323.074218152,573.113185322,150.,         0000141P0000268
323.720423483;                                                   0000141P0000269
110,573.113185322,150.,323.720423483,574.011527465,150.,         0000143P0000270
324.200597363;                                                   0000143P0000271
110,574.011527465,150.,324.200597363,574.986285492,150.,         0000145P0000272
324.496286978;                                                   0000145P0000273
110,574.986285492,150.,324.496286978,576.078413712,150.,         0000147P0000274
324.603852219;                                                   0000147P0000275
110,576.,150.,324.6,724.,150.,324.6;                             0000149P0000276
110,723.921586288,150.,324.603852219,725.013714508,150.,         0000151P0000277
324.496286978;                                                   0000151P0000278
110,725.013714508,150.,324.496286978,725.988472535,150.,         0000153P0000279
324.200597363;                                                   0000153P0000280
110,725.988472535,150.,324.200597363,726.886814678,150.,         0000155P0000281
323.720423483;                                                   0000155P0000282
110,726.886814678,150.,323.720423483,727.674218152,150.,         0000157P0000283
323.074218152;                                                   0000157P0000284
110,727.674218152,150.,323.074218152,728.320423483,150.,         0000159P0000285
322.286814678;                                                   0000159P0000286
110,728.320423483,150.,322.286814678,728.800597363,150.,         0000161P0000287
321.388472535;                                                   0000161P0000288
110,728.800597363,150.,321.388472535,729.096286978,150.,         0000163P0000289
320.413714508;                                                   0000163P0000290
110,729.096286978,150.,320.413714508,729.203852219,150.,         0000165P0000291
319.321586288;                                                   0000165P0000292
110,729.096286978,150.,252.286285492,728.800597363,150.,         0000167P0000293
251.311527465;                                                   0000167P0000294
110,728.800597363,150.,251.311527465,728.320423483,150.,         0000169P0000295
250.413185322;                                                   0000169P0000296
110,728.320423483,150.,250.413185322,727.674218152,150.,         0000171P0000297
249.625781848;                                                   0000171P0000298
110,727.674218152,150.,249.625781848,726.886814678,150.,         0000173P0000299
248.979576517;                                                   0000173P0000300
110,726.886814678,150.,248.979576517,725.988472535,150.,         0000175P0000301
248.499402637;                                                   0000175P0000302
110,725.988472535,150.,248.499402637,725.013714508,150.,         0000177P0000303
248.203713022;                                                   0000177P0000304
110,725.013714508,150.,248.203713022,723.921586288,150.,         0000179P0000305
248.096147781;                                                   0000179P0000306
110,724.,150.,248.1,576.,150.,248.1;                             0000181P0000307
110,576.078413712,150.,248.096147781,574.986285492,150.,         0000183P0000308
248.203713022;                                                   0000183P0000309
110,574.986285492,150.,248.203713022,574.011527465,150.,         0000185P0000310
248.499402637;                                                   0000185P0000311
110,574.011527465,150.,248.499402637,573.113185322,150.,         0000187P0000312
248.979576517;                                                   0000187P0000313
110,573.113185322,150.,248.979576517,572.325781848,150.,         0000189P0000314
249.625781848;                                                   0000189P0000315
110,572.325781848,150.,249.625781848,571.679576517,150.,         0000191P0000316
250.413185322;                                                   0000191P0000317
110,571.679576517,150.,250.413185322,571.199402637,150.,         0000193P0000318
251.311527465;                                                   0000193P0000319
110,571.199402637,150.,251.311527465,570.903713022,150.,         0000195P0000320
252.286285492;                                                   0000195P0000321
110,570.903713022,150.,252.286285492,570.796147781,150.,         0000197P0000322
253.378413712;                                                   0000197P0000323
110,570.8,150.,253.3,570.8,150.,319.4;                           0000199P0000324
110,570.796147781,150.,319.321586288,570.903713022,150.,         0000201P0000325
320.413714508;                                                   0000201P0000326
110,570.903713022,150.,320.413714508,571.199402637,150.,         0000203P0000327
321.388472535;                                                   0000203P0000328
110,729.543277195,150.8,251.003899406,728.800597363,150.,        0000205P0000329
251.311527465;                                                   0000205P0000330
110,729.543277195,150.8,251.003899406,728.988817674,150.8,       0000207P0000331
249.966578602;                                                   0000207P0000332
110,728.988817674,161.9,249.966578602,728.988817674,150.8,       0000209P0000333
249.966578602;                                                   0000209P0000334
110,729.543277195,161.9,251.003899406,728.988817674,161.9,       0000211P0000335
249.966578602;                                                   0000211P0000336
110,729.543277195,161.9,321.696100594,729.543277195,150.8,       0000213P0000337
321.696100594;                                                   0000213P0000338
110,729.543277195,150.8,321.696100594,729.884711682,150.8,       0000215P0000339
320.570541932;                                                   0000215P0000340
110,729.543277195,161.9,321.696100594,729.884711682,161.9,       0000217P0000341
320.570541932;                                                   0000217P0000342
110,729.884711682,161.9,320.570541932,729.096286978,162.7,       0000219P0000343
320.413714508;                                                   0000219P0000344
110,729.884711682,150.8,320.570541932,729.096286978,150.,        0000221P0000345
320.413714508;                                                   0000221P0000346
110,728.988817674,161.9,249.966578602,728.320423483,162.7,       0000223P0000347
250.413185322;                                                   0000223P0000348
110,728.988817674,161.9,249.966578602,728.242640687,161.9,       0000225P0000349
249.057359313;                                                   0000225P0000350
110,728.242640687,161.9,249.057359313,727.674218152,162.7,       0000227P0000351
249.625781848;                                                   0000227P0000352
110,728.242640687,161.9,249.057359313,727.333421398,161.9,       0000229P0000353
248.311182326;                                                   0000229P0000354
110,727.333421398,161.9,248.311182326,726.886814678,162.7,       0000231P0000355
248.979576517;                                                   0000231P0000356
110,729.543277195,161.9,321.696100594,728.800597363,162.7,       0000233P0000357
321.388472535;                                                   0000233P0000358
110,727.333421398,161.9,248.311182326,726.296100594,161.9,       0000235P0000359
247.756722805;                                                   0000235P0000360
110,726.296100594,161.9,247.756722805,725.988472535,162.7,       0000237P0000361
248.499402637;                                                   0000237P0000362
110,728.988817674,161.9,322.733421398,728.320423483,162.7,       0000239P0000363
322.286814678;                                                   0000239P0000364
110,728.988817674,161.9,322.733421398,729.543277195,161.9,       0000241P0000365
321.696100594;                                                   0000241P0000366
110,726.296100594,161.9,247.756722805,725.170541932,161.9,       0000243P0000367
247.415288318;                                                   0000243P0000368
110,725.170541932,161.9,247.415288318,725.013714508,162.7,       0000245P0000369
248.203713022;                                                   0000245P0000370
110,728.242640687,161.9,323.642640687,727.674218152,162.7,       0000247P0000371
323.074218152;                                                   0000247P0000372
110,728.242640687,161.9,323.642640687,728.988817674,161.9,       0000249P0000373
322.733421398;                                                   0000249P0000374
110,725.170541932,161.9,247.415288318,724.,161.9,247.3;          0000251P0000375
110,724.,161.9,247.3,723.921586288,162.7,248.096147781;          0000253P0000376
110,727.333421398,161.9,324.388817674,726.886814678,162.7,       0000255P0000377
323.720423483;                                                   0000255P0000378
110,727.333421398,161.9,324.388817674,728.242640687,161.9,       0000257P0000379
323.642640687;                                                   0000257P0000380
110,724.,161.9,247.3,576.,161.9,247.3;                           0000259P0000381
110,576.,161.9,247.3,576.,162.7,248.1;                           0000261P0000382
110,726.296100594,161.9,324.943277195,725.988472535,162.7,       0000263P0000383
324.200597363;                                                   0000263P0000384
110,726.296100594,161.9,324.943277195,727.333421398,161.9,       0000265P0000385
324.388817674;                                                   0000265P0000386
110,576.,161.9,247.3,574.829458068,161.9,247.415288318;          0000267P0000387
110,574.829458068,161.9,247.415288318,574.986285492,162.7,       0000269P0000388
248.203713022;                                                   0000269P0000389
110,725.170541932,161.9,325.284711682,725.013714508,162.7,       0000271P0000390
324.496286978;                                                   0000271P0000391
110,725.170541932,161.9,325.284711682,726.296100594,161.9,       0000273P0000392
324.943277195;                                                   0000273P0000393
110,574.829458068,161.9,247.415288318,573.703899406,161.9,       0000275P0000394
247.756722805;                                                   0000275P0000395
110,573.703899406,161.9,247.756722805,574.011527465,162.7,       0000277P0000396
248.499402637;                                                   0000277P0000397
110,724.,161.9,325.4,724.,162.7,324.6;                           0000279P0000398
110,724.,161.9,325.4,725.170541932,161.9,325.284711682;          0000281P0000399
110,573.703899406,161.9,247.756722805,572.666578602,161.9,       0000283P0000400
248.311182326;                                                   0000283P0000401
110,572.666578602,161.9,248.311182326,573.113185322,162.7,       0000285P0000402
248.979576517;                                                   0000285P0000403
110,576.,161.9,325.4,576.078413712,162.7,324.603852219;          0000287P0000404
110,576.,161.9,325.4,724.,161.9,325.4;                           0000289P0000405
110,572.666578602,161.9,248.311182326,571.757359313,161.9,       0000291P0000406
249.057359313;                                                   0000291P0000407
110,571.757359313,161.9,249.057359313,572.325781848,162.7,       0000293P0000408
249.625781848;                                                   0000293P0000409
110,574.829458068,161.9,325.284711682,574.986285492,162.7,       0000295P0000410
324.496286978;                                                   0000295P0000411
110,574.829458068,161.9,325.284711682,576.,161.9,325.4;          0000297P0000412
110,571.757359313,161.9,249.057359313,571.011182326,161.9,       0000299P0000413
249.966578602;                                                   0000299P0000414
110,571.011182326,161.9,249.966578602,571.679576517,162.7,       0000301P0000415
250.413185322;                                                   0000301P0000416
110,573.703899406,161.9,324.943277195,574.011527465,162.7,       0000303P0000417
324.200597363;                                                   0000303P0000418
110,573.703899406,161.9,324.943277195,574.829458068,161.9,       0000305P0000419
325.284711682;                                                   0000305P0000420
110,571.011182326,161.9,249.966578602,570.456722805,161.9,       0000307P0000421
251.003899406;                                                   0000307P0000422
110,570.456722805,161.9,251.003899406,571.199402637,162.7,       0000309P0000423
251.311527465;                                                   0000309P0000424
110,572.666578602,161.9,324.388817674,573.113185322,162.7,       0000311P0000425
323.720423483;                                                   0000311P0000426
110,572.666578602,161.9,324.388817674,573.703899406,161.9,       0000313P0000427
324.943277195;                                                   0000313P0000428
110,570.456722805,161.9,251.003899406,570.115288318,161.9,       0000315P0000429
252.129458068;                                                   0000315P0000430
110,570.115288318,161.9,252.129458068,570.903713022,162.7,       0000317P0000431
252.286285492;                                                   0000317P0000432
110,571.757359313,161.9,323.642640687,572.325781848,162.7,       0000319P0000433
323.074218152;                                                   0000319P0000434
110,571.757359313,161.9,323.642640687,572.666578602,161.9,       0000321P0000435
324.388817674;                                                   0000321P0000436
110,570.115288318,161.9,252.129458068,570.,161.9,253.3;          0000323P0000437
110,570.,161.9,253.3,570.796147781,162.7,253.378413712;          0000325P0000438
110,571.011182326,161.9,322.733421398,571.679576517,162.7,       0000327P0000439
322.286814678;                                                   0000327P0000440
110,571.011182326,161.9,322.733421398,571.757359313,161.9,       0000329P0000441
323.642640687;                                                   0000329P0000442
110,570.,161.9,253.3,570.,161.9,319.4;                           0000331P0000443
110,570.,161.9,319.4,570.8,162.7,319.4;                          0000333P0000444
110,570.456722805,161.9,321.696100594,571.199402637,162.7,       0000335P0000445
321.388472535;                                                   0000335P0000446
110,570.456722805,161.9,321.696100594,571.011182326,161.9,       0000337P0000447
322.733421398;                                                   0000337P0000448
110,570.,161.9,319.4,570.115288318,161.9,320.570541932;          0000339P0000449
110,570.115288318,161.9,320.570541932,570.903713022,162.7,       0000341P0000450
320.413714508;                                                   0000341P0000451
110,570.115288318,161.9,320.570541932,570.456722805,161.9,       0000343P0000452
321.696100594;                                                   0000343P0000453
110,570.456722805,150.8,321.696100594,571.199402637,150.,        0000345P0000454
321.388472535;                                                   0000345P0000455
110,570.456722805,150.8,321.696100594,571.011182326,150.8,       0000347P0000456
322.733421398;                                                   0000347P0000457
110,571.011182326,150.8,322.733421398,571.679576517,150.,        0000349P0000458
322.286814678;                                                   0000349P0000459
110,570.115288318,150.8,320.570541932,570.903713022,150.,        0000351P0000460
320.413714508;                                                   0000351P0000461
110,570.115288318,150.8,320.570541932,570.456722805,150.8,       0000353P0000462
321.696100594;                                                   0000353P0000463
110,571.011182326,150.8,322.733421398,571.757359313,150.8,       0000355P0000464
323.642640687;                                                   0000355P0000465
110,571.757359313,150.8,323.642640687,572.325781848,150.,        0000357P0000466
323.074218152;                                                   0000357P0000467
110,570.,150.8,319.4,570.8,150.,319.4;                           0000359P0000468
110,570.,150.8,319.4,570.115288318,150.8,320.570541932;          0000361P0000469
110,571.757359313,150.8,323.642640687,572.666578602,150.8,       0000363P0000470
324.388817674;                                                   0000363P0000471
110,572.666578602,150.8,324.388817674,573.113185322,150.,        0000365P0000472
323.720423483;                                                   0000365P0000473
110,570.,150.8,253.3,570.796147781,150.,253.378413712;           0000367P0000474
110,570.,150.8,253.3,570.,150.8,319.4;                           0000369P0000475
110,572.666578602,150.8,324.388817674,573.703899406,150.8,       0000371P0000476
324.943277195;                                                   0000371P0000477
110,573.703899406,150.8,324.943277195,574.011527465,150.,        0000373P0000478
324.200597363;                                                   0000373P0000479
110,570.115288318,150.8,252.129458068,570.903713022,150.,        0000375P0000480
252.286285492;                                                   0000375P0000481
110,570.115288318,150.8,252.129458068,570.,150.8,253.3;          0000377P0000482
110,573.703899406,150.8,324.943277195,574.829458068,150.8,       0000379P0000483
325.284711682;                                                   0000379P0000484
110,574.829458068,150.8,325.284711682,574.986285492,150.,        0000381P0000485
324.496286978;                                                   0000381P0000486
110,570.456722805,150.8,251.003899406,571.199402637,150.,        0000383P0000487
251.311527465;                                                   0000383P0000488
110,570.456722805,150.8,251.003899406,570.115288318,150.8,       0000385P0000489
252.129458068;                                                   0000385P0000490
110,574.829458068,150.8,325.284711682,576.,150.8,325.4;          0000387P0000491
110,576.,150.8,325.4,576.078413712,150.,324.603852219;           0000389P0000492
110,571.011182326,150.8,249.966578602,571.679576517,150.,        0000391P0000493
250.413185322;                                                   0000391P0000494
110,571.011182326,150.8,249.966578602,570.456722805,150.8,       0000393P0000495
251.003899406;                                                   0000393P0000496
110,576.,150.8,325.4,724.,150.8,325.4;                           0000395P0000497
110,724.,150.8,325.4,724.,150.,324.6;                            0000397P0000498
110,571.757359313,150.8,249.057359313,572.325781848,150.,        0000399P0000499
249.625781848;                                                   0000399P0000500
110,571.757359313,150.8,249.057359313,571.011182326,150.8,       0000401P0000501
249.966578602;                                                   0000401P0000502
110,724.,150.8,325.4,725.170541932,150.8,325.284711682;          0000403P0000503
110,725.170541932,150.8,325.284711682,725.013714508,150.,        0000405P0000504
324.496286978;                                                   0000405P0000505
110,572.666578602,150.8,248.311182326,573.113185322,150.,        0000407P0000506
248.979576517;                                                   0000407P0000507
110,572.666578602,150.8,248.311182326,571.757359313,150.8,       0000409P0000508
249.057359313;                                                   0000409P0000509
110,725.170541932,150.8,325.284711682,726.296100594,150.8,       0000411P0000510
324.943277195;                                                   0000411P0000511
110,726.296100594,150.8,324.943277195,725.988472535,150.,        0000413P0000512
324.200597363;                                                   0000413P0000513
110,573.703899406,150.8,247.756722805,574.011527465,150.,        0000415P0000514
248.499402637;                                                   0000415P0000515
110,573.703899406,150.8,247.756722805,572.666578602,150.8,       0000417P0000516
248.311182326;                                                   0000417P0000517
110,726.296100594,150.8,324.943277195,727.333421398,150.8,       0000419P0000518
324.388817674;                                                   0000419P0000519
110,727.333421398,150.8,324.388817674,726.886814678,150.,        0000421P0000520
323.720423483;                                                   0000421P0000521
110,574.829458068,150.8,247.415288318,574.986285492,150.,        0000423P0000522
248.203713022;                                                   0000423P0000523
110,574.829458068,150.8,247.415288318,573.703899406,150.8,       0000425P0000524
247.756722805;                                                   0000425P0000525
110,727.333421398,150.8,324.388817674,728.242640687,150.8,       0000427P0000526
323.642640687;                                                   0000427P0000527
110,728.242640687,150.8,323.642640687,727.674218152,150.,        0000429P0000528
323.074218152;                                                   0000429P0000529
110,576.,150.8,247.3,576.,150.,248.1;                            0000431P0000530
110,576.,150.8,247.3,574.829458068,150.8,247.415288318;          0000433P0000531
110,728.242640687,150.8,323.642640687,728.988817674,150.8,       0000435P0000532
322.733421398;                                                   0000435P0000533
110,728.988817674,150.8,322.733421398,728.320423483,150.,        0000437P0000534
322.286814678;                                                   0000437P0000535
110,724.,150.8,247.3,723.921586288,150.,248.096147781;           0000439P0000536
110,724.,150.8,247.3,576.,150.8,247.3;                           0000441P0000537
110,728.988817674,150.8,322.733421398,729.543277195,150.8,       0000443P0000538
321.696100594;                                                   0000443P0000539
110,729.543277195,150.8,321.696100594,728.800597363,150.,        0000445P0000540
321.388472535;                                                   0000445P0000541
110,725.170541932,150.8,247.415288318,725.013714508,150.,        0000447P0000542
248.203713022;                                                   0000447P0000543
110,725.170541932,150.8,247.415288318,724.,150.8,247.3;          0000449P0000544
110,726.296100594,150.8,247.756722805,725.988472535,150.,        0000451P0000545
248.499402637;                                                   0000451P0000546
110,726.296100594,150.8,247.756722805,725.170541932,150.8,       0000453P0000547
247.415288318;                                                   0000453P0000548
110,727.333421398,150.8,248.311182326,726.886814678,150.,        0000455P0000549
248.979576517;                                                   0000455P0000550
110,727.333421398,150.8,248.311182326,726.296100594,150.8,       0000457P0000551
247.756722805;                                                   0000457P0000552
110,728.242640687,150.8,249.057359313,727.674218152,150.,        0000459P0000553
249.625781848;                                                   0000459P0000554
110,728.242640687,150.8,249.057359313,727.333421398,150.8,       0000461P0000555
248.311182326;                                                   0000461P0000556
110,728.988817674,150.8,249.966578602,728.320423483,150.,        0000463P0000557
250.413185322;                                                   0000463P0000558
110,728.988817674,150.8,249.966578602,728.242640687,150.8,       0000465P0000559
249.057359313;                                                   0000465P0000560
110,728.242640687,161.9,249.057359313,728.242640687,150.8,       0000467P0000561
249.057359313;                                                   0000467P0000562
110,728.988817674,161.9,322.733421398,728.988817674,150.8,       0000469P0000563
322.733421398;                                                   0000469P0000564
110,727.333421398,161.9,248.311182326,727.333421398,150.8,       0000471P0000565
248.311182326;                                                   0000471P0000566
110,726.296100594,161.9,247.756722805,726.296100594,150.8,       0000473P0000567
247.756722805;                                                   0000473P0000568
110,725.170541932,161.9,247.415288318,725.170541932,150.8,       0000475P0000569
247.415288318;                                                   0000475P0000570
110,728.242640687,161.9,323.642640687,728.242640687,150.8,       0000477P0000571
323.642640687;                                                   0000477P0000572
110,724.,161.9,247.3,724.,150.8,247.3;                           0000479P0000573
110,727.333421398,161.9,324.388817674,727.333421398,150.8,       0000481P0000574
324.388817674;                                                   0000481P0000575
110,576.,161.9,247.3,576.,150.8,247.3;                           0000483P0000576
110,726.296100594,161.9,324.943277195,726.296100594,150.8,       0000485P0000577
324.943277195;                                                   0000485P0000578
110,574.829458068,161.9,247.415288318,574.829458068,150.8,       0000487P0000579
247.415288318;                                                   0000487P0000580
110,725.170541932,161.9,325.284711682,725.170541932,150.8,       0000489P0000581
325.284711682;                                                   0000489P0000582
110,573.703899406,161.9,247.756722805,573.703899406,150.8,       0000491P0000583
247.756722805;                                                   0000491P0000584
110,724.,161.9,325.4,724.,150.8,325.4;                           0000493P0000585
110,572.666578602,161.9,248.311182326,572.666578602,150.8,       0000495P0000586
248.311182326;                                                   0000495P0000587
110,576.,161.9,325.4,576.,150.8,325.4;                           0000497P0000588
110,571.757359313,161.9,249.057359313,571.757359313,150.8,       0000499P0000589
249.057359313;                                                   0000499P0000590
110,574.829458068,161.9,325.284711682,574.829458068,150.8,       0000501P0000591
325.284711682;                                                   0000501P0000592
110,571.011182326,161.9,249.966578602,571.011182326,150.8,       0000503P0000593
249.966578602;                                                   0000503P0000594
110,573.703899406,161.9,324.943277195,573.703899406,150.8,       0000505P0000595
324.943277195;                                                   0000505P0000596
110,570.456722805,161.9,251.003899406,570.456722805,150.8,       0000507P0000597
251.003899406;                                                   0000507P0000598
110,572.666578602,161.9,324.388817674,572.666578602,150.8,       0000509P0000599
324.388817674;                                                   0000509P0000600
110,570.115288318,161.9,252.129458068,570.115288318,150.8,       0000511P0000601
252.129458068;                                                   0000511P0000602
110,571.757359313,161.9,323.642640687,571.757359313,150.8,       0000513P0000603
323.642640687;                                                   0000513P0000604
110,570.,161.9,253.3,570.,150.8,253.3;                           0000515P0000605
110,571.011182326,161.9,322.733421398,571.011182326,150.8,       0000517P0000606
322.733421398;                                                   0000517P0000607
110,570.,161.9,319.4,570.,150.8,319.4;                           0000519P0000608
110,570.456722805,161.9,321.696100594,570.456722805,150.8,       0000521P0000609
321.696100594;                                                   0000521P0000610
110,570.115288318,161.9,320.570541932,570.115288318,150.8,       0000523P0000611
320.570541932;                                                   0000523P0000612
510,527,1,1,535;                                                 0000525P0000613
190,529,531,533;                                                 0000527P0000614
116,730.,162.7,319.4,0;                                          0000529P0000615
123,1.,0.,0.;                                                    0000531P0000616
123,0.,-1.110223025E-16,-1.;                                     0000533P0000617
508,4,0,17,5,1,0,0,17,6,1,0,0,17,1,0,0,0,17,7,0,0;               0000535P0000618
510,539,1,1,547;                                                 0000537P0000619
190,541,543,545;                                                 0000539P0000620
116,729.601926109,162.3,253.339206856,0;                         0000541P0000621
123,0.703701869,0.707106781,-6.93085846E-02;                     0000543P0000622
123,-9.801714033E-02,-3.394711986E-16,-0.995184727;              0000545P0000623
508,4,0,17,8,0,0,0,17,4,1,0,0,17,9,1,0,0,17,10,0,0;              0000547P0000624
510,551,1,1,559;                                                 0000549P0000625
190,553,555,557;                                                 0000551P0000626
116,729.601926109,150.4,253.339206856,0;                         0000553P0000627
123,-0.703701869,0.707106781,6.93085846E-02;                     0000555P0000628
123,-9.801714033E-02,1.115569052E-16,-0.995184727;               0000557P0000629
508,4,0,17,11,0,0,0,17,2,1,0,0,17,12,1,0,0,17,13,0,0;            0000559P0000630
510,563,1,1,571;                                                 0000561P0000631
190,565,567,569;                                                 0000563P0000632
116,729.884711682,162.7,252.129458068,0;                         0000565P0000633
123,0.956940336,-3.222807324E-17,-0.290284677;                   0000567P0000634
123,-0.290284677,-1.062417194E-16,-0.956940336;                  0000569P0000635
508,4,0,17,3,1,0,0,17,14,1,0,0,17,15,0,0,0,17,16,0,0;            0000571P0000636
510,575,1,1,583;                                                 0000573P0000637
190,577,579,581;                                                 0000575P0000638
116,729.884711682,162.7,320.570541932,0;                         0000577P0000639
123,0.995184727,1.08820886E-17,9.801714033E-02;                  0000579P0000640
123,9.801714033E-02,-1.104876997E-16,-0.995184727;               0000581P0000641
508,4,0,17,17,1,0,0,17,18,1,0,0,17,5,0,0,0,17,19,0,0;            0000583P0000642
510,587,1,1,595;                                                 0000585P0000643
190,589,591,593;                                                 0000587P0000644
116,729.6,162.3,319.4,0;                                         0000589P0000645
123,0.707106781,0.707106781,-8.548778455E-17;                    0000591P0000646
123,-4.937840935E-18,-1.159601434E-16,-1.;                       0000593P0000647
508,4,0,17,20,0,0,0,17,7,1,0,0,17,8,1,0,0,17,21,0,0;             0000595P0000648
510,599,1,1,607;                                                 0000597P0000649
190,601,603,605;                                                 0000599P0000650
116,729.6,150.4,319.4,0;                                         0000601P0000651
123,-0.707106781,0.707106781,-7.152146132E-17;                   0000603P0000652
123,-4.937840935E-18,-1.060844615E-16,-1.;                       0000605P0000653
508,4,0,17,22,0,0,0,17,6,1,0,0,17,11,1,0,0,17,23,0,0;            0000607P0000654
510,611,1,1,619;                                                 0000609P0000655
190,613,615,617;                                                 0000611P0000656
116,650.,162.7,286.35,0;                                         0000613P0000657
123,-0.,1.,-1.110223025E-16;                                     0000615P0000658
123,-1.,0.,0.;                                                   0000617P0000659
508,36,0,17,24,1,0,0,17,25,1,0,0,17,26,1,0,0,17,27,1,0,0,17,28,  0000619P0000660
1,0,0,17,29,1,0,0,17,30,1,0,0,17,31,1,0,0,17,32,1,0,0,17,33,1,0, 0000619P0000661
0,17,34,1,0,0,17,35,1,0,0,17,36,1,0,0,17,37,1,0,0,17,38,1,0,0,   0000619P0000662
17,39,1,0,0,17,40,1,0,0,17,41,1,0,0,17,42,1,0,0,17,43,1,0,0,17,  0000619P0000663
44,1,0,0,17,45,1,0,0,17,46,1,0,0,17,47,1,0,0,17,48,1,0,0,17,49,  0000619P0000664
1,0,0,17,50,1,0,0,17,51,1,0,0,17,52,1,0,0,17,53,1,0,0,17,54,1,0, 0000619P0000665
0,17,55,1,0,0,17,56,1,0,0,17,57,1,0,0,17,21,1,0,0,17,10,1,0;     0000619P0000666
510,623,1,1,631;                                                 0000621P0000667
190,625,627,629;                                                 0000623P0000668
116,729.501935548,162.3,252.245571939,0;                         0000625P0000669
123,0.676659001,0.707106781,-0.205262264;                        0000627P0000670
123,-0.290284677,-1.895084462E-16,-0.956940336;                  0000629P0000671
508,4,0,17,9,0,0,0,17,16,1,0,0,17,58,1,0,0,17,24,0,0;            0000631P0000672
510,635,1,1,643;                                                 0000633P0000673
190,637,639,641;                                                 0000635P0000674
116,650.,150.,286.35,0;                                          0000637P0000675
123,-0.,1.,-1.110223025E-16;                                     0000639P0000676
123,-1.,0.,0.;                                                   0000641P0000677
508,36,0,17,59,1,0,0,17,60,1,0,0,17,61,1,0,0,17,62,1,0,0,17,63,  0000643P0000678
1,0,0,17,64,1,0,0,17,65,1,0,0,17,66,1,0,0,17,67,1,0,0,17,68,1,0, 0000643P0000679
0,17,69,1,0,0,17,70,1,0,0,17,71,1,0,0,17,72,1,0,0,17,73,1,0,0,   0000643P0000680
17,23,1,0,0,17,13,1,0,0,17,74,1,0,0,17,75,1,0,0,17,76,1,0,0,17,  0000643P0000681
77,1,0,0,17,78,1,0,0,17,79,1,0,0,17,80,1,0,0,17,81,1,0,0,17,82,  0000643P0000682
1,0,0,17,83,1,0,0,17,84,1,0,0,17,85,1,0,0,17,86,1,0,0,17,87,1,0, 0000643P0000683
0,17,88,1,0,0,17,89,1,0,0,17,90,1,0,0,17,91,1,0,0,17,92,1,0;     0000643P0000684
510,647,1,1,655;                                                 0000645P0000685
190,649,651,653;                                                 0000647P0000686
116,729.501935548,150.4,252.245571939,0;                         0000649P0000687
123,-0.676659001,0.707106781,0.205262264;                        0000651P0000688
123,-0.290284677,4.78058307E-18,-0.956940336;                    0000653P0000689
508,4,0,17,12,0,0,0,17,14,1,0,0,17,93,1,0,0,17,74,0,0;           0000655P0000690
510,659,1,1,667;                                                 0000657P0000691
190,661,663,665;                                                 0000659P0000692
116,729.543277195,162.7,251.003899406,0;                         0000661P0000693
123,0.881921264,-5.23355511E-17,-0.471396737;                    0000663P0000694
123,-0.471396737,-9.791292936E-17,-0.881921264;                  0000665P0000695
508,4,0,17,15,1,0,0,17,94,1,0,0,17,95,0,0,0,17,96,0,0;           0000667P0000696
510,671,1,1,679;                                                 0000669P0000697
190,673,675,677;                                                 0000671P0000698
116,729.543277195,162.7,321.696100594,0;                         0000673P0000699
123,0.956940336,3.222807324E-17,0.290284677;                     0000675P0000700
123,0.290284677,-1.062417194E-16,-0.956940336;                   0000677P0000701
508,4,0,17,97,1,0,0,17,98,1,0,0,17,17,0,0,0,17,99,0,0;           0000679P0000702
510,683,1,1,691;                                                 0000681P0000703
190,685,687,689;                                                 0000683P0000704
116,729.486637792,162.3,320.531335076,0;                         0000685P0000705
123,0.703701869,0.707106781,6.93085846E-02;                      0000687P0000706
123,9.801714033E-02,8.380132958E-17,-0.995184727;                0000689P0000707
508,4,0,17,100,0,0,0,17,19,1,0,0,17,20,1,0,0,17,57,0,0;          0000691P0000708
510,695,1,1,703;                                                 0000693P0000709
190,697,699,701;                                                 0000695P0000710
116,729.486637792,150.4,320.531335076,0;                         0000697P0000711
123,-0.703701869,0.707106781,-6.93085846E-02;                    0000699P0000712
123,9.801714033E-02,-3.186545168E-16,-0.995184727;               0000701P0000713
508,4,0,17,101,0,0,0,17,18,1,0,0,17,22,1,0,0,17,73,0,0;          0000703P0000714
510,707,1,1,715;                                                 0000705P0000715
190,709,711,713;                                                 0000707P0000716
116,729.190508689,162.3,251.192458101,0;                         0000709P0000717
123,0.623612506,0.707106781,-0.333327829;                        0000711P0000718
123,-0.471396737,-4.240177813E-17,-0.881921264;                  0000713P0000719
508,4,0,17,58,0,0,0,17,96,1,0,0,17,102,1,0,0,17,25,0,0;          0000715P0000720
510,719,1,1,727;                                                 0000717P0000721
190,721,723,725;                                                 0000719P0000722
116,728.679613492,162.3,250.220335916,0;                         0000721P0000723
123,0.546600934,0.707106781,-0.448583793;                        0000723P0000724
123,-0.634393284,-5.576661858E-16,-0.773010453;                  0000725P0000725
508,4,0,17,102,0,0,0,17,103,1,0,0,17,104,1,0,0,17,26,0,0;        0000727P0000726
510,731,1,1,739;                                                 0000729P0000727
190,733,735,737;                                                 0000731P0000728
116,727.988883373,162.3,249.366563494,0;                         0000733P0000729
123,0.448583793,0.707106781,-0.546600934;                        0000735P0000730
123,-0.773010453,-1.536985299E-16,-0.634393284;                  0000737P0000731
508,4,0,17,104,0,0,0,17,105,1,0,0,17,106,1,0,0,17,27,0,0;        0000739P0000732
510,743,1,1,751;                                                 0000741P0000733
190,745,747,749;                                                 0000743P0000734
116,729.160501061,162.3,321.579986723,0;                         0000745P0000735
123,0.676659001,0.707106781,0.205262264;                         0000747P0000736
123,0.290284677,-3.282863243E-16,-0.956940336;                   0000749P0000737
508,4,0,17,107,0,0,0,17,99,1,0,0,17,100,1,0,0,17,56,0,0;         0000751P0000738
510,755,1,1,763;                                                 0000753P0000739
190,757,759,761;                                                 0000755P0000740
116,727.144862703,162.3,248.663950832,0;                         0000757P0000741
123,0.333327829,0.707106781,-0.623612506;                        0000759P0000742
123,-0.881921264,-3.021357316E-16,-0.471396737;                  0000761P0000743
508,4,0,17,106,0,0,0,17,108,1,0,0,17,109,1,0,0,17,28,0,0;        0000763P0000744
510,767,1,1,775;                                                 0000765P0000745
190,769,771,773;                                                 0000767P0000746
116,728.636049168,162.3,322.544862703,0;                         0000769P0000747
123,0.623612506,0.707106781,0.333327829;                         0000771P0000748
123,0.471396737,2.629095536E-16,-0.881921264;                    0000773P0000749
508,4,0,17,110,0,0,0,17,111,1,0,0,17,107,1,0,0,17,55,0,0;        0000775P0000750
510,779,1,1,787;                                                 0000777P0000751
190,781,783,785;                                                 0000779P0000752
116,726.179986723,162.3,248.139498939,0;                         0000781P0000753
123,0.205262264,0.707106781,-0.676659001;                        0000783P0000754
123,-0.956940336,-4.472497623E-18,-0.290284677;                  0000785P0000755
508,4,0,17,109,0,0,0,17,112,1,0,0,17,113,1,0,0,17,29,0,0;        0000787P0000756
510,791,1,1,799;                                                 0000789P0000757
190,793,795,797;                                                 0000791P0000758
116,727.933436506,162.3,323.388883373,0;                         0000793P0000759
123,0.546600934,0.707106781,0.448583793;                         0000795P0000760
123,0.634393284,-1.968437028E-16,-0.773010453;                   0000797P0000761
508,4,0,17,114,0,0,0,17,115,1,0,0,17,110,1,0,0,17,54,0,0;        0000799P0000762
510,803,1,1,811;                                                 0000801P0000763
190,805,807,809;                                                 0000803P0000764
116,725.131335076,162.3,247.813362208,0;                         0000805P0000765
123,6.93085846E-02,0.707106781,-0.703701869;                     0000807P0000766
123,-0.995184727,-1.774155423E-16,-9.801714033E-02;              0000809P0000767
508,4,0,17,113,0,0,0,17,116,1,0,0,17,117,1,0,0,17,30,0,0;        0000811P0000768
510,815,1,1,823;                                                 0000813P0000769
190,817,819,821;                                                 0000815P0000770
116,727.079664084,162.3,324.079613492,0;                         0000817P0000771
123,0.448583793,0.707106781,0.546600934;                         0000819P0000772
123,0.773010453,-1.814541055E-16,-0.634393284;                   0000821P0000773
508,4,0,17,118,0,0,0,17,119,1,0,0,17,114,1,0,0,17,53,0,0;        0000823P0000774
510,827,1,1,835;                                                 0000825P0000775
190,829,831,833;                                                 0000827P0000776
116,724.,162.3,247.7,0;                                          0000829P0000777
123,-6.983161619E-18,0.707106781,-0.707106781;                   0000831P0000778
123,-1.,-4.937840935E-18,4.937840935E-18;                        0000833P0000779
508,4,0,17,117,0,0,0,17,120,1,0,0,17,121,1,0,0,17,31,0,0;        0000835P0000780
510,839,1,1,847;                                                 0000837P0000781
190,841,843,845;                                                 0000839P0000782
116,726.107541899,162.3,324.590508689,0;                         0000841P0000783
123,0.333327829,0.707106781,0.623612506;                         0000843P0000784
123,0.881921264,8.644232698E-17,-0.471396737;                    0000845P0000785
508,4,0,17,122,0,0,0,17,123,1,0,0,17,118,1,0,0,17,52,0,0;        0000847P0000786
510,851,1,1,859;                                                 0000849P0000787
190,853,855,857;                                                 0000851P0000788
116,576.039206856,162.3,247.698073891,0;                         0000853P0000789
123,-6.93085846E-02,0.707106781,-0.703701869;                    0000855P0000790
123,-0.995184727,-1.695291529E-16,9.801714033E-02;               0000857P0000791
508,4,0,17,121,0,0,0,17,124,1,0,0,17,125,1,0,0,17,32,0,0;        0000859P0000792
510,863,1,1,871;                                                 0000861P0000793
190,865,867,869;                                                 0000863P0000794
116,725.054428061,162.3,324.901935548,0;                         0000865P0000795
123,0.205262264,0.707106781,0.676659001;                         0000867P0000796
123,0.956940336,-2.265171025E-16,-0.290284677;                   0000869P0000797
508,4,0,17,126,0,0,0,17,127,1,0,0,17,122,1,0,0,17,51,0,0;        0000871P0000798
510,875,1,1,883;                                                 0000873P0000799
190,877,879,881;                                                 0000875P0000800
116,574.945571939,162.3,247.798064452,0;                         0000877P0000801
123,-0.205262264,0.707106781,-0.676659001;                       0000879P0000802
123,-0.956940336,1.432503757E-16,0.290284677;                    0000881P0000803
508,4,0,17,125,0,0,0,17,128,1,0,0,17,129,1,0,0,17,33,0,0;        0000883P0000804
510,887,1,1,895;                                                 0000885P0000805
190,889,891,893;                                                 0000887P0000806
116,723.960793144,162.3,325.001926109,0;                         0000889P0000807
123,6.93085846E-02,0.707106781,0.703701869;                      0000891P0000808
123,0.995184727,-3.169877031E-17,-9.801714033E-02;               0000893P0000809
508,4,0,17,130,0,0,0,17,131,1,0,0,17,126,1,0,0,17,50,0,0;        0000895P0000810
510,899,1,1,907;                                                 0000897P0000811
190,901,903,905;                                                 0000899P0000812
116,573.892458101,162.3,248.109491311,0;                         0000901P0000813
123,-0.333327829,0.707106781,-0.623612506;                       0000903P0000814
123,-0.881921264,-3.175600136E-18,0.471396737;                   0000905P0000815
508,4,0,17,129,0,0,0,17,132,1,0,0,17,133,1,0,0,17,34,0,0;        0000907P0000816
510,911,1,1,919;                                                 0000909P0000817
190,913,915,917;                                                 0000911P0000818
116,576.,162.3,325.,0;                                           0000913P0000819
123,6.983161619E-18,0.707106781,0.707106781;                     0000915P0000820
123,1.,-4.937840935E-18,-4.937840935E-18;                        0000917P0000821
508,4,0,17,134,0,0,0,17,135,1,0,0,17,130,1,0,0,17,49,0,0;        0000919P0000822
510,923,1,1,931;                                                 0000921P0000823
190,925,927,929;                                                 0000923P0000824
116,572.920335916,162.3,248.620386508,0;                         0000925P0000825
123,-0.448583793,0.707106781,-0.546600934;                       0000927P0000826
123,-0.773010453,1.536985299E-16,0.634393284;                    0000929P0000827
508,4,0,17,133,0,0,0,17,136,1,0,0,17,137,1,0,0,17,35,0,0;        0000931P0000828
510,935,1,1,943;                                                 0000933P0000829
190,937,939,941;                                                 0000935P0000830
116,574.868664924,162.3,324.886637792,0;                         0000937P0000831
123,-6.93085846E-02,0.707106781,0.703701869;                     0000939P0000832
123,0.995184727,-1.348346834E-16,9.801714033E-02;                0000941P0000833
508,4,0,17,138,0,0,0,17,139,1,0,0,17,134,1,0,0,17,48,0,0;        0000943P0000834
510,947,1,1,955;                                                 0000945P0000835
190,949,951,953;                                                 0000947P0000836
116,572.066563494,162.3,249.311116627,0;                         0000949P0000837
123,-0.546600934,0.707106781,-0.448583793;                       0000951P0000838
123,-0.634393284,2.523548541E-16,0.773010453;                    0000953P0000839
508,4,0,17,137,0,0,0,17,140,1,0,0,17,141,1,0,0,17,36,0,0;        0000955P0000840
510,959,1,1,967;                                                 0000957P0000841
190,961,963,965;                                                 0000959P0000842
116,573.820013277,162.3,324.560501061,0;                         0000961P0000843
123,-0.205262264,0.707106781,0.676659001;                        0000963P0000844
123,0.956940336,5.998364885E-17,0.290284677;                     0000965P0000845
508,4,0,17,142,0,0,0,17,143,1,0,0,17,138,1,0,0,17,47,0,0;        0000967P0000846
510,971,1,1,979;                                                 0000969P0000847
190,973,975,977;                                                 0000971P0000848
116,571.363950832,162.3,250.155137297,0;                         0000973P0000849
123,-0.623612506,0.707106781,-0.333327829;                       0000975P0000850
123,-0.471396737,6.807800173E-16,0.881921264;                    0000977P0000851
508,4,0,17,141,0,0,0,17,144,1,0,0,17,145,1,0,0,17,37,0,0;        0000979P0000852
510,983,1,1,991;                                                 0000981P0000853
190,985,987,989;                                                 0000983P0000854
116,572.855137297,162.3,324.036049168,0;                         0000985P0000855
123,-0.333327829,0.707106781,0.623612506;                        0000987P0000856
123,0.881921264,8.009112671E-17,0.471396737;                     0000989P0000857
508,4,0,17,146,0,0,0,17,147,1,0,0,17,142,1,0,0,17,46,0,0;        0000991P0000858
510,995,1,1,1003;                                                0000993P0000859
190,997,999,1001;                                                0000995P0000860
116,570.839498939,162.3,251.120013277,0;                         0000997P0000861
123,-0.676659001,0.707106781,-0.205262264;                       0000999P0000862
123,-0.290284677,2.450195975E-16,0.956940336;                    0001001P0000863
508,4,0,17,145,0,0,0,17,148,1,0,0,17,149,1,0,0,17,38,0,0;        0001003P0000864
510,1007,1,1,1015;                                               0001005P0000865
190,1009,1011,1013;                                              0001007P0000866
116,572.011116627,162.3,323.333436506,0;                         0001009P0000867
123,-0.448583793,0.707106781,0.546600934;                        0001011P0000868
123,0.773010453,5.422765885E-16,0.634393284;                     0001013P0000869
508,4,0,17,150,0,0,0,17,151,1,0,0,17,146,1,0,0,17,45,0,0;        0001015P0000870
510,1019,1,1,1027;                                               0001017P0000871
190,1021,1023,1025;                                              0001019P0000872
116,570.513362208,162.3,252.168664924,0;                         0001021P0000873
123,-0.703701869,0.707106781,-6.93085846E-02;                    0001023P0000874
123,-9.801714033E-02,2.978378351E-16,0.995184727;                0001025P0000875
508,4,0,17,149,0,0,0,17,152,1,0,0,17,153,1,0,0,17,39,0,0;        0001027P0000876
510,1031,1,1,1039;                                               0001029P0000877
190,1033,1035,1037;                                              0001031P0000878
116,571.320386508,162.3,322.479664084,0;                         0001033P0000879
123,-0.546600934,0.707106781,0.448583793;                        0001035P0000880
123,0.634393284,1.690881272E-16,0.773010453;                     0001037P0000881
508,4,0,17,154,0,0,0,17,155,1,0,0,17,150,1,0,0,17,44,0,0;        0001039P0000882
510,1043,1,1,1051;                                               0001041P0000883
190,1045,1047,1049;                                              0001043P0000884
116,570.4,162.3,253.3,0;                                         0001045P0000885
123,-0.707106781,0.707106781,-7.152146132E-17;                   0001047P0000886
123,4.937840935E-18,1.060844615E-16,1.;                          0001049P0000887
508,4,0,17,153,0,0,0,17,156,1,0,0,17,157,1,0,0,17,40,0,0;        0001051P0000888
510,1055,1,1,1063;                                               0001053P0000889
190,1057,1059,1061;                                              0001055P0000890
116,570.809491311,162.3,321.507541899,0;                         0001057P0000891
123,-0.623612506,0.707106781,0.333327829;                        0001059P0000892
123,0.471396737,3.199575343E-16,0.881921264;                     0001061P0000893
508,4,0,17,158,0,0,0,17,159,1,0,0,17,154,1,0,0,17,43,0,0;        0001063P0000894
510,1067,1,1,1075;                                               0001065P0000895
190,1069,1071,1073;                                              0001067P0000896
116,570.398073891,162.3,319.360793144,0;                         0001069P0000897
123,-0.703701869,0.707106781,6.93085846E-02;                     0001071P0000898
123,9.801714033E-02,-2.364569955E-16,0.995184727;                0001073P0000899
508,4,0,17,157,0,0,0,17,160,1,0,0,17,161,1,0,0,17,41,0,0;        0001075P0000900
510,1079,1,1,1087;                                               0001077P0000901
190,1081,1083,1085;                                              0001079P0000902
116,570.498064452,162.3,320.454428061,0;                         0001081P0000903
123,-0.676659001,0.707106781,0.205262264;                        0001083P0000904
123,0.290284677,3.005307487E-16,0.956940336;                     0001085P0000905
508,4,0,17,161,0,0,0,17,162,1,0,0,17,158,1,0,0,17,42,0,0;        0001087P0000906
510,1091,1,1,1099;                                               0001089P0000907
190,1093,1095,1097;                                              0001091P0000908
116,570.809491311,150.4,321.507541899,0;                         0001093P0000909
123,0.623612506,0.707106781,-0.333327829;                        0001095P0000910
123,0.471396737,-1.241316756E-16,0.881921264;                    0001097P0000911
508,4,0,17,163,0,0,0,17,164,1,0,0,17,165,1,0,0,17,59,0,0;        0001099P0000912
510,1103,1,1,1111;                                               0001101P0000913
190,1105,1107,1109;                                              0001103P0000914
116,570.498064452,150.4,320.454428061,0;                         0001105P0000915
123,0.676659001,0.707106781,-0.205262264;                        0001107P0000916
123,0.290284677,-8.804730992E-17,0.956940336;                    0001109P0000917
508,4,0,17,166,0,0,0,17,167,1,0,0,17,163,1,0,0,17,92,0,0;        0001111P0000918
510,1115,1,1,1123;                                               0001113P0000919
190,1117,1119,1121;                                              0001115P0000920
116,571.320386508,150.4,322.479664084,0;                         0001117P0000921
123,0.546600934,0.707106781,-0.448583793;                        0001119P0000922
123,0.634393284,2.554673513E-18,0.773010453;                     0001121P0000923
508,4,0,17,165,0,0,0,17,168,1,0,0,17,169,1,0,0,17,60,0,0;        0001123P0000924
510,1127,1,1,1135;                                               0001125P0000925
190,1129,1131,1133;                                              0001127P0000926
116,570.398073891,150.4,319.360793144,0;                         0001129P0000927
123,0.703701869,0.707106781,-6.93085846E-02;                     0001131P0000928
123,9.801714033E-02,4.574323949E-16,0.995184727;                 0001133P0000929
508,4,0,17,170,0,0,0,17,171,1,0,0,17,166,1,0,0,17,91,0,0;        0001135P0000930
510,1139,1,1,1147;                                               0001137P0000931
190,1141,1143,1145;                                              0001139P0000932
116,572.011116627,150.4,323.333436506,0;                         0001141P0000933
123,0.448583793,0.707106781,-0.546600934;                        0001143P0000934
123,0.773010453,-3.736574068E-16,0.634393284;                    0001145P0000935
508,4,0,17,169,0,0,0,17,172,1,0,0,17,173,1,0,0,17,61,0,0;        0001147P0000936
510,1151,1,1,1159;                                               0001149P0000937
190,1153,1155,1157;                                              0001151P0000938
116,570.4,150.4,253.3,0;                                         0001153P0000939
123,0.707106781,0.707106781,-8.548778455E-17;                    0001155P0000940
123,4.937840935E-18,1.159601434E-16,1.;                          0001157P0000941
508,4,0,17,174,0,0,0,17,175,1,0,0,17,170,1,0,0,17,90,0,0;        0001159P0000942
510,1163,1,1,1171;                                               0001161P0000943
190,1165,1167,1169;                                              0001163P0000944
116,572.855137297,150.4,324.036049168,0;                         0001165P0000945
123,0.333327829,0.707106781,-0.623612506;                        0001167P0000946
123,0.881921264,-3.175600136E-18,0.471396737;                    0001169P0000947
508,4,0,17,173,0,0,0,17,176,1,0,0,17,177,1,0,0,17,62,0,0;        0001171P0000948
510,1175,1,1,1183;                                               0001173P0000949
190,1177,1179,1181;                                              0001175P0000950
116,570.513362208,150.4,252.168664924,0;                         0001177P0000951
123,0.703701869,0.707106781,6.93085846E-02;                      0001179P0000952
123,-9.801714033E-02,-7.686243567E-17,0.995184727;               0001181P0000953
508,4,0,17,178,0,0,0,17,179,1,0,0,17,174,1,0,0,17,89,0,0;        0001183P0000954
510,1187,1,1,1195;                                               0001185P0000955
190,1189,1191,1193;                                              0001187P0000956
116,573.820013277,150.4,324.560501061,0;                         0001189P0000957
123,0.205262264,0.707106781,-0.676659001;                        0001191P0000958
123,0.956940336,4.472497623E-18,0.290284677;                     0001193P0000959
508,4,0,17,177,0,0,0,17,180,1,0,0,17,181,1,0,0,17,63,0,0;        0001195P0000960
510,1199,1,1,1207;                                               0001197P0000961
190,1201,1203,1205;                                              0001199P0000962
116,570.839498939,150.4,251.120013277,0;                         0001201P0000963
123,0.676659001,0.707106781,0.205262264;                         0001203P0000964
123,-0.290284677,2.297499255E-17,0.956940336;                    0001205P0000965
508,4,0,17,182,0,0,0,17,183,1,0,0,17,178,1,0,0,17,88,0,0;        0001207P0000966
510,1211,1,1,1219;                                               0001209P0000967
190,1213,1215,1217;                                              0001211P0000968
116,574.868664924,150.4,324.886637792,0;                         0001213P0000969
123,6.93085846E-02,0.707106781,-0.703701869;                     0001215P0000970
123,0.995184727,1.635377545E-16,9.801714033E-02;                 0001217P0000971
508,4,0,17,181,0,0,0,17,184,1,0,0,17,185,1,0,0,17,64,0,0;        0001219P0000972
510,1223,1,1,1231;                                               0001221P0000973
190,1225,1227,1229;                                              0001223P0000974
116,571.363950832,150.4,250.155137297,0;                         0001225P0000975
123,0.623612506,0.707106781,0.333327829;                         0001227P0000976
123,-0.471396737,-4.016874317E-16,0.881921264;                   0001229P0000977
508,4,0,17,186,0,0,0,17,187,1,0,0,17,182,1,0,0,17,87,0,0;        0001231P0000978
510,1235,1,1,1243;                                               0001233P0000979
190,1237,1239,1241;                                              0001235P0000980
116,576.,150.4,325.,0;                                           0001237P0000981
123,0.,0.707106781,-0.707106781;                                 0001239P0000982
123,1.,0.,0.;                                                    0001241P0000983
508,4,0,17,185,0,0,0,17,188,1,0,0,17,189,1,0,0,17,65,0,0;        0001243P0000984
510,1247,1,1,1255;                                               0001245P0000985
190,1249,1251,1253;                                              0001247P0000986
116,572.066563494,150.4,249.311116627,0;                         0001249P0000987
123,0.546600934,0.707106781,0.448583793;                         0001251P0000988
123,-0.634393284,-1.084676289E-16,0.773010453;                   0001253P0000989
508,4,0,17,190,0,0,0,17,191,1,0,0,17,186,1,0,0,17,86,0,0;        0001255P0000990
510,1259,1,1,1267;                                               0001257P0000991
190,1261,1263,1265;                                              0001259P0000992
116,723.960793144,150.4,325.001926109,0;                         0001261P0000993
123,-6.93085846E-02,0.707106781,-0.703701869;                    0001263P0000994
123,0.995184727,9.934593112E-18,-9.801714033E-02;                0001265P0000995
508,4,0,17,189,0,0,0,17,192,1,0,0,17,193,1,0,0,17,66,0,0;        0001267P0000996
510,1271,1,1,1279;                                               0001269P0000997
190,1273,1275,1277;                                              0001271P0000998
116,572.920335916,150.4,248.620386508,0;                         0001273P0000999
123,0.448583793,0.707106781,0.546600934;                         0001275P0001000
123,-0.773010453,1.492065184E-17,0.634393284;                    0001277P0001001
508,4,0,17,194,0,0,0,17,195,1,0,0,17,190,1,0,0,17,85,0,0;        0001279P0001002
510,1283,1,1,1291;                                               0001281P0001003
190,1285,1287,1289;                                              0001283P0001004
116,725.054428061,150.4,324.901935548,0;                         0001285P0001005
123,-0.205262264,0.707106781,-0.676659001;                       0001287P0001006
123,0.956940336,1.898165317E-16,-0.290284677;                    0001289P0001007
508,4,0,17,193,0,0,0,17,196,1,0,0,17,197,1,0,0,17,67,0,0;        0001291P0001008
510,1295,1,1,1303;                                               0001293P0001009
190,1297,1299,1301;                                              0001295P0001010
116,573.892458101,150.4,248.109491311,0;                         0001297P0001011
123,0.333327829,0.707106781,0.623612506;                         0001299P0001012
123,-0.881921264,8.009112671E-17,0.471396737;                    0001301P0001013
508,4,0,17,198,0,0,0,17,199,1,0,0,17,194,1,0,0,17,84,0,0;        0001303P0001014
510,1307,1,1,1315;                                               0001305P0001015
190,1309,1311,1313;                                              0001307P0001016
116,726.107541899,150.4,324.590508689,0;                         0001309P0001017
123,-0.333327829,0.707106781,-0.623612506;                       0001311P0001018
123,0.881921264,-2.74380156E-16,-0.471396737;                    0001313P0001019
508,4,0,17,197,0,0,0,17,200,1,0,0,17,201,1,0,0,17,68,0,0;        0001315P0001020
510,1319,1,1,1327;                                               0001317P0001021
190,1321,1323,1325;                                              0001319P0001022
116,574.945571939,150.4,247.798064452,0;                         0001321P0001023
123,0.205262264,0.707106781,0.676659001;                         0001323P0001024
123,-0.956940336,-7.879422922E-17,0.290284677;                   0001325P0001025
508,4,0,17,202,0,0,0,17,203,1,0,0,17,198,1,0,0,17,83,0,0;        0001327P0001026
510,1331,1,1,1339;                                               0001329P0001027
190,1333,1335,1337;                                              0001331P0001028
116,727.079664084,150.4,324.079613492,0;                         0001333P0001029
123,-0.448583793,0.707106781,-0.546600934;                       0001335P0001030
123,0.773010453,9.610165062E-17,-0.634393284;                    0001337P0001031
508,4,0,17,201,0,0,0,17,204,1,0,0,17,205,1,0,0,17,69,0,0;        0001339P0001032
510,1343,1,1,1351;                                               0001341P0001033
190,1345,1347,1349;                                              0001343P0001034
116,576.039206856,150.4,247.698073891,0;                         0001345P0001035
123,6.93085846E-02,0.707106781,0.703701869;                      0001347P0001036
123,-0.995184727,1.912933301E-16,9.801714033E-02;                0001349P0001037
508,4,0,17,206,0,0,0,17,207,1,0,0,17,202,1,0,0,17,82,0,0;        0001351P0001038
510,1355,1,1,1363;                                               0001353P0001039
190,1357,1359,1361;                                              0001355P0001040
116,727.933436506,150.4,323.388883373,0;                         0001357P0001041
123,-0.546600934,0.707106781,-0.448583793;                       0001359P0001042
123,0.634393284,5.295647772E-17,-0.773010453;                    0001361P0001043
508,4,0,17,205,0,0,0,17,208,1,0,0,17,209,1,0,0,17,70,0,0;        0001363P0001044
510,1367,1,1,1375;                                               0001365P0001045
190,1369,1371,1373;                                              0001367P0001046
116,724.,150.4,247.7,0;                                          0001369P0001047
123,6.983161619E-18,0.707106781,0.707106781;                     0001371P0001048
123,-1.,4.937840935E-18,4.937840935E-18;                         0001373P0001049
508,4,0,17,210,0,0,0,17,211,1,0,0,17,206,1,0,0,17,81,0,0;        0001375P0001050
510,1379,1,1,1387;                                               0001377P0001051
190,1381,1383,1385;                                              0001379P0001052
116,728.636049168,150.4,322.544862703,0;                         0001381P0001053
123,-0.623612506,0.707106781,-0.333327829;                       0001383P0001054
123,0.471396737,-4.587354124E-16,-0.881921264;                   0001385P0001055
508,4,0,17,209,0,0,0,17,212,1,0,0,17,213,1,0,0,17,71,0,0;        0001387P0001056
510,1391,1,1,1399;                                               0001389P0001057
190,1393,1395,1397;                                              0001391P0001058
116,725.131335076,150.4,247.813362208,0;                         0001393P0001059
123,-6.93085846E-02,0.707106781,0.703701869;                     0001395P0001060
123,-0.995184727,1.348346834E-16,-9.801714033E-02;               0001397P0001061
508,4,0,17,214,0,0,0,17,215,1,0,0,17,210,1,0,0,17,80,0,0;        0001399P0001062
510,1403,1,1,1411;                                               0001401P0001063
190,1405,1407,1409;                                              0001403P0001064
116,729.160501061,150.4,321.579986723,0;                         0001405P0001065
123,-0.676659001,0.707106781,-0.205262264;                       0001407P0001066
123,0.290284677,8.804730992E-17,-0.956940336;                    0001409P0001067
508,4,0,17,213,0,0,0,17,98,1,0,0,17,101,1,0,0,17,72,0,0;         0001411P0001068
510,1415,1,1,1423;                                               0001413P0001069
190,1417,1419,1421;                                              0001415P0001070
116,726.179986723,150.4,248.139498939,0;                         0001417P0001071
123,-0.205262264,0.707106781,0.676659001;                        0001419P0001072
123,-0.956940336,-5.998364885E-17,-0.290284677;                  0001421P0001073
508,4,0,17,216,0,0,0,17,217,1,0,0,17,214,1,0,0,17,79,0,0;        0001423P0001074
510,1427,1,1,1435;                                               0001425P0001075
190,1429,1431,1433;                                              0001427P0001076
116,727.144862703,150.4,248.663950832,0;                         0001429P0001077
123,-0.333327829,0.707106781,0.623612506;                        0001431P0001078
123,-0.881921264,2.529757807E-16,-0.471396737;                   0001433P0001079
508,4,0,17,218,0,0,0,17,219,1,0,0,17,216,1,0,0,17,78,0,0;        0001435P0001080
510,1439,1,1,1447;                                               0001437P0001081
190,1441,1443,1445;                                              0001439P0001082
116,727.988883373,150.4,249.366563494,0;                         0001441P0001083
123,-0.448583793,0.707106781,0.546600934;                        0001443P0001084
123,-0.773010453,-1.492065184E-17,-0.634393284;                  0001445P0001085
508,4,0,17,220,0,0,0,17,221,1,0,0,17,218,1,0,0,17,77,0,0;        0001447P0001086
510,1451,1,1,1459;                                               0001449P0001087
190,1453,1455,1457;                                              0001451P0001088
116,728.679613492,150.4,250.220335916,0;                         0001453P0001089
123,-0.546600934,0.707106781,0.448583793;                        0001455P0001090
123,-0.634393284,3.860233851E-16,-0.773010453;                   0001457P0001091
508,4,0,17,222,0,0,0,17,223,1,0,0,17,220,1,0,0,17,76,0,0;        0001459P0001092
510,1463,1,1,1471;                                               0001461P0001093
190,1465,1467,1469;                                              0001463P0001094
116,729.190508689,150.4,251.192458101,0;                         0001465P0001095
123,-0.623612506,0.707106781,0.333327829;                        0001467P0001096
123,-0.471396737,-1.811796562E-16,-0.881921264;                  0001469P0001097
508,4,0,17,93,0,0,0,17,94,1,0,0,17,222,1,0,0,17,75,0,0;          0001471P0001098
510,1475,1,1,1483;                                               0001473P0001099
190,1477,1479,1481;                                              0001475P0001100
116,728.988817674,162.7,249.966578602,0;                         0001477P0001101
123,0.773010453,-7.043180307E-17,-0.634393284;                   0001479P0001102
123,-0.634393284,-8.582140036E-17,-0.773010453;                  0001481P0001103
508,4,0,17,95,1,0,0,17,223,1,0,0,17,224,0,0,0,17,103,0,0;        0001483P0001104
510,1487,1,1,1495;                                               0001485P0001105
190,1489,1491,1493;                                              0001487P0001106
116,728.988817674,162.7,322.733421398,0;                         0001489P0001107
123,0.881921264,5.23355511E-17,0.471396737;                      0001491P0001108
123,0.471396737,-9.791292936E-17,-0.881921264;                   0001493P0001109
508,4,0,17,225,1,0,0,17,212,1,0,0,17,97,0,0,0,17,111,0,0;        0001495P0001110
510,1499,1,1,1507;                                               0001497P0001111
190,1501,1503,1505;                                              0001499P0001112
116,728.242640687,162.7,249.057359313,0;                         0001501P0001113
123,0.634393284,-8.582140036E-17,-0.773010453;                   0001503P0001114
123,-0.773010453,-7.043180307E-17,-0.634393284;                  0001505P0001115
508,4,0,17,224,1,0,0,17,221,1,0,0,17,226,0,0,0,17,105,0,0;       0001507P0001116
510,1511,1,1,1519;                                               0001509P0001117
190,1513,1515,1517;                                              0001511P0001118
116,727.333421398,162.7,248.311182326,0;                         0001513P0001119
123,0.471396737,-9.791292936E-17,-0.881921264;                   0001515P0001120
123,-0.881921264,-5.23355511E-17,-0.471396737;                   0001517P0001121
508,4,0,17,226,1,0,0,17,219,1,0,0,17,227,0,0,0,17,108,0,0;       0001519P0001122
510,1523,1,1,1531;                                               0001521P0001123
190,1525,1527,1529;                                              0001523P0001124
116,726.296100594,162.7,247.756722805,0;                         0001525P0001125
123,0.290284677,-1.062417194E-16,-0.956940336;                   0001527P0001126
123,-0.956940336,-3.222807324E-17,-0.290284677;                  0001529P0001127
508,4,0,17,227,1,0,0,17,217,1,0,0,17,228,0,0,0,17,112,0,0;       0001531P0001128
510,1535,1,1,1543;                                               0001533P0001129
190,1537,1539,1541;                                              0001535P0001130
116,728.242640687,162.7,323.642640687,0;                         0001537P0001131
123,0.773010453,7.043180307E-17,0.634393284;                     0001539P0001132
123,0.634393284,-8.582140036E-17,-0.773010453;                   0001541P0001133
508,4,0,17,229,1,0,0,17,208,1,0,0,17,225,0,0,0,17,115,0,0;       0001543P0001134
510,1547,1,1,1555;                                               0001545P0001135
190,1549,1551,1553;                                              0001547P0001136
116,725.170541932,162.7,247.415288318,0;                         0001549P0001137
123,9.801714033E-02,-1.104876997E-16,-0.995184727;               0001551P0001138
123,-0.995184727,-1.08820886E-17,-9.801714033E-02;               0001553P0001139
508,4,0,17,228,1,0,0,17,215,1,0,0,17,230,0,0,0,17,116,0,0;       0001555P0001140
510,1559,1,1,1567;                                               0001557P0001141
190,1561,1563,1565;                                              0001559P0001142
116,727.333421398,162.7,324.388817674,0;                         0001561P0001143
123,0.634393284,8.582140036E-17,0.773010453;                     0001563P0001144
123,0.773010453,-7.043180307E-17,-0.634393284;                   0001565P0001145
508,4,0,17,231,1,0,0,17,204,1,0,0,17,229,0,0,0,17,119,0,0;       0001567P0001146
510,1571,1,1,1579;                                               0001569P0001147
190,1573,1575,1577;                                              0001571P0001148
116,724.,162.7,247.3,0;                                          0001573P0001149
123,0.,-1.110223025E-16,-1.;                                     0001575P0001150
123,-1.,0.,0.;                                                   0001577P0001151
508,4,0,17,230,1,0,0,17,211,1,0,0,17,232,0,0,0,17,120,0,0;       0001579P0001152
510,1583,1,1,1591;                                               0001581P0001153
190,1585,1587,1589;                                              0001583P0001154
116,726.296100594,162.7,324.943277195,0;                         0001585P0001155
123,0.471396737,9.791292936E-17,0.881921264;                     0001587P0001156
123,0.881921264,-5.23355511E-17,-0.471396737;                    0001589P0001157
508,4,0,17,233,1,0,0,17,200,1,0,0,17,231,0,0,0,17,123,0,0;       0001591P0001158
510,1595,1,1,1603;                                               0001593P0001159
190,1597,1599,1601;                                              0001595P0001160
116,576.,162.7,247.3,0;                                          0001597P0001161
123,-9.801714033E-02,-1.104876997E-16,-0.995184727;              0001599P0001162
123,-0.995184727,1.08820886E-17,9.801714033E-02;                 0001601P0001163
508,4,0,17,232,1,0,0,17,207,1,0,0,17,234,0,0,0,17,124,0,0;       0001603P0001164
510,1607,1,1,1615;                                               0001605P0001165
190,1609,1611,1613;                                              0001607P0001166
116,725.170541932,162.7,325.284711682,0;                         0001609P0001167
123,0.290284677,1.062417194E-16,0.956940336;                     0001611P0001168
123,0.956940336,-3.222807324E-17,-0.290284677;                   0001613P0001169
508,4,0,17,235,1,0,0,17,196,1,0,0,17,233,0,0,0,17,127,0,0;       0001615P0001170
510,1619,1,1,1627;                                               0001617P0001171
190,1621,1623,1625;                                              0001619P0001172
116,574.829458068,162.7,247.415288318,0;                         0001621P0001173
123,-0.290284677,-1.062417194E-16,-0.956940336;                  0001623P0001174
123,-0.956940336,3.222807324E-17,0.290284677;                    0001625P0001175
508,4,0,17,234,1,0,0,17,203,1,0,0,17,236,0,0,0,17,128,0,0;       0001627P0001176
510,1631,1,1,1639;                                               0001629P0001177
190,1633,1635,1637;                                              0001631P0001178
116,724.,162.7,325.4,0;                                          0001633P0001179
123,9.801714033E-02,1.104876997E-16,0.995184727;                 0001635P0001180
123,0.995184727,-1.08820886E-17,-9.801714033E-02;                0001637P0001181
508,4,0,17,237,1,0,0,17,192,1,0,0,17,235,0,0,0,17,131,0,0;       0001639P0001182
510,1643,1,1,1651;                                               0001641P0001183
190,1645,1647,1649;                                              0001643P0001184
116,573.703899406,162.7,247.756722805,0;                         0001645P0001185
123,-0.471396737,-9.791292936E-17,-0.881921264;                  0001647P0001186
123,-0.881921264,5.23355511E-17,0.471396737;                     0001649P0001187
508,4,0,17,236,1,0,0,17,199,1,0,0,17,238,0,0,0,17,132,0,0;       0001651P0001188
510,1655,1,1,1663;                                               0001653P0001189
190,1657,1659,1661;                                              0001655P0001190
116,576.,162.7,325.4,0;                                          0001657P0001191
123,0.,1.110223025E-16,1.;                                       0001659P0001192
123,1.,0.,0.;                                                    0001661P0001193
508,4,0,17,239,1,0,0,17,188,1,0,0,17,237,0,0,0,17,135,0,0;       0001663P0001194
510,1667,1,1,1675;                                               0001665P0001195
190,1669,1671,1673;                                              0001667P0001196
116,572.666578602,162.7,248.311182326,0;                         0001669P0001197
123,-0.634393284,-8.582140036E-17,-0.773010453;                  0001671P0001198
123,-0.773010453,7.043180307E-17,0.634393284;                    0001673P0001199
508,4,0,17,238,1,0,0,17,195,1,0,0,17,240,0,0,0,17,136,0,0;       0001675P0001200
510,1679,1,1,1687;                                               0001677P0001201
190,1681,1683,1685;                                              0001679P0001202
116,574.829458068,162.7,325.284711682,0;                         0001681P0001203
123,-9.801714033E-02,1.104876997E-16,0.995184727;                0001683P0001204
123,0.995184727,1.08820886E-17,9.801714033E-02;                  0001685P0001205
508,4,0,17,241,1,0,0,17,184,1,0,0,17,239,0,0,0,17,139,0,0;       0001687P0001206
510,1691,1,1,1699;                                               0001689P0001207
190,1693,1695,1697;                                              0001691P0001208
116,571.757359313,162.7,249.057359313,0;                         0001693P0001209
123,-0.773010453,-7.043180307E-17,-0.634393284;                  0001695P0001210
123,-0.634393284,8.582140036E-17,0.773010453;                    0001697P0001211
508,4,0,17,240,1,0,0,17,191,1,0,0,17,242,0,0,0,17,140,0,0;       0001699P0001212
510,1703,1,1,1711;                                               0001701P0001213
190,1705,1707,1709;                                              0001703P0001214
116,573.703899406,162.7,324.943277195,0;                         0001705P0001215
123,-0.290284677,1.062417194E-16,0.956940336;                    0001707P0001216
123,0.956940336,3.222807324E-17,0.290284677;                     0001709P0001217
508,4,0,17,243,1,0,0,17,180,1,0,0,17,241,0,0,0,17,143,0,0;       0001711P0001218
510,1715,1,1,1723;                                               0001713P0001219
190,1717,1719,1721;                                              0001715P0001220
116,571.011182326,162.7,249.966578602,0;                         0001717P0001221
123,-0.881921264,-5.23355511E-17,-0.471396737;                   0001719P0001222
123,-0.471396737,9.791292936E-17,0.881921264;                    0001721P0001223
508,4,0,17,242,1,0,0,17,187,1,0,0,17,244,0,0,0,17,144,0,0;       0001723P0001224
510,1727,1,1,1735;                                               0001725P0001225
190,1729,1731,1733;                                              0001727P0001226
116,572.666578602,162.7,324.388817674,0;                         0001729P0001227
123,-0.471396737,9.791292936E-17,0.881921264;                    0001731P0001228
123,0.881921264,5.23355511E-17,0.471396737;                      0001733P0001229
508,4,0,17,245,1,0,0,17,176,1,0,0,17,243,0,0,0,17,147,0,0;       0001735P0001230
510,1739,1,1,1747;                                               0001737P0001231
190,1741,1743,1745;                                              0001739P0001232
116,570.456722805,162.7,251.003899406,0;                         0001741P0001233
123,-0.956940336,-3.222807324E-17,-0.290284677;                  0001743P0001234
123,-0.290284677,1.062417194E-16,0.956940336;                    0001745P0001235
508,4,0,17,244,1,0,0,17,183,1,0,0,17,246,0,0,0,17,148,0,0;       0001747P0001236
510,1751,1,1,1759;                                               0001749P0001237
190,1753,1755,1757;                                              0001751P0001238
116,571.757359313,162.7,323.642640687,0;                         0001753P0001239
123,-0.634393284,8.582140036E-17,0.773010453;                    0001755P0001240
123,0.773010453,7.043180307E-17,0.634393284;                     0001757P0001241
508,4,0,17,247,1,0,0,17,172,1,0,0,17,245,0,0,0,17,151,0,0;       0001759P0001242
510,1763,1,1,1771;                                               0001761P0001243
190,1765,1767,1769;                                              0001763P0001244
116,570.115288318,162.7,252.129458068,0;                         0001765P0001245
123,-0.995184727,-1.08820886E-17,-9.801714033E-02;               0001767P0001246
123,-9.801714033E-02,1.104876997E-16,0.995184727;                0001769P0001247
508,4,0,17,246,1,0,0,17,179,1,0,0,17,248,0,0,0,17,152,0,0;       0001771P0001248
510,1775,1,1,1783;                                               0001773P0001249
190,1777,1779,1781;                                              0001775P0001250
116,571.011182326,162.7,322.733421398,0;                         0001777P0001251
123,-0.773010453,7.043180307E-17,0.634393284;                    0001779P0001252
123,0.634393284,8.582140036E-17,0.773010453;                     0001781P0001253
508,4,0,17,249,1,0,0,17,168,1,0,0,17,247,0,0,0,17,155,0,0;       0001783P0001254
510,1787,1,1,1795;                                               0001785P0001255
190,1789,1791,1793;                                              0001787P0001256
116,570.,162.7,253.3,0;                                          0001789P0001257
123,-1.,0.,0.;                                                   0001791P0001258
123,0.,1.110223025E-16,1.;                                       0001793P0001259
508,4,0,17,248,1,0,0,17,175,1,0,0,17,250,0,0,0,17,156,0,0;       0001795P0001260
510,1799,1,1,1807;                                               0001797P0001261
190,1801,1803,1805;                                              0001799P0001262
116,570.456722805,162.7,321.696100594,0;                         0001801P0001263
123,-0.881921264,5.23355511E-17,0.471396737;                     0001803P0001264
123,0.471396737,9.791292936E-17,0.881921264;                     0001805P0001265
508,4,0,17,251,1,0,0,17,164,1,0,0,17,249,0,0,0,17,159,0,0;       0001807P0001266
510,1811,1,1,1819;                                               0001809P0001267
190,1813,1815,1817;                                              0001811P0001268
116,570.,162.7,319.4,0;                                          0001813P0001269
123,-0.995184727,1.08820886E-17,9.801714033E-02;                 0001815P0001270
123,9.801714033E-02,1.104876997E-16,0.995184727;                 0001817P0001271
508,4,0,17,250,1,0,0,17,171,1,0,0,17,252,0,0,0,17,160,0,0;       0001819P0001272
510,1823,1,1,1831;                                               0001821P0001273
190,1825,1827,1829;                                              0001823P0001274
116,570.115288318,162.7,320.570541932,0;                         0001825P0001275
123,-0.956940336,3.222807324E-17,0.290284677;                    0001827P0001276
123,0.290284677,1.062417194E-16,0.956940336;                     0001829P0001277
508,4,0,17,252,1,0,0,17,167,1,0,0,17,251,0,0,0,17,162,0,0;       0001831P0001278
S      1G      4D   1832P   1278                                        T0000001
