                                                                        S0000001
,,31HOpen CASCADE IGES processor 7.9,13HFilename.iges,                  G0000001
16HOpen CASCADE 7.9,31HOpen CASCADE IGES processor 7.9,32,308,15,308,15,G0000002
,1.,2,2HMM,1,0.01,15H20260926.073013,0.004912,725.054968,4Hroot,,11,0,  G0000003
15H20260926.073013,;                                                    G0000004
     186       1       0       0       0       0       0       000000000D0000001
     186       0       0       1       0                               0D0000002
     514       2       0       0       0       0       0       000010000D0000003
     514       0       0      20       1                               0D0000004
     510      22       0       0       0       0       0       000010000D0000005
     510       0       0       1       1                               0D0000006
     190      23       0       0       0       0       0       000010000D0000007
     190       0       0       1       1                               0D0000008
     116      24       0       0       0       0       0       000010400D0000009
     116       0       0       1       0                               0D0000010
     123      25       0       0       0       0       0       000010200D0000011
     123       0       0       1       0                               0D0000012
     123      26       0       0       0       0       0       000010200D0000013
     123       0       0       1       0                               0D0000014
     508      27       0       0       0       0       0       000010000D0000015
     508       0       0       1       1                               0D0000016
     504      28       0       0       0       0       0       000010001D0000017
     504       0       0     110       1                               0D0000018
     110     138       0       0       0       0       0       000010000D0000019
     110       0       0       1       0                               0D0000020
     502     139       0       0       0       0       0       000010000D0000021
     502       0       0     120       1                               0D0000022
     110     259       0       0       0       0       0       000010000D0000023
     110       0       0       1       0                               0D0000024
     110     260       0       0       0       0       0       000010000D0000025
     110       0       0       2       0                               0D0000026
     110     262       0       0       0       0       0       000010000D0000027
     110       0       0       1       0                               0D0000028
     110     263       0       0       0       0       0       000010000D0000029
     110       0       0       1       0                               0D0000030
     110     264       0       0       0       0       0       000010000D0000031
     110       0       0       1       0                               0D0000032
     110     265       0       0       0       0       0       000010000D0000033
     110       0       0       1       0                               0D0000034
     110     266       0       0       0       0       0       000010000D0000035
     110       0       0       1       0                               0D0000036
     110     267       0       0       0       0       0       000010000D0000037
     110       0       0       2       0                               0D0000038
     110     269       0       0       0       0       0       000010000D0000039
     110       0       0       2       0                               0D0000040
     110     271       0       0       0       0       0       000010000D0000041
     110       0       0       1       0                               0D0000042
     110     272       0       0       0       0       0       000010000D0000043
     110       0       0       2       0                               0D0000044
     110     274       0       0       0       0       0       000010000D0000045
     110       0       0       2       0                               0D0000046
     110     276       0       0       0       0       0       000010000D0000047
     110       0       0       2       0                               0D0000048
     110     278       0       0       0       0       0       000010000D0000049
     110       0       0       2       0                               0D0000050
     110     280       0       0       0       0       0       000010000D0000051
     110       0       0       2       0                               0D0000052
     110     282       0       0       0       0       0       000010000D0000053
     110       0       0       2       0                               0D0000054
     110     284       0       0       0       0       0       000010000D0000055
     110       0       0       1       0                               0D0000056
     110     285       0       0       0       0       0       000010000D0000057
     110       0       0       1       0                               0D0000058
     110     286       0       0       0       0       0       000010000D0000059
     110       0       0       1       0                               0D0000060
     110     287       0       0       0       0       0       000010000D0000061
     110       0       0       1       0                               0D0000062
     110     288       0       0       0       0       0       000010000D0000063
     110       0       0       1       0                               0D0000064
     110     289       0       0       0       0       0       000010000D0000065
     110       0       0       1       0                               0D0000066
     110     290       0       0       0       0       0       000010000D0000067
     110       0       0       2       0                               0D0000068
     110     292       0       0       0       0       0       000010000D0000069
     110       0       0       2       0                               0D0000070
     110     294       0       0       0       0       0       000010000D0000071
     110       0       0       2       0                               0D0000072
     110     296       0       0       0       0       0       000010000D0000073
     110       0       0       1       0                               0D0000074
     110     297       0       0       0       0       0       000010000D0000075
     110       0       0       2       0                               0D0000076
     110     299       0       0       0       0       0       000010000D0000077
     110       0       0       2       0                               0D0000078
     110     301       0       0       0       0       0       000010000D0000079
     110       0       0       2       0                               0D0000080
     110     303       0       0       0       0       0       000010000D0000081
     110       0       0       2       0                               0D0000082
     110     305       0       0       0       0       0       000010000D0000083
     110       0       0       2       0                               0D0000084
     110     307       0       0       0       0       0       000010000D0000085
     110       0       0       2       0                               0D0000086
     110     309       0       0       0       0       0       000010000D0000087
     110       0       0       2       0                               0D0000088
     110     311       0       0       0       0       0       000010000D0000089
     110       0       0       2       0                               0D0000090
     110     313       0       0       0       0       0       000010000D0000091
     110       0       0       2       0                               0D0000092
     110     315       0       0       0       0       0       000010000D0000093
     110       0       0       2       0                               0D0000094
     110     317       0       0       0       0       0       000010000D0000095
     110       0       0       2       0                               0D0000096
     110     319       0       0       0       0       0       000010000D0000097
     110       0       0       2       0                               0D0000098
     110     321       0       0       0       0       0       000010000D0000099
     110       0       0       2       0                               0D0000100
     110     323       0       0       0       0       0       000010000D0000101
     110       0       0       2       0                               0D0000102
     110     325       0       0       0       0       0       000010000D0000103
     110       0       0       2       0                               0D0000104
     110     327       0       0       0       0       0       000010000D0000105
     110       0       0       2       0                               0D0000106
     110     329       0       0       0       0       0       000010000D0000107
     110       0       0       2       0                               0D0000108
     110     331       0       0       0       0       0       000010000D0000109
     110       0       0       2       0                               0D0000110
     110     333       0       0       0       0       0       000010000D0000111
     110       0       0       2       0                               0D0000112
     110     335       0       0       0       0       0       000010000D0000113
     110       0       0       2       0                               0D0000114
     110     337       0       0       0       0       0       000010000D0000115
     110       0       0       2       0                               0D0000116
     110     339       0       0       0       0       0       000010000D0000117
     110       0       0       2       0                               0D0000118
     110     341       0       0       0       0       0       000010000D0000119
     110       0       0       2       0                               0D0000120
     110     343       0       0       0       0       0       000010000D0000121
     110       0       0       1       0                               0D0000122
     110     344       0       0       0       0       0       000010000D0000123
     110       0       0       2       0                               0D0000124
     110     346       0       0       0       0       0       000010000D0000125
     110       0       0       2       0                               0D0000126
     110     348       0       0       0       0       0       000010000D0000127
     110       0       0       2       0                               0D0000128
     110     350       0       0       0       0       0       000010000D0000129
     110       0       0       2       0                               0D0000130
     110     352       0       0       0       0       0       000010000D0000131
     110       0       0       2       0                               0D0000132
     110     354       0       0       0       0       0       000010000D0000133
     110       0       0       2       0                               0D0000134
     110     356       0       0       0       0       0       000010000D0000135
     110       0       0       2       0                               0D0000136
     110     358       0       0       0       0       0       000010000D0000137
     110       0       0       2       0                               0D0000138
     110     360       0       0       0       0       0       000010000D0000139
     110       0       0       2       0                               0D0000140
     110     362       0       0       0       0       0       000010000D0000141
     110       0       0       2       0                               0D0000142
     110     364       0       0       0       0       0       000010000D0000143
     110       0       0       2       0                               0D0000144
     110     366       0       0       0       0       0       000010000D0000145
     110       0       0       2       0                               0D0000146
     110     368       0       0       0       0       0       000010000D0000147
     110       0       0       1       0                               0D0000148
     110     369       0       0       0       0       0       000010000D0000149
     110       0       0       2       0                               0D0000150
     110     371       0       0       0       0       0       000010000D0000151
     110       0       0       2       0                               0D0000152
     110     373       0       0       0       0       0       000010000D0000153
     110       0       0       2       0                               0D0000154
     110     375       0       0       0       0       0       000010000D0000155
     110       0       0       2       0                               0D0000156
     110     377       0       0       0       0       0       000010000D0000157
     110       0       0       2       0                               0D0000158
     110     379       0       0       0       0       0       000010000D0000159
     110       0       0       2       0                               0D0000160
     110     381       0       0       0       0       0       000010000D0000161
     110       0       0       2       0                               0D0000162
     110     383       0       0       0       0       0       000010000D0000163
     110       0       0       2       0                               0D0000164
     110     385       0       0       0       0       0       000010000D0000165
     110       0       0       2       0                               0D0000166
     100     387       0       0       0       0     169       000010000D0000167
     100       0       0       1       0                               0D0000168
     124     388       0       0       0       0       0       000000000D0000169
     124       0       0       1       0                               0D0000170
     100     389       0       0       0       0     173       000010000D0000171
     100       0       0       1       0                               0D0000172
     124     390       0       0       0       0       0       000000000D0000173
     124       0       0       1       0                               0D0000174
     100     391       0       0       0       0     177       000010000D0000175
     100       0       0       1       0                               0D0000176
     124     392       0       0       0       0       0       000000000D0000177
     124       0       0       1       0                               0D0000178
     100     393       0       0       0       0     181       000010000D0000179
     100       0       0       1       0                               0D0000180
     124     394       0       0       0       0       0       000000000D0000181
     124       0       0       1       0                               0D0000182
     100     395       0       0       0       0     185       000010000D0000183
     100       0       0       1       0                               0D0000184
     124     396       0       0       0       0       0       000000000D0000185
     124       0       0       1       0                               0D0000186
     100     397       0       0       0       0     189       000010000D0000187
     100       0       0       1       0                               0D0000188
     124     398       0       0       0       0       0       000000000D0000189
     124       0       0       1       0                               0D0000190
     110     399       0       0       0       0       0       000010000D0000191
     110       0       0       2       0                               0D0000192
     110     401       0       0       0       0       0       000010000D0000193
     110       0       0       2       0                               0D0000194
     110     403       0       0       0       0       0       000010000D0000195
     110       0       0       2       0                               0D0000196
     110     405       0       0       0       0       0       000010000D0000197
     110       0       0       2       0                               0D0000198
     110     407       0       0       0       0       0       000010000D0000199
     110       0       0       2       0                               0D0000200
     110     409       0       0       0       0       0       000010000D0000201
     110       0       0       2       0                               0D0000202
     110     411       0       0       0       0       0       000010000D0000203
     110       0       0       2       0                               0D0000204
     110     413       0       0       0       0       0       000010000D0000205
     110       0       0       2       0                               0D0000206
     110     415       0       0       0       0       0       000010000D0000207
     110       0       0       1       0                               0D0000208
     110     416       0       0       0       0       0       000010000D0000209
     110       0       0       2       0                               0D0000210
     110     418       0       0       0       0       0       000010000D0000211
     110       0       0       2       0                               0D0000212
     110     420       0       0       0       0       0       000010000D0000213
     110       0       0       2       0                               0D0000214
     110     422       0       0       0       0       0       000010000D0000215
     110       0       0       2       0                               0D0000216
     110     424       0       0       0       0       0       000010000D0000217
     110       0       0       2       0                               0D0000218
     110     426       0       0       0       0       0       000010000D0000219
     110       0       0       2       0                               0D0000220
     110     428       0       0       0       0       0       000010000D0000221
     110       0       0       2       0                               0D0000222
     110     430       0       0       0       0       0       000010000D0000223
     110       0       0       2       0                               0D0000224
     110     432       0       0       0       0       0       000010000D0000225
     110       0       0       2       0                               0D0000226
     110     434       0       0       0       0       0       000010000D0000227
     110       0       0       2       0                               0D0000228
     110     436       0       0       0       0       0       000010000D0000229
     110       0       0       2       0                               0D0000230
     110     438       0       0       0       0       0       000010000D0000231
     110       0       0       2       0                               0D0000232
     110     440       0       0       0       0       0       000010000D0000233
     110       0       0       1       0                               0D0000234
     110     441       0       0       0       0       0       000010000D0000235
     110       0       0       2       0                               0D0000236
     110     443       0       0       0       0       0       000010000D0000237
     110       0       0       2       0                               0D0000238
     110     445       0       0       0       0       0       000010000D0000239
     110       0       0       2       0                               0D0000240
     110     447       0       0       0       0       0       000010000D0000241
     110       0       0       2       0                               0D0000242
     110     449       0       0       0       0       0       000010000D0000243
     110       0       0       2       0                               0D0000244
     110     451       0       0       0       0       0       000010000D0000245
     110       0       0       2       0                               0D0000246
     110     453       0       0       0       0       0       000010000D0000247
     110       0       0       2       0                               0D0000248
     110     455       0       0       0       0       0       000010000D0000249
     110       0       0       2       0                               0D0000250
     110     457       0       0       0       0       0       000010000D0000251
     110       0       0       2       0                               0D0000252
     110     459       0       0       0       0       0       000010000D0000253
     110       0       0       2       0                               0D0000254
     110     461       0       0       0       0       0       000010000D0000255
     110       0       0       2       0                               0D0000256
     110     463       0       0       0       0       0       000010000D0000257
     110       0       0       2       0                               0D0000258
     110     465       0       0       0       0       0       000010000D0000259
     110       0       0       2       0                               0D0000260
     110     467       0       0       0       0       0       000010000D0000261
     110       0       0       2       0                               0D0000262
     110     469       0       0       0       0       0       000010000D0000263
     110       0       0       2       0                               0D0000264
     110     471       0       0       0       0       0       000010000D0000265
     110       0       0       2       0                               0D0000266
     110     473       0       0       0       0       0       000010000D0000267
     110       0       0       2       0                               0D0000268
     110     475       0       0       0       0       0       000010000D0000269
     110       0       0       2       0                               0D0000270
     110     477       0       0       0       0       0       000010000D0000271
     110       0       0       2       0                               0D0000272
     110     479       0       0       0       0       0       000010000D0000273
     110       0       0       2       0                               0D0000274
     110     481       0       0       0       0       0       000010000D0000275
     110       0       0       2       0                               0D0000276
     110     483       0       0       0       0       0       000010000D0000277
     110       0       0       2       0                               0D0000278
     110     485       0       0       0       0       0       000010000D0000279
     110       0       0       2       0                               0D0000280
     110     487       0       0       0       0       0       000010000D0000281
     110       0       0       1       0                               0D0000282
     110     488       0       0       0       0       0       000010000D0000283
     110       0       0       2       0                               0D0000284
     110     490       0       0       0       0       0       000010000D0000285
     110       0       0       2       0                               0D0000286
     110     492       0       0       0       0       0       000010000D0000287
     110       0       0       2       0                               0D0000288
     110     494       0       0       0       0       0       000010000D0000289
     110       0       0       2       0                               0D0000290
     110     496       0       0       0       0       0       000010000D0000291
     110       0       0       2       0                               0D0000292
     100     498       0       0       0       0     295       000010000D0000293
     100       0       0       1       0                               0D0000294
     124     499       0       0       0       0       0       000000000D0000295
     124       0       0       1       0                               0D0000296
     100     500       0       0       0       0     299       000010000D0000297
     100       0       0       1       0                               0D0000298
     124     501       0       0       0       0       0       000000000D0000299
     124       0       0       1       0                               0D0000300
     100     502       0       0       0       0     303       000010000D0000301
     100       0       0       1       0                               0D0000302
     124     503       0       0       0       0       0       000000000D0000303
     124       0       0       1       0                               0D0000304
     100     504       0       0       0       0     307       000010000D0000305
     100       0       0       1       0                               0D0000306
     124     505       0       0       0       0       0       000000000D0000307
     124       0       0       1       0                               0D0000308
     100     506       0       0       0       0     311       000010000D0000309
     100       0       0       1       0                               0D0000310
     124     507       0       0       0       0       0       000000000D0000311
     124       0       0       1       0                               0D0000312
     100     508       0       0       0       0     315       000010000D0000313
     100       0       0       1       0                               0D0000314
     124     509       0       0       0       0       0       000000000D0000315
     124       0       0       1       0                               0D0000316
     110     510       0       0       0       0       0       000010000D0000317
     110       0       0       2       0                               0D0000318
     110     512       0       0       0       0       0       000010000D0000319
     110       0       0       2       0                               0D0000320
     110     514       0       0       0       0       0       000010000D0000321
     110       0       0       2       0                               0D0000322
     110     516       0       0       0       0       0       000010000D0000323
     110       0       0       2       0                               0D0000324
     110     518       0       0       0       0       0       000010000D0000325
     110       0       0       2       0                               0D0000326
     110     520       0       0       0       0       0       000010000D0000327
     110       0       0       2       0                               0D0000328
     110     522       0       0       0       0       0       000010000D0000329
     110       0       0       2       0                               0D0000330
     110     524       0       0       0       0       0       000010000D0000331
     110       0       0       2       0                               0D0000332
     110     526       0       0       0       0       0       000010000D0000333
     110       0       0       2       0                               0D0000334
     110     528       0       0       0       0       0       000010000D0000335
     110       0       0       1       0                               0D0000336
     100     529       0       0       0       0     339       000010000D0000337
     100       0       0       1       0                               0D0000338
     124     530       0       0       0       0       0       000000000D0000339
     124       0       0       1       0                               0D0000340
     110     531       0       0       0       0       0       000010000D0000341
     110       0       0       2       0                               0D0000342
     110     533       0       0       0       0       0       000010000D0000343
     110       0       0       2       0                               0D0000344
     110     535       0       0       0       0       0       000010000D0000345
     110       0       0       2       0                               0D0000346
     110     537       0       0       0       0       0       000010000D0000347
     110       0       0       1       0                               0D0000348
     110     538       0       0       0       0       0       000010000D0000349
     110       0       0       1       0                               0D0000350
     110     539       0       0       0       0       0       000010000D0000351
     110       0       0       2       0                               0D0000352
     110     541       0       0       0       0       0       000010000D0000353
     110       0       0       2       0                               0D0000354
     110     543       0       0       0       0       0       000010000D0000355
     110       0       0       2       0                               0D0000356
     110     545       0       0       0       0       0       000010000D0000357
     110       0       0       1       0                               0D0000358
     110     546       0       0       0       0       0       000010000D0000359
     110       0       0       1       0                               0D0000360
     110     547       0       0       0       0       0       000010000D0000361
     110       0       0       1       0                               0D0000362
     110     548       0       0       0       0       0       000010000D0000363
     110       0       0       2       0                               0D0000364
     110     550       0       0       0       0       0       000010000D0000365
     110       0       0       2       0                               0D0000366
     110     552       0       0       0       0       0       000010000D0000367
     110       0       0       1       0                               0D0000368
     110     553       0       0       0       0       0       000010000D0000369
     110       0       0       1       0                               0D0000370
     110     554       0       0       0       0       0       000010000D0000371
     110       0       0       2       0                               0D0000372
     110     556       0       0       0       0       0       000010000D0000373
     110       0       0       2       0                               0D0000374
     110     558       0       0       0       0       0       000010000D0000375
     110       0       0       1       0                               0D0000376
     110     559       0       0       0       0       0       000010000D0000377
     110       0       0       2       0                               0D0000378
     110     561       0       0       0       0       0       000010000D0000379
     110       0       0       1       0                               0D0000380
     110     562       0       0       0       0       0       000010000D0000381
     110       0       0       1       0                               0D0000382
     110     563       0       0       0       0       0       000010000D0000383
     110       0       0       2       0                               0D0000384
     110     565       0       0       0       0       0       000010000D0000385
     110       0       0       2       0                               0D0000386
     110     567       0       0       0       0       0       000010000D0000387
     110       0       0       2       0                               0D0000388
     110     569       0       0       0       0       0       000010000D0000389
     110       0       0       1       0                               0D0000390
     110     570       0       0       0       0       0       000010000D0000391
     110       0       0       2       0                               0D0000392
     110     572       0       0       0       0       0       000010000D0000393
     110       0       0       2       0                               0D0000394
     110     574       0       0       0       0       0       000010000D0000395
     110       0       0       2       0                               0D0000396
     110     576       0       0       0       0       0       000010000D0000397
     110       0       0       2       0                               0D0000398
     110     578       0       0       0       0       0       000010000D0000399
     110       0       0       1       0                               0D0000400
     110     579       0       0       0       0       0       000010000D0000401
     110       0       0       1       0                               0D0000402
     110     580       0       0       0       0       0       000010000D0000403
     110       0       0       2       0                               0D0000404
     110     582       0       0       0       0       0       000010000D0000405
     110       0       0       2       0                               0D0000406
     110     584       0       0       0       0       0       000010000D0000407
     110       0       0       1       0                               0D0000408
     110     585       0       0       0       0       0       000010000D0000409
     110       0       0       2       0                               0D0000410
     110     587       0       0       0       0       0       000010000D0000411
     110       0       0       1       0                               0D0000412
     110     588       0       0       0       0       0       000010000D0000413
     110       0       0       1       0                               0D0000414
     110     589       0       0       0       0       0       000010000D0000415
     110       0       0       2       0                               0D0000416
     110     591       0       0       0       0       0       000010000D0000417
     110       0       0       2       0                               0D0000418
     110     593       0       0       0       0       0       000010000D0000419
     110       0       0       1       0                               0D0000420
     110     594       0       0       0       0       0       000010000D0000421
     110       0       0       1       0                               0D0000422
     110     595       0       0       0       0       0       000010000D0000423
     110       0       0       2       0                               0D0000424
     110     597       0       0       0       0       0       000010000D0000425
     110       0       0       2       0                               0D0000426
     110     599       0       0       0       0       0       000010000D0000427
     110       0       0       2       0                               0D0000428
     110     601       0       0       0       0       0       000010000D0000429
     110       0       0       1       0                               0D0000430
     110     602       0       0       0       0       0       000010000D0000431
     110       0       0       1       0                               0D0000432
     110     603       0       0       0       0       0       000010000D0000433
     110       0       0       1       0                               0D0000434
     110     604       0       0       0       0       0       000010000D0000435
     110       0       0       2       0                               0D0000436
     110     606       0       0       0       0       0       000010000D0000437
     110       0       0       2       0                               0D0000438
     110     608       0       0       0       0       0       000010000D0000439
     110       0       0       1       0                               0D0000440
     110     609       0       0       0       0       0       000010000D0000441
     110       0       0       2       0                               0D0000442
     110     611       0       0       0       0       0       000010000D0000443
     110       0       0       2       0                               0D0000444
     110     613       0       0       0       0       0       000010000D0000445
     110       0       0       2       0                               0D0000446
     110     615       0       0       0       0       0       000010000D0000447
     110       0       0       2       0                               0D0000448
     110     617       0       0       0       0       0       000010000D0000449
     110       0       0       2       0                               0D0000450
     110     619       0       0       0       0       0       000010000D0000451
     110       0       0       2       0                               0D0000452
     110     621       0       0       0       0       0       000010000D0000453
     110       0       0       2       0                               0D0000454
     110     623       0       0       0       0       0       000010000D0000455
     110       0       0       2       0                               0D0000456
     110     625       0       0       0       0       0       000010000D0000457
     110       0       0       2       0                               0D0000458
     110     627       0       0       0       0       0       000010000D0000459
     110       0       0       2       0                               0D0000460
     110     629       0       0       0       0       0       000010000D0000461
     110       0       0       2       0                               0D0000462
     110     631       0       0       0       0       0       000010000D0000463
     110       0       0       2       0                               0D0000464
     110     633       0       0       0       0       0       000010000D0000465
     110       0       0       2       0                               0D0000466
     110     635       0       0       0       0       0       000010000D0000467
     110       0       0       2       0                               0D0000468
     110     637       0       0       0       0       0       000010000D0000469
     110       0       0       2       0                               0D0000470
     110     639       0       0       0       0       0       000010000D0000471
     110       0       0       2       0                               0D0000472
     110     641       0       0       0       0       0       000010000D0000473
     110       0       0       2       0                               0D0000474
     110     643       0       0       0       0       0       000010000D0000475
     110       0       0       2       0                               0D0000476
     110     645       0       0       0       0       0       000010000D0000477
     110       0       0       2       0                               0D0000478
     110     647       0       0       0       0       0       000010000D0000479
     110       0       0       2       0                               0D0000480
     110     649       0       0       0       0       0       000010000D0000481
     110       0       0       2       0                               0D0000482
     110     651       0       0       0       0       0       000010000D0000483
     110       0       0       2       0                               0D0000484
     110     653       0       0       0       0       0       000010000D0000485
     110       0       0       2       0                               0D0000486
     110     655       0       0       0       0       0       000010000D0000487
     110       0       0       2       0                               0D0000488
     110     657       0       0       0       0       0       000010000D0000489
     110       0       0       2       0                               0D0000490
     110     659       0       0       0       0       0       000010000D0000491
     110       0       0       2       0                               0D0000492
     110     661       0       0       0       0       0       000010000D0000493
     110       0       0       1       0                               0D0000494
     110     662       0       0       0       0       0       000010000D0000495
     110       0       0       1       0                               0D0000496
     110     663       0       0       0       0       0       000010000D0000497
     110       0       0       2       0                               0D0000498
     110     665       0       0       0       0       0       000010000D0000499
     110       0       0       2       0                               0D0000500
     110     667       0       0       0       0       0       000010000D0000501
     110       0       0       1       0                               0D0000502
     110     668       0       0       0       0       0       000010000D0000503
     110       0       0       1       0                               0D0000504
     110     669       0       0       0       0       0       000010000D0000505
     110       0       0       2       0                               0D0000506
     110     671       0       0       0       0       0       000010000D0000507
     110       0       0       2       0                               0D0000508
     110     673       0       0       0       0       0       000010000D0000509
     110       0       0       2       0                               0D0000510
     110     675       0       0       0       0       0       000010000D0000511
     110       0       0       1       0                               0D0000512
     110     676       0       0       0       0       0       000010000D0000513
     110       0       0       2       0                               0D0000514
     110     678       0       0       0       0       0       000010000D0000515
     110       0       0       2       0                               0D0000516
     110     680       0       0       0       0       0       000010000D0000517
     110       0       0       2       0                               0D0000518
     110     682       0       0       0       0       0       000010000D0000519
     110       0       0       2       0                               0D0000520
     110     684       0       0       0       0       0       000010000D0000521
     110       0       0       2       0                               0D0000522
     110     686       0       0       0       0       0       000010000D0000523
     110       0       0       2       0                               0D0000524
     110     688       0       0       0       0       0       000010000D0000525
     110       0       0       2       0                               0D0000526
     110     690       0       0       0       0       0       000010000D0000527
     110       0       0       1       0                               0D0000528
     100     691       0       0       0       0     531       000010000D0000529
     100       0       0       1       0                               0D0000530
     124     692       0       0       0       0       0       000000000D0000531
     124       0       0       1       0                               0D0000532
     110     693       0       0       0       0       0       000010000D0000533
     110       0       0       1       0                               0D0000534
     100     694       0       0       0       0     537       000010000D0000535
     100       0       0       1       0                               0D0000536
     124     695       0       0       0       0       0       000000000D0000537
     124       0       0       1       0                               0D0000538
     110     696       0       0       0       0       0       000010000D0000539
     110       0       0       1       0                               0D0000540
     100     697       0       0       0       0     543       000010000D0000541
     100       0       0       1       0                               0D0000542
     124     698       0       0       0       0       0       000000000D0000543
     124       0       0       1       0                               0D0000544
     110     699       0       0       0       0       0       000010000D0000545
     110       0       0       1       0                               0D0000546
     100     700       0       0       0       0     549       000010000D0000547
     100       0       0       1       0                               0D0000548
     124     701       0       0       0       0       0       000000000D0000549
     124       0       0       1       0                               0D0000550
     110     702       0       0       0       0       0       000010000D0000551
     110       0       0       1       0                               0D0000552
     100     703       0       0       0       0     555       000010000D0000553
     100       0       0       1       0                               0D0000554
     124     704       0       0       0       0       0       000000000D0000555
     124       0       0       1       0                               0D0000556
     110     705       0       0       0       0       0       000010000D0000557
     110       0       0       2       0                               0D0000558
     110     707       0       0       0       0       0       000010000D0000559
     110       0       0       2       0                               0D0000560
     110     709       0       0       0       0       0       000010000D0000561
     110       0       0       2       0                               0D0000562
     110     711       0       0       0       0       0       000010000D0000563
     110       0       0       2       0                               0D0000564
     110     713       0       0       0       0       0       000010000D0000565
     110       0       0       2       0                               0D0000566
     110     715       0       0       0       0       0       000010000D0000567
     110       0       0       2       0                               0D0000568
     110     717       0       0       0       0       0       000010000D0000569
     110       0       0       2       0                               0D0000570
     110     719       0       0       0       0       0       000010000D0000571
     110       0       0       2       0                               0D0000572
     110     721       0       0       0       0       0       000010000D0000573
     110       0       0       2       0                               0D0000574
     110     723       0       0       0       0       0       000010000D0000575
     110       0       0       2       0                               0D0000576
     110     725       0       0       0       0       0       000010000D0000577
     110       0       0       2       0                               0D0000578
     110     727       0       0       0       0       0       000010000D0000579
     110       0       0       2       0                               0D0000580
     110     729       0       0       0       0       0       000010000D0000581
     110       0       0       2       0                               0D0000582
     110     731       0       0       0       0       0       000010000D0000583
     110       0       0       2       0                               0D0000584
     110     733       0       0       0       0       0       000010000D0000585
     110       0       0       2       0                               0D0000586
     110     735       0       0       0       0       0       000010000D0000587
     110       0       0       2       0                               0D0000588
     110     737       0       0       0       0       0       000010000D0000589
     110       0       0       2       0                               0D0000590
     110     739       0       0       0       0       0       000010000D0000591
     110       0       0       2       0                               0D0000592
     110     741       0       0       0       0       0       000010000D0000593
     110       0       0       2       0                               0D0000594
     110     743       0       0       0       0       0       000010000D0000595
     110       0       0       1       0                               0D0000596
     110     744       0       0       0       0       0       000010000D0000597
     110       0       0       1       0                               0D0000598
     110     745       0       0       0       0       0       000010000D0000599
     110       0       0       2       0                               0D0000600
     110     747       0       0       0       0       0       000010000D0000601
     110       0       0       2       0                               0D0000602
     110     749       0       0       0       0       0       000010000D0000603
     110       0       0       1       0                               0D0000604
     110     750       0       0       0       0       0       000010000D0000605
     110       0       0       1       0                               0D0000606
     110     751       0       0       0       0       0       000010000D0000607
     110       0       0       1       0                               0D0000608
     110     752       0       0       0       0       0       000010000D0000609
     110       0       0       1       0                               0D0000610
     110     753       0       0       0       0       0       000010000D0000611
     110       0       0       2       0                               0D0000612
     110     755       0       0       0       0       0       000010000D0000613
     110       0       0       1       0                               0D0000614
     110     756       0       0       0       0       0       000010000D0000615
     110       0       0       1       0                               0D0000616
     110     757       0       0       0       0       0       000010000D0000617
     110       0       0       1       0                               0D0000618
     110     758       0       0       0       0       0       000010000D0000619
     110       0       0       2       0                               0D0000620
     110     760       0       0       0       0       0       000010000D0000621
     110       0       0       2       0                               0D0000622
     110     762       0       0       0       0       0       000010000D0000623
     110       0       0       1       0                               0D0000624
     110     763       0       0       0       0       0       000010000D0000625
     110       0       0       2       0                               0D0000626
     110     765       0       0       0       0       0       000010000D0000627
     110       0       0       2       0                               0D0000628
     110     767       0       0       0       0       0       000010000D0000629
     110       0       0       2       0                               0D0000630
     110     769       0       0       0       0       0       000010000D0000631
     110       0       0       2       0                               0D0000632
     110     771       0       0       0       0       0       000010000D0000633
     110       0       0       2       0                               0D0000634
     110     773       0       0       0       0       0       000010000D0000635
     110       0       0       2       0                               0D0000636
     110     775       0       0       0       0       0       000010000D0000637
     110       0       0       2       0                               0D0000638
     110     777       0       0       0       0       0       000010000D0000639
     110       0       0       2       0                               0D0000640
     110     779       0       0       0       0       0       000010000D0000641
     110       0       0       2       0                               0D0000642
     110     781       0       0       0       0       0       000010000D0000643
     110       0       0       2       0                               0D0000644
     110     783       0       0       0       0       0       000010000D0000645
     110       0       0       2       0                               0D0000646
     110     785       0       0       0       0       0       000010000D0000647
     110       0       0       1       0                               0D0000648
     110     786       0       0       0       0       0       000010000D0000649
     110       0       0       1       0                               0D0000650
     110     787       0       0       0       0       0       000010000D0000651
     110       0       0       2       0                               0D0000652
     110     789       0       0       0       0       0       000010000D0000653
     110       0       0       2       0                               0D0000654
     110     791       0       0       0       0       0       000010000D0000655
     110       0       0       1       0                               0D0000656
     110     792       0       0       0       0       0       000010000D0000657
     110       0       0       2       0                               0D0000658
     110     794       0       0       0       0       0       000010000D0000659
     110       0       0       2       0                               0D0000660
     110     796       0       0       0       0       0       000010000D0000661
     110       0       0       2       0                               0D0000662
     110     798       0       0       0       0       0       000010000D0000663
     110       0       0       2       0                               0D0000664
     110     800       0       0       0       0       0       000010000D0000665
     110       0       0       2       0                               0D0000666
     110     802       0       0       0       0       0       000010000D0000667
     110       0       0       2       0                               0D0000668
     110     804       0       0       0       0       0       000010000D0000669
     110       0       0       2       0                               0D0000670
     110     806       0       0       0       0       0       000010000D0000671
     110       0       0       2       0                               0D0000672
     110     808       0       0       0       0       0       000010000D0000673
     110       0       0       2       0                               0D0000674
     110     810       0       0       0       0       0       000010000D0000675
     110       0       0       2       0                               0D0000676
     110     812       0       0       0       0       0       000010000D0000677
     110       0       0       2       0                               0D0000678
     110     814       0       0       0       0       0       000010000D0000679
     110       0       0       1       0                               0D0000680
     110     815       0       0       0       0       0       000010000D0000681
     110       0       0       1       0                               0D0000682
     110     816       0       0       0       0       0       000010000D0000683
     110       0       0       1       0                               0D0000684
     110     817       0       0       0       0       0       000010000D0000685
     110       0       0       2       0                               0D0000686
     110     819       0       0       0       0       0       000010000D0000687
     110       0       0       2       0                               0D0000688
     110     821       0       0       0       0       0       000010000D0000689
     110       0       0       2       0                               0D0000690
     110     823       0       0       0       0       0       000010000D0000691
     110       0       0       2       0                               0D0000692
     110     825       0       0       0       0       0       000010000D0000693
     110       0       0       2       0                               0D0000694
     110     827       0       0       0       0       0       000010000D0000695
     110       0       0       1       0                               0D0000696
     110     828       0       0       0       0       0       000010000D0000697
     110       0       0       1       0                               0D0000698
     110     829       0       0       0       0       0       000010000D0000699
     110       0       0       1       0                               0D0000700
     110     830       0       0       0       0       0       000010000D0000701
     110       0       0       1       0                               0D0000702
     110     831       0       0       0       0       0       000010000D0000703
     110       0       0       2       0                               0D0000704
     110     833       0       0       0       0       0       000010000D0000705
     110       0       0       1       0                               0D0000706
     110     834       0       0       0       0       0       000010000D0000707
     110       0       0       2       0                               0D0000708
     110     836       0       0       0       0       0       000010000D0000709
     110       0       0       2       0                               0D0000710
     110     838       0       0       0       0       0       000010000D0000711
     110       0       0       2       0                               0D0000712
     110     840       0       0       0       0       0       000010000D0000713
     110       0       0       2       0                               0D0000714
     110     842       0       0       0       0       0       000010000D0000715
     110       0       0       2       0                               0D0000716
     110     844       0       0       0       0       0       000010000D0000717
     110       0       0       1       0                               0D0000718
     110     845       0       0       0       0       0       000010000D0000719
     110       0       0       1       0                               0D0000720
     110     846       0       0       0       0       0       000010000D0000721
     110       0       0       2       0                               0D0000722
     110     848       0       0       0       0       0       000010000D0000723
     110       0       0       2       0                               0D0000724
     110     850       0       0       0       0       0       000010000D0000725
     110       0       0       2       0                               0D0000726
     110     852       0       0       0       0       0       000010000D0000727
     110       0       0       1       0                               0D0000728
     110     853       0       0       0       0       0       000010000D0000729
     110       0       0       1       0                               0D0000730
     110     854       0       0       0       0       0       000010000D0000731
     110       0       0       1       0                               0D0000732
     110     855       0       0       0       0       0       000010000D0000733
     110       0       0       2       0                               0D0000734
     110     857       0       0       0       0       0       000010000D0000735
     110       0       0       2       0                               0D0000736
     110     859       0       0       0       0       0       000010000D0000737
     110       0       0       1       0                               0D0000738
     110     860       0       0       0       0       0       000010000D0000739
     110       0       0       2       0                               0D0000740
     110     862       0       0       0       0       0       000010000D0000741
     110       0       0       2       0                               0D0000742
     110     864       0       0       0       0       0       000010000D0000743
     110       0       0       1       0                               0D0000744
     100     865       0       0       0       0     747       000010000D0000745
     100       0       0       1       0                               0D0000746
     124     866       0       0       0       0       0       000000000D0000747
     124       0       0       1       0                               0D0000748
     110     867       0       0       0       0       0       000010000D0000749
     110       0       0       1       0                               0D0000750
     100     868       0       0       0       0     753       000010000D0000751
     100       0       0       1       0                               0D0000752
     124     869       0       0       0       0       0       000000000D0000753
     124       0       0       1       0                               0D0000754
     110     870       0       0       0       0       0       000010000D0000755
     110       0       0       1       0                               0D0000756
     100     871       0       0       0       0     759       000010000D0000757
     100       0       0       1       0                               0D0000758
     124     872       0       0       0       0       0       000000000D0000759
     124       0       0       1       0                               0D0000760
     110     873       0       0       0       0       0       000010000D0000761
     110       0       0       1       0                               0D0000762
     100     874       0       0       0       0     765       000010000D0000763
     100       0       0       1       0                               0D0000764
     124     875       0       0       0       0       0       000000000D0000765
     124       0       0       1       0                               0D0000766
     110     876       0       0       0       0       0       000010000D0000767
     110       0       0       1       0                               0D0000768
     100     877       0       0       0       0     771       000010000D0000769
     100       0       0       1       0                               0D0000770
     124     878       0       0       0       0       0       000000000D0000771
     124       0       0       1       0                               0D0000772
     110     879       0       0       0       0       0       000010000D0000773
     110       0       0       1       0                               0D0000774
     100     880       0       0       0       0     777       000010000D0000775
     100       0       0       1       0                               0D0000776
     124     881       0       0       0       0       0       000000000D0000777
     124       0       0       1       0                               0D0000778
     110     882       0       0       0       0       0       000010000D0000779
     110       0       0       1       0                               0D0000780
     110     883       0       0       0       0       0       000010000D0000781
     110       0       0       2       0                               0D0000782
     110     885       0       0       0       0       0       000010000D0000783
     110       0       0       1       0                               0D0000784
     110     886       0       0       0       0       0       000010000D0000785
     110       0       0       2       0                               0D0000786
     110     888       0       0       0       0       0       000010000D0000787
     110       0       0       2       0                               0D0000788
     110     890       0       0       0       0       0       000010000D0000789
     110       0       0       1       0                               0D0000790
     110     891       0       0       0       0       0       000010000D0000791
     110       0       0       2       0                               0D0000792
     110     893       0       0       0       0       0       000010000D0000793
     110       0       0       2       0                               0D0000794
     110     895       0       0       0       0       0       000010000D0000795
     110       0       0       1       0                               0D0000796
     110     896       0       0       0       0       0       000010000D0000797
     110       0       0       2       0                               0D0000798
     110     898       0       0       0       0       0       000010000D0000799
     110       0       0       1       0                               0D0000800
     110     899       0       0       0       0       0       000010000D0000801
     110       0       0       2       0                               0D0000802
     110     901       0       0       0       0       0       000010000D0000803
     110       0       0       2       0                               0D0000804
     110     903       0       0       0       0       0       000010000D0000805
     110       0       0       1       0                               0D0000806
     110     904       0       0       0       0       0       000010000D0000807
     110       0       0       2       0                               0D0000808
     110     906       0       0       0       0       0       000010000D0000809
     110       0       0       2       0                               0D0000810
     110     908       0       0       0       0       0       000010000D0000811
     110       0       0       2       0                               0D0000812
     110     910       0       0       0       0       0       000010000D0000813
     110       0       0       2       0                               0D0000814
     110     912       0       0       0       0       0       000010000D0000815
     110       0       0       1       0                               0D0000816
     110     913       0       0       0       0       0       000010000D0000817
     110       0       0       2       0                               0D0000818
     110     915       0       0       0       0       0       000010000D0000819
     110       0       0       2       0                               0D0000820
     110     917       0       0       0       0       0       000010000D0000821
     110       0       0       1       0                               0D0000822
     110     918       0       0       0       0       0       000010000D0000823
     110       0       0       2       0                               0D0000824
     110     920       0       0       0       0       0       000010000D0000825
     110       0       0       1       0                               0D0000826
     110     921       0       0       0       0       0       000010000D0000827
     110       0       0       2       0                               0D0000828
     110     923       0       0       0       0       0       000010000D0000829
     110       0       0       2       0                               0D0000830
     110     925       0       0       0       0       0       000010000D0000831
     110       0       0       1       0                               0D0000832
     110     926       0       0       0       0       0       000010000D0000833
     110       0       0       2       0                               0D0000834
     110     928       0       0       0       0       0       000010000D0000835
     110       0       0       2       0                               0D0000836
     110     930       0       0       0       0       0       000010000D0000837
     110       0       0       1       0                               0D0000838
     110     931       0       0       0       0       0       000010000D0000839
     110       0       0       2       0                               0D0000840
     110     933       0       0       0       0       0       000010000D0000841
     110       0       0       2       0                               0D0000842
     110     935       0       0       0       0       0       000010000D0000843
     110       0       0       2       0                               0D0000844
     110     937       0       0       0       0       0       000010000D0000845
     110       0       0       1       0                               0D0000846
     110     938       0       0       0       0       0       000010000D0000847
     110       0       0       2       0                               0D0000848
     110     940       0       0       0       0       0       000010000D0000849
     110       0       0       2       0                               0D0000850
     110     942       0       0       0       0       0       000010000D0000851
     110       0       0       2       0                               0D0000852
     110     944       0       0       0       0       0       000010000D0000853
     110       0       0       2       0                               0D0000854
     110     946       0       0       0       0       0       000010000D0000855
     110       0       0       1       0                               0D0000856
     110     947       0       0       0       0       0       000010000D0000857
     110       0       0       2       0                               0D0000858
     110     949       0       0       0       0       0       000010000D0000859
     110       0       0       1       0                               0D0000860
     110     950       0       0       0       0       0       000010000D0000861
     110       0       0       2       0                               0D0000862
     110     952       0       0       0       0       0       000010000D0000863
     110       0       0       2       0                               0D0000864
     110     954       0       0       0       0       0       000010000D0000865
     110       0       0       1       0                               0D0000866
     110     955       0       0       0       0       0       000010000D0000867
     110       0       0       2       0                               0D0000868
     110     957       0       0       0       0       0       000010000D0000869
     110       0       0       2       0                               0D0000870
     110     959       0       0       0       0       0       000010000D0000871
     110       0       0       1       0                               0D0000872
     110     960       0       0       0       0       0       000010000D0000873
     110       0       0       1       0                               0D0000874
     110     961       0       0       0       0       0       000010000D0000875
     110       0       0       1       0                               0D0000876
     110     962       0       0       0       0       0       000010000D0000877
     110       0       0       1       0                               0D0000878
     110     963       0       0       0       0       0       000010000D0000879
     110       0       0       1       0                               0D0000880
     510     964       0       0       0       0       0       000010000D0000881
     510       0       0       1       1                               0D0000882
     190     965       0       0       0       0       0       000010000D0000883
     190       0       0       1       1                               0D0000884
     116     966       0       0       0       0       0       000010400D0000885
     116       0       0       1       0                               0D0000886
     123     967       0       0       0       0       0       000010200D0000887
     123       0       0       1       0                               0D0000888
     123     968       0       0       0       0       0       000010200D0000889
     123       0       0       1       0                               0D0000890
     508     969       0       0       0       0       0       000010000D0000891
     508       0       0       1       1                               0D0000892
     510     970       0       0       0       0       0       000010000D0000893
     510       0       0       1       1                               0D0000894
     190     971       0       0       0       0       0       000010000D0000895
     190       0       0       1       1                               0D0000896
     116     972       0       0       0       0       0       000010400D0000897
     116       0       0       1       0                               0D0000898
     123     973       0       0       0       0       0       000010200D0000899
     123       0       0       1       0                               0D0000900
     123     974       0       0       0       0       0       000010200D0000901
     123       0       0       1       0                               0D0000902
     508     975       0       0       0       0       0       000010000D0000903
     508       0       0       1       1                               0D0000904
     510     976       0       0       0       0       0       000010000D0000905
     510       0       0       1       1                               0D0000906
     190     977       0       0       0       0       0       000010000D0000907
     190       0       0       1       1                               0D0000908
     116     978       0       0       0       0       0       000010400D0000909
     116       0       0       1       0                               0D0000910
     123     979       0       0       0       0       0       000010200D0000911
     123       0       0       1       0                               0D0000912
     123     980       0       0       0       0       0       000010200D0000913
     123       0       0       1       0                               0D0000914
     508     981       0       0       0       0       0       000010000D0000915
     508       0       0       1       1                               0D0000916
     510     982       0       0       0       0       0       000010000D0000917
     510       0       0       1       1                               0D0000918
     190     983       0       0       0       0       0       000010000D0000919
     190       0       0       1       1                               0D0000920
     116     984       0       0       0       0       0       000010400D0000921
     116       0       0       1       0                               0D0000922
     123     985       0       0       0       0       0       000010200D0000923
     123       0       0       1       0                               0D0000924
     123     986       0       0       0       0       0       000010200D0000925
     123       0       0       1       0                               0D0000926
     508     987       0       0       0       0       0       000010000D0000927
     508       0       0       1       1                               0D0000928
     510     988       0       0       0       0       0       000010000D0000929
     510       0       0       1       1                               0D0000930
     190     989       0       0       0       0       0       000010000D0000931
     190       0       0       1       1                               0D0000932
     116     990       0       0       0       0       0       000010400D0000933
     116       0       0       1       0                               0D0000934
     123     991       0       0       0       0       0       000010200D0000935
     123       0       0       1       0                               0D0000936
     123     992       0       0       0       0       0       000010200D0000937
     123       0       0       1       0                               0D0000938
     508     993       0       0       0       0       0       000010000D0000939
     508       0       0       1       1                               0D0000940
     510     994       0       0       0       0       0       000010000D0000941
     510       0       0       1       1                               0D0000942
     190     995       0       0       0       0       0       000010000D0000943
     190       0       0       1       1                               0D0000944
     116     996       0       0       0       0       0       000010400D0000945
     116       0       0       1       0                               0D0000946
     123     997       0       0       0       0       0       000010200D0000947
     123       0       0       1       0                               0D0000948
     123     998       0       0       0       0       0       000010200D0000949
     123       0       0       1       0                               0D0000950
     508     999       0       0       0       0       0       000010000D0000951
     508       0       0       1       1                               0D0000952
     510    1000       0       0       0       0       0       000010000D0000953
     510       0       0       1       1                               0D0000954
     190    1001       0       0       0       0       0       000010000D0000955
     190       0       0       1       1                               0D0000956
     116    1002       0       0       0       0       0       000010400D0000957
     116       0       0       1       0                               0D0000958
     123    1003       0       0       0       0       0       000010200D0000959
     123       0       0       1       0                               0D0000960
     123    1004       0       0       0       0       0       000010200D0000961
     123       0       0       1       0                               0D0000962
     508    1005       0       0       0       0       0       000010000D0000963
     508       0       0       1       1                               0D0000964
     510    1006       0       0       0       0       0       000010000D0000965
     510       0       0       1       1                               0D0000966
     190    1007       0       0       0       0       0       000010000D0000967
     190       0       0       1       1                               0D0000968
     116    1008       0       0       0       0       0       000010400D0000969
     116       0       0       1       0                               0D0000970
     123    1009       0       0       0       0       0       000010200D0000971
     123       0       0       1       0                               0D0000972
     123    1010       0       0       0       0       0       000010200D0000973
     123       0       0       1       0                               0D0000974
     508    1011       0       0       0       0       0       000010000D0000975
     508       0       0      10       1                               0D0000976
     508    1021       0       0       0       0       0       000010000D0000977
     508       0       0       1       1                               0D0000978
     508    1022       0       0       0       0       0       000010000D0000979
     508       0       0       1       1                               0D0000980
     508    1023       0       0       0       0       0       000010000D0000981
     508       0       0       1       1                               0D0000982
     508    1024       0       0       0       0       0       000010000D0000983
     508       0       0       1       1                               0D0000984
     508    1025       0       0       0       0       0       000010000D0000985
     508       0       0       1       1                               0D0000986
     508    1026       0       0       0       0       0       000010000D0000987
     508       0       0       1       1                               0D0000988
     510    1027       0       0       0       0       0       000010000D0000989
     510       0       0       1       1                               0D0000990
     190    1028       0       0       0       0       0       000010000D0000991
     190       0       0       1       1                               0D0000992
     116    1029       0       0       0       0       0       000010400D0000993
     116       0       0       1       0                               0D0000994
     123    1030       0       0       0       0       0       000010200D0000995
     123       0       0       1       0                               0D0000996
     123    1031       0       0       0       0       0       000010200D0000997
     123       0       0       1       0                               0D0000998
     508    1032       0       0       0       0       0       000010000D0000999
     508       0       0       1       1                               0D0001000
     510    1033       0       0       0       0       0       000010000D0001001
     510       0       0       1       1                               0D0001002
     190    1034       0       0       0       0       0       000010000D0001003
     190       0       0       1       1                               0D0001004
     116    1035       0       0       0       0       0       000010400D0001005
     116       0       0       1       0                               0D0001006
     123    1036       0       0       0       0       0       000010200D0001007
     123       0       0       1       0                               0D0001008
     123    1037       0       0       0       0       0       000010200D0001009
     123       0       0       1       0                               0D0001010
     508    1038       0       0       0       0       0       000010000D0001011
     508       0       0      11       1                               0D0001012
     508    1049       0       0       0       0       0       000010000D0001013
     508       0       0       1       1                               0D0001014
     508    1050       0       0       0       0       0       000010000D0001015
     508       0       0       1       1                               0D0001016
     508    1051       0       0       0       0       0       000010000D0001017
     508       0       0       1       1                               0D0001018
     508    1052       0       0       0       0       0       000010000D0001019
     508       0       0       1       1                               0D0001020
     508    1053       0       0       0       0       0       000010000D0001021
     508       0       0       1       1                               0D0001022
     508    1054       0       0       0       0       0       000010000D0001023
     508       0       0       1       1                               0D0001024
     510    1055       0       0       0       0       0       000010000D0001025
     510       0       0       1       1                               0D0001026
     190    1056       0       0       0       0       0       000010000D0001027
     190       0       0       1       1                               0D0001028
     116    1057       0       0       0       0       0       000010400D0001029
     116       0       0       1       0                               0D0001030
     123    1058       0       0       0       0       0       000010200D0001031
     123       0       0       1       0                               0D0001032
     123    1059       0       0       0       0       0       000010200D0001033
     123       0       0       1       0                               0D0001034
     508    1060       0       0       0       0       0       000010000D0001035
     508       0       0       1       1                               0D0001036
     510    1061       0       0       0       0       0       000010000D0001037
     510       0       0       1       1                               0D0001038
     190    1062       0       0       0       0       0       000010000D0001039
     190       0       0       1       1                               0D0001040
     116    1063       0       0       0       0       0       000010400D0001041
     116       0       0       1       0                               0D0001042
     123    1064       0       0       0       0       0       000010200D0001043
     123       0       0       1       0                               0D0001044
     123    1065       0       0       0       0       0       000010200D0001045
     123       0       0       1       0                               0D0001046
     508    1066       0       0       0       0       0       000010000D0001047
     508       0       0       1       1                               0D0001048
     510    1067       0       0       0       0       0       000010000D0001049
     510       0       0       1       1                               0D0001050
     190    1068       0       0       0       0       0       000010000D0001051
     190       0       0       1       1                               0D0001052
     116    1069       0       0       0       0       0       000010400D0001053
     116       0       0       1       0                               0D0001054
     123    1070       0       0       0       0       0       000010200D0001055
     123       0       0       1       0                               0D0001056
     123    1071       0       0       0       0       0       000010200D0001057
     123       0       0       1       0                               0D0001058
     508    1072       0       0       0       0       0       000010000D0001059
     508       0       0       1       1                               0D0001060
     510    1073       0       0       0       0       0       000010000D0001061
     510       0       0       1       1                               0D0001062
     190    1074       0       0       0       0       0       000010000D0001063
     190       0       0       1       1                               0D0001064
     116    1075       0       0       0       0       0       000010400D0001065
     116       0       0       1       0                               0D0001066
     123    1076       0       0       0       0       0       000010200D0001067
     123       0       0       1       0                               0D0001068
     123    1077       0       0       0       0       0       000010200D0001069
     123       0       0       1       0                               0D0001070
     508    1078       0       0       0       0       0       000010000D0001071
     508       0       0       1       1                               0D0001072
     510    1079       0       0       0       0       0       000010000D0001073
     510       0       0       1       1                               0D0001074
     190    1080       0       0       0       0       0       000010000D0001075
     190       0       0       1       1                               0D0001076
     116    1081       0       0       0       0       0       000010400D0001077
     116       0       0       1       0                               0D0001078
     123    1082       0       0       0       0       0       000010200D0001079
     123       0       0       1       0                               0D0001080
     123    1083       0       0       0       0       0       000010200D0001081
     123       0       0       1       0                               0D0001082
     508    1084       0       0       0       0       0       000010000D0001083
     508       0       0       1       1                               0D0001084
     510    1085       0       0       0       0       0       000010000D0001085
     510       0       0       1       1                               0D0001086
     194    1086       0       0       0       0       0       000010000D0001087
     194       0       0       1       1                               0D0001088
     116    1087       0       0       0       0       0       000010400D0001089
     116       0       0       1       0                               0D0001090
     123    1088       0       0       0       0       0       000010200D0001091
     123       0       0       1       0                               0D0001092
     123    1089       0       0       0       0       0       000010200D0001093
     123       0       0       1       0                               0D0001094
     508    1090       0       0       0       0       0       000010000D0001095
     508       0       0       2       1                               0D0001096
     110    1092       0       0       0       0       0       000010000D0001097
     110       0       0       1       0                               0D0001098
     110    1093       0       0       0       0       0       000010000D0001099
     110       0       0       1       0                               0D0001100
     110    1094       0       0       0       0       0       000010000D0001101
     110       0       0       1       0                               0D0001102
     110    1095       0       0       0       0       0       000010000D0001103
     110       0       0       1       0                               0D0001104
     510    1096       0       0       0       0       0       000010000D0001105
     510       0       0       1       1                               0D0001106
     190    1097       0       0       0       0       0       000010000D0001107
     190       0       0       1       1                               0D0001108
     116    1098       0       0       0       0       0       000010400D0001109
     116       0       0       1       0                               0D0001110
     123    1099       0       0       0       0       0       000010200D0001111
     123       0       0       1       0                               0D0001112
     123    1100       0       0       0       0       0       000010200D0001113
     123       0       0       1       0                               0D0001114
     508    1101       0       0       0       0       0       000010000D0001115
     508       0       0       1       1                               0D0001116
     510    1102       0       0       0       0       0       000010000D0001117
     510       0       0       1       1                               0D0001118
     190    1103       0       0       0       0       0       000010000D0001119
     190       0       0       1       1                               0D0001120
     116    1104       0       0       0       0       0       000010400D0001121
     116       0       0       1       0                               0D0001122
     123    1105       0       0       0       0       0       000010200D0001123
     123       0       0       1       0                               0D0001124
     123    1106       0       0       0       0       0       000010200D0001125
     123       0       0       1       0                               0D0001126
     508    1107       0       0       0       0       0       000010000D0001127
     508       0       0       1       1                               0D0001128
     510    1108       0       0       0       0       0       000010000D0001129
     510       0       0       1       1                               0D0001130
     190    1109       0       0       0       0       0       000010000D0001131
     190       0       0       1       1                               0D0001132
     116    1110       0       0       0       0       0       000010400D0001133
     116       0       0       1       0                               0D0001134
     123    1111       0       0       0       0       0       000010200D0001135
     123       0       0       1       0                               0D0001136
     123    1112       0       0       0       0       0       000010200D0001137
     123       0       0       1       0                               0D0001138
     508    1113       0       0       0       0       0       000010000D0001139
     508       0       0       1       1                               0D0001140
     510    1114       0       0       0       0       0       000010000D0001141
     510       0       0       1       1                               0D0001142
     190    1115       0       0       0       0       0       000010000D0001143
     190       0       0       1       1                               0D0001144
     116    1116       0       0       0       0       0       000010400D0001145
     116       0       0       1       0                               0D0001146
     123    1117       0       0       0       0       0       000010200D0001147
     123       0       0       1       0                               0D0001148
     123    1118       0       0       0       0       0       000010200D0001149
     123       0       0       1       0                               0D0001150
     508    1119       0       0       0       0       0       000010000D0001151
     508       0       0       1       1                               0D0001152
     510    1120       0       0       0       0       0       000010000D0001153
     510       0       0       1       1                               0D0001154
     190    1121       0       0       0       0       0       000010000D0001155
     190       0       0       1       1                               0D0001156
     116    1122       0       0       0       0       0       000010400D0001157
     116       0       0       1       0                               0D0001158
     123    1123       0       0       0       0       0       000010200D0001159
     123       0       0       1       0                               0D0001160
     123    1124       0       0       0       0       0       000010200D0001161
     123       0       0       1       0                               0D0001162
     508    1125       0       0       0       0       0       000010000D0001163
     508       0       0       1       1                               0D0001164
     510    1126       0       0       0       0       0       000010000D0001165
     510       0       0       1       1                               0D0001166
     190    1127       0       0       0       0       0       000010000D0001167
     190       0       0       1       1                               0D0001168
     116    1128       0       0       0       0       0       000010400D0001169
     116       0       0       1       0                               0D0001170
     123    1129       0       0       0       0       0       000010200D0001171
     123       0       0       1       0                               0D0001172
     123    1130       0       0       0       0       0       000010200D0001173
     123       0       0       1       0                               0D0001174
     508    1131       0       0       0       0       0       000010000D0001175
     508       0       0       1       1                               0D0001176
     510    1132       0       0       0       0       0       000010000D0001177
     510       0       0       1       1                               0D0001178
     190    1133       0       0       0       0       0       000010000D0001179
     190       0       0       1       1                               0D0001180
     116    1134       0       0       0       0       0       000010400D0001181
     116       0       0       1       0                               0D0001182
     123    1135       0       0       0       0       0       000010200D0001183
     123       0       0       1       0                               0D0001184
     123    1136       0       0       0       0       0       000010200D0001185
     123       0       0       1       0                               0D0001186
     508    1137       0       0       0       0       0       000010000D0001187
     508       0       0       1       1                               0D0001188
     510    1138       0       0       0       0       0       000010000D0001189
     510       0       0       1       1                               0D0001190
     190    1139       0       0       0       0       0       000010000D0001191
     190       0       0       1       1                               0D0001192
     116    1140       0       0       0       0       0       000010400D0001193
     116       0       0       1       0                               0D0001194
     123    1141       0       0       0       0       0       000010200D0001195
     123       0       0       1       0                               0D0001196
     123    1142       0       0       0       0       0       000010200D0001197
     123       0       0       1       0                               0D0001198
     508    1143       0       0       0       0       0       000010000D0001199
     508       0       0       1       1                               0D0001200
     510    1144       0       0       0       0       0       000010000D0001201
     510       0       0       1       1                               0D0001202
     190    1145       0       0       0       0       0       000010000D0001203
     190       0       0       1       1                               0D0001204
     116    1146       0       0       0       0       0       000010400D0001205
     116       0       0       1       0                               0D0001206
     123    1147       0       0       0       0       0       000010200D0001207
     123       0       0       1       0                               0D0001208
     123    1148       0       0       0       0       0       000010200D0001209
     123       0       0       1       0                               0D0001210
     508    1149       0       0       0       0       0       000010000D0001211
     508       0       0       1       1                               0D0001212
     510    1150       0       0       0       0       0       000010000D0001213
     510       0       0       1       1                               0D0001214
     190    1151       0       0       0       0       0       000010000D0001215
     190       0       0       1       1                               0D0001216
     116    1152       0       0       0       0       0       000010400D0001217
     116       0       0       1       0                               0D0001218
     123    1153       0       0       0       0       0       000010200D0001219
     123       0       0       1       0                               0D0001220
     123    1154       0       0       0       0       0       000010200D0001221
     123       0       0       1       0                               0D0001222
     508    1155       0       0       0       0       0       000010000D0001223
     508       0       0       1       1                               0D0001224
     510    1156       0       0       0       0       0       000010000D0001225
     510       0       0       1       1                               0D0001226
     190    1157       0       0       0       0       0       000010000D0001227
     190       0       0       1       1                               0D0001228
     116    1158       0       0       0       0       0       000010400D0001229
     116       0       0       1       0                               0D0001230
     123    1159       0       0       0       0       0       000010200D0001231
     123       0       0       1       0                               0D0001232
     123    1160       0       0       0       0       0       000010200D0001233
     123       0       0       1       0                               0D0001234
     508    1161       0       0       0       0       0       000010000D0001235
     508       0       0       1       1                               0D0001236
     510    1162       0       0       0       0       0       000010000D0001237
     510       0       0       1       1                               0D0001238
     190    1163       0       0       0       0       0       000010000D0001239
     190       0       0       1       1                               0D0001240
     116    1164       0       0       0       0       0       000010400D0001241
     116       0       0       1       0                               0D0001242
     123    1165       0       0       0       0       0       000010200D0001243
     123       0       0       1       0                               0D0001244
     123    1166       0       0       0       0       0       000010200D0001245
     123       0       0       1       0                               0D0001246
     508    1167       0       0       0       0       0       000010000D0001247
     508       0       0       1       1                               0D0001248
     510    1168       0       0       0       0       0       000010000D0001249
     510       0       0       1       1                               0D0001250
     190    1169       0       0       0       0       0       000010000D0001251
     190       0       0       1       1                               0D0001252
     116    1170       0       0       0       0       0       000010400D0001253
     116       0       0       1       0                               0D0001254
     123    1171       0       0       0       0       0       000010200D0001255
     123       0       0       1       0                               0D0001256
     123    1172       0       0       0       0       0       000010200D0001257
     123       0       0       1       0                               0D0001258
     508    1173       0       0       0       0       0       000010000D0001259
     508       0       0       1       1                               0D0001260
     510    1174       0       0       0       0       0       000010000D0001261
     510       0       0       1       1                               0D0001262
     190    1175       0       0       0       0       0       000010000D0001263
     190       0       0       1       1                               0D0001264
     116    1176       0       0       0       0       0       000010400D0001265
     116       0       0       1       0                               0D0001266
     123    1177       0       0       0       0       0       000010200D0001267
     123       0       0       1       0                               0D0001268
     123    1178       0       0       0       0       0       000010200D0001269
     123       0       0       1       0                               0D0001270
     508    1179       0       0       0       0       0       000010000D0001271
     508       0       0       1       1                               0D0001272
     510    1180       0       0       0       0       0       000010000D0001273
     510       0       0       1       1                               0D0001274
     190    1181       0       0       0       0       0       000010000D0001275
     190       0       0       1       1                               0D0001276
     116    1182       0       0       0       0       0       000010400D0001277
     116       0       0       1       0                               0D0001278
     123    1183       0       0       0       0       0       000010200D0001279
     123       0       0       1       0                               0D0001280
     123    1184       0       0       0       0       0       000010200D0001281
     123       0       0       1       0                               0D0001282
     508    1185       0       0       0       0       0       000010000D0001283
     508       0       0       1       1                               0D0001284
     510    1186       0       0       0       0       0       000010000D0001285
     510       0       0       1       1                               0D0001286
     190    1187       0       0       0       0       0       000010000D0001287
     190       0       0       1       1                               0D0001288
     116    1188       0       0       0       0       0       000010400D0001289
     116       0       0       1       0                               0D0001290
     123    1189       0       0       0       0       0       000010200D0001291
     123       0       0       1       0                               0D0001292
     123    1190       0       0       0       0       0       000010200D0001293
     123       0       0       1       0                               0D0001294
     508    1191       0       0       0       0       0       000010000D0001295
     508       0       0       1       1                               0D0001296
     510    1192       0       0       0       0       0       000010000D0001297
     510       0       0       1       1                               0D0001298
     190    1193       0       0       0       0       0       000010000D0001299
     190       0       0       1       1                               0D0001300
     116    1194       0       0       0       0       0       000010400D0001301
     116       0       0       1       0                               0D0001302
     123    1195       0       0       0       0       0       000010200D0001303
     123       0       0       1       0                               0D0001304
     123    1196       0       0       0       0       0       000010200D0001305
     123       0       0       1       0                               0D0001306
     508    1197       0       0       0       0       0       000010000D0001307
     508       0       0       1       1                               0D0001308
     510    1198       0       0       0       0       0       000010000D0001309
     510       0       0       1       1                               0D0001310
     190    1199       0       0       0       0       0       000010000D0001311
     190       0       0       1       1                               0D0001312
     116    1200       0       0       0       0       0       000010400D0001313
     116       0       0       1       0                               0D0001314
     123    1201       0       0       0       0       0       000010200D0001315
     123       0       0       1       0                               0D0001316
     123    1202       0       0       0       0       0       000010200D0001317
     123       0       0       1       0                               0D0001318
     508    1203       0       0       0       0       0       000010000D0001319
     508       0       0       1       1                               0D0001320
     510    1204       0       0       0       0       0       000010000D0001321
     510       0       0       1       1                               0D0001322
     190    1205       0       0       0       0       0       000010000D0001323
     190       0       0       1       1                               0D0001324
     116    1206       0       0       0       0       0       000010400D0001325
     116       0       0       1       0                               0D0001326
     123    1207       0       0       0       0       0       000010200D0001327
     123       0       0       1       0                               0D0001328
     123    1208       0       0       0       0       0       000010200D0001329
     123       0       0       1       0                               0D0001330
     508    1209       0       0       0       0       0       000010000D0001331
     508       0       0       1       1                               0D0001332
     510    1210       0       0       0       0       0       000010000D0001333
     510       0       0       1       1                               0D0001334
     190    1211       0       0       0       0       0       000010000D0001335
     190       0       0       1       1                               0D0001336
     116    1212       0       0       0       0       0       000010400D0001337
     116       0       0       1       0                               0D0001338
     123    1213       0       0       0       0       0       000010200D0001339
     123       0       0       1       0                               0D0001340
     123    1214       0       0       0       0       0       000010200D0001341
     123       0       0       1       0                               0D0001342
     508    1215       0       0       0       0       0       000010000D0001343
     508       0       0       1       1                               0D0001344
     510    1216       0       0       0       0       0       000010000D0001345
     510       0       0       1       1                               0D0001346
     190    1217       0       0       0       0       0       000010000D0001347
     190       0       0       1       1                               0D0001348
     116    1218       0       0       0       0       0       000010400D0001349
     116       0       0       1       0                               0D0001350
     123    1219       0       0       0       0       0       000010200D0001351
     123       0       0       1       0                               0D0001352
     123    1220       0       0       0       0       0       000010200D0001353
     123       0       0       1       0                               0D0001354
     508    1221       0       0       0       0       0       000010000D0001355
     508       0       0       1       1                               0D0001356
     510    1222       0       0       0       0       0       000010000D0001357
     510       0       0       1       1                               0D0001358
     190    1223       0       0       0       0       0       000010000D0001359
     190       0       0       1       1                               0D0001360
     116    1224       0       0       0       0       0       000010400D0001361
     116       0       0       1       0                               0D0001362
     123    1225       0       0       0       0       0       000010200D0001363
     123       0       0       1       0                               0D0001364
     123    1226       0       0       0       0       0       000010200D0001365
     123       0       0       1       0                               0D0001366
     508    1227       0       0       0       0       0       000010000D0001367
     508       0       0       1       1                               0D0001368
     510    1228       0       0       0       0       0       000010000D0001369
     510       0       0       1       1                               0D0001370
     190    1229       0       0       0       0       0       000010000D0001371
     190       0       0       1       1                               0D0001372
     116    1230       0       0       0       0       0       000010400D0001373
     116       0       0       1       0                               0D0001374
     123    1231       0       0       0       0       0       000010200D0001375
     123       0       0       1       0                               0D0001376
     123    1232       0       0       0       0       0       000010200D0001377
     123       0       0       1       0                               0D0001378
     508    1233       0       0       0       0       0       000010000D0001379
     508       0       0       1       1                               0D0001380
     510    1234       0       0       0       0       0       000010000D0001381
     510       0       0       1       1                               0D0001382
     190    1235       0       0       0       0       0       000010000D0001383
     190       0       0       1       1                               0D0001384
     116    1236       0       0       0       0       0       000010400D0001385
     116       0       0       1       0                               0D0001386
     123    1237       0       0       0       0       0       000010200D0001387
     123       0       0       1       0                               0D0001388
     123    1238       0       0       0       0       0       000010200D0001389
     123       0       0       1       0                               0D0001390
     508    1239       0       0       0       0       0       000010000D0001391
     508       0       0       1       1                               0D0001392
     510    1240       0       0       0       0       0       000010000D0001393
     510       0       0       1       1                               0D0001394
     190    1241       0       0       0       0       0       000010000D0001395
     190       0       0       1       1                               0D0001396
     116    1242       0       0       0       0       0       000010400D0001397
     116       0       0       1       0                               0D0001398
     123    1243       0       0       0       0       0       000010200D0001399
     123       0       0       1       0                               0D0001400
     123    1244       0       0       0       0       0       000010200D0001401
     123       0       0       1       0                               0D0001402
     508    1245       0       0       0       0       0       000010000D0001403
     508       0       0       1       1                               0D0001404
     510    1246       0       0       0       0       0       000010000D0001405
     510       0       0       1       1                               0D0001406
     190    1247       0       0       0       0       0       000010000D0001407
     190       0       0       1       1                               0D0001408
     116    1248       0       0       0       0       0       000010400D0001409
     116       0       0       1       0                               0D0001410
     123    1249       0       0       0       0       0       000010200D0001411
     123       0       0       1       0                               0D0001412
     123    1250       0       0       0       0       0       000010200D0001413
     123       0       0       1       0                               0D0001414
     508    1251       0       0       0       0       0       000010000D0001415
     508       0       0       1       1                               0D0001416
     510    1252       0       0       0       0       0       000010000D0001417
     510       0       0       1       1                               0D0001418
     190    1253       0       0       0       0       0       000010000D0001419
     190       0       0       1       1                               0D0001420
     116    1254       0       0       0       0       0       000010400D0001421
     116       0       0       1       0                               0D0001422
     123    1255       0       0       0       0       0       000010200D0001423
     123       0       0       1       0                               0D0001424
     123    1256       0       0       0       0       0       000010200D0001425
     123       0       0       1       0                               0D0001426
     508    1257       0       0       0       0       0       000010000D0001427
     508       0       0       1       1                               0D0001428
     510    1258       0       0       0       0       0       000010000D0001429
     510       0       0       1       1                               0D0001430
     190    1259       0       0       0       0       0       000010000D0001431
     190       0       0       1       1                               0D0001432
     116    1260       0       0       0       0       0       000010400D0001433
     116       0       0       1       0                               0D0001434
     123    1261       0       0       0       0       0       000010200D0001435
     123       0       0       1       0                               0D0001436
     123    1262       0       0       0       0       0       000010200D0001437
     123       0       0       1       0                               0D0001438
     508    1263       0       0       0       0       0       000010000D0001439
     508       0       0       1       1                               0D0001440
     510    1264       0       0       0       0       0       000010000D0001441
     510       0       0       1       1                               0D0001442
     190    1265       0       0       0       0       0       000010000D0001443
     190       0       0       1       1                               0D0001444
     116    1266       0       0       0       0       0       000010400D0001445
     116       0       0       1       0                               0D0001446
     123    1267       0       0       0       0       0       000010200D0001447
     123       0       0       1       0                               0D0001448
     123    1268       0       0       0       0       0       000010200D0001449
     123       0       0       1       0                               0D0001450
     508    1269       0       0       0       0       0       000010000D0001451
     508       0       0       1       1                               0D0001452
     510    1270       0       0       0       0       0       000010000D0001453
     510       0       0       1       1                               0D0001454
     190    1271       0       0       0       0       0       000010000D0001455
     190       0       0       1       1                               0D0001456
     116    1272       0       0       0       0       0       000010400D0001457
     116       0       0       1       0                               0D0001458
     123    1273       0       0       0       0       0       000010200D0001459
     123       0       0       1       0                               0D0001460
     123    1274       0       0       0       0       0       000010200D0001461
     123       0       0       1       0                               0D0001462
     508    1275       0       0       0       0       0       000010000D0001463
     508       0       0       1       1                               0D0001464
     510    1276       0       0       0       0       0       000010000D0001465
     510       0       0       1       1                               0D0001466
     190    1277       0       0       0       0       0       000010000D0001467
     190       0       0       1       1                               0D0001468
     116    1278       0       0       0       0       0       000010400D0001469
     116       0       0       1       0                               0D0001470
     123    1279       0       0       0       0       0       000010200D0001471
     123       0       0       1       0                               0D0001472
     123    1280       0       0       0       0       0       000010200D0001473
     123       0       0       1       0                               0D0001474
     508    1281       0       0       0       0       0       000010000D0001475
     508       0       0       1       1                               0D0001476
     510    1282       0       0       0       0       0       000010000D0001477
     510       0       0       1       1                               0D0001478
     190    1283       0       0       0       0       0       000010000D0001479
     190       0       0       1       1                               0D0001480
     116    1284       0       0       0       0       0       000010400D0001481
     116       0       0       1       0                               0D0001482
     123    1285       0       0       0       0       0       000010200D0001483
     123       0       0       1       0                               0D0001484
     123    1286       0       0       0       0       0       000010200D0001485
     123       0       0       1       0                               0D0001486
     508    1287       0       0       0       0       0       000010000D0001487
     508       0       0       1       1                               0D0001488
     510    1288       0       0       0       0       0       000010000D0001489
     510       0       0       1       1                               0D0001490
     190    1289       0       0       0       0       0       000010000D0001491
     190       0       0       1       1                               0D0001492
     116    1290       0       0       0       0       0       000010400D0001493
     116       0       0       1       0                               0D0001494
     123    1291       0       0       0       0       0       000010200D0001495
     123       0       0       1       0                               0D0001496
     123    1292       0       0       0       0       0       000010200D0001497
     123       0       0       1       0                               0D0001498
     508    1293       0       0       0       0       0       000010000D0001499
     508       0       0       1       1                               0D0001500
     510    1294       0       0       0       0       0       000010000D0001501
     510       0       0       1       1                               0D0001502
     190    1295       0       0       0       0       0       000010000D0001503
     190       0       0       1       1                               0D0001504
     116    1296       0       0       0       0       0       000010400D0001505
     116       0       0       1       0                               0D0001506
     123    1297       0       0       0       0       0       000010200D0001507
     123       0       0       1       0                               0D0001508
     123    1298       0       0       0       0       0       000010200D0001509
     123       0       0       1       0                               0D0001510
     508    1299       0       0       0       0       0       000010000D0001511
     508       0       0       1       1                               0D0001512
     510    1300       0       0       0       0       0       000010000D0001513
     510       0       0       1       1                               0D0001514
     190    1301       0       0       0       0       0       000010000D0001515
     190       0       0       1       1                               0D0001516
     116    1302       0       0       0       0       0       000010400D0001517
     116       0       0       1       0                               0D0001518
     123    1303       0       0       0       0       0       000010200D0001519
     123       0       0       1       0                               0D0001520
     123    1304       0       0       0       0       0       000010200D0001521
     123       0       0       1       0                               0D0001522
     508    1305       0       0       0       0       0       000010000D0001523
     508       0       0       1       1                               0D0001524
     510    1306       0       0       0       0       0       000010000D0001525
     510       0       0       1       1                               0D0001526
     190    1307       0       0       0       0       0       000010000D0001527
     190       0       0       1       1                               0D0001528
     116    1308       0       0       0       0       0       000010400D0001529
     116       0       0       1       0                               0D0001530
     123    1309       0       0       0       0       0       000010200D0001531
     123       0       0       1       0                               0D0001532
     123    1310       0       0       0       0       0       000010200D0001533
     123       0       0       1       0                               0D0001534
     508    1311       0       0       0       0       0       000010000D0001535
     508       0       0       1       1                               0D0001536
     510    1312       0       0       0       0       0       000010000D0001537
     510       0       0       1       1                               0D0001538
     190    1313       0       0       0       0       0       000010000D0001539
     190       0       0       1       1                               0D0001540
     116    1314       0       0       0       0       0       000010400D0001541
     116       0       0       1       0                               0D0001542
     123    1315       0       0       0       0       0       000010200D0001543
     123       0       0       1       0                               0D0001544
     123    1316       0       0       0       0       0       000010200D0001545
     123       0       0       1       0                               0D0001546
     508    1317       0       0       0       0       0       000010000D0001547
     508       0       0       1       1                               0D0001548
     510    1318       0       0       0       0       0       000010000D0001549
     510       0       0       1       1                               0D0001550
     190    1319       0       0       0       0       0       000010000D0001551
     190       0       0       1       1                               0D0001552
     116    1320       0       0       0       0       0       000010400D0001553
     116       0       0       1       0                               0D0001554
     123    1321       0       0       0       0       0       000010200D0001555
     123       0       0       1       0                               0D0001556
     123    1322       0       0       0       0       0       000010200D0001557
     123       0       0       1       0                               0D0001558
     508    1323       0       0       0       0       0       000010000D0001559
     508       0       0       1       1                               0D0001560
     510    1324       0       0       0       0       0       000010000D0001561
     510       0       0       1       1                               0D0001562
     190    1325       0       0       0       0       0       000010000D0001563
     190       0       0       1       1                               0D0001564
     116    1326       0       0       0       0       0       000010400D0001565
     116       0       0       1       0                               0D0001566
     123    1327       0       0       0       0       0       000010200D0001567
     123       0       0       1       0                               0D0001568
     123    1328       0       0       0       0       0       000010200D0001569
     123       0       0       1       0                               0D0001570
     508    1329       0       0       0       0       0       000010000D0001571
     508       0       0       1       1                               0D0001572
     510    1330       0       0       0       0       0       000010000D0001573
     510       0       0       1       1                               0D0001574
     190    1331       0       0       0       0       0       000010000D0001575
     190       0       0       1       1                               0D0001576
     116    1332       0       0       0       0       0       000010400D0001577
     116       0       0       1       0                               0D0001578
     123    1333       0       0       0       0       0       000010200D0001579
     123       0       0       1       0                               0D0001580
     123    1334       0       0       0       0       0       000010200D0001581
     123       0       0       1       0                               0D0001582
     508    1335       0       0       0       0       0       000010000D0001583
     508       0       0       1       1                               0D0001584
     510    1336       0       0       0       0       0       000010000D0001585
     510       0       0       1       1                               0D0001586
     190    1337       0       0       0       0       0       000010000D0001587
     190       0       0       1       1                               0D0001588
     116    1338       0       0       0       0       0       000010400D0001589
     116       0       0       1       0                               0D0001590
     123    1339       0       0       0       0       0       000010200D0001591
     123       0       0       1       0                               0D0001592
     123    1340       0       0       0       0       0       000010200D0001593
     123       0       0       1       0                               0D0001594
     508    1341       0       0       0       0       0       000010000D0001595
     508       0       0       1       1                               0D0001596
     510    1342       0       0       0       0       0       000010000D0001597
     510       0       0       1       1                               0D0001598
     190    1343       0       0       0       0       0       000010000D0001599
     190       0       0       1       1                               0D0001600
     116    1344       0       0       0       0       0       000010400D0001601
     116       0       0       1       0                               0D0001602
     123    1345       0       0       0       0       0       000010200D0001603
     123       0       0       1       0                               0D0001604
     123    1346       0       0       0       0       0       000010200D0001605
     123       0       0       1       0                               0D0001606
     508    1347       0       0       0       0       0       000010000D0001607
     508       0       0       1       1                               0D0001608
     510    1348       0       0       0       0       0       000010000D0001609
     510       0       0       1       1                               0D0001610
     190    1349       0       0       0       0       0       000010000D0001611
     190       0       0       1       1                               0D0001612
     116    1350       0       0       0       0       0       000010400D0001613
     116       0       0       1       0                               0D0001614
     123    1351       0       0       0       0       0       000010200D0001615
     123       0       0       1       0                               0D0001616
     123    1352       0       0       0       0       0       000010200D0001617
     123       0       0       1       0                               0D0001618
     508    1353       0       0       0       0       0       000010000D0001619
     508       0       0       1       1                               0D0001620
     510    1354       0       0       0       0       0       000010000D0001621
     510       0       0       1       1                               0D0001622
     190    1355       0       0       0       0       0       000010000D0001623
     190       0       0       1       1                               0D0001624
     116    1356       0       0       0       0       0       000010400D0001625
     116       0       0       1       0                               0D0001626
     123    1357       0       0       0       0       0       000010200D0001627
     123       0       0       1       0                               0D0001628
     123    1358       0       0       0       0       0       000010200D0001629
     123       0       0       1       0                               0D0001630
     508    1359       0       0       0       0       0       000010000D0001631
     508       0       0       1       1                               0D0001632
     510    1360       0       0       0       0       0       000010000D0001633
     510       0       0       1       1                               0D0001634
     190    1361       0       0       0       0       0       000010000D0001635
     190       0       0       1       1                               0D0001636
     116    1362       0       0       0       0       0       000010400D0001637
     116       0       0       1       0                               0D0001638
     123    1363       0       0       0       0       0       000010200D0001639
     123       0       0       1       0                               0D0001640
     123    1364       0       0       0       0       0       000010200D0001641
     123       0       0       1       0                               0D0001642
     508    1365       0       0       0       0       0       000010000D0001643
     508       0       0       1       1                               0D0001644
     510    1366       0       0       0       0       0       000010000D0001645
     510       0       0       1       1                               0D0001646
     190    1367       0       0       0       0       0       000010000D0001647
     190       0       0       1       1                               0D0001648
     116    1368       0       0       0       0       0       000010400D0001649
     116       0       0       1       0                               0D0001650
     123    1369       0       0       0       0       0       000010200D0001651
     123       0       0       1       0                               0D0001652
     123    1370       0       0       0       0       0       000010200D0001653
     123       0       0       1       0                               0D0001654
     508    1371       0       0       0       0       0       000010000D0001655
     508       0       0       1       1                               0D0001656
     510    1372       0       0       0       0       0       000010000D0001657
     510       0       0       1       1                               0D0001658
     190    1373       0       0       0       0       0       000010000D0001659
     190       0       0       1       1                               0D0001660
     116    1374       0       0       0       0       0       000010400D0001661
     116       0       0       1       0                               0D0001662
     123    1375       0       0       0       0       0       000010200D0001663
     123       0       0       1       0                               0D0001664
     123    1376       0       0       0       0       0       000010200D0001665
     123       0       0       1       0                               0D0001666
     508    1377       0       0       0       0       0       000010000D0001667
     508       0       0       1       1                               0D0001668
     510    1378       0       0       0       0       0       000010000D0001669
     510       0       0       1       1                               0D0001670
     190    1379       0       0       0       0       0       000010000D0001671
     190       0       0       1       1                               0D0001672
     116    1380       0       0       0       0       0       000010400D0001673
     116       0       0       1       0                               0D0001674
     123    1381       0       0       0       0       0       000010200D0001675
     123       0       0       1       0                               0D0001676
     123    1382       0       0       0       0       0       000010200D0001677
     123       0       0       1       0                               0D0001678
     508    1383       0       0       0       0       0       000010000D0001679
     508       0       0       1       1                               0D0001680
     510    1384       0       0       0       0       0       000010000D0001681
     510       0       0       1       1                               0D0001682
     194    1385       0       0       0       0       0       000010000D0001683
     194       0       0       1       1                               0D0001684
     116    1386       0       0       0       0       0       000010400D0001685
     116       0       0       1       0                               0D0001686
     123    1387       0       0       0       0       0       000010200D0001687
     123       0       0       1       0                               0D0001688
     123    1388       0       0       0       0       0       000010200D0001689
     123       0       0       1       0                               0D0001690
     508    1389       0       0       0       0       0       000010000D0001691
     508       0       0       2       1                               0D0001692
     110    1391       0       0       0       0       0       000010000D0001693
     110       0       0       1       0                               0D0001694
     110    1392       0       0       0       0       0       000010000D0001695
     110       0       0       1       0                               0D0001696
     110    1393       0       0       0       0       0       000010000D0001697
     110       0       0       1       0                               0D0001698
     110    1394       0       0       0       0       0       000010000D0001699
     110       0       0       1       0                               0D0001700
     510    1395       0       0       0       0       0       000010000D0001701
     510       0       0       1       1                               0D0001702
     194    1396       0       0       0       0       0       000010000D0001703
     194       0       0       1       1                               0D0001704
     116    1397       0       0       0       0       0       000010400D0001705
     116       0       0       1       0                               0D0001706
     123    1398       0       0       0       0       0       000010200D0001707
     123       0       0       1       0                               0D0001708
     123    1399       0       0       0       0       0       000010200D0001709
     123       0       0       1       0                               0D0001710
     508    1400       0       0       0       0       0       000010000D0001711
     508       0       0       2       1                               0D0001712
     110    1402       0       0       0       0       0       000010000D0001713
     110       0       0       1       0                               0D0001714
     110    1403       0       0       0       0       0       000010000D0001715
     110       0       0       1       0                               0D0001716
     110    1404       0       0       0       0       0       000010000D0001717
     110       0       0       1       0                               0D0001718
     110    1405       0       0       0       0       0       000010000D0001719
     110       0       0       1       0                               0D0001720
     510    1406       0       0       0       0       0       000010000D0001721
     510       0       0       1       1                               0D0001722
     194    1407       0       0       0       0       0       000010000D0001723
     194       0       0       1       1                               0D0001724
     116    1408       0       0       0       0       0       000010400D0001725
     116       0       0       1       0                               0D0001726
     123    1409       0       0       0       0       0       000010200D0001727
     123       0       0       1       0                               0D0001728
     123    1410       0       0       0       0       0       000010200D0001729
     123       0       0       1       0                               0D0001730
     508    1411       0       0       0       0       0       000010000D0001731
     508       0       0       2       1                               0D0001732
     110    1413       0       0       0       0       0       000010000D0001733
     110       0       0       1       0                               0D0001734
     110    1414       0       0       0       0       0       000010000D0001735
     110       0       0       1       0                               0D0001736
     110    1415       0       0       0       0       0       000010000D0001737
     110       0       0       1       0                               0D0001738
     110    1416       0       0       0       0       0       000010000D0001739
     110       0       0       1       0                               0D0001740
     510    1417       0       0       0       0       0       000010000D0001741
     510       0       0       1       1                               0D0001742
     194    1418       0       0       0       0       0       000010000D0001743
     194       0       0       1       1                               0D0001744
     116    1419       0       0       0       0       0       000010400D0001745
     116       0       0       1       0                               0D0001746
     123    1420       0       0       0       0       0       000010200D0001747
     123       0       0       1       0                               0D0001748
     123    1421       0       0       0       0       0       000010200D0001749
     123       0       0       1       0                               0D0001750
     508    1422       0       0       0       0       0       000010000D0001751
     508       0       0       2       1                               0D0001752
     110    1424       0       0       0       0       0       000010000D0001753
     110       0       0       1       0                               0D0001754
     110    1425       0       0       0       0       0       000010000D0001755
     110       0       0       1       0                               0D0001756
     110    1426       0       0       0       0       0       000010000D0001757
     110       0       0       1       0                               0D0001758
     110    1427       0       0       0       0       0       000010000D0001759
     110       0       0       1       0                               0D0001760
     510    1428       0       0       0       0       0       000010000D0001761
     510       0       0       1       1                               0D0001762
     194    1429       0       0       0       0       0       000010000D0001763
     194       0       0       1       1                               0D0001764
     116    1430       0       0       0       0       0       000010400D0001765
     116       0       0       1       0                               0D0001766
     123    1431       0       0       0       0       0       000010200D0001767
     123       0       0       1       0                               0D0001768
     123    1432       0       0       0       0       0       000010200D0001769
     123       0       0       1       0                               0D0001770
     508    1433       0       0       0       0       0       000010000D0001771
     508       0       0       2       1                               0D0001772
     110    1435       0       0       0       0       0       000010000D0001773
     110       0       0       1       0                               0D0001774
     110    1436       0       0       0       0       0       000010000D0001775
     110       0       0       1       0                               0D0001776
     110    1437       0       0       0       0       0       000010000D0001777
     110       0       0       1       0                               0D0001778
     110    1438       0       0       0       0       0       000010000D0001779
     110       0       0       1       0                               0D0001780
     510    1439       0       0       0       0       0       000010000D0001781
     510       0       0       1       1                               0D0001782
     190    1440       0       0       0       0       0       000010000D0001783
     190       0       0       1       1                               0D0001784
     116    1441       0       0       0       0       0       000010400D0001785
     116       0       0       1       0                               0D0001786
     123    1442       0       0       0       0       0       000010200D0001787
     123       0       0       1       0                               0D0001788
     123    1443       0       0       0       0       0       000010200D0001789
     123       0       0       1       0                               0D0001790
     508    1444       0       0       0       0       0       000010000D0001791
     508       0       0       1       1                               0D0001792
     510    1445       0       0       0       0       0       000010000D0001793
     510       0       0       1       1                               0D0001794
     190    1446       0       0       0       0       0       000010000D0001795
     190       0       0       1       1                               0D0001796
     116    1447       0       0       0       0       0       000010400D0001797
     116       0       0       1       0                               0D0001798
     123    1448       0       0       0       0       0       000010200D0001799
     123       0       0       1       0                               0D0001800
     123    1449       0       0       0       0       0       000010200D0001801
     123       0       0       1       0                               0D0001802
     508    1450       0       0       0       0       0       000010000D0001803
     508       0       0       1       1                               0D0001804
     510    1451       0       0       0       0       0       000010000D0001805
     510       0       0       1       1                               0D0001806
     190    1452       0       0       0       0       0       000010000D0001807
     190       0       0       1       1                               0D0001808
     116    1453       0       0       0       0       0       000010400D0001809
     116       0       0       1       0                               0D0001810
     123    1454       0       0       0       0       0       000010200D0001811
     123       0       0       1       0                               0D0001812
     123    1455       0       0       0       0       0       000010200D0001813
     123       0       0       1       0                               0D0001814
     508    1456       0       0       0       0       0       000010000D0001815
     508       0       0       1       1                               0D0001816
     510    1457       0       0       0       0       0       000010000D0001817
     510       0       0       1       1                               0D0001818
     190    1458       0       0       0       0       0       000010000D0001819
     190       0       0       1       1                               0D0001820
     116    1459       0       0       0       0       0       000010400D0001821
     116       0       0       1       0                               0D0001822
     123    1460       0       0       0       0       0       000010200D0001823
     123       0       0       1       0                               0D0001824
     123    1461       0       0       0       0       0       000010200D0001825
     123       0       0       1       0                               0D0001826
     508    1462       0       0       0       0       0       000010000D0001827
     508       0       0       1       1                               0D0001828
     510    1463       0       0       0       0       0       000010000D0001829
     510       0       0       1       1                               0D0001830
     190    1464       0       0       0       0       0       000010000D0001831
     190       0       0       1       1                               0D0001832
     116    1465       0       0       0       0       0       000010400D0001833
     116       0       0       1       0                               0D0001834
     123    1466       0       0       0       0       0       000010200D0001835
     123       0       0       1       0                               0D0001836
     123    1467       0       0       0       0       0       000010200D0001837
     123       0       0       1       0                               0D0001838
     508    1468       0       0       0       0       0       000010000D0001839
     508       0       0       1       1                               0D0001840
     510    1469       0       0       0       0       0       000010000D0001841
     510       0       0       1       1                               0D0001842
     190    1470       0       0       0       0       0       000010000D0001843
     190       0       0       1       1                               0D0001844
     116    1471       0       0       0       0       0       000010400D0001845
     116       0       0       1       0                               0D0001846
     123    1472       0       0       0       0       0       000010200D0001847
     123       0       0       1       0                               0D0001848
     123    1473       0       0       0       0       0       000010200D0001849
     123       0       0       1       0                               0D0001850
     508    1474       0       0       0       0       0       000010000D0001851
     508       0       0       1       1                               0D0001852
     510    1475       0       0       0       0       0       000010000D0001853
     510       0       0       1       1                               0D0001854
     190    1476       0       0       0       0       0       000010000D0001855
     190       0       0       1       1                               0D0001856
     116    1477       0       0       0       0       0       000010400D0001857
     116       0       0       1       0                               0D0001858
     123    1478       0       0       0       0       0       000010200D0001859
     123       0       0       1       0                               0D0001860
     123    1479       0       0       0       0       0       000010200D0001861
     123       0       0       1       0                               0D0001862
     508    1480       0       0       0       0       0       000010000D0001863
     508       0       0       1       1                               0D0001864
     510    1481       0       0       0       0       0       000010000D0001865
     510       0       0       1       1                               0D0001866
     190    1482       0       0       0       0       0       000010000D0001867
     190       0       0       1       1                               0D0001868
     116    1483       0       0       0       0       0       000010400D0001869
     116       0       0       1       0                               0D0001870
     123    1484       0       0       0       0       0       000010200D0001871
     123       0       0       1       0                               0D0001872
     123    1485       0       0       0       0       0       000010200D0001873
     123       0       0       1       0                               0D0001874
     508    1486       0       0       0       0       0       000010000D0001875
     508       0       0       1       1                               0D0001876
     510    1487       0       0       0       0       0       000010000D0001877
     510       0       0       1       1                               0D0001878
     190    1488       0       0       0       0       0       000010000D0001879
     190       0       0       1       1                               0D0001880
     116    1489       0       0       0       0       0       000010400D0001881
     116       0       0       1       0                               0D0001882
     123    1490       0       0       0       0       0       000010200D0001883
     123       0       0       1       0                               0D0001884
     123    1491       0       0       0       0       0       000010200D0001885
     123       0       0       1       0                               0D0001886
     508    1492       0       0       0       0       0       000010000D0001887
     508       0       0       1       1                               0D0001888
     510    1493       0       0       0       0       0       000010000D0001889
     510       0       0       1       1                               0D0001890
     190    1494       0       0       0       0       0       000010000D0001891
     190       0       0       1       1                               0D0001892
     116    1495       0       0       0       0       0       000010400D0001893
     116       0       0       1       0                               0D0001894
     123    1496       0       0       0       0       0       000010200D0001895
     123       0       0       1       0                               0D0001896
     123    1497       0       0       0       0       0       000010200D0001897
     123       0       0       1       0                               0D0001898
     508    1498       0       0       0       0       0       000010000D0001899
     508       0       0       1       1                               0D0001900
     510    1499       0       0       0       0       0       000010000D0001901
     510       0       0       1       1                               0D0001902
     190    1500       0       0       0       0       0       000010000D0001903
     190       0       0       1       1                               0D0001904
     116    1501       0       0       0       0       0       000010400D0001905
     116       0       0       1       0                               0D0001906
     123    1502       0       0       0       0       0       000010200D0001907
     123       0       0       1       0                               0D0001908
     123    1503       0       0       0       0       0       000010200D0001909
     123       0       0       1       0                               0D0001910
     508    1504       0       0       0       0       0       000010000D0001911
     508       0       0       1       1                               0D0001912
     510    1505       0       0       0       0       0       000010000D0001913
     510       0       0       1       1                               0D0001914
     190    1506       0       0       0       0       0       000010000D0001915
     190       0       0       1       1                               0D0001916
     116    1507       0       0       0       0       0       000010400D0001917
     116       0       0       1       0                               0D0001918
     123    1508       0       0       0       0       0       000010200D0001919
     123       0       0       1       0                               0D0001920
     123    1509       0       0       0       0       0       000010200D0001921
     123       0       0       1       0                               0D0001922
     508    1510       0       0       0       0       0       000010000D0001923
     508       0       0       1       1                               0D0001924
     510    1511       0       0       0       0       0       000010000D0001925
     510       0       0       1       1                               0D0001926
     190    1512       0       0       0       0       0       000010000D0001927
     190       0       0       1       1                               0D0001928
     116    1513       0       0       0       0       0       000010400D0001929
     116       0       0       1       0                               0D0001930
     123    1514       0       0       0       0       0       000010200D0001931
     123       0       0       1       0                               0D0001932
     123    1515       0       0       0       0       0       000010200D0001933
     123       0       0       1       0                               0D0001934
     508    1516       0       0       0       0       0       000010000D0001935
     508       0       0       1       1                               0D0001936
     510    1517       0       0       0       0       0       000010000D0001937
     510       0       0       1       1                               0D0001938
     190    1518       0       0       0       0       0       000010000D0001939
     190       0       0       1       1                               0D0001940
     116    1519       0       0       0       0       0       000010400D0001941
     116       0       0       1       0                               0D0001942
     123    1520       0       0       0       0       0       000010200D0001943
     123       0       0       1       0                               0D0001944
     123    1521       0       0       0       0       0       000010200D0001945
     123       0       0       1       0                               0D0001946
     508    1522       0       0       0       0       0       000010000D0001947
     508       0       0       1       1                               0D0001948
     510    1523       0       0       0       0       0       000010000D0001949
     510       0       0       1       1                               0D0001950
     190    1524       0       0       0       0       0       000010000D0001951
     190       0       0       1       1                               0D0001952
     116    1525       0       0       0       0       0       000010400D0001953
     116       0       0       1       0                               0D0001954
     123    1526       0       0       0       0       0       000010200D0001955
     123       0       0       1       0                               0D0001956
     123    1527       0       0       0       0       0       000010200D0001957
     123       0       0       1       0                               0D0001958
     508    1528       0       0       0       0       0       000010000D0001959
     508       0       0       1       1                               0D0001960
     510    1529       0       0       0       0       0       000010000D0001961
     510       0       0       1       1                               0D0001962
     190    1530       0       0       0       0       0       000010000D0001963
     190       0       0       1       1                               0D0001964
     116    1531       0       0       0       0       0       000010400D0001965
     116       0       0       1       0                               0D0001966
     123    1532       0       0       0       0       0       000010200D0001967
     123       0       0       1       0                               0D0001968
     123    1533       0       0       0       0       0       000010200D0001969
     123       0       0       1       0                               0D0001970
     508    1534       0       0       0       0       0       000010000D0001971
     508       0       0       1       1                               0D0001972
     510    1535       0       0       0       0       0       000010000D0001973
     510       0       0       1       1                               0D0001974
     190    1536       0       0       0       0       0       000010000D0001975
     190       0       0       1       1                               0D0001976
     116    1537       0       0       0       0       0       000010400D0001977
     116       0       0       1       0                               0D0001978
     123    1538       0       0       0       0       0       000010200D0001979
     123       0       0       1       0                               0D0001980
     123    1539       0       0       0       0       0       000010200D0001981
     123       0       0       1       0                               0D0001982
     508    1540       0       0       0       0       0       000010000D0001983
     508       0       0       1       1                               0D0001984
     510    1541       0       0       0       0       0       000010000D0001985
     510       0       0       1       1                               0D0001986
     190    1542       0       0       0       0       0       000010000D0001987
     190       0       0       1       1                               0D0001988
     116    1543       0       0       0       0       0       000010400D0001989
     116       0       0       1       0                               0D0001990
     123    1544       0       0       0       0       0       000010200D0001991
     123       0       0       1       0                               0D0001992
     123    1545       0       0       0       0       0       000010200D0001993
     123       0       0       1       0                               0D0001994
     508    1546       0       0       0       0       0       000010000D0001995
     508       0       0       1       1                               0D0001996
     510    1547       0       0       0       0       0       000010000D0001997
     510       0       0       1       1                               0D0001998
     190    1548       0       0       0       0       0       000010000D0001999
     190       0       0       1       1                               0D0002000
     116    1549       0       0       0       0       0       000010400D0002001
     116       0       0       1       0                               0D0002002
     123    1550       0       0       0       0       0       000010200D0002003
     123       0       0       1       0                               0D0002004
     123    1551       0       0       0       0       0       000010200D0002005
     123       0       0       1       0                               0D0002006
     508    1552       0       0       0       0       0       000010000D0002007
     508       0       0       1       1                               0D0002008
     510    1553       0       0       0       0       0       000010000D0002009
     510       0       0       1       1                               0D0002010
     190    1554       0       0       0       0       0       000010000D0002011
     190       0       0       1       1                               0D0002012
     116    1555       0       0       0       0       0       000010400D0002013
     116       0       0       1       0                               0D0002014
     123    1556       0       0       0       0       0       000010200D0002015
     123       0       0       1       0                               0D0002016
     123    1557       0       0       0       0       0       000010200D0002017
     123       0       0       1       0                               0D0002018
     508    1558       0       0       0       0       0       000010000D0002019
     508       0       0       1       1                               0D0002020
     510    1559       0       0       0       0       0       000010000D0002021
     510       0       0       1       1                               0D0002022
     190    1560       0       0       0       0       0       000010000D0002023
     190       0       0       1       1                               0D0002024
     116    1561       0       0       0       0       0       000010400D0002025
     116       0       0       1       0                               0D0002026
     123    1562       0       0       0       0       0       000010200D0002027
     123       0       0       1       0                               0D0002028
     123    1563       0       0       0       0       0       000010200D0002029
     123       0       0       1       0                               0D0002030
     508    1564       0       0       0       0       0       000010000D0002031
     508       0       0       1       1                               0D0002032
     510    1565       0       0       0       0       0       000010000D0002033
     510       0       0       1       1                               0D0002034
     190    1566       0       0       0       0       0       000010000D0002035
     190       0       0       1       1                               0D0002036
     116    1567       0       0       0       0       0       000010400D0002037
     116       0       0       1       0                               0D0002038
     123    1568       0       0       0       0       0       000010200D0002039
     123       0       0       1       0                               0D0002040
     123    1569       0       0       0       0       0       000010200D0002041
     123       0       0       1       0                               0D0002042
     508    1570       0       0       0       0       0       000010000D0002043
     508       0       0       1       1                               0D0002044
     510    1571       0       0       0       0       0       000010000D0002045
     510       0       0       1       1                               0D0002046
     190    1572       0       0       0       0       0       000010000D0002047
     190       0       0       1       1                               0D0002048
     116    1573       0       0       0       0       0       000010400D0002049
     116       0       0       1       0                               0D0002050
     123    1574       0       0       0       0       0       000010200D0002051
     123       0       0       1       0                               0D0002052
     123    1575       0       0       0       0       0       000010200D0002053
     123       0       0       1       0                               0D0002054
     508    1576       0       0       0       0       0       000010000D0002055
     508       0       0       1       1                               0D0002056
     510    1577       0       0       0       0       0       000010000D0002057
     510       0       0       1       1                               0D0002058
     190    1578       0       0       0       0       0       000010000D0002059
     190       0       0       1       1                               0D0002060
     116    1579       0       0       0       0       0       000010400D0002061
     116       0       0       1       0                               0D0002062
     123    1580       0       0       0       0       0       000010200D0002063
     123       0       0       1       0                               0D0002064
     123    1581       0       0       0       0       0       000010200D0002065
     123       0       0       1       0                               0D0002066
     508    1582       0       0       0       0       0       000010000D0002067
     508       0       0       1       1                               0D0002068
     510    1583       0       0       0       0       0       000010000D0002069
     510       0       0       1       1                               0D0002070
     190    1584       0       0       0       0       0       000010000D0002071
     190       0       0       1       1                               0D0002072
     116    1585       0       0       0       0       0       000010400D0002073
     116       0       0       1       0                               0D0002074
     123    1586       0       0       0       0       0       000010200D0002075
     123       0       0       1       0                               0D0002076
     123    1587       0       0       0       0       0       000010200D0002077
     123       0       0       1       0                               0D0002078
     508    1588       0       0       0       0       0       000010000D0002079
     508       0       0       1       1                               0D0002080
     510    1589       0       0       0       0       0       000010000D0002081
     510       0       0       1       1                               0D0002082
     190    1590       0       0       0       0       0       000010000D0002083
     190       0       0       1       1                               0D0002084
     116    1591       0       0       0       0       0       000010400D0002085
     116       0       0       1       0                               0D0002086
     123    1592       0       0       0       0       0       000010200D0002087
     123       0       0       1       0                               0D0002088
     123    1593       0       0       0       0       0       000010200D0002089
     123       0       0       1       0                               0D0002090
     508    1594       0       0       0       0       0       000010000D0002091
     508       0       0       1       1                               0D0002092
     510    1595       0       0       0       0       0       000010000D0002093
     510       0       0       1       1                               0D0002094
     190    1596       0       0       0       0       0       000010000D0002095
     190       0       0       1       1                               0D0002096
     116    1597       0       0       0       0       0       000010400D0002097
     116       0       0       1       0                               0D0002098
     123    1598       0       0       0       0       0       000010200D0002099
     123       0       0       1       0                               0D0002100
     123    1599       0       0       0       0       0       000010200D0002101
     123       0       0       1       0                               0D0002102
     508    1600       0       0       0       0       0       000010000D0002103
     508       0       0       1       1                               0D0002104
     510    1601       0       0       0       0       0       000010000D0002105
     510       0       0       1       1                               0D0002106
     190    1602       0       0       0       0       0       000010000D0002107
     190       0       0       1       1                               0D0002108
     116    1603       0       0       0       0       0       000010400D0002109
     116       0       0       1       0                               0D0002110
     123    1604       0       0       0       0       0       000010200D0002111
     123       0       0       1       0                               0D0002112
     123    1605       0       0       0       0       0       000010200D0002113
     123       0       0       1       0                               0D0002114
     508    1606       0       0       0       0       0       000010000D0002115
     508       0       0       1       1                               0D0002116
     510    1607       0       0       0       0       0       000010000D0002117
     510       0       0       1       1                               0D0002118
     190    1608       0       0       0       0       0       000010000D0002119
     190       0       0       1       1                               0D0002120
     116    1609       0       0       0       0       0       000010400D0002121
     116       0       0       1       0                               0D0002122
     123    1610       0       0       0       0       0       000010200D0002123
     123       0       0       1       0                               0D0002124
     123    1611       0       0       0       0       0       000010200D0002125
     123       0       0       1       0                               0D0002126
     508    1612       0       0       0       0       0       000010000D0002127
     508       0       0       1       1                               0D0002128
     510    1613       0       0       0       0       0       000010000D0002129
     510       0       0       1       1                               0D0002130
     190    1614       0       0       0       0       0       000010000D0002131
     190       0       0       1       1                               0D0002132
     116    1615       0       0       0       0       0       000010400D0002133
     116       0       0       1       0                               0D0002134
     123    1616       0       0       0       0       0       000010200D0002135
     123       0       0       1       0                               0D0002136
     123    1617       0       0       0       0       0       000010200D0002137
     123       0       0       1       0                               0D0002138
     508    1618       0       0       0       0       0       000010000D0002139
     508       0       0       1       1                               0D0002140
     510    1619       0       0       0       0       0       000010000D0002141
     510       0       0       1       1                               0D0002142
     190    1620       0       0       0       0       0       000010000D0002143
     190       0       0       1       1                               0D0002144
     116    1621       0       0       0       0       0       000010400D0002145
     116       0       0       1       0                               0D0002146
     123    1622       0       0       0       0       0       000010200D0002147
     123       0       0       1       0                               0D0002148
     123    1623       0       0       0       0       0       000010200D0002149
     123       0       0       1       0                               0D0002150
     508    1624       0       0       0       0       0       000010000D0002151
     508       0       0       1       1                               0D0002152
     510    1625       0       0       0       0       0       000010000D0002153
     510       0       0       1       1                               0D0002154
     190    1626       0       0       0       0       0       000010000D0002155
     190       0       0       1       1                               0D0002156
     116    1627       0       0       0       0       0       000010400D0002157
     116       0       0       1       0                               0D0002158
     123    1628       0       0       0       0       0       000010200D0002159
     123       0       0       1       0                               0D0002160
     123    1629       0       0       0       0       0       000010200D0002161
     123       0       0       1       0                               0D0002162
     508    1630       0       0       0       0       0       000010000D0002163
     508       0       0       1       1                               0D0002164
     510    1631       0       0       0       0       0       000010000D0002165
     510       0       0       1       1                               0D0002166
     190    1632       0       0       0       0       0       000010000D0002167
     190       0       0       1       1                               0D0002168
     116    1633       0       0       0       0       0       000010400D0002169
     116       0       0       1       0                               0D0002170
     123    1634       0       0       0       0       0       000010200D0002171
     123       0       0       1       0                               0D0002172
     123    1635       0       0       0       0       0       000010200D0002173
     123       0       0       1       0                               0D0002174
     508    1636       0       0       0       0       0       000010000D0002175
     508       0       0       1       1                               0D0002176
     510    1637       0       0       0       0       0       000010000D0002177
     510       0       0       1       1                               0D0002178
     190    1638       0       0       0       0       0       000010000D0002179
     190       0       0       1       1                               0D0002180
     116    1639       0       0       0       0       0       000010400D0002181
     116       0       0       1       0                               0D0002182
     123    1640       0       0       0       0       0       000010200D0002183
     123       0       0       1       0                               0D0002184
     123    1641       0       0       0       0       0       000010200D0002185
     123       0       0       1       0                               0D0002186
     508    1642       0       0       0       0       0       000010000D0002187
     508       0       0       1       1                               0D0002188
     510    1643       0       0       0       0       0       000010000D0002189
     510       0       0       1       1                               0D0002190
     190    1644       0       0       0       0       0       000010000D0002191
     190       0       0       1       1                               0D0002192
     116    1645       0       0       0       0       0       000010400D0002193
     116       0       0       1       0                               0D0002194
     123    1646       0       0       0       0       0       000010200D0002195
     123       0       0       1       0                               0D0002196
     123    1647       0       0       0       0       0       000010200D0002197
     123       0       0       1       0                               0D0002198
     508    1648       0       0       0       0       0       000010000D0002199
     508       0       0       1       1                               0D0002200
     510    1649       0       0       0       0       0       000010000D0002201
     510       0       0       1       1                               0D0002202
     190    1650       0       0       0       0       0       000010000D0002203
     190       0       0       1       1                               0D0002204
     116    1651       0       0       0       0       0       000010400D0002205
     116       0       0       1       0                               0D0002206
     123    1652       0       0       0       0       0       000010200D0002207
     123       0       0       1       0                               0D0002208
     123    1653       0       0       0       0       0       000010200D0002209
     123       0       0       1       0                               0D0002210
     508    1654       0       0       0       0       0       000010000D0002211
     508       0       0       1       1                               0D0002212
     510    1655       0       0       0       0       0       000010000D0002213
     510       0       0       1       1                               0D0002214
     190    1656       0       0       0       0       0       000010000D0002215
     190       0       0       1       1                               0D0002216
     116    1657       0       0       0       0       0       000010400D0002217
     116       0       0       1       0                               0D0002218
     123    1658       0       0       0       0       0       000010200D0002219
     123       0       0       1       0                               0D0002220
     123    1659       0       0       0       0       0       000010200D0002221
     123       0       0       1       0                               0D0002222
     508    1660       0       0       0       0       0       000010000D0002223
     508       0       0       1       1                               0D0002224
     510    1661       0       0       0       0       0       000010000D0002225
     510       0       0       1       1                               0D0002226
     190    1662       0       0       0       0       0       000010000D0002227
     190       0       0       1       1                               0D0002228
     116    1663       0       0       0       0       0       000010400D0002229
     116       0       0       1       0                               0D0002230
     123    1664       0       0       0       0       0       000010200D0002231
     123       0       0       1       0                               0D0002232
     123    1665       0       0       0       0       0       000010200D0002233
     123       0       0       1       0                               0D0002234
     508    1666       0       0       0       0       0       000010000D0002235
     508       0       0       1       1                               0D0002236
     510    1667       0       0       0       0       0       000010000D0002237
     510       0       0       1       1                               0D0002238
     190    1668       0       0       0       0       0       000010000D0002239
     190       0       0       1       1                               0D0002240
     116    1669       0       0       0       0       0       000010400D0002241
     116       0       0       1       0                               0D0002242
     123    1670       0       0       0       0       0       000010200D0002243
     123       0       0       1       0                               0D0002244
     123    1671       0       0       0       0       0       000010200D0002245
     123       0       0       1       0                               0D0002246
     508    1672       0       0       0       0       0       000010000D0002247
     508       0       0       1       1                               0D0002248
     510    1673       0       0       0       0       0       000010000D0002249
     510       0       0       1       1                               0D0002250
     190    1674       0       0       0       0       0       000010000D0002251
     190       0       0       1       1                               0D0002252
     116    1675       0       0       0       0       0       000010400D0002253
     116       0       0       1       0                               0D0002254
     123    1676       0       0       0       0       0       000010200D0002255
     123       0       0       1       0                               0D0002256
     123    1677       0       0       0       0       0       000010200D0002257
     123       0       0       1       0                               0D0002258
     508    1678       0       0       0       0       0       000010000D0002259
     508       0       0       1       1                               0D0002260
     510    1679       0       0       0       0       0       000010000D0002261
     510       0       0       1       1                               0D0002262
     190    1680       0       0       0       0       0       000010000D0002263
     190       0       0       1       1                               0D0002264
     116    1681       0       0       0       0       0       000010400D0002265
     116       0       0       1       0                               0D0002266
     123    1682       0       0       0       0       0       000010200D0002267
     123       0       0       1       0                               0D0002268
     123    1683       0       0       0       0       0       000010200D0002269
     123       0       0       1       0                               0D0002270
     508    1684       0       0       0       0       0       000010000D0002271
     508       0       0       1       1                               0D0002272
     510    1685       0       0       0       0       0       000010000D0002273
     510       0       0       1       1                               0D0002274
     190    1686       0       0       0       0       0       000010000D0002275
     190       0       0       1       1                               0D0002276
     116    1687       0       0       0       0       0       000010400D0002277
     116       0       0       1       0                               0D0002278
     123    1688       0       0       0       0       0       000010200D0002279
     123       0       0       1       0                               0D0002280
     123    1689       0       0       0       0       0       000010200D0002281
     123       0       0       1       0                               0D0002282
     508    1690       0       0       0       0       0       000010000D0002283
     508       0       0       1       1                               0D0002284
     510    1691       0       0       0       0       0       000010000D0002285
     510       0       0       1       1                               0D0002286
     190    1692       0       0       0       0       0       000010000D0002287
     190       0       0       1       1                               0D0002288
     116    1693       0       0       0       0       0       000010400D0002289
     116       0       0       1       0                               0D0002290
     123    1694       0       0       0       0       0       000010200D0002291
     123       0       0       1       0                               0D0002292
     123    1695       0       0       0       0       0       000010200D0002293
     123       0       0       1       0                               0D0002294
     508    1696       0       0       0       0       0       000010000D0002295
     508       0       0       1       1                               0D0002296
     510    1697       0       0       0       0       0       000010000D0002297
     510       0       0       1       1                               0D0002298
     190    1698       0       0       0       0       0       000010000D0002299
     190       0       0       1       1                               0D0002300
     116    1699       0       0       0       0       0       000010400D0002301
     116       0       0       1       0                               0D0002302
     123    1700       0       0       0       0       0       000010200D0002303
     123       0       0       1       0                               0D0002304
     123    1701       0       0       0       0       0       000010200D0002305
     123       0       0       1       0                               0D0002306
     508    1702       0       0       0       0       0       000010000D0002307
     508       0       0       1       1                               0D0002308
     510    1703       0       0       0       0       0       000010000D0002309
     510       0       0       1       1                               0D0002310
     190    1704       0       0       0       0       0       000010000D0002311
     190       0       0       1       1                               0D0002312
     116    1705       0       0       0       0       0       000010400D0002313
     116       0       0       1       0                               0D0002314
     123    1706       0       0       0       0       0       000010200D0002315
     123       0       0       1       0                               0D0002316
     123    1707       0       0       0       0       0       000010200D0002317
     123       0       0       1       0                               0D0002318
     508    1708       0       0       0       0       0       000010000D0002319
     508       0       0       1       1                               0D0002320
     510    1709       0       0       0       0       0       000010000D0002321
     510       0       0       1       1                               0D0002322
     190    1710       0       0       0       0       0       000010000D0002323
     190       0       0       1       1                               0D0002324
     116    1711       0       0       0       0       0       000010400D0002325
     116       0       0       1       0                               0D0002326
     123    1712       0       0       0       0       0       000010200D0002327
     123       0       0       1       0                               0D0002328
     123    1713       0       0       0       0       0       000010200D0002329
     123       0       0       1       0                               0D0002330
     508    1714       0       0       0       0       0       000010000D0002331
     508       0       0       1       1                               0D0002332
     510    1715       0       0       0       0       0       000010000D0002333
     510       0       0       1       1                               0D0002334
     190    1716       0       0       0       0       0       000010000D0002335
     190       0       0       1       1                               0D0002336
     116    1717       0       0       0       0       0       000010400D0002337
     116       0       0       1       0                               0D0002338
     123    1718       0       0       0       0       0       000010200D0002339
     123       0       0       1       0                               0D0002340
     123    1719       0       0       0       0       0       000010200D0002341
     123       0       0       1       0                               0D0002342
     508    1720       0       0       0       0       0       000010000D0002343
     508       0       0       1       1                               0D0002344
     510    1721       0       0       0       0       0       000010000D0002345
     510       0       0       1       1                               0D0002346
     190    1722       0       0       0       0       0       000010000D0002347
     190       0       0       1       1                               0D0002348
     116    1723       0       0       0       0       0       000010400D0002349
     116       0       0       1       0                               0D0002350
     123    1724       0       0       0       0       0       000010200D0002351
     123       0       0       1       0                               0D0002352
     123    1725       0       0       0       0       0       000010200D0002353
     123       0       0       1       0                               0D0002354
     508    1726       0       0       0       0       0       000010000D0002355
     508       0       0       1       1                               0D0002356
     510    1727       0       0       0       0       0       000010000D0002357
     510       0       0       1       1                               0D0002358
     194    1728       0       0       0       0       0       000010000D0002359
     194       0       0       1       1                               0D0002360
     116    1729       0       0       0       0       0       000010400D0002361
     116       0       0       1       0                               0D0002362
     123    1730       0       0       0       0       0       000010200D0002363
     123       0       0       1       0                               0D0002364
     123    1731       0       0       0       0       0       000010200D0002365
     123       0       0       1       0                               0D0002366
     508    1732       0       0       0       0       0       000010000D0002367
     508       0       0       2       1                               0D0002368
     110    1734       0       0       0       0       0       000010000D0002369
     110       0       0       1       0                               0D0002370
     110    1735       0       0       0       0       0       000010000D0002371
     110       0       0       1       0                               0D0002372
     110    1736       0       0       0       0       0       000010000D0002373
     110       0       0       1       0                               0D0002374
     110    1737       0       0       0       0       0       000010000D0002375
     110       0       0       1       0                               0D0002376
     510    1738       0       0       0       0       0       000010000D0002377
     510       0       0       1       1                               0D0002378
     194    1739       0       0       0       0       0       000010000D0002379
     194       0       0       1       1                               0D0002380
     116    1740       0       0       0       0       0       000010400D0002381
     116       0       0       1       0                               0D0002382
     123    1741       0       0       0       0       0       000010200D0002383
     123       0       0       1       0                               0D0002384
     123    1742       0       0       0       0       0       000010200D0002385
     123       0       0       1       0                               0D0002386
     508    1743       0       0       0       0       0       000010000D0002387
     508       0       0       2       1                               0D0002388
     110    1745       0       0       0       0       0       000010000D0002389
     110       0       0       1       0                               0D0002390
     110    1746       0       0       0       0       0       000010000D0002391
     110       0       0       1       0                               0D0002392
     110    1747       0       0       0       0       0       000010000D0002393
     110       0       0       1       0                               0D0002394
     110    1748       0       0       0       0       0       000010000D0002395
     110       0       0       1       0                               0D0002396
     510    1749       0       0       0       0       0       000010000D0002397
     510       0       0       1       1                               0D0002398
     194    1750       0       0       0       0       0       000010000D0002399
     194       0       0       1       1                               0D0002400
     116    1751       0       0       0       0       0       000010400D0002401
     116       0       0       1       0                               0D0002402
     123    1752       0       0       0       0       0       000010200D0002403
     123       0       0       1       0                               0D0002404
     123    1753       0       0       0       0       0       000010200D0002405
     123       0       0       1       0                               0D0002406
     508    1754       0       0       0       0       0       000010000D0002407
     508       0       0       2       1                               0D0002408
     110    1756       0       0       0       0       0       000010000D0002409
     110       0       0       1       0                               0D0002410
     110    1757       0       0       0       0       0       000010000D0002411
     110       0       0       1       0                               0D0002412
     110    1758       0       0       0       0       0       000010000D0002413
     110       0       0       1       0                               0D0002414
     110    1759       0       0       0       0       0       000010000D0002415
     110       0       0       1       0                               0D0002416
     510    1760       0       0       0       0       0       000010000D0002417
     510       0       0       1       1                               0D0002418
     194    1761       0       0       0       0       0       000010000D0002419
     194       0       0       1       1                               0D0002420
     116    1762       0       0       0       0       0       000010400D0002421
     116       0       0       1       0                               0D0002422
     123    1763       0       0       0       0       0       000010200D0002423
     123       0       0       1       0                               0D0002424
     123    1764       0       0       0       0       0       000010200D0002425
     123       0       0       1       0                               0D0002426
     508    1765       0       0       0       0       0       000010000D0002427
     508       0       0       2       1                               0D0002428
     110    1767       0       0       0       0       0       000010000D0002429
     110       0       0       1       0                               0D0002430
     110    1768       0       0       0       0       0       000010000D0002431
     110       0       0       1       0                               0D0002432
     110    1769       0       0       0       0       0       000010000D0002433
     110       0       0       1       0                               0D0002434
     110    1770       0       0       0       0       0       000010000D0002435
     110       0       0       1       0                               0D0002436
     510    1771       0       0       0       0       0       000010000D0002437
     510       0       0       1       1                               0D0002438
     194    1772       0       0       0       0       0       000010000D0002439
     194       0       0       1       1                               0D0002440
     116    1773       0       0       0       0       0       000010400D0002441
     116       0       0       1       0                               0D0002442
     123    1774       0       0       0       0       0       000010200D0002443
     123       0       0       1       0                               0D0002444
     123    1775       0       0       0       0       0       000010200D0002445
     123       0       0       1       0                               0D0002446
     508    1776       0       0       0       0       0       000010000D0002447
     508       0       0       2       1                               0D0002448
     110    1778       0       0       0       0       0       000010000D0002449
     110       0       0       1       0                               0D0002450
     110    1779       0       0       0       0       0       000010000D0002451
     110       0       0       1       0                               0D0002452
     110    1780       0       0       0       0       0       000010000D0002453
     110       0       0       1       0                               0D0002454
     110    1781       0       0       0       0       0       000010000D0002455
     110       0       0       1       0                               0D0002456
     510    1782       0       0       0       0       0       000010000D0002457
     510       0       0       1       1                               0D0002458
     194    1783       0       0       0       0       0       000010000D0002459
     194       0       0       1       1                               0D0002460
     116    1784       0       0       0       0       0       000010400D0002461
     116       0       0       1       0                               0D0002462
     123    1785       0       0       0       0       0       000010200D0002463
     123       0       0       1       0                               0D0002464
     123    1786       0       0       0       0       0       000010200D0002465
     123       0       0       1       0                               0D0002466
     508    1787       0       0       0       0       0       000010000D0002467
     508       0       0       2       1                               0D0002468
     110    1789       0       0       0       0       0       000010000D0002469
     110       0       0       1       0                               0D0002470
     110    1790       0       0       0       0       0       000010000D0002471
     110       0       0       1       0                               0D0002472
     110    1791       0       0       0       0       0       000010000D0002473
     110       0       0       1       0                               0D0002474
     110    1792       0       0       0       0       0       000010000D0002475
     110       0       0       1       0                               0D0002476
     510    1793       0       0       0       0       0       000010000D0002477
     510       0       0       1       1                               0D0002478
     190    1794       0       0       0       0       0       000010000D0002479
     190       0       0       1       1                               0D0002480
     116    1795       0       0       0       0       0       000010400D0002481
     116       0       0       1       0                               0D0002482
     123    1796       0       0       0       0       0       000010200D0002483
     123       0       0       1       0                               0D0002484
     123    1797       0       0       0       0       0       000010200D0002485
     123       0       0       1       0                               0D0002486
     508    1798       0       0       0       0       0       000010000D0002487
     508       0       0       1       1                               0D0002488
     510    1799       0       0       0       0       0       000010000D0002489
     510       0       0       1       1                               0D0002490
     190    1800       0       0       0       0       0       000010000D0002491
     190       0       0       1       1                               0D0002492
     116    1801       0       0       0       0       0       000010400D0002493
     116       0       0       1       0                               0D0002494
     123    1802       0       0       0       0       0       000010200D0002495
     123       0       0       1       0                               0D0002496
     123    1803       0       0       0       0       0       000010200D0002497
     123       0       0       1       0                               0D0002498
     508    1804       0       0       0       0       0       000010000D0002499
     508       0       0       1       1                               0D0002500
     510    1805       0       0       0       0       0       000010000D0002501
     510       0       0       1       1                               0D0002502
     192    1806       0       0       0       0       0       000010000D0002503
     192       0       0       1       1                               0D0002504
     116    1807       0       0       0       0       0       000010400D0002505
     116       0       0       1       0                               0D0002506
     123    1808       0       0       0       0       0       000010200D0002507
     123       0       0       1       0                               0D0002508
     123    1809       0       0       0       0       0       000010200D0002509
     123       0       0       1       0                               0D0002510
     508    1810       0       0       0       0       0       000010000D0002511
     508       0       0       2       1                               0D0002512
     110    1812       0       0       0       0       0       000010000D0002513
     110       0       0       1       0                               0D0002514
     110    1813       0       0       0       0       0       000010000D0002515
     110       0       0       1       0                               0D0002516
     110    1814       0       0       0       0       0       000010000D0002517
     110       0       0       1       0                               0D0002518
     110    1815       0       0       0       0       0       000010000D0002519
     110       0       0       1       0                               0D0002520
     510    1816       0       0       0       0       0       000010000D0002521
     510       0       0       1       1                               0D0002522
     190    1817       0       0       0       0       0       000010000D0002523
     190       0       0       1       1                               0D0002524
     116    1818       0       0       0       0       0       000010400D0002525
     116       0       0       1       0                               0D0002526
     123    1819       0       0       0       0       0       000010200D0002527
     123       0       0       1       0                               0D0002528
     123    1820       0       0       0       0       0       000010200D0002529
     123       0       0       1       0                               0D0002530
     508    1821       0       0       0       0       0       000010000D0002531
     508       0       0       1       1                               0D0002532
     510    1822       0       0       0       0       0       000010000D0002533
     510       0       0       1       1                               0D0002534
     190    1823       0       0       0       0       0       000010000D0002535
     190       0       0       1       1                               0D0002536
     116    1824       0       0       0       0       0       000010400D0002537
     116       0       0       1       0                               0D0002538
     123    1825       0       0       0       0       0       000010200D0002539
     123       0       0       1       0                               0D0002540
     123    1826       0       0       0       0       0       000010200D0002541
     123       0       0       1       0                               0D0002542
     508    1827       0       0       0       0       0       000010000D0002543
     508       0       0       1       1                               0D0002544
     510    1828       0       0       0       0       0       000010000D0002545
     510       0       0       1       1                               0D0002546
     190    1829       0       0       0       0       0       000010000D0002547
     190       0       0       1       1                               0D0002548
     116    1830       0       0       0       0       0       000010400D0002549
     116       0       0       1       0                               0D0002550
     123    1831       0       0       0       0       0       000010200D0002551
     123       0       0       1       0                               0D0002552
     123    1832       0       0       0       0       0       000010200D0002553
     123       0       0       1       0                               0D0002554
     508    1833       0       0       0       0       0       000010000D0002555
     508       0       0       1       1                               0D0002556
     510    1834       0       0       0       0       0       000010000D0002557
     510       0       0       1       1                               0D0002558
     190    1835       0       0       0       0       0       000010000D0002559
     190       0       0       1       1                               0D0002560
     116    1836       0       0       0       0       0       000010400D0002561
     116       0       0       1       0                               0D0002562
     123    1837       0       0       0       0       0       000010200D0002563
     123       0       0       1       0                               0D0002564
     123    1838       0       0       0       0       0       000010200D0002565
     123       0       0       1       0                               0D0002566
     508    1839       0       0       0       0       0       000010000D0002567
     508       0       0       1       1                               0D0002568
     510    1840       0       0       0       0       0       000010000D0002569
     510       0       0       1       1                               0D0002570
     190    1841       0       0       0       0       0       000010000D0002571
     190       0       0       1       1                               0D0002572
     116    1842       0       0       0       0       0       000010400D0002573
     116       0       0       1       0                               0D0002574
     123    1843       0       0       0       0       0       000010200D0002575
     123       0       0       1       0                               0D0002576
     123    1844       0       0       0       0       0       000010200D0002577
     123       0       0       1       0                               0D0002578
     508    1845       0       0       0       0       0       000010000D0002579
     508       0       0       1       1                               0D0002580
     510    1846       0       0       0       0       0       000010000D0002581
     510       0       0       1       1                               0D0002582
     190    1847       0       0       0       0       0       000010000D0002583
     190       0       0       1       1                               0D0002584
     116    1848       0       0       0       0       0       000010400D0002585
     116       0       0       1       0                               0D0002586
     123    1849       0       0       0       0       0       000010200D0002587
     123       0       0       1       0                               0D0002588
     123    1850       0       0       0       0       0       000010200D0002589
     123       0       0       1       0                               0D0002590
     508    1851       0       0       0       0       0       000010000D0002591
     508       0       0       1       1                               0D0002592
     510    1852       0       0       0       0       0       000010000D0002593
     510       0       0       1       1                               0D0002594
     190    1853       0       0       0       0       0       000010000D0002595
     190       0       0       1       1                               0D0002596
     116    1854       0       0       0       0       0       000010400D0002597
     116       0       0       1       0                               0D0002598
     123    1855       0       0       0       0       0       000010200D0002599
     123       0       0       1       0                               0D0002600
     123    1856       0       0       0       0       0       000010200D0002601
     123       0       0       1       0                               0D0002602
     508    1857       0       0       0       0       0       000010000D0002603
     508       0       0       1       1                               0D0002604
     510    1858       0       0       0       0       0       000010000D0002605
     510       0       0       1       1                               0D0002606
     190    1859       0       0       0       0       0       000010000D0002607
     190       0       0       1       1                               0D0002608
     116    1860       0       0       0       0       0       000010400D0002609
     116       0       0       1       0                               0D0002610
     123    1861       0       0       0       0       0       000010200D0002611
     123       0       0       1       0                               0D0002612
     123    1862       0       0       0       0       0       000010200D0002613
     123       0       0       1       0                               0D0002614
     508    1863       0       0       0       0       0       000010000D0002615
     508       0       0       1       1                               0D0002616
     510    1864       0       0       0       0       0       000010000D0002617
     510       0       0       1       1                               0D0002618
     190    1865       0       0       0       0       0       000010000D0002619
     190       0       0       1       1                               0D0002620
     116    1866       0       0       0       0       0       000010400D0002621
     116       0       0       1       0                               0D0002622
     123    1867       0       0       0       0       0       000010200D0002623
     123       0       0       1       0                               0D0002624
     123    1868       0       0       0       0       0       000010200D0002625
     123       0       0       1       0                               0D0002626
     508    1869       0       0       0       0       0       000010000D0002627
     508       0       0       1       1                               0D0002628
     510    1870       0       0       0       0       0       000010000D0002629
     510       0       0       1       1                               0D0002630
     190    1871       0       0       0       0       0       000010000D0002631
     190       0       0       1       1                               0D0002632
     116    1872       0       0       0       0       0       000010400D0002633
     116       0       0       1       0                               0D0002634
     123    1873       0       0       0       0       0       000010200D0002635
     123       0       0       1       0                               0D0002636
     123    1874       0       0       0       0       0       000010200D0002637
     123       0       0       1       0                               0D0002638
     508    1875       0       0       0       0       0       000010000D0002639
     508       0       0       1       1                               0D0002640
     510    1876       0       0       0       0       0       000010000D0002641
     510       0       0       1       1                               0D0002642
     190    1877       0       0       0       0       0       000010000D0002643
     190       0       0       1       1                               0D0002644
     116    1878       0       0       0       0       0       000010400D0002645
     116       0       0       1       0                               0D0002646
     123    1879       0       0       0       0       0       000010200D0002647
     123       0       0       1       0                               0D0002648
     123    1880       0       0       0       0       0       000010200D0002649
     123       0       0       1       0                               0D0002650
     508    1881       0       0       0       0       0       000010000D0002651
     508       0       0       1       1                               0D0002652
     510    1882       0       0       0       0       0       000010000D0002653
     510       0       0       1       1                               0D0002654
     190    1883       0       0       0       0       0       000010000D0002655
     190       0       0       1       1                               0D0002656
     116    1884       0       0       0       0       0       000010400D0002657
     116       0       0       1       0                               0D0002658
     123    1885       0       0       0       0       0       000010200D0002659
     123       0       0       1       0                               0D0002660
     123    1886       0       0       0       0       0       000010200D0002661
     123       0       0       1       0                               0D0002662
     508    1887       0       0       0       0       0       000010000D0002663
     508       0       0       1       1                               0D0002664
     510    1888       0       0       0       0       0       000010000D0002665
     510       0       0       1       1                               0D0002666
     190    1889       0       0       0       0       0       000010000D0002667
     190       0       0       1       1                               0D0002668
     116    1890       0       0       0       0       0       000010400D0002669
     116       0       0       1       0                               0D0002670
     123    1891       0       0       0       0       0       000010200D0002671
     123       0       0       1       0                               0D0002672
     123    1892       0       0       0       0       0       000010200D0002673
     123       0       0       1       0                               0D0002674
     508    1893       0       0       0       0       0       000010000D0002675
     508       0       0       1       1                               0D0002676
     510    1894       0       0       0       0       0       000010000D0002677
     510       0       0       1       1                               0D0002678
     190    1895       0       0       0       0       0       000010000D0002679
     190       0       0       1       1                               0D0002680
     116    1896       0       0       0       0       0       000010400D0002681
     116       0       0       1       0                               0D0002682
     123    1897       0       0       0       0       0       000010200D0002683
     123       0       0       1       0                               0D0002684
     123    1898       0       0       0       0       0       000010200D0002685
     123       0       0       1       0                               0D0002686
     508    1899       0       0       0       0       0       000010000D0002687
     508       0       0       1       1                               0D0002688
     510    1900       0       0       0       0       0       000010000D0002689
     510       0       0       1       1                               0D0002690
     190    1901       0       0       0       0       0       000010000D0002691
     190       0       0       1       1                               0D0002692
     116    1902       0       0       0       0       0       000010400D0002693
     116       0       0       1       0                               0D0002694
     123    1903       0       0       0       0       0       000010200D0002695
     123       0       0       1       0                               0D0002696
     123    1904       0       0       0       0       0       000010200D0002697
     123       0       0       1       0                               0D0002698
     508    1905       0       0       0       0       0       000010000D0002699
     508       0       0       1       1                               0D0002700
     510    1906       0       0       0       0       0       000010000D0002701
     510       0       0       1       1                               0D0002702
     190    1907       0       0       0       0       0       000010000D0002703
     190       0       0       1       1                               0D0002704
     116    1908       0       0       0       0       0       000010400D0002705
     116       0       0       1       0                               0D0002706
     123    1909       0       0       0       0       0       000010200D0002707
     123       0       0       1       0                               0D0002708
     123    1910       0       0       0       0       0       000010200D0002709
     123       0       0       1       0                               0D0002710
     508    1911       0       0       0       0       0       000010000D0002711
     508       0       0       1       1                               0D0002712
     510    1912       0       0       0       0       0       000010000D0002713
     510       0       0       1       1                               0D0002714
     190    1913       0       0       0       0       0       000010000D0002715
     190       0       0       1       1                               0D0002716
     116    1914       0       0       0       0       0       000010400D0002717
     116       0       0       1       0                               0D0002718
     123    1915       0       0       0       0       0       000010200D0002719
     123       0       0       1       0                               0D0002720
     123    1916       0       0       0       0       0       000010200D0002721
     123       0       0       1       0                               0D0002722
     508    1917       0       0       0       0       0       000010000D0002723
     508       0       0       1       1                               0D0002724
     510    1918       0       0       0       0       0       000010000D0002725
     510       0       0       1       1                               0D0002726
     190    1919       0       0       0       0       0       000010000D0002727
     190       0       0       1       1                               0D0002728
     116    1920       0       0       0       0       0       000010400D0002729
     116       0       0       1       0                               0D0002730
     123    1921       0       0       0       0       0       000010200D0002731
     123       0       0       1       0                               0D0002732
     123    1922       0       0       0       0       0       000010200D0002733
     123       0       0       1       0                               0D0002734
     508    1923       0       0       0       0       0       000010000D0002735
     508       0       0       1       1                               0D0002736
     510    1924       0       0       0       0       0       000010000D0002737
     510       0       0       1       1                               0D0002738
     190    1925       0       0       0       0       0       000010000D0002739
     190       0       0       1       1                               0D0002740
     116    1926       0       0       0       0       0       000010400D0002741
     116       0       0       1       0                               0D0002742
     123    1927       0       0       0       0       0       000010200D0002743
     123       0       0       1       0                               0D0002744
     123    1928       0       0       0       0       0       000010200D0002745
     123       0       0       1       0                               0D0002746
     508    1929       0       0       0       0       0       000010000D0002747
     508       0       0       1       1                               0D0002748
     510    1930       0       0       0       0       0       000010000D0002749
     510       0       0       1       1                               0D0002750
     190    1931       0       0       0       0       0       000010000D0002751
     190       0       0       1       1                               0D0002752
     116    1932       0       0       0       0       0       000010400D0002753
     116       0       0       1       0                               0D0002754
     123    1933       0       0       0       0       0       000010200D0002755
     123       0       0       1       0                               0D0002756
     123    1934       0       0       0       0       0       000010200D0002757
     123       0       0       1       0                               0D0002758
     508    1935       0       0       0       0       0       000010000D0002759
     508       0       0       1       1                               0D0002760
     510    1936       0       0       0       0       0       000010000D0002761
     510       0       0       1       1                               0D0002762
     190    1937       0       0       0       0       0       000010000D0002763
     190       0       0       1       1                               0D0002764
     116    1938       0       0       0       0       0       000010400D0002765
     116       0       0       1       0                               0D0002766
     123    1939       0       0       0       0       0       000010200D0002767
     123       0       0       1       0                               0D0002768
     123    1940       0       0       0       0       0       000010200D0002769
     123       0       0       1       0                               0D0002770
     508    1941       0       0       0       0       0       000010000D0002771
     508       0       0       1       1                               0D0002772
     510    1942       0       0       0       0       0       000010000D0002773
     510       0       0       1       1                               0D0002774
     190    1943       0       0       0       0       0       000010000D0002775
     190       0       0       1       1                               0D0002776
     116    1944       0       0       0       0       0       000010400D0002777
     116       0       0       1       0                               0D0002778
     123    1945       0       0       0       0       0       000010200D0002779
     123       0       0       1       0                               0D0002780
     123    1946       0       0       0       0       0       000010200D0002781
     123       0       0       1       0                               0D0002782
     508    1947       0       0       0       0       0       000010000D0002783
     508       0       0       1       1                               0D0002784
     510    1948       0       0       0       0       0       000010000D0002785
     510       0       0       1       1                               0D0002786
     190    1949       0       0       0       0       0       000010000D0002787
     190       0       0       1       1                               0D0002788
     116    1950       0       0       0       0       0       000010400D0002789
     116       0       0       1       0                               0D0002790
     123    1951       0       0       0       0       0       000010200D0002791
     123       0       0       1       0                               0D0002792
     123    1952       0       0       0       0       0       000010200D0002793
     123       0       0       1       0                               0D0002794
     508    1953       0       0       0       0       0       000010000D0002795
     508       0       0       1       1                               0D0002796
     510    1954       0       0       0       0       0       000010000D0002797
     510       0       0       1       1                               0D0002798
     190    1955       0       0       0       0       0       000010000D0002799
     190       0       0       1       1                               0D0002800
     116    1956       0       0       0       0       0       000010400D0002801
     116       0       0       1       0                               0D0002802
     123    1957       0       0       0       0       0       000010200D0002803
     123       0       0       1       0                               0D0002804
     123    1958       0       0       0       0       0       000010200D0002805
     123       0       0       1       0                               0D0002806
     508    1959       0       0       0       0       0       000010000D0002807
     508       0       0       1       1                               0D0002808
     510    1960       0       0       0       0       0       000010000D0002809
     510       0       0       1       1                               0D0002810
     190    1961       0       0       0       0       0       000010000D0002811
     190       0       0       1       1                               0D0002812
     116    1962       0       0       0       0       0       000010400D0002813
     116       0       0       1       0                               0D0002814
     123    1963       0       0       0       0       0       000010200D0002815
     123       0       0       1       0                               0D0002816
     123    1964       0       0       0       0       0       000010200D0002817
     123       0       0       1       0                               0D0002818
     508    1965       0       0       0       0       0       000010000D0002819
     508       0       0       1       1                               0D0002820
     510    1966       0       0       0       0       0       000010000D0002821
     510       0       0       1       1                               0D0002822
     190    1967       0       0       0       0       0       000010000D0002823
     190       0       0       1       1                               0D0002824
     116    1968       0       0       0       0       0       000010400D0002825
     116       0       0       1       0                               0D0002826
     123    1969       0       0       0       0       0       000010200D0002827
     123       0       0       1       0                               0D0002828
     123    1970       0       0       0       0       0       000010200D0002829
     123       0       0       1       0                               0D0002830
     508    1971       0       0       0       0       0       000010000D0002831
     508       0       0       1       1                               0D0002832
     510    1972       0       0       0       0       0       000010000D0002833
     510       0       0       1       1                               0D0002834
     190    1973       0       0       0       0       0       000010000D0002835
     190       0       0       1       1                               0D0002836
     116    1974       0       0       0       0       0       000010400D0002837
     116       0       0       1       0                               0D0002838
     123    1975       0       0       0       0       0       000010200D0002839
     123       0       0       1       0                               0D0002840
     123    1976       0       0       0       0       0       000010200D0002841
     123       0       0       1       0                               0D0002842
     508    1977       0       0       0       0       0       000010000D0002843
     508       0       0       1       1                               0D0002844
     510    1978       0       0       0       0       0       000010000D0002845
     510       0       0       1       1                               0D0002846
     190    1979       0       0       0       0       0       000010000D0002847
     190       0       0       1       1                               0D0002848
     116    1980       0       0       0       0       0       000010400D0002849
     116       0       0       1       0                               0D0002850
     123    1981       0       0       0       0       0       000010200D0002851
     123       0       0       1       0                               0D0002852
     123    1982       0       0       0       0       0       000010200D0002853
     123       0       0       1       0                               0D0002854
     508    1983       0       0       0       0       0       000010000D0002855
     508       0       0       1       1                               0D0002856
     510    1984       0       0       0       0       0       000010000D0002857
     510       0       0       1       1                               0D0002858
     190    1985       0       0       0       0       0       000010000D0002859
     190       0       0       1       1                               0D0002860
     116    1986       0       0       0       0       0       000010400D0002861
     116       0       0       1       0                               0D0002862
     123    1987       0       0       0       0       0       000010200D0002863
     123       0       0       1       0                               0D0002864
     123    1988       0       0       0       0       0       000010200D0002865
     123       0       0       1       0                               0D0002866
     508    1989       0       0       0       0       0       000010000D0002867
     508       0       0       1       1                               0D0002868
     510    1990       0       0       0       0       0       000010000D0002869
     510       0       0       1       1                               0D0002870
     190    1991       0       0       0       0       0       000010000D0002871
     190       0       0       1       1                               0D0002872
     116    1992       0       0       0       0       0       000010400D0002873
     116       0       0       1       0                               0D0002874
     123    1993       0       0       0       0       0       000010200D0002875
     123       0       0       1       0                               0D0002876
     123    1994       0       0       0       0       0       000010200D0002877
     123       0       0       1       0                               0D0002878
     508    1995       0       0       0       0       0       000010000D0002879
     508       0       0       1       1                               0D0002880
     510    1996       0       0       0       0       0       000010000D0002881
     510       0       0       1       1                               0D0002882
     190    1997       0       0       0       0       0       000010000D0002883
     190       0       0       1       1                               0D0002884
     116    1998       0       0       0       0       0       000010400D0002885
     116       0       0       1       0                               0D0002886
     123    1999       0       0       0       0       0       000010200D0002887
     123       0       0       1       0                               0D0002888
     123    2000       0       0       0       0       0       000010200D0002889
     123       0       0       1       0                               0D0002890
     508    2001       0       0       0       0       0       000010000D0002891
     508       0       0       1       1                               0D0002892
     510    2002       0       0       0       0       0       000010000D0002893
     510       0       0       1       1                               0D0002894
     190    2003       0       0       0       0       0       000010000D0002895
     190       0       0       1       1                               0D0002896
     116    2004       0       0       0       0       0       000010400D0002897
     116       0       0       1       0                               0D0002898
     123    2005       0       0       0       0       0       000010200D0002899
     123       0       0       1       0                               0D0002900
     123    2006       0       0       0       0       0       000010200D0002901
     123       0       0       1       0                               0D0002902
     508    2007       0       0       0       0       0       000010000D0002903
     508       0       0       1       1                               0D0002904
     510    2008       0       0       0       0       0       000010000D0002905
     510       0       0       1       1                               0D0002906
     190    2009       0       0       0       0       0       000010000D0002907
     190       0       0       1       1                               0D0002908
     116    2010       0       0       0       0       0       000010400D0002909
     116       0       0       1       0                               0D0002910
     123    2011       0       0       0       0       0       000010200D0002911
     123       0       0       1       0                               0D0002912
     123    2012       0       0       0       0       0       000010200D0002913
     123       0       0       1       0                               0D0002914
     508    2013       0       0       0       0       0       000010000D0002915
     508       0       0       1       1                               0D0002916
     510    2014       0       0       0       0       0       000010000D0002917
     510       0       0       1       1                               0D0002918
     190    2015       0       0       0       0       0       000010000D0002919
     190       0       0       1       1                               0D0002920
     116    2016       0       0       0       0       0       000010400D0002921
     116       0       0       1       0                               0D0002922
     123    2017       0       0       0       0       0       000010200D0002923
     123       0       0       1       0                               0D0002924
     123    2018       0       0       0       0       0       000010200D0002925
     123       0       0       1       0                               0D0002926
     508    2019       0       0       0       0       0       000010000D0002927
     508       0       0       1       1                               0D0002928
     510    2020       0       0       0       0       0       000010000D0002929
     510       0       0       1       1                               0D0002930
     190    2021       0       0       0       0       0       000010000D0002931
     190       0       0       1       1                               0D0002932
     116    2022       0       0       0       0       0       000010400D0002933
     116       0       0       1       0                               0D0002934
     123    2023       0       0       0       0       0       000010200D0002935
     123       0       0       1       0                               0D0002936
     123    2024       0       0       0       0       0       000010200D0002937
     123       0       0       1       0                               0D0002938
     508    2025       0       0       0       0       0       000010000D0002939
     508       0       0       1       1                               0D0002940
     510    2026       0       0       0       0       0       000010000D0002941
     510       0       0       1       1                               0D0002942
     190    2027       0       0       0       0       0       000010000D0002943
     190       0       0       1       1                               0D0002944
     116    2028       0       0       0       0       0       000010400D0002945
     116       0       0       1       0                               0D0002946
     123    2029       0       0       0       0       0       000010200D0002947
     123       0       0       1       0                               0D0002948
     123    2030       0       0       0       0       0       000010200D0002949
     123       0       0       1       0                               0D0002950
     508    2031       0       0       0       0       0       000010000D0002951
     508       0       0       1       1                               0D0002952
     510    2032       0       0       0       0       0       000010000D0002953
     510       0       0       1       1                               0D0002954
     190    2033       0       0       0       0       0       000010000D0002955
     190       0       0       1       1                               0D0002956
     116    2034       0       0       0       0       0       000010400D0002957
     116       0       0       1       0                               0D0002958
     123    2035       0       0       0       0       0       000010200D0002959
     123       0       0       1       0                               0D0002960
     123    2036       0       0       0       0       0       000010200D0002961
     123       0       0       1       0                               0D0002962
     508    2037       0       0       0       0       0       000010000D0002963
     508       0       0       1       1                               0D0002964
     510    2038       0       0       0       0       0       000010000D0002965
     510       0       0       1       1                               0D0002966
     190    2039       0       0       0       0       0       000010000D0002967
     190       0       0       1       1                               0D0002968
     116    2040       0       0       0       0       0       000010400D0002969
     116       0       0       1       0                               0D0002970
     123    2041       0       0       0       0       0       000010200D0002971
     123       0       0       1       0                               0D0002972
     123    2042       0       0       0       0       0       000010200D0002973
     123       0       0       1       0                               0D0002974
     508    2043       0       0       0       0       0       000010000D0002975
     508       0       0       1       1                               0D0002976
     510    2044       0       0       0       0       0       000010000D0002977
     510       0       0       1       1                               0D0002978
     190    2045       0       0       0       0       0       000010000D0002979
     190       0       0       1       1                               0D0002980
     116    2046       0       0       0       0       0       000010400D0002981
     116       0       0       1       0                               0D0002982
     123    2047       0       0       0       0       0       000010200D0002983
     123       0       0       1       0                               0D0002984
     123    2048       0       0       0       0       0       000010200D0002985
     123       0       0       1       0                               0D0002986
     508    2049       0       0       0       0       0       000010000D0002987
     508       0       0       1       1                               0D0002988
     510    2050       0       0       0       0       0       000010000D0002989
     510       0       0       1       1                               0D0002990
     190    2051       0       0       0       0       0       000010000D0002991
     190       0       0       1       1                               0D0002992
     116    2052       0       0       0       0       0       000010400D0002993
     116       0       0       1       0                               0D0002994
     123    2053       0       0       0       0       0       000010200D0002995
     123       0       0       1       0                               0D0002996
     123    2054       0       0       0       0       0       000010200D0002997
     123       0       0       1       0                               0D0002998
     508    2055       0       0       0       0       0       000010000D0002999
     508       0       0       1       1                               0D0003000
     510    2056       0       0       0       0       0       000010000D0003001
     510       0       0       1       1                               0D0003002
     190    2057       0       0       0       0       0       000010000D0003003
     190       0       0       1       1                               0D0003004
     116    2058       0       0       0       0       0       000010400D0003005
     116       0       0       1       0                               0D0003006
     123    2059       0       0       0       0       0       000010200D0003007
     123       0       0       1       0                               0D0003008
     123    2060       0       0       0       0       0       000010200D0003009
     123       0       0       1       0                               0D0003010
     508    2061       0       0       0       0       0       000010000D0003011
     508       0       0       1       1                               0D0003012
     510    2062       0       0       0       0       0       000010000D0003013
     510       0       0       1       1                               0D0003014
     190    2063       0       0       0       0       0       000010000D0003015
     190       0       0       1       1                               0D0003016
     116    2064       0       0       0       0       0       000010400D0003017
     116       0       0       1       0                               0D0003018
     123    2065       0       0       0       0       0       000010200D0003019
     123       0       0       1       0                               0D0003020
     123    2066       0       0       0       0       0       000010200D0003021
     123       0       0       1       0                               0D0003022
     508    2067       0       0       0       0       0       000010000D0003023
     508       0       0       1       1                               0D0003024
     510    2068       0       0       0       0       0       000010000D0003025
     510       0       0       1       1                               0D0003026
     190    2069       0       0       0       0       0       000010000D0003027
     190       0       0       1       1                               0D0003028
     116    2070       0       0       0       0       0       000010400D0003029
     116       0       0       1       0                               0D0003030
     123    2071       0       0       0       0       0       000010200D0003031
     123       0       0       1       0                               0D0003032
     123    2072       0       0       0       0       0       000010200D0003033
     123       0       0       1       0                               0D0003034
     508    2073       0       0       0       0       0       000010000D0003035
     508       0       0       1       1                               0D0003036
     510    2074       0       0       0       0       0       000010000D0003037
     510       0       0       1       1                               0D0003038
     190    2075       0       0       0       0       0       000010000D0003039
     190       0       0       1       1                               0D0003040
     116    2076       0       0       0       0       0       000010400D0003041
     116       0       0       1       0                               0D0003042
     123    2077       0       0       0       0       0       000010200D0003043
     123       0       0       1       0                               0D0003044
     123    2078       0       0       0       0       0       000010200D0003045
     123       0       0       1       0                               0D0003046
     508    2079       0       0       0       0       0       000010000D0003047
     508       0       0       1       1                               0D0003048
     510    2080       0       0       0       0       0       000010000D0003049
     510       0       0       1       1                               0D0003050
     192    2081       0       0       0       0       0       000010000D0003051
     192       0       0       1       1                               0D0003052
     116    2082       0       0       0       0       0       000010400D0003053
     116       0       0       1       0                               0D0003054
     123    2083       0       0       0       0       0       000010200D0003055
     123       0       0       1       0                               0D0003056
     123    2084       0       0       0       0       0       000010200D0003057
     123       0       0       1       0                               0D0003058
     508    2085       0       0       0       0       0       000010000D0003059
     508       0       0       2       1                               0D0003060
     110    2087       0       0       0       0       0       000010000D0003061
     110       0       0       1       0                               0D0003062
     110    2088       0       0       0       0       0       000010000D0003063
     110       0       0       1       0                               0D0003064
     110    2089       0       0       0       0       0       000010000D0003065
     110       0       0       1       0                               0D0003066
     110    2090       0       0       0       0       0       000010000D0003067
     110       0       0       1       0                               0D0003068
     510    2091       0       0       0       0       0       000010000D0003069
     510       0       0       1       1                               0D0003070
     192    2092       0       0       0       0       0       000010000D0003071
     192       0       0       1       1                               0D0003072
     116    2093       0       0       0       0       0       000010400D0003073
     116       0       0       1       0                               0D0003074
     123    2094       0       0       0       0       0       000010200D0003075
     123       0       0       1       0                               0D0003076
     123    2095       0       0       0       0       0       000010200D0003077
     123       0       0       1       0                               0D0003078
     508    2096       0       0       0       0       0       000010000D0003079
     508       0       0       2       1                               0D0003080
     110    2098       0       0       0       0       0       000010000D0003081
     110       0       0       1       0                               0D0003082
     110    2099       0       0       0       0       0       000010000D0003083
     110       0       0       1       0                               0D0003084
     110    2100       0       0       0       0       0       000010000D0003085
     110       0       0       1       0                               0D0003086
     110    2101       0       0       0       0       0       000010000D0003087
     110       0       0       1       0                               0D0003088
     510    2102       0       0       0       0       0       000010000D0003089
     510       0       0       1       1                               0D0003090
     192    2103       0       0       0       0       0       000010000D0003091
     192       0       0       1       1                               0D0003092
     116    2104       0       0       0       0       0       000010400D0003093
     116       0       0       1       0                               0D0003094
     123    2105       0       0       0       0       0       000010200D0003095
     123       0       0       1       0                               0D0003096
     123    2106       0       0       0       0       0       000010200D0003097
     123       0       0       1       0                               0D0003098
     508    2107       0       0       0       0       0       000010000D0003099
     508       0       0       2       1                               0D0003100
     110    2109       0       0       0       0       0       000010000D0003101
     110       0       0       1       0                               0D0003102
     110    2110       0       0       0       0       0       000010000D0003103
     110       0       0       1       0                               0D0003104
     110    2111       0       0       0       0       0       000010000D0003105
     110       0       0       1       0                               0D0003106
     110    2112       0       0       0       0       0       000010000D0003107
     110       0       0       1       0                               0D0003108
     510    2113       0       0       0       0       0       000010000D0003109
     510       0       0       1       1                               0D0003110
     192    2114       0       0       0       0       0       000010000D0003111
     192       0       0       1       1                               0D0003112
     116    2115       0       0       0       0       0       000010400D0003113
     116       0       0       1       0                               0D0003114
     123    2116       0       0       0       0       0       000010200D0003115
     123       0       0       1       0                               0D0003116
     123    2117       0       0       0       0       0       000010200D0003117
     123       0       0       1       0                               0D0003118
     508    2118       0       0       0       0       0       000010000D0003119
     508       0       0       2       1                               0D0003120
     110    2120       0       0       0       0       0       000010000D0003121
     110       0       0       1       0                               0D0003122
     110    2121       0       0       0       0       0       000010000D0003123
     110       0       0       1       0                               0D0003124
     110    2122       0       0       0       0       0       000010000D0003125
     110       0       0       1       0                               0D0003126
     110    2123       0       0       0       0       0       000010000D0003127
     110       0       0       1       0                               0D0003128
     510    2124       0       0       0       0       0       000010000D0003129
     510       0       0       1       1                               0D0003130
     192    2125       0       0       0       0       0       000010000D0003131
     192       0       0       1       1                               0D0003132
     116    2126       0       0       0       0       0       000010400D0003133
     116       0       0       1       0                               0D0003134
     123    2127       0       0       0       0       0       000010200D0003135
     123       0       0       1       0                               0D0003136
     123    2128       0       0       0       0       0       000010200D0003137
     123       0       0       1       0                               0D0003138
     508    2129       0       0       0       0       0       000010000D0003139
     508       0       0       2       1                               0D0003140
     110    2131       0       0       0       0       0       000010000D0003141
     110       0       0       1       0                               0D0003142
     110    2132       0       0       0       0       0       000010000D0003143
     110       0       0       1       0                               0D0003144
     110    2133       0       0       0       0       0       000010000D0003145
     110       0       0       1       0                               0D0003146
     110    2134       0       0       0       0       0       000010000D0003147
     110       0       0       1       0                               0D0003148
186,3,1,0;                                                       0000001P0000001
514,176,5,1,881,1,893,1,905,0,917,1,929,1,941,1,953,0,965,1,989, 0000003P0000002
1,1001,0,1025,0,1037,1,1049,1,1061,1,1073,0,1085,0,1105,1,1117,  0000003P0000003
1,1129,1,1141,1,1153,1,1165,1,1177,1,1189,1,1201,1,1213,1,1225,  0000003P0000004
1,1237,1,1249,1,1261,1,1273,1,1285,1,1297,1,1309,1,1321,1,1333,  0000003P0000005
1,1345,1,1357,1,1369,1,1381,1,1393,1,1405,1,1417,1,1429,1,1441,  0000003P0000006
1,1453,1,1465,1,1477,1,1489,1,1501,1,1513,1,1525,1,1537,1,1549,  0000003P0000007
1,1561,1,1573,1,1585,1,1597,1,1609,1,1621,1,1633,1,1645,1,1657,  0000003P0000008
1,1669,1,1681,0,1701,0,1721,0,1741,0,1761,0,1781,0,1793,0,1805,  0000003P0000009
0,1817,0,1829,0,1841,0,1853,0,1865,0,1877,0,1889,0,1901,0,1913,  0000003P0000010
0,1925,0,1937,0,1949,0,1961,0,1973,0,1985,0,1997,0,2009,0,2021,  0000003P0000011
0,2033,0,2045,0,2057,0,2069,0,2081,0,2093,0,2105,0,2117,0,2129,  0000003P0000012
0,2141,0,2153,0,2165,0,2177,0,2189,0,2201,0,2213,0,2225,0,2237,  0000003P0000013
0,2249,0,2261,0,2273,0,2285,0,2297,0,2309,0,2321,0,2333,0,2345,  0000003P0000014
0,2357,0,2377,0,2397,0,2417,0,2437,0,2457,0,2477,1,2489,1,2501,  0000003P0000015
0,2521,1,2533,1,2545,1,2557,1,2569,1,2581,1,2593,1,2605,1,2617,  0000003P0000016
1,2629,1,2641,1,2653,1,2665,1,2677,1,2689,1,2701,1,2713,1,2725,  0000003P0000017
1,2737,1,2749,1,2761,1,2773,1,2785,1,2797,1,2809,1,2821,1,2833,  0000003P0000018
1,2845,1,2857,1,2869,1,2881,1,2893,1,2905,1,2917,1,2929,1,2941,  0000003P0000019
1,2953,1,2965,1,2977,1,2989,1,3001,1,3013,1,3025,1,3037,1,3049,  0000003P0000020
0,3069,0,3089,0,3109,0,3129,0;                                   0000003P0000021
510,7,1,1,15;                                                    0000005P0000022
190,9,11,13;                                                     0000007P0000023
116,-475.,-46.,369.6,0;                                          0000009P0000024
123,0.997858923,-6.540312923E-02,0.;                             0000011P0000025
123,-6.540312923E-02,-0.997858923,0.;                            0000013P0000026
508,4,0,17,1,1,0,0,17,2,1,0,0,17,3,0,0,0,17,4,0,0;               0000015P0000027
504,406,19,21,1,21,2,23,21,2,21,3,25,21,4,21,3,27,21,1,21,4,29,  0000017P0000028
21,5,21,6,31,21,6,21,2,33,21,5,21,1,35,21,1,21,7,37,21,4,21,8,   0000017P0000029
39,21,7,21,8,41,21,9,21,2,43,21,3,21,10,45,21,9,21,10,47,21,3,   0000017P0000030
21,11,49,21,12,21,11,51,21,4,21,12,53,21,13,21,14,55,21,14,21,6, 0000017P0000031
57,21,13,21,5,59,21,5,21,15,61,21,15,21,7,63,21,16,21,6,65,21,   0000017P0000032
16,21,9,67,21,17,21,18,69,21,18,21,19,71,21,19,21,20,73,21,20,   0000017P0000033
21,21,75,21,21,21,22,77,21,22,21,23,79,21,23,21,24,81,21,24,21,  0000017P0000034
25,83,21,25,21,26,85,21,26,21,27,87,21,27,21,28,89,21,28,21,29,  0000017P0000035
91,21,29,21,30,93,21,30,21,31,95,21,31,21,32,97,21,32,21,15,99,  0000017P0000036
21,8,21,33,101,21,33,21,34,103,21,34,21,35,105,21,35,21,36,107,  0000017P0000037
21,36,21,37,109,21,37,21,38,111,21,38,21,39,113,21,39,21,40,115, 0000017P0000038
21,40,21,41,117,21,41,21,42,119,21,42,21,43,121,21,43,21,44,123, 0000017P0000039
21,44,21,45,125,21,45,21,46,127,21,46,21,47,129,21,47,21,48,131, 0000017P0000040
21,48,21,49,133,21,49,21,50,135,21,50,21,51,137,21,51,21,52,139, 0000017P0000041
21,52,21,53,141,21,53,21,54,143,21,54,21,55,145,21,55,21,56,147, 0000017P0000042
21,56,21,57,149,21,57,21,58,151,21,58,21,59,153,21,59,21,60,155, 0000017P0000043
21,60,21,61,157,21,61,21,62,159,21,62,21,63,161,21,63,21,64,163, 0000017P0000044
21,64,21,65,165,21,65,21,17,167,21,66,21,66,171,21,67,21,67,175, 0000017P0000045
21,68,21,68,179,21,69,21,69,183,21,70,21,70,187,21,71,21,71,191, 0000017P0000046
21,12,21,33,193,21,72,21,73,195,21,73,21,74,197,21,74,21,75,199, 0000017P0000047
21,75,21,76,201,21,76,21,77,203,21,77,21,78,205,21,78,21,79,207, 0000017P0000048
21,79,21,80,209,21,80,21,81,211,21,81,21,82,213,21,82,21,83,215, 0000017P0000049
21,83,21,84,217,21,84,21,85,219,21,85,21,86,221,21,86,21,87,223, 0000017P0000050
21,87,21,88,225,21,88,21,89,227,21,89,21,90,229,21,90,21,91,231, 0000017P0000051
21,91,21,92,233,21,92,21,93,235,21,93,21,94,237,21,94,21,95,239, 0000017P0000052
21,95,21,96,241,21,96,21,97,243,21,97,21,98,245,21,98,21,99,247, 0000017P0000053
21,99,21,100,249,21,100,21,101,251,21,101,21,102,253,21,102,21,  0000017P0000054
103,255,21,103,21,104,257,21,104,21,16,259,21,10,21,105,261,21,  0000017P0000055
105,21,106,263,21,106,21,107,265,21,107,21,108,267,21,108,21,    0000017P0000056
109,269,21,109,21,110,271,21,110,21,111,273,21,111,21,112,275,   0000017P0000057
21,112,21,113,277,21,113,21,114,279,21,114,21,115,281,21,115,21, 0000017P0000058
116,283,21,116,21,117,285,21,117,21,118,287,21,118,21,119,289,   0000017P0000059
21,119,21,120,291,21,120,21,72,293,21,121,21,121,297,21,122,21,  0000017P0000060
122,301,21,123,21,123,305,21,124,21,124,309,21,125,21,125,313,   0000017P0000061
21,126,21,126,317,21,105,21,11,319,21,11,21,127,321,21,128,21,   0000017P0000062
127,323,21,12,21,128,325,21,129,21,130,327,21,130,21,14,329,21,  0000017P0000063
129,21,13,331,21,32,21,13,333,21,104,21,14,335,21,66,21,131,337, 0000017P0000064
21,131,21,131,341,21,17,21,132,343,21,132,21,133,345,21,18,21,   0000017P0000065
133,347,21,65,21,134,349,21,134,21,132,351,21,133,21,135,353,21, 0000017P0000066
19,21,135,355,21,64,21,136,357,21,136,21,134,359,21,135,21,137,  0000017P0000067
361,21,20,21,137,363,21,63,21,138,365,21,138,21,136,367,21,137,  0000017P0000068
21,139,369,21,21,21,139,371,21,62,21,140,373,21,140,21,138,375,  0000017P0000069
21,139,21,141,377,21,22,21,141,379,21,61,21,142,381,21,142,21,   0000017P0000070
140,383,21,141,21,143,385,21,23,21,143,387,21,60,21,144,389,21,  0000017P0000071
144,21,142,391,21,143,21,145,393,21,24,21,145,395,21,59,21,146,  0000017P0000072
397,21,146,21,144,399,21,145,21,147,401,21,25,21,147,403,21,58,  0000017P0000073
21,148,405,21,148,21,146,407,21,147,21,149,409,21,26,21,149,411, 0000017P0000074
21,57,21,150,413,21,150,21,148,415,21,149,21,151,417,21,27,21,   0000017P0000075
151,419,21,56,21,152,421,21,152,21,150,423,21,151,21,153,425,21, 0000017P0000076
28,21,153,427,21,55,21,154,429,21,154,21,152,431,21,153,21,155,  0000017P0000077
433,21,29,21,155,435,21,54,21,156,437,21,156,21,154,439,21,155,  0000017P0000078
21,157,441,21,30,21,157,443,21,53,21,158,445,21,158,21,156,447,  0000017P0000079
21,157,21,129,449,21,31,21,129,451,21,52,21,159,453,21,159,21,   0000017P0000080
158,455,21,51,21,160,457,21,160,21,159,459,21,50,21,161,461,21,  0000017P0000081
161,21,160,463,21,49,21,162,465,21,162,21,161,467,21,48,21,163,  0000017P0000082
469,21,163,21,162,471,21,47,21,164,473,21,164,21,163,475,21,34,  0000017P0000083
21,128,477,21,46,21,165,479,21,165,21,164,481,21,128,21,166,483, 0000017P0000084
21,35,21,166,485,21,45,21,167,487,21,167,21,165,489,21,166,21,   0000017P0000085
168,491,21,36,21,168,493,21,44,21,169,495,21,169,21,167,497,21,  0000017P0000086
168,21,170,499,21,37,21,170,501,21,43,21,171,503,21,171,21,169,  0000017P0000087
505,21,170,21,172,507,21,38,21,172,509,21,42,21,173,511,21,173,  0000017P0000088
21,171,513,21,172,21,174,515,21,39,21,174,517,21,41,21,175,519,  0000017P0000089
21,175,21,173,521,21,174,21,176,523,21,40,21,176,525,21,176,21,  0000017P0000090
175,527,21,67,21,177,529,21,177,21,177,533,21,68,21,178,535,21,  0000017P0000091
178,21,178,539,21,69,21,179,541,21,179,21,179,545,21,70,21,180,  0000017P0000092
547,21,180,21,180,551,21,71,21,181,553,21,181,21,181,557,21,72,  0000017P0000093
21,182,559,21,182,21,183,561,21,73,21,183,563,21,120,21,184,565, 0000017P0000094
21,184,21,182,567,21,183,21,185,569,21,74,21,185,571,21,119,21,  0000017P0000095
186,573,21,186,21,184,575,21,185,21,187,577,21,75,21,187,579,21, 0000017P0000096
118,21,188,581,21,188,21,186,583,21,187,21,189,585,21,76,21,189, 0000017P0000097
587,21,117,21,190,589,21,190,21,188,591,21,189,21,191,593,21,77, 0000017P0000098
21,191,595,21,116,21,192,597,21,192,21,190,599,21,191,21,193,    0000017P0000099
601,21,78,21,193,603,21,115,21,194,605,21,194,21,192,607,21,193, 0000017P0000100
21,195,609,21,79,21,195,611,21,114,21,196,613,21,196,21,194,615, 0000017P0000101
21,195,21,197,617,21,80,21,197,619,21,113,21,198,621,21,198,21,  0000017P0000102
196,623,21,197,21,199,625,21,81,21,199,627,21,112,21,200,629,21, 0000017P0000103
200,21,198,631,21,199,21,201,633,21,82,21,201,635,21,111,21,202, 0000017P0000104
637,21,202,21,200,639,21,201,21,203,641,21,83,21,203,643,21,110, 0000017P0000105
21,204,645,21,204,21,202,647,21,203,21,205,649,21,84,21,205,651, 0000017P0000106
21,109,21,206,653,21,206,21,204,655,21,205,21,207,657,21,85,21,  0000017P0000107
207,659,21,108,21,208,661,21,208,21,206,663,21,207,21,209,665,   0000017P0000108
21,86,21,209,667,21,107,21,210,669,21,210,21,208,671,21,209,21,  0000017P0000109
211,673,21,87,21,211,675,21,106,21,127,677,21,127,21,210,679,21, 0000017P0000110
211,21,212,681,21,88,21,212,683,21,212,21,213,685,21,89,21,213,  0000017P0000111
687,21,213,21,214,689,21,90,21,214,691,21,214,21,215,693,21,91,  0000017P0000112
21,215,695,21,215,21,216,697,21,92,21,216,699,21,216,21,217,701, 0000017P0000113
21,93,21,217,703,21,103,21,130,705,21,217,21,218,707,21,94,21,   0000017P0000114
218,709,21,102,21,219,711,21,219,21,130,713,21,218,21,220,715,   0000017P0000115
21,95,21,220,717,21,101,21,221,719,21,221,21,219,721,21,220,21,  0000017P0000116
222,723,21,96,21,222,725,21,100,21,223,727,21,223,21,221,729,21, 0000017P0000117
222,21,224,731,21,97,21,224,733,21,99,21,225,735,21,225,21,223,  0000017P0000118
737,21,224,21,226,739,21,98,21,226,741,21,226,21,225,743,21,121, 0000017P0000119
21,227,745,21,227,21,227,749,21,122,21,228,751,21,228,21,228,    0000017P0000120
755,21,123,21,229,757,21,229,21,229,761,21,124,21,230,763,21,    0000017P0000121
230,21,230,767,21,125,21,231,769,21,231,21,231,773,21,126,21,    0000017P0000122
232,775,21,232,21,232,779,21,166,21,210,781,21,157,21,219,783,   0000017P0000123
21,131,21,229,785,21,132,21,213,787,21,133,21,214,789,21,134,21, 0000017P0000124
212,791,21,135,21,215,793,21,136,21,211,795,21,137,21,216,797,   0000017P0000125
21,138,21,209,799,21,139,21,217,801,21,140,21,207,803,21,141,21, 0000017P0000126
218,805,21,142,21,205,807,21,143,21,220,809,21,144,21,203,811,   0000017P0000127
21,145,21,222,813,21,146,21,201,815,21,147,21,224,817,21,148,21, 0000017P0000128
199,819,21,149,21,226,821,21,150,21,197,823,21,151,21,225,825,   0000017P0000129
21,152,21,195,827,21,153,21,223,829,21,154,21,193,831,21,155,21, 0000017P0000130
221,833,21,156,21,191,835,21,158,21,189,837,21,159,21,187,839,   0000017P0000131
21,160,21,185,841,21,161,21,183,843,21,162,21,182,845,21,163,21, 0000017P0000132
184,847,21,164,21,186,849,21,165,21,188,851,21,167,21,190,853,   0000017P0000133
21,168,21,208,855,21,169,21,192,857,21,170,21,206,859,21,171,21, 0000017P0000134
194,861,21,172,21,204,863,21,173,21,196,865,21,174,21,202,867,   0000017P0000135
21,175,21,198,869,21,176,21,200,871,21,177,21,227,873,21,178,21, 0000017P0000136
228,875,21,179,21,232,877,21,180,21,231,879,21,181,21,230;       0000017P0000137
110,-475.,-46.,370.4,-475.,-46.,378.8;                           0000019P0000138
502,232,-475.,-46.,370.4,-475.,-46.,378.8,-475.119771941,        0000021P0000139
-47.827366691,378.8,-475.119771941,-47.827366691,370.4,-475.,    0000021P0000140
46.,370.4,-475.,46.,378.8,-475.8,-46.,369.6,-475.914629681,      0000021P0000141
-47.722721684,369.6,-475.8,-46.,379.6,-475.914629681,            0000021P0000142
-47.722721684,379.6,-475.477038432,-49.623466631,378.8,          0000021P0000143
-475.477038432,-49.623466631,370.4,-475.119771941,47.827366691,  0000021P0000144
370.4,-475.119771941,47.827366691,378.8,-475.798287139,          0000021P0000145
45.947677497,369.6,-475.798287139,45.947677497,379.6,            0000021P0000146
-716.050764417,58.193623956,369.6,-714.415967123,58.74856286,    0000021P0000147
369.6,-712.722721684,59.085370319,369.6,-710.947677497,          0000021P0000148
59.201712861,369.6,-489.,59.2,369.6,-487.277278316,59.085370319, 0000021P0000149
369.6,-485.584032877,58.74856286,369.6,-483.949235583,           0000021P0000150
58.193623956,369.6,-482.400858268,57.430048766,369.6,            0000021P0000151
-480.965394098,56.470902272,369.6,-479.667404263,55.332595737,   0000021P0000152
369.6,-478.529097728,54.034605902,369.6,-477.569951234,          0000021P0000153
52.599141732,369.6,-476.806376044,51.050764417,369.6,            0000021P0000154
-476.25143714,49.415967123,369.6,-475.914629681,47.722721684,    0000021P0000155
369.6,-476.25143714,-49.415967123,369.6,-476.806376044,          0000021P0000156
-51.050764417,369.6,-477.569951234,-52.599141732,369.6,          0000021P0000157
-478.529097728,-54.034605902,369.6,-479.667404263,-55.332595737, 0000021P0000158
369.6,-480.965394098,-56.470902272,369.6,-482.400858268,         0000021P0000159
-57.430048766,369.6,-483.949235583,-58.193623956,369.6,          0000021P0000160
-485.584032877,-58.74856286,369.6,-487.277278316,-59.085370319,  0000021P0000161
369.6,-489.052322503,-59.201712861,369.6,-711.,-59.2,369.6,      0000021P0000162
-712.722721684,-59.085370319,369.6,-714.415967123,-58.74856286,  0000021P0000163
369.6,-716.050764417,-58.193623956,369.6,-717.599141732,         0000021P0000164
-57.430048766,369.6,-719.034605902,-56.470902272,369.6,          0000021P0000165
-720.332595737,-55.332595737,369.6,-721.470902272,-54.034605902, 0000021P0000166
369.6,-722.430048766,-52.599141732,369.6,-723.193623956,         0000021P0000167
-51.050764417,369.6,-723.74856286,-49.415967123,369.6,           0000021P0000168
-724.085370319,-47.722721684,369.6,-724.201712861,-45.947677497, 0000021P0000169
369.6,-724.2,46.,369.6,-724.085370319,47.722721684,369.6,        0000021P0000170
-723.74856286,49.415967123,369.6,-723.193623956,51.050764417,    0000021P0000171
369.6,-722.430048766,52.599141732,369.6,-721.470902272,          0000021P0000172
54.034605902,369.6,-720.332595737,55.332595737,369.6,            0000021P0000173
-719.034605902,56.470902272,369.6,-717.599141732,57.430048766,   0000021P0000174
369.6,-686.7,0.,369.6,-486.7,0.,369.6,-530.2,40.,369.6,-654.2,   0000021P0000175
-40.,369.6,-530.2,-40.,369.6,-654.2,40.,369.6,-719.034605902,    0000021P0000176
-56.470902272,379.6,-720.332595737,-55.332595737,379.6,          0000021P0000177
-721.470902272,-54.034605902,379.6,-722.430048766,-52.599141732, 0000021P0000178
379.6,-723.193623956,-51.050764417,379.6,-723.74856286,          0000021P0000179
-49.415967123,379.6,-724.085370319,-47.722721684,379.6,          0000021P0000180
-724.201712861,-45.947677497,379.6,-724.2,46.,379.6,             0000021P0000181
-724.085370319,47.722721684,379.6,-723.74856286,49.415967123,    0000021P0000182
379.6,-723.193623956,51.050764417,379.6,-722.430048766,          0000021P0000183
52.599141732,379.6,-721.470902272,54.034605902,379.6,            0000021P0000184
-720.332595737,55.332595737,379.6,-719.034605902,56.470902272,   0000021P0000185
379.6,-717.599141732,57.430048766,379.6,-716.050764417,          0000021P0000186
58.193623956,379.6,-714.415967123,58.74856286,379.6,             0000021P0000187
-712.722721684,59.085370319,379.6,-710.947677497,59.201712861,   0000021P0000188
379.6,-489.,59.2,379.6,-487.277278316,59.085370319,379.6,        0000021P0000189
-485.584032877,58.74856286,379.6,-483.949235583,58.193623956,    0000021P0000190
379.6,-482.400858268,57.430048766,379.6,-480.965394098,          0000021P0000191
56.470902272,379.6,-479.667404263,55.332595737,379.6,            0000021P0000192
-478.529097728,54.034605902,379.6,-477.569951234,52.599141732,   0000021P0000193
379.6,-476.806376044,51.050764417,379.6,-476.25143714,           0000021P0000194
49.415967123,379.6,-475.914629681,47.722721684,379.6,            0000021P0000195
-476.25143714,-49.415967123,379.6,-476.806376044,-51.050764417,  0000021P0000196
379.6,-477.569951234,-52.599141732,379.6,-478.529097728,         0000021P0000197
-54.034605902,379.6,-479.667404263,-55.332595737,379.6,          0000021P0000198
-480.965394098,-56.470902272,379.6,-482.400858268,-57.430048766, 0000021P0000199
379.6,-483.949235583,-58.193623956,379.6,-485.584032877,         0000021P0000200
-58.74856286,379.6,-487.277278316,-59.085370319,379.6,           0000021P0000201
-489.052322503,-59.201712861,379.6,-711.,-59.2,379.6,            0000021P0000202
-712.722721684,-59.085370319,379.6,-714.415967123,-58.74856286,  0000021P0000203
379.6,-716.050764417,-58.193623956,379.6,-717.599141732,         0000021P0000204
-57.430048766,379.6,-486.7,0.,379.6,-530.2,40.,379.6,-686.7,0.,  0000021P0000205
379.6,-654.2,40.,379.6,-530.2,-40.,379.6,-654.2,-40.,379.6,      0000021P0000206
-476.065686545,-51.357568053,378.8,-476.065686545,-51.357568053, 0000021P0000207
370.4,-475.477038432,49.623466631,370.4,-475.477038432,          0000021P0000208
49.623466631,378.8,-687.5,0.,370.4,-716.357568053,58.934313455,  0000021P0000209
370.4,-714.623466631,59.522961568,370.4,-718.,58.124355653,      0000021P0000210
370.4,-712.827366691,59.880228059,370.4,-719.522660006,          0000021P0000211
57.106946764,370.4,-711.,60.,370.4,-720.899494937,55.899494937,  0000021P0000212
370.4,-489.,60.,370.4,-722.106946764,54.522660006,370.4,         0000021P0000213
-487.172633309,59.880228059,370.4,-723.124355653,53.,370.4,      0000021P0000214
-485.376533369,59.522961568,370.4,-723.934313455,51.357568053,   0000021P0000215
370.4,-483.642431947,58.934313455,370.4,-724.522961568,          0000021P0000216
49.623466631,370.4,-482.,58.124355653,370.4,-724.880228059,      0000021P0000217
47.827366691,370.4,-480.477339994,57.106946764,370.4,-725.,46.,  0000021P0000218
370.4,-479.100505063,55.899494937,370.4,-725.,-46.,370.4,        0000021P0000219
-477.893053236,54.522660006,370.4,-724.880228059,-47.827366691,  0000021P0000220
370.4,-476.875644347,53.,370.4,-724.522961568,-49.623466631,     0000021P0000221
370.4,-476.065686545,51.357568053,370.4,-723.934313455,          0000021P0000222
-51.357568053,370.4,-723.124355653,-53.,370.4,-722.106946764,    0000021P0000223
-54.522660006,370.4,-720.899494937,-55.899494937,370.4,          0000021P0000224
-719.522660006,-57.106946764,370.4,-718.,-58.124355653,370.4,    0000021P0000225
-716.357568053,-58.934313455,370.4,-714.623466631,-59.522961568, 0000021P0000226
370.4,-476.875644347,-53.,370.4,-712.827366691,-59.880228059,    0000021P0000227
370.4,-477.893053236,-54.522660006,370.4,-711.,-60.,370.4,       0000021P0000228
-479.100505063,-55.899494937,370.4,-489.,-60.,370.4,             0000021P0000229
-480.477339994,-57.106946764,370.4,-487.172633309,-59.880228059, 0000021P0000230
370.4,-482.,-58.124355653,370.4,-485.376533369,-59.522961568,    0000021P0000231
370.4,-483.642431947,-58.934313455,370.4,-487.5,0.,370.4,-531.,  0000021P0000232
40.,370.4,-655.,-40.,370.4,-531.,-40.,370.4,-655.,40.,370.4,     0000021P0000233
-719.522660006,-57.106946764,378.8,-720.899494937,-55.899494937, 0000021P0000234
378.8,-718.,-58.124355653,378.8,-722.106946764,-54.522660006,    0000021P0000235
378.8,-716.357568053,-58.934313455,378.8,-723.124355653,-53.,    0000021P0000236
378.8,-714.623466631,-59.522961568,378.8,-723.934313455,         0000021P0000237
-51.357568053,378.8,-712.827366691,-59.880228059,378.8,          0000021P0000238
-724.522961568,-49.623466631,378.8,-711.,-60.,378.8,             0000021P0000239
-724.880228059,-47.827366691,378.8,-489.,-60.,378.8,-725.,-46.,  0000021P0000240
378.8,-487.172633309,-59.880228059,378.8,-725.,46.,378.8,        0000021P0000241
-485.376533369,-59.522961568,378.8,-724.880228059,47.827366691,  0000021P0000242
378.8,-483.642431947,-58.934313455,378.8,-724.522961568,         0000021P0000243
49.623466631,378.8,-482.,-58.124355653,378.8,-723.934313455,     0000021P0000244
51.357568053,378.8,-480.477339994,-57.106946764,378.8,           0000021P0000245
-723.124355653,53.,378.8,-479.100505063,-55.899494937,378.8,     0000021P0000246
-722.106946764,54.522660006,378.8,-477.893053236,-54.522660006,  0000021P0000247
378.8,-720.899494937,55.899494937,378.8,-476.875644347,-53.,     0000021P0000248
378.8,-719.522660006,57.106946764,378.8,-718.,58.124355653,      0000021P0000249
378.8,-716.357568053,58.934313455,378.8,-714.623466631,          0000021P0000250
59.522961568,378.8,-712.827366691,59.880228059,378.8,-711.,60.,  0000021P0000251
378.8,-489.,60.,378.8,-487.172633309,59.880228059,378.8,         0000021P0000252
-476.065686545,51.357568053,378.8,-485.376533369,59.522961568,   0000021P0000253
378.8,-476.875644347,53.,378.8,-483.642431947,58.934313455,      0000021P0000254
378.8,-477.893053236,54.522660006,378.8,-482.,58.124355653,      0000021P0000255
378.8,-479.100505063,55.899494937,378.8,-480.477339994,          0000021P0000256
57.106946764,378.8,-487.5,0.,378.8,-531.,40.,378.8,-687.5,0.,    0000021P0000257
378.8,-655.,40.,378.8,-531.,-40.,378.8,-655.,-40.,378.8;         0000021P0000258
110,-475.,-46.,378.8,-475.119771941,-47.827366691,378.8;         0000023P0000259
110,-475.119771941,-47.827366691,370.4,-475.119771941,           0000025P0000260
-47.827366691,378.8;                                             0000025P0000261
110,-475.,-46.,370.4,-475.119771941,-47.827366691,370.4;         0000027P0000262
110,-475.,46.,370.4,-475.,46.,378.8;                             0000029P0000263
110,-475.,46.,378.8,-475.,-46.,378.8;                            0000031P0000264
110,-475.,46.,370.4,-475.,-46.,370.4;                            0000033P0000265
110,-475.,-46.,370.4,-475.8,-46.,369.6;                          0000035P0000266
110,-475.119771941,-47.827366691,370.4,-475.914629681,           0000037P0000267
-47.722721684,369.6;                                             0000037P0000268
110,-475.798287139,-45.947677497,369.6,-475.914629681,           0000039P0000269
-47.722721684,369.6;                                             0000039P0000270
110,-475.8,-46.,379.6,-475.,-46.,378.8;                          0000041P0000271
110,-475.119771941,-47.827366691,378.8,-475.914629681,           0000043P0000272
-47.722721684,379.6;                                             0000043P0000273
110,-475.798287139,-45.947677497,379.6,-475.914629681,           0000045P0000274
-47.722721684,379.6;                                             0000045P0000275
110,-475.119771941,-47.827366691,378.8,-475.477038432,           0000047P0000276
-49.623466631,378.8;                                             0000047P0000277
110,-475.477038432,-49.623466631,370.4,-475.477038432,           0000049P0000278
-49.623466631,378.8;                                             0000049P0000279
110,-475.119771941,-47.827366691,370.4,-475.477038432,           0000051P0000280
-49.623466631,370.4;                                             0000051P0000281
110,-475.119771941,47.827366691,370.4,-475.119771941,            0000053P0000282
47.827366691,378.8;                                              0000053P0000283
110,-475.119771941,47.827366691,378.8,-475.,46.,378.8;           0000055P0000284
110,-475.119771941,47.827366691,370.4,-475.,46.,370.4;           0000057P0000285
110,-475.,46.,370.4,-475.798287139,45.947677497,369.6;           0000059P0000286
110,-475.8,46.,369.6,-475.8,-46.,369.6;                          0000061P0000287
110,-475.798287139,45.947677497,379.6,-475.,46.,378.8;           0000063P0000288
110,-475.8,46.,379.6,-475.8,-46.,379.6;                          0000065P0000289
110,-716.050764417,58.193623956,369.6,-714.415967123,            0000067P0000290
58.74856286,369.6;                                               0000067P0000291
110,-714.415967123,58.74856286,369.6,-712.722721684,             0000069P0000292
59.085370319,369.6;                                              0000069P0000293
110,-712.722721684,59.085370319,369.6,-710.947677497,            0000071P0000294
59.201712861,369.6;                                              0000071P0000295
110,-711.,59.2,369.6,-489.,59.2,369.6;                           0000073P0000296
110,-489.052322503,59.201712861,369.6,-487.277278316,            0000075P0000297
59.085370319,369.6;                                              0000075P0000298
110,-487.277278316,59.085370319,369.6,-485.584032877,            0000077P0000299
58.74856286,369.6;                                               0000077P0000300
110,-485.584032877,58.74856286,369.6,-483.949235583,             0000079P0000301
58.193623956,369.6;                                              0000079P0000302
110,-483.949235583,58.193623956,369.6,-482.400858268,            0000081P0000303
57.430048766,369.6;                                              0000081P0000304
110,-482.400858268,57.430048766,369.6,-480.965394098,            0000083P0000305
56.470902272,369.6;                                              0000083P0000306
110,-480.965394098,56.470902272,369.6,-479.667404263,            0000085P0000307
55.332595737,369.6;                                              0000085P0000308
110,-479.667404263,55.332595737,369.6,-478.529097728,            0000087P0000309
54.034605902,369.6;                                              0000087P0000310
110,-478.529097728,54.034605902,369.6,-477.569951234,            0000089P0000311
52.599141732,369.6;                                              0000089P0000312
110,-477.569951234,52.599141732,369.6,-476.806376044,            0000091P0000313
51.050764417,369.6;                                              0000091P0000314
110,-476.806376044,51.050764417,369.6,-476.25143714,             0000093P0000315
49.415967123,369.6;                                              0000093P0000316
110,-476.25143714,49.415967123,369.6,-475.914629681,             0000095P0000317
47.722721684,369.6;                                              0000095P0000318
110,-475.914629681,47.722721684,369.6,-475.798287139,            0000097P0000319
45.947677497,369.6;                                              0000097P0000320
110,-475.914629681,-47.722721684,369.6,-476.25143714,            0000099P0000321
-49.415967123,369.6;                                             0000099P0000322
110,-476.25143714,-49.415967123,369.6,-476.806376044,            0000101P0000323
-51.050764417,369.6;                                             0000101P0000324
110,-476.806376044,-51.050764417,369.6,-477.569951234,           0000103P0000325
-52.599141732,369.6;                                             0000103P0000326
110,-477.569951234,-52.599141732,369.6,-478.529097728,           0000105P0000327
-54.034605902,369.6;                                             0000105P0000328
110,-478.529097728,-54.034605902,369.6,-479.667404263,           0000107P0000329
-55.332595737,369.6;                                             0000107P0000330
110,-479.667404263,-55.332595737,369.6,-480.965394098,           0000109P0000331
-56.470902272,369.6;                                             0000109P0000332
110,-480.965394098,-56.470902272,369.6,-482.400858268,           0000111P0000333
-57.430048766,369.6;                                             0000111P0000334
110,-482.400858268,-57.430048766,369.6,-483.949235583,           0000113P0000335
-58.193623956,369.6;                                             0000113P0000336
110,-483.949235583,-58.193623956,369.6,-485.584032877,           0000115P0000337
-58.74856286,369.6;                                              0000115P0000338
110,-485.584032877,-58.74856286,369.6,-487.277278316,            0000117P0000339
-59.085370319,369.6;                                             0000117P0000340
110,-487.277278316,-59.085370319,369.6,-489.052322503,           0000119P0000341
-59.201712861,369.6;                                             0000119P0000342
110,-489.,-59.2,369.6,-711.,-59.2,369.6;                         0000121P0000343
110,-710.947677497,-59.201712861,369.6,-712.722721684,           0000123P0000344
-59.085370319,369.6;                                             0000123P0000345
110,-712.722721684,-59.085370319,369.6,-714.415967123,           0000125P0000346
-58.74856286,369.6;                                              0000125P0000347
110,-714.415967123,-58.74856286,369.6,-716.050764417,            0000127P0000348
-58.193623956,369.6;                                             0000127P0000349
110,-716.050764417,-58.193623956,369.6,-717.599141732,           0000129P0000350
-57.430048766,369.6;                                             0000129P0000351
110,-717.599141732,-57.430048766,369.6,-719.034605902,           0000131P0000352
-56.470902272,369.6;                                             0000131P0000353
110,-719.034605902,-56.470902272,369.6,-720.332595737,           0000133P0000354
-55.332595737,369.6;                                             0000133P0000355
110,-720.332595737,-55.332595737,369.6,-721.470902272,           0000135P0000356
-54.034605902,369.6;                                             0000135P0000357
110,-721.470902272,-54.034605902,369.6,-722.430048766,           0000137P0000358
-52.599141732,369.6;                                             0000137P0000359
110,-722.430048766,-52.599141732,369.6,-723.193623956,           0000139P0000360
-51.050764417,369.6;                                             0000139P0000361
110,-723.193623956,-51.050764417,369.6,-723.74856286,            0000141P0000362
-49.415967123,369.6;                                             0000141P0000363
110,-723.74856286,-49.415967123,369.6,-724.085370319,            0000143P0000364
-47.722721684,369.6;                                             0000143P0000365
110,-724.085370319,-47.722721684,369.6,-724.201712861,           0000145P0000366
-45.947677497,369.6;                                             0000145P0000367
110,-724.2,-46.,369.6,-724.2,46.,369.6;                          0000147P0000368
110,-724.201712861,45.947677497,369.6,-724.085370319,            0000149P0000369
47.722721684,369.6;                                              0000149P0000370
110,-724.085370319,47.722721684,369.6,-723.74856286,             0000151P0000371
49.415967123,369.6;                                              0000151P0000372
110,-723.74856286,49.415967123,369.6,-723.193623956,             0000153P0000373
51.050764417,369.6;                                              0000153P0000374
110,-723.193623956,51.050764417,369.6,-722.430048766,            0000155P0000375
52.599141732,369.6;                                              0000155P0000376
110,-722.430048766,52.599141732,369.6,-721.470902272,            0000157P0000377
54.034605902,369.6;                                              0000157P0000378
110,-721.470902272,54.034605902,369.6,-720.332595737,            0000159P0000379
55.332595737,369.6;                                              0000159P0000380
110,-720.332595737,55.332595737,369.6,-719.034605902,            0000161P0000381
56.470902272,369.6;                                              0000161P0000382
110,-719.034605902,56.470902272,369.6,-717.599141732,            0000163P0000383
57.430048766,369.6;                                              0000163P0000384
110,-717.599141732,57.430048766,369.6,-716.050764417,            0000165P0000385
58.193623956,369.6;                                              0000165P0000386
100,0.,0.,0.,13.3,0.,13.3,0.;                                    0000167P0000387
124,1.,0.,0.,-700.,0.,1.,0.,0.,0.,0.,1.,369.6;                   0000169P0000388
100,0.,0.,0.,13.3,0.,13.3,0.;                                    0000171P0000389
124,1.,0.,0.,-500.,0.,1.,0.,0.,0.,0.,1.,369.6;                   0000173P0000390
100,0.,0.,0.,7.8,0.,7.8,0.;                                      0000175P0000391
124,1.,0.,0.,-538.,0.,1.,0.,40.,0.,0.,1.,369.6;                  0000177P0000392
100,0.,0.,0.,7.8,0.,7.8,0.;                                      0000179P0000393
124,1.,0.,0.,-662.,0.,1.,0.,-40.,0.,0.,1.,369.6;                 0000181P0000394
100,0.,0.,0.,7.8,0.,7.8,0.;                                      0000183P0000395
124,1.,0.,0.,-538.,0.,1.,0.,-40.,0.,0.,1.,369.6;                 0000185P0000396
100,0.,0.,0.,7.8,0.,7.8,0.;                                      0000187P0000397
124,1.,0.,0.,-662.,0.,1.,0.,40.,0.,0.,1.,369.6;                  0000189P0000398
110,-475.477038432,-49.623466631,370.4,-476.25143714,            0000191P0000399
-49.415967123,369.6;                                             0000191P0000400
110,-719.034605902,-56.470902272,379.6,-720.332595737,           0000193P0000401
-55.332595737,379.6;                                             0000193P0000402
110,-720.332595737,-55.332595737,379.6,-721.470902272,           0000195P0000403
-54.034605902,379.6;                                             0000195P0000404
110,-721.470902272,-54.034605902,379.6,-722.430048766,           0000197P0000405
-52.599141732,379.6;                                             0000197P0000406
110,-722.430048766,-52.599141732,379.6,-723.193623956,           0000199P0000407
-51.050764417,379.6;                                             0000199P0000408
110,-723.193623956,-51.050764417,379.6,-723.74856286,            0000201P0000409
-49.415967123,379.6;                                             0000201P0000410
110,-723.74856286,-49.415967123,379.6,-724.085370319,            0000203P0000411
-47.722721684,379.6;                                             0000203P0000412
110,-724.085370319,-47.722721684,379.6,-724.201712861,           0000205P0000413
-45.947677497,379.6;                                             0000205P0000414
110,-724.2,-46.,379.6,-724.2,46.,379.6;                          0000207P0000415
110,-724.201712861,45.947677497,379.6,-724.085370319,            0000209P0000416
47.722721684,379.6;                                              0000209P0000417
110,-724.085370319,47.722721684,379.6,-723.74856286,             0000211P0000418
49.415967123,379.6;                                              0000211P0000419
110,-723.74856286,49.415967123,379.6,-723.193623956,             0000213P0000420
51.050764417,379.6;                                              0000213P0000421
110,-723.193623956,51.050764417,379.6,-722.430048766,            0000215P0000422
52.599141732,379.6;                                              0000215P0000423
110,-722.430048766,52.599141732,379.6,-721.470902272,            0000217P0000424
54.034605902,379.6;                                              0000217P0000425
110,-721.470902272,54.034605902,379.6,-720.332595737,            0000219P0000426
55.332595737,379.6;                                              0000219P0000427
110,-720.332595737,55.332595737,379.6,-719.034605902,            0000221P0000428
56.470902272,379.6;                                              0000221P0000429
110,-719.034605902,56.470902272,379.6,-717.599141732,            0000223P0000430
57.430048766,379.6;                                              0000223P0000431
110,-717.599141732,57.430048766,379.6,-716.050764417,            0000225P0000432
58.193623956,379.6;                                              0000225P0000433
110,-716.050764417,58.193623956,379.6,-714.415967123,            0000227P0000434
58.74856286,379.6;                                               0000227P0000435
110,-714.415967123,58.74856286,379.6,-712.722721684,             0000229P0000436
59.085370319,379.6;                                              0000229P0000437
110,-712.722721684,59.085370319,379.6,-710.947677497,            0000231P0000438
59.201712861,379.6;                                              0000231P0000439
110,-711.,59.2,379.6,-489.,59.2,379.6;                           0000233P0000440
110,-489.052322503,59.201712861,379.6,-487.277278316,            0000235P0000441
59.085370319,379.6;                                              0000235P0000442
110,-487.277278316,59.085370319,379.6,-485.584032877,            0000237P0000443
58.74856286,379.6;                                               0000237P0000444
110,-485.584032877,58.74856286,379.6,-483.949235583,             0000239P0000445
58.193623956,379.6;                                              0000239P0000446
110,-483.949235583,58.193623956,379.6,-482.400858268,            0000241P0000447
57.430048766,379.6;                                              0000241P0000448
110,-482.400858268,57.430048766,379.6,-480.965394098,            0000243P0000449
56.470902272,379.6;                                              0000243P0000450
110,-480.965394098,56.470902272,379.6,-479.667404263,            0000245P0000451
55.332595737,379.6;                                              0000245P0000452
110,-479.667404263,55.332595737,379.6,-478.529097728,            0000247P0000453
54.034605902,379.6;                                              0000247P0000454
110,-478.529097728,54.034605902,379.6,-477.569951234,            0000249P0000455
52.599141732,379.6;                                              0000249P0000456
110,-477.569951234,52.599141732,379.6,-476.806376044,            0000251P0000457
51.050764417,379.6;                                              0000251P0000458
110,-476.806376044,51.050764417,379.6,-476.25143714,             0000253P0000459
49.415967123,379.6;                                              0000253P0000460
110,-476.25143714,49.415967123,379.6,-475.914629681,             0000255P0000461
47.722721684,379.6;                                              0000255P0000462
110,-475.914629681,47.722721684,379.6,-475.798287139,            0000257P0000463
45.947677497,379.6;                                              0000257P0000464
110,-475.914629681,-47.722721684,379.6,-476.25143714,            0000259P0000465
-49.415967123,379.6;                                             0000259P0000466
110,-476.25143714,-49.415967123,379.6,-476.806376044,            0000261P0000467
-51.050764417,379.6;                                             0000261P0000468
110,-476.806376044,-51.050764417,379.6,-477.569951234,           0000263P0000469
-52.599141732,379.6;                                             0000263P0000470
110,-477.569951234,-52.599141732,379.6,-478.529097728,           0000265P0000471
-54.034605902,379.6;                                             0000265P0000472
110,-478.529097728,-54.034605902,379.6,-479.667404263,           0000267P0000473
-55.332595737,379.6;                                             0000267P0000474
110,-479.667404263,-55.332595737,379.6,-480.965394098,           0000269P0000475
-56.470902272,379.6;                                             0000269P0000476
110,-480.965394098,-56.470902272,379.6,-482.400858268,           0000271P0000477
-57.430048766,379.6;                                             0000271P0000478
110,-482.400858268,-57.430048766,379.6,-483.949235583,           0000273P0000479
-58.193623956,379.6;                                             0000273P0000480
110,-483.949235583,-58.193623956,379.6,-485.584032877,           0000275P0000481
-58.74856286,379.6;                                              0000275P0000482
110,-485.584032877,-58.74856286,379.6,-487.277278316,            0000277P0000483
-59.085370319,379.6;                                             0000277P0000484
110,-487.277278316,-59.085370319,379.6,-489.052322503,           0000279P0000485
-59.201712861,379.6;                                             0000279P0000486
110,-489.,-59.2,379.6,-711.,-59.2,379.6;                         0000281P0000487
110,-710.947677497,-59.201712861,379.6,-712.722721684,           0000283P0000488
-59.085370319,379.6;                                             0000283P0000489
110,-712.722721684,-59.085370319,379.6,-714.415967123,           0000285P0000490
-58.74856286,379.6;                                              0000285P0000491
110,-714.415967123,-58.74856286,379.6,-716.050764417,            0000287P0000492
-58.193623956,379.6;                                             0000287P0000493
110,-716.050764417,-58.193623956,379.6,-717.599141732,           0000289P0000494
-57.430048766,379.6;                                             0000289P0000495
110,-717.599141732,-57.430048766,379.6,-719.034605902,           0000291P0000496
-56.470902272,379.6;                                             0000291P0000497
100,0.,0.,0.,13.3,0.,13.3,0.;                                    0000293P0000498
124,1.,0.,0.,-500.,0.,1.,0.,0.,0.,0.,1.,379.6;                   0000295P0000499
100,0.,0.,0.,7.8,0.,7.8,0.;                                      0000297P0000500
124,1.,0.,0.,-538.,0.,1.,0.,40.,0.,0.,1.,379.6;                  0000299P0000501
100,0.,0.,0.,13.3,0.,13.3,0.;                                    0000301P0000502
124,1.,0.,0.,-700.,0.,1.,0.,0.,0.,0.,1.,379.6;                   0000303P0000503
100,0.,0.,0.,7.8,0.,7.8,0.;                                      0000305P0000504
124,1.,0.,0.,-662.,0.,1.,0.,40.,0.,0.,1.,379.6;                  0000307P0000505
100,0.,0.,0.,7.8,0.,7.8,0.;                                      0000309P0000506
124,1.,0.,0.,-538.,0.,1.,0.,-40.,0.,0.,1.,379.6;                 0000311P0000507
100,0.,0.,0.,7.8,0.,7.8,0.;                                      0000313P0000508
124,1.,0.,0.,-662.,0.,1.,0.,-40.,0.,0.,1.,379.6;                 0000315P0000509
110,-476.25143714,-49.415967123,379.6,-475.477038432,            0000317P0000510
-49.623466631,378.8;                                             0000317P0000511
110,-475.477038432,-49.623466631,378.8,-476.065686545,           0000319P0000512
-51.357568053,378.8;                                             0000319P0000513
110,-476.065686545,-51.357568053,370.4,-476.065686545,           0000321P0000514
-51.357568053,378.8;                                             0000321P0000515
110,-475.477038432,-49.623466631,370.4,-476.065686545,           0000323P0000516
-51.357568053,370.4;                                             0000323P0000517
110,-475.477038432,49.623466631,370.4,-475.477038432,            0000325P0000518
49.623466631,378.8;                                              0000325P0000519
110,-475.477038432,49.623466631,378.8,-475.119771941,            0000327P0000520
47.827366691,378.8;                                              0000327P0000521
110,-475.477038432,49.623466631,370.4,-475.119771941,            0000329P0000522
47.827366691,370.4;                                              0000329P0000523
110,-475.914629681,47.722721684,369.6,-475.119771941,            0000331P0000524
47.827366691,370.4;                                              0000331P0000525
110,-475.914629681,47.722721684,379.6,-475.119771941,            0000333P0000526
47.827366691,378.8;                                              0000333P0000527
110,-686.7,0.,369.6,-687.5,0.,370.4;                             0000335P0000528
100,0.,0.,0.,12.5,0.,12.5,0.;                                    0000337P0000529
124,1.,0.,0.,-700.,0.,1.,0.,0.,0.,0.,1.,370.4;                   0000339P0000530
110,-716.050764417,58.193623956,369.6,-716.357568053,            0000341P0000531
58.934313455,370.4;                                              0000341P0000532
110,-716.357568053,58.934313455,370.4,-714.623466631,            0000343P0000533
59.522961568,370.4;                                              0000343P0000534
110,-714.415967123,58.74856286,369.6,-714.623466631,             0000345P0000535
59.522961568,370.4;                                              0000345P0000536
110,-717.599141732,57.430048766,369.6,-718.,58.124355653,370.4;  0000347P0000537
110,-718.,58.124355653,370.4,-716.357568053,58.934313455,370.4;  0000349P0000538
110,-714.623466631,59.522961568,370.4,-712.827366691,            0000351P0000539
59.880228059,370.4;                                              0000351P0000540
110,-712.722721684,59.085370319,369.6,-712.827366691,            0000353P0000541
59.880228059,370.4;                                              0000353P0000542
110,-719.034605902,56.470902272,369.6,-719.522660006,            0000355P0000543
57.106946764,370.4;                                              0000355P0000544
110,-719.522660006,57.106946764,370.4,-718.,58.124355653,370.4;  0000357P0000545
110,-712.827366691,59.880228059,370.4,-711.,60.,370.4;           0000359P0000546
110,-710.947677497,59.201712861,369.6,-711.,60.,370.4;           0000361P0000547
110,-720.332595737,55.332595737,369.6,-720.899494937,            0000363P0000548
55.899494937,370.4;                                              0000363P0000549
110,-720.899494937,55.899494937,370.4,-719.522660006,            0000365P0000550
57.106946764,370.4;                                              0000365P0000551
110,-711.,60.,370.4,-489.,60.,370.4;                             0000367P0000552
110,-489.,59.2,369.6,-489.,60.,370.4;                            0000369P0000553
110,-721.470902272,54.034605902,369.6,-722.106946764,            0000371P0000554
54.522660006,370.4;                                              0000371P0000555
110,-722.106946764,54.522660006,370.4,-720.899494937,            0000373P0000556
55.899494937,370.4;                                              0000373P0000557
110,-489.,60.,370.4,-487.172633309,59.880228059,370.4;           0000375P0000558
110,-487.277278316,59.085370319,369.6,-487.172633309,            0000377P0000559
59.880228059,370.4;                                              0000377P0000560
110,-722.430048766,52.599141732,369.6,-723.124355653,53.,370.4;  0000379P0000561
110,-723.124355653,53.,370.4,-722.106946764,54.522660006,370.4;  0000381P0000562
110,-487.172633309,59.880228059,370.4,-485.376533369,            0000383P0000563
59.522961568,370.4;                                              0000383P0000564
110,-485.584032877,58.74856286,369.6,-485.376533369,             0000385P0000565
59.522961568,370.4;                                              0000385P0000566
110,-723.193623956,51.050764417,369.6,-723.934313455,            0000387P0000567
51.357568053,370.4;                                              0000387P0000568
110,-723.934313455,51.357568053,370.4,-723.124355653,53.,370.4;  0000389P0000569
110,-485.376533369,59.522961568,370.4,-483.642431947,            0000391P0000570
58.934313455,370.4;                                              0000391P0000571
110,-483.949235583,58.193623956,369.6,-483.642431947,            0000393P0000572
58.934313455,370.4;                                              0000393P0000573
110,-723.74856286,49.415967123,369.6,-724.522961568,             0000395P0000574
49.623466631,370.4;                                              0000395P0000575
110,-724.522961568,49.623466631,370.4,-723.934313455,            0000397P0000576
51.357568053,370.4;                                              0000397P0000577
110,-483.642431947,58.934313455,370.4,-482.,58.124355653,370.4;  0000399P0000578
110,-482.400858268,57.430048766,369.6,-482.,58.124355653,370.4;  0000401P0000579
110,-724.085370319,47.722721684,369.6,-724.880228059,            0000403P0000580
47.827366691,370.4;                                              0000403P0000581
110,-724.880228059,47.827366691,370.4,-724.522961568,            0000405P0000582
49.623466631,370.4;                                              0000405P0000583
110,-482.,58.124355653,370.4,-480.477339994,57.106946764,370.4;  0000407P0000584
110,-480.965394098,56.470902272,369.6,-480.477339994,            0000409P0000585
57.106946764,370.4;                                              0000409P0000586
110,-724.2,46.,369.6,-725.,46.,370.4;                            0000411P0000587
110,-725.,46.,370.4,-724.880228059,47.827366691,370.4;           0000413P0000588
110,-480.477339994,57.106946764,370.4,-479.100505063,            0000415P0000589
55.899494937,370.4;                                              0000415P0000590
110,-479.667404263,55.332595737,369.6,-479.100505063,            0000417P0000591
55.899494937,370.4;                                              0000417P0000592
110,-724.201712861,-45.947677497,369.6,-725.,-46.,370.4;         0000419P0000593
110,-725.,-46.,370.4,-725.,46.,370.4;                            0000421P0000594
110,-479.100505063,55.899494937,370.4,-477.893053236,            0000423P0000595
54.522660006,370.4;                                              0000423P0000596
110,-478.529097728,54.034605902,369.6,-477.893053236,            0000425P0000597
54.522660006,370.4;                                              0000425P0000598
110,-724.085370319,-47.722721684,369.6,-724.880228059,           0000427P0000599
-47.827366691,370.4;                                             0000427P0000600
110,-724.880228059,-47.827366691,370.4,-725.,-46.,370.4;         0000429P0000601
110,-477.893053236,54.522660006,370.4,-476.875644347,53.,370.4;  0000431P0000602
110,-477.569951234,52.599141732,369.6,-476.875644347,53.,370.4;  0000433P0000603
110,-723.74856286,-49.415967123,369.6,-724.522961568,            0000435P0000604
-49.623466631,370.4;                                             0000435P0000605
110,-724.522961568,-49.623466631,370.4,-724.880228059,           0000437P0000606
-47.827366691,370.4;                                             0000437P0000607
110,-476.875644347,53.,370.4,-476.065686545,51.357568053,370.4;  0000439P0000608
110,-476.806376044,51.050764417,369.6,-476.065686545,            0000441P0000609
51.357568053,370.4;                                              0000441P0000610
110,-723.193623956,-51.050764417,369.6,-723.934313455,           0000443P0000611
-51.357568053,370.4;                                             0000443P0000612
110,-723.934313455,-51.357568053,370.4,-724.522961568,           0000445P0000613
-49.623466631,370.4;                                             0000445P0000614
110,-476.065686545,51.357568053,370.4,-475.477038432,            0000447P0000615
49.623466631,370.4;                                              0000447P0000616
110,-476.25143714,49.415967123,369.6,-475.477038432,             0000449P0000617
49.623466631,370.4;                                              0000449P0000618
110,-722.430048766,-52.599141732,369.6,-723.124355653,-53.,      0000451P0000619
370.4;                                                           0000451P0000620
110,-723.124355653,-53.,370.4,-723.934313455,-51.357568053,      0000453P0000621
370.4;                                                           0000453P0000622
110,-721.470902272,-54.034605902,369.6,-722.106946764,           0000455P0000623
-54.522660006,370.4;                                             0000455P0000624
110,-722.106946764,-54.522660006,370.4,-723.124355653,-53.,      0000457P0000625
370.4;                                                           0000457P0000626
110,-720.332595737,-55.332595737,369.6,-720.899494937,           0000459P0000627
-55.899494937,370.4;                                             0000459P0000628
110,-720.899494937,-55.899494937,370.4,-722.106946764,           0000461P0000629
-54.522660006,370.4;                                             0000461P0000630
110,-719.034605902,-56.470902272,369.6,-719.522660006,           0000463P0000631
-57.106946764,370.4;                                             0000463P0000632
110,-719.522660006,-57.106946764,370.4,-720.899494937,           0000465P0000633
-55.899494937,370.4;                                             0000465P0000634
110,-717.599141732,-57.430048766,369.6,-718.,-58.124355653,      0000467P0000635
370.4;                                                           0000467P0000636
110,-718.,-58.124355653,370.4,-719.522660006,-57.106946764,      0000469P0000637
370.4;                                                           0000469P0000638
110,-716.050764417,-58.193623956,369.6,-716.357568053,           0000471P0000639
-58.934313455,370.4;                                             0000471P0000640
110,-716.357568053,-58.934313455,370.4,-718.,-58.124355653,      0000473P0000641
370.4;                                                           0000473P0000642
110,-476.806376044,-51.050764417,369.6,-476.065686545,           0000475P0000643
-51.357568053,370.4;                                             0000475P0000644
110,-714.415967123,-58.74856286,369.6,-714.623466631,            0000477P0000645
-59.522961568,370.4;                                             0000477P0000646
110,-714.623466631,-59.522961568,370.4,-716.357568053,           0000479P0000647
-58.934313455,370.4;                                             0000479P0000648
110,-476.065686545,-51.357568053,370.4,-476.875644347,-53.,      0000481P0000649
370.4;                                                           0000481P0000650
110,-477.569951234,-52.599141732,369.6,-476.875644347,-53.,      0000483P0000651
370.4;                                                           0000483P0000652
110,-712.722721684,-59.085370319,369.6,-712.827366691,           0000485P0000653
-59.880228059,370.4;                                             0000485P0000654
110,-712.827366691,-59.880228059,370.4,-714.623466631,           0000487P0000655
-59.522961568,370.4;                                             0000487P0000656
110,-476.875644347,-53.,370.4,-477.893053236,-54.522660006,      0000489P0000657
370.4;                                                           0000489P0000658
110,-478.529097728,-54.034605902,369.6,-477.893053236,           0000491P0000659
-54.522660006,370.4;                                             0000491P0000660
110,-711.,-59.2,369.6,-711.,-60.,370.4;                          0000493P0000661
110,-711.,-60.,370.4,-712.827366691,-59.880228059,370.4;         0000495P0000662
110,-477.893053236,-54.522660006,370.4,-479.100505063,           0000497P0000663
-55.899494937,370.4;                                             0000497P0000664
110,-479.667404263,-55.332595737,369.6,-479.100505063,           0000499P0000665
-55.899494937,370.4;                                             0000499P0000666
110,-489.052322503,-59.201712861,369.6,-489.,-60.,370.4;         0000501P0000667
110,-489.,-60.,370.4,-711.,-60.,370.4;                           0000503P0000668
110,-479.100505063,-55.899494937,370.4,-480.477339994,           0000505P0000669
-57.106946764,370.4;                                             0000505P0000670
110,-480.965394098,-56.470902272,369.6,-480.477339994,           0000507P0000671
-57.106946764,370.4;                                             0000507P0000672
110,-487.277278316,-59.085370319,369.6,-487.172633309,           0000509P0000673
-59.880228059,370.4;                                             0000509P0000674
110,-487.172633309,-59.880228059,370.4,-489.,-60.,370.4;         0000511P0000675
110,-480.477339994,-57.106946764,370.4,-482.,-58.124355653,      0000513P0000676
370.4;                                                           0000513P0000677
110,-482.400858268,-57.430048766,369.6,-482.,-58.124355653,      0000515P0000678
370.4;                                                           0000515P0000679
110,-485.584032877,-58.74856286,369.6,-485.376533369,            0000517P0000680
-59.522961568,370.4;                                             0000517P0000681
110,-485.376533369,-59.522961568,370.4,-487.172633309,           0000519P0000682
-59.880228059,370.4;                                             0000519P0000683
110,-482.,-58.124355653,370.4,-483.642431947,-58.934313455,      0000521P0000684
370.4;                                                           0000521P0000685
110,-483.949235583,-58.193623956,369.6,-483.642431947,           0000523P0000686
-58.934313455,370.4;                                             0000523P0000687
110,-483.642431947,-58.934313455,370.4,-485.376533369,           0000525P0000688
-59.522961568,370.4;                                             0000525P0000689
110,-486.7,0.,369.6,-487.5,0.,370.4;                             0000527P0000690
100,0.,0.,0.,12.5,0.,12.5,0.;                                    0000529P0000691
124,1.,0.,0.,-500.,0.,1.,0.,0.,0.,0.,1.,370.4;                   0000531P0000692
110,-530.2,40.,369.6,-531.,40.,370.4;                            0000533P0000693
100,0.,0.,0.,7.,0.,7.,0.;                                        0000535P0000694
124,1.,0.,0.,-538.,0.,1.,0.,40.,0.,0.,1.,370.4;                  0000537P0000695
110,-654.2,-40.,369.6,-655.,-40.,370.4;                          0000539P0000696
100,0.,0.,0.,7.,0.,7.,0.;                                        0000541P0000697
124,1.,0.,0.,-662.,0.,1.,0.,-40.,0.,0.,1.,370.4;                 0000543P0000698
110,-530.2,-40.,369.6,-531.,-40.,370.4;                          0000545P0000699
100,0.,0.,0.,7.,0.,7.,0.;                                        0000547P0000700
124,1.,0.,0.,-538.,0.,1.,0.,-40.,0.,0.,1.,370.4;                 0000549P0000701
110,-654.2,40.,369.6,-655.,40.,370.4;                            0000551P0000702
100,0.,0.,0.,7.,0.,7.,0.;                                        0000553P0000703
124,1.,0.,0.,-662.,0.,1.,0.,40.,0.,0.,1.,370.4;                  0000555P0000704
110,-719.034605902,-56.470902272,379.6,-719.522660006,           0000557P0000705
-57.106946764,378.8;                                             0000557P0000706
110,-719.522660006,-57.106946764,378.8,-720.899494937,           0000559P0000707
-55.899494937,378.8;                                             0000559P0000708
110,-720.332595737,-55.332595737,379.6,-720.899494937,           0000561P0000709
-55.899494937,378.8;                                             0000561P0000710
110,-717.599141732,-57.430048766,379.6,-718.,-58.124355653,      0000563P0000711
378.8;                                                           0000563P0000712
110,-718.,-58.124355653,378.8,-719.522660006,-57.106946764,      0000565P0000713
378.8;                                                           0000565P0000714
110,-720.899494937,-55.899494937,378.8,-722.106946764,           0000567P0000715
-54.522660006,378.8;                                             0000567P0000716
110,-721.470902272,-54.034605902,379.6,-722.106946764,           0000569P0000717
-54.522660006,378.8;                                             0000569P0000718
110,-716.050764417,-58.193623956,379.6,-716.357568053,           0000571P0000719
-58.934313455,378.8;                                             0000571P0000720
110,-716.357568053,-58.934313455,378.8,-718.,-58.124355653,      0000573P0000721
378.8;                                                           0000573P0000722
110,-722.106946764,-54.522660006,378.8,-723.124355653,-53.,      0000575P0000723
378.8;                                                           0000575P0000724
110,-722.430048766,-52.599141732,379.6,-723.124355653,-53.,      0000577P0000725
378.8;                                                           0000577P0000726
110,-714.415967123,-58.74856286,379.6,-714.623466631,            0000579P0000727
-59.522961568,378.8;                                             0000579P0000728
110,-714.623466631,-59.522961568,378.8,-716.357568053,           0000581P0000729
-58.934313455,378.8;                                             0000581P0000730
110,-723.124355653,-53.,378.8,-723.934313455,-51.357568053,      0000583P0000731
378.8;                                                           0000583P0000732
110,-723.193623956,-51.050764417,379.6,-723.934313455,           0000585P0000733
-51.357568053,378.8;                                             0000585P0000734
110,-712.722721684,-59.085370319,379.6,-712.827366691,           0000587P0000735
-59.880228059,378.8;                                             0000587P0000736
110,-712.827366691,-59.880228059,378.8,-714.623466631,           0000589P0000737
-59.522961568,378.8;                                             0000589P0000738
110,-723.934313455,-51.357568053,378.8,-724.522961568,           0000591P0000739
-49.623466631,378.8;                                             0000591P0000740
110,-723.74856286,-49.415967123,379.6,-724.522961568,            0000593P0000741
-49.623466631,378.8;                                             0000593P0000742
110,-711.,-59.2,379.6,-711.,-60.,378.8;                          0000595P0000743
110,-711.,-60.,378.8,-712.827366691,-59.880228059,378.8;         0000597P0000744
110,-724.522961568,-49.623466631,378.8,-724.880228059,           0000599P0000745
-47.827366691,378.8;                                             0000599P0000746
110,-724.085370319,-47.722721684,379.6,-724.880228059,           0000601P0000747
-47.827366691,378.8;                                             0000601P0000748
110,-489.052322503,-59.201712861,379.6,-489.,-60.,378.8;         0000603P0000749
110,-489.,-60.,378.8,-711.,-60.,378.8;                           0000605P0000750
110,-724.880228059,-47.827366691,378.8,-725.,-46.,378.8;         0000607P0000751
110,-724.201712861,-45.947677497,379.6,-725.,-46.,378.8;         0000609P0000752
110,-487.277278316,-59.085370319,379.6,-487.172633309,           0000611P0000753
-59.880228059,378.8;                                             0000611P0000754
110,-487.172633309,-59.880228059,378.8,-489.,-60.,378.8;         0000613P0000755
110,-725.,-46.,378.8,-725.,46.,378.8;                            0000615P0000756
110,-724.2,46.,379.6,-725.,46.,378.8;                            0000617P0000757
110,-485.584032877,-58.74856286,379.6,-485.376533369,            0000619P0000758
-59.522961568,378.8;                                             0000619P0000759
110,-485.376533369,-59.522961568,378.8,-487.172633309,           0000621P0000760
-59.880228059,378.8;                                             0000621P0000761
110,-725.,46.,378.8,-724.880228059,47.827366691,378.8;           0000623P0000762
110,-724.085370319,47.722721684,379.6,-724.880228059,            0000625P0000763
47.827366691,378.8;                                              0000625P0000764
110,-483.949235583,-58.193623956,379.6,-483.642431947,           0000627P0000765
-58.934313455,378.8;                                             0000627P0000766
110,-483.642431947,-58.934313455,378.8,-485.376533369,           0000629P0000767
-59.522961568,378.8;                                             0000629P0000768
110,-724.880228059,47.827366691,378.8,-724.522961568,            0000631P0000769
49.623466631,378.8;                                              0000631P0000770
110,-723.74856286,49.415967123,379.6,-724.522961568,             0000633P0000771
49.623466631,378.8;                                              0000633P0000772
110,-482.400858268,-57.430048766,379.6,-482.,-58.124355653,      0000635P0000773
378.8;                                                           0000635P0000774
110,-482.,-58.124355653,378.8,-483.642431947,-58.934313455,      0000637P0000775
378.8;                                                           0000637P0000776
110,-724.522961568,49.623466631,378.8,-723.934313455,            0000639P0000777
51.357568053,378.8;                                              0000639P0000778
110,-723.193623956,51.050764417,379.6,-723.934313455,            0000641P0000779
51.357568053,378.8;                                              0000641P0000780
110,-480.965394098,-56.470902272,379.6,-480.477339994,           0000643P0000781
-57.106946764,378.8;                                             0000643P0000782
110,-480.477339994,-57.106946764,378.8,-482.,-58.124355653,      0000645P0000783
378.8;                                                           0000645P0000784
110,-723.934313455,51.357568053,378.8,-723.124355653,53.,378.8;  0000647P0000785
110,-722.430048766,52.599141732,379.6,-723.124355653,53.,378.8;  0000649P0000786
110,-479.667404263,-55.332595737,379.6,-479.100505063,           0000651P0000787
-55.899494937,378.8;                                             0000651P0000788
110,-479.100505063,-55.899494937,378.8,-480.477339994,           0000653P0000789
-57.106946764,378.8;                                             0000653P0000790
110,-723.124355653,53.,378.8,-722.106946764,54.522660006,378.8;  0000655P0000791
110,-721.470902272,54.034605902,379.6,-722.106946764,            0000657P0000792
54.522660006,378.8;                                              0000657P0000793
110,-478.529097728,-54.034605902,379.6,-477.893053236,           0000659P0000794
-54.522660006,378.8;                                             0000659P0000795
110,-477.893053236,-54.522660006,378.8,-479.100505063,           0000661P0000796
-55.899494937,378.8;                                             0000661P0000797
110,-722.106946764,54.522660006,378.8,-720.899494937,            0000663P0000798
55.899494937,378.8;                                              0000663P0000799
110,-720.332595737,55.332595737,379.6,-720.899494937,            0000665P0000800
55.899494937,378.8;                                              0000665P0000801
110,-477.569951234,-52.599141732,379.6,-476.875644347,-53.,      0000667P0000802
378.8;                                                           0000667P0000803
110,-476.875644347,-53.,378.8,-477.893053236,-54.522660006,      0000669P0000804
378.8;                                                           0000669P0000805
110,-720.899494937,55.899494937,378.8,-719.522660006,            0000671P0000806
57.106946764,378.8;                                              0000671P0000807
110,-719.034605902,56.470902272,379.6,-719.522660006,            0000673P0000808
57.106946764,378.8;                                              0000673P0000809
110,-476.806376044,-51.050764417,379.6,-476.065686545,           0000675P0000810
-51.357568053,378.8;                                             0000675P0000811
110,-476.065686545,-51.357568053,378.8,-476.875644347,-53.,      0000677P0000812
378.8;                                                           0000677P0000813
110,-719.522660006,57.106946764,378.8,-718.,58.124355653,378.8;  0000679P0000814
110,-717.599141732,57.430048766,379.6,-718.,58.124355653,378.8;  0000681P0000815
110,-718.,58.124355653,378.8,-716.357568053,58.934313455,378.8;  0000683P0000816
110,-716.050764417,58.193623956,379.6,-716.357568053,            0000685P0000817
58.934313455,378.8;                                              0000685P0000818
110,-716.357568053,58.934313455,378.8,-714.623466631,            0000687P0000819
59.522961568,378.8;                                              0000687P0000820
110,-714.415967123,58.74856286,379.6,-714.623466631,             0000689P0000821
59.522961568,378.8;                                              0000689P0000822
110,-714.623466631,59.522961568,378.8,-712.827366691,            0000691P0000823
59.880228059,378.8;                                              0000691P0000824
110,-712.722721684,59.085370319,379.6,-712.827366691,            0000693P0000825
59.880228059,378.8;                                              0000693P0000826
110,-712.827366691,59.880228059,378.8,-711.,60.,378.8;           0000695P0000827
110,-710.947677497,59.201712861,379.6,-711.,60.,378.8;           0000697P0000828
110,-711.,60.,378.8,-489.,60.,378.8;                             0000699P0000829
110,-489.,59.2,379.6,-489.,60.,378.8;                            0000701P0000830
110,-476.25143714,49.415967123,379.6,-475.477038432,             0000703P0000831
49.623466631,378.8;                                              0000703P0000832
110,-489.,60.,378.8,-487.172633309,59.880228059,378.8;           0000705P0000833
110,-487.277278316,59.085370319,379.6,-487.172633309,            0000707P0000834
59.880228059,378.8;                                              0000707P0000835
110,-476.806376044,51.050764417,379.6,-476.065686545,            0000709P0000836
51.357568053,378.8;                                              0000709P0000837
110,-476.065686545,51.357568053,378.8,-475.477038432,            0000711P0000838
49.623466631,378.8;                                              0000711P0000839
110,-487.172633309,59.880228059,378.8,-485.376533369,            0000713P0000840
59.522961568,378.8;                                              0000713P0000841
110,-485.584032877,58.74856286,379.6,-485.376533369,             0000715P0000842
59.522961568,378.8;                                              0000715P0000843
110,-477.569951234,52.599141732,379.6,-476.875644347,53.,378.8;  0000717P0000844
110,-476.875644347,53.,378.8,-476.065686545,51.357568053,378.8;  0000719P0000845
110,-485.376533369,59.522961568,378.8,-483.642431947,            0000721P0000846
58.934313455,378.8;                                              0000721P0000847
110,-483.949235583,58.193623956,379.6,-483.642431947,            0000723P0000848
58.934313455,378.8;                                              0000723P0000849
110,-478.529097728,54.034605902,379.6,-477.893053236,            0000725P0000850
54.522660006,378.8;                                              0000725P0000851
110,-477.893053236,54.522660006,378.8,-476.875644347,53.,378.8;  0000727P0000852
110,-483.642431947,58.934313455,378.8,-482.,58.124355653,378.8;  0000729P0000853
110,-482.400858268,57.430048766,379.6,-482.,58.124355653,378.8;  0000731P0000854
110,-479.667404263,55.332595737,379.6,-479.100505063,            0000733P0000855
55.899494937,378.8;                                              0000733P0000856
110,-479.100505063,55.899494937,378.8,-477.893053236,            0000735P0000857
54.522660006,378.8;                                              0000735P0000858
110,-482.,58.124355653,378.8,-480.477339994,57.106946764,378.8;  0000737P0000859
110,-480.965394098,56.470902272,379.6,-480.477339994,            0000739P0000860
57.106946764,378.8;                                              0000739P0000861
110,-480.477339994,57.106946764,378.8,-479.100505063,            0000741P0000862
55.899494937,378.8;                                              0000741P0000863
110,-486.7,0.,379.6,-487.5,0.,378.8;                             0000743P0000864
100,0.,0.,0.,12.5,0.,12.5,0.;                                    0000745P0000865
124,1.,0.,0.,-500.,0.,1.,0.,0.,0.,0.,1.,378.8;                   0000747P0000866
110,-530.2,40.,379.6,-531.,40.,378.8;                            0000749P0000867
100,0.,0.,0.,7.,0.,7.,0.;                                        0000751P0000868
124,1.,0.,0.,-538.,0.,1.,0.,40.,0.,0.,1.,378.8;                  0000753P0000869
110,-686.7,0.,379.6,-687.5,0.,378.8;                             0000755P0000870
100,0.,0.,0.,12.5,0.,12.5,0.;                                    0000757P0000871
124,1.,0.,0.,-700.,0.,1.,0.,0.,0.,0.,1.,378.8;                   0000759P0000872
110,-654.2,40.,379.6,-655.,40.,378.8;                            0000761P0000873
100,0.,0.,0.,7.,0.,7.,0.;                                        0000763P0000874
124,1.,0.,0.,-662.,0.,1.,0.,40.,0.,0.,1.,378.8;                  0000765P0000875
110,-530.2,-40.,379.6,-531.,-40.,378.8;                          0000767P0000876
100,0.,0.,0.,7.,0.,7.,0.;                                        0000769P0000877
124,1.,0.,0.,-538.,0.,1.,0.,-40.,0.,0.,1.,378.8;                 0000771P0000878
110,-654.2,-40.,379.6,-655.,-40.,378.8;                          0000773P0000879
100,0.,0.,0.,7.,0.,7.,0.;                                        0000775P0000880
124,1.,0.,0.,-662.,0.,1.,0.,-40.,0.,0.,1.,378.8;                 0000777P0000881
110,-476.875644347,-53.,370.4,-476.875644347,-53.,378.8;         0000779P0000882
110,-476.065686545,51.357568053,370.4,-476.065686545,            0000781P0000883
51.357568053,378.8;                                              0000781P0000884
110,-687.5,0.,370.4,-687.5,0.,378.8;                             0000783P0000885
110,-716.357568053,58.934313455,370.4,-716.357568053,            0000785P0000886
58.934313455,378.8;                                              0000785P0000887
110,-714.623466631,59.522961568,370.4,-714.623466631,            0000787P0000888
59.522961568,378.8;                                              0000787P0000889
110,-718.,58.124355653,370.4,-718.,58.124355653,378.8;           0000789P0000890
110,-712.827366691,59.880228059,370.4,-712.827366691,            0000791P0000891
59.880228059,378.8;                                              0000791P0000892
110,-719.522660006,57.106946764,370.4,-719.522660006,            0000793P0000893
57.106946764,378.8;                                              0000793P0000894
110,-711.,60.,370.4,-711.,60.,378.8;                             0000795P0000895
110,-720.899494937,55.899494937,370.4,-720.899494937,            0000797P0000896
55.899494937,378.8;                                              0000797P0000897
110,-489.,60.,370.4,-489.,60.,378.8;                             0000799P0000898
110,-722.106946764,54.522660006,370.4,-722.106946764,            0000801P0000899
54.522660006,378.8;                                              0000801P0000900
110,-487.172633309,59.880228059,370.4,-487.172633309,            0000803P0000901
59.880228059,378.8;                                              0000803P0000902
110,-723.124355653,53.,370.4,-723.124355653,53.,378.8;           0000805P0000903
110,-485.376533369,59.522961568,370.4,-485.376533369,            0000807P0000904
59.522961568,378.8;                                              0000807P0000905
110,-723.934313455,51.357568053,370.4,-723.934313455,            0000809P0000906
51.357568053,378.8;                                              0000809P0000907
110,-483.642431947,58.934313455,370.4,-483.642431947,            0000811P0000908
58.934313455,378.8;                                              0000811P0000909
110,-724.522961568,49.623466631,370.4,-724.522961568,            0000813P0000910
49.623466631,378.8;                                              0000813P0000911
110,-482.,58.124355653,370.4,-482.,58.124355653,378.8;           0000815P0000912
110,-724.880228059,47.827366691,370.4,-724.880228059,            0000817P0000913
47.827366691,378.8;                                              0000817P0000914
110,-480.477339994,57.106946764,370.4,-480.477339994,            0000819P0000915
57.106946764,378.8;                                              0000819P0000916
110,-725.,46.,370.4,-725.,46.,378.8;                             0000821P0000917
110,-479.100505063,55.899494937,370.4,-479.100505063,            0000823P0000918
55.899494937,378.8;                                              0000823P0000919
110,-725.,-46.,370.4,-725.,-46.,378.8;                           0000825P0000920
110,-477.893053236,54.522660006,370.4,-477.893053236,            0000827P0000921
54.522660006,378.8;                                              0000827P0000922
110,-724.880228059,-47.827366691,370.4,-724.880228059,           0000829P0000923
-47.827366691,378.8;                                             0000829P0000924
110,-476.875644347,53.,370.4,-476.875644347,53.,378.8;           0000831P0000925
110,-724.522961568,-49.623466631,370.4,-724.522961568,           0000833P0000926
-49.623466631,378.8;                                             0000833P0000927
110,-723.934313455,-51.357568053,370.4,-723.934313455,           0000835P0000928
-51.357568053,378.8;                                             0000835P0000929
110,-723.124355653,-53.,370.4,-723.124355653,-53.,378.8;         0000837P0000930
110,-722.106946764,-54.522660006,370.4,-722.106946764,           0000839P0000931
-54.522660006,378.8;                                             0000839P0000932
110,-720.899494937,-55.899494937,370.4,-720.899494937,           0000841P0000933
-55.899494937,378.8;                                             0000841P0000934
110,-719.522660006,-57.106946764,370.4,-719.522660006,           0000843P0000935
-57.106946764,378.8;                                             0000843P0000936
110,-718.,-58.124355653,370.4,-718.,-58.124355653,378.8;         0000845P0000937
110,-716.357568053,-58.934313455,370.4,-716.357568053,           0000847P0000938
-58.934313455,378.8;                                             0000847P0000939
110,-714.623466631,-59.522961568,370.4,-714.623466631,           0000849P0000940
-59.522961568,378.8;                                             0000849P0000941
110,-712.827366691,-59.880228059,370.4,-712.827366691,           0000851P0000942
-59.880228059,378.8;                                             0000851P0000943
110,-477.893053236,-54.522660006,370.4,-477.893053236,           0000853P0000944
-54.522660006,378.8;                                             0000853P0000945
110,-711.,-60.,370.4,-711.,-60.,378.8;                           0000855P0000946
110,-479.100505063,-55.899494937,370.4,-479.100505063,           0000857P0000947
-55.899494937,378.8;                                             0000857P0000948
110,-489.,-60.,370.4,-489.,-60.,378.8;                           0000859P0000949
110,-480.477339994,-57.106946764,370.4,-480.477339994,           0000861P0000950
-57.106946764,378.8;                                             0000861P0000951
110,-487.172633309,-59.880228059,370.4,-487.172633309,           0000863P0000952
-59.880228059,378.8;                                             0000863P0000953
110,-482.,-58.124355653,370.4,-482.,-58.124355653,378.8;         0000865P0000954
110,-485.376533369,-59.522961568,370.4,-485.376533369,           0000867P0000955
-59.522961568,378.8;                                             0000867P0000956
110,-483.642431947,-58.934313455,370.4,-483.642431947,           0000869P0000957
-58.934313455,378.8;                                             0000869P0000958
110,-487.5,0.,370.4,-487.5,0.,378.8;                             0000871P0000959
110,-531.,40.,370.4,-531.,40.,378.8;                             0000873P0000960
110,-655.,-40.,370.4,-655.,-40.,378.8;                           0000875P0000961
110,-531.,-40.,370.4,-531.,-40.,378.8;                           0000877P0000962
110,-655.,40.,370.4,-655.,40.,378.8;                             0000879P0000963
510,883,1,1,891;                                                 0000881P0000964
190,885,887,889;                                                 0000883P0000965
116,-475.,46.,369.6,0;                                           0000885P0000966
123,1.,0.,-0.;                                                   0000887P0000967
123,0.,-1.,0.;                                                   0000889P0000968
508,4,0,17,5,1,0,0,17,6,1,0,0,17,1,0,0,0,17,7,0,0;               0000891P0000969
510,895,1,1,903;                                                 0000893P0000970
190,897,899,901;                                                 0000895P0000971
116,-475.399143569,-45.973838748,370.,0;                         0000897P0000972
123,0.705592811,-4.624699619E-02,-0.707106781;                   0000899P0000973
123,-6.540312923E-02,-0.997858923,-2.289834988E-16;              0000901P0000974
508,4,0,17,8,0,0,0,17,4,1,0,0,17,9,1,0,0,17,10,0,0;              0000903P0000975
510,907,1,1,915;                                                 0000905P0000976
190,909,911,913;                                                 0000907P0000977
116,-475.399143569,-45.973838748,379.2,0;                        0000909P0000978
123,-0.705592811,4.624699619E-02,-0.707106781;                   0000911P0000979
123,6.540312923E-02,0.997858923,-2.636779683E-16;                0000913P0000980
508,4,0,17,11,1,0,0,17,2,1,0,0,17,12,1,0,0,17,13,0,0;            0000915P0000981
510,919,1,1,927;                                                 0000917P0000982
190,921,923,925;                                                 0000919P0000983
116,-475.119771941,-47.827366691,369.6,0;                        0000921P0000984
123,0.98078528,-0.195090322,0.;                                  0000923P0000985
123,-0.195090322,-0.98078528,0.;                                 0000925P0000986
508,4,0,17,3,1,0,0,17,14,1,0,0,17,15,0,0,0,17,16,0,0;            0000927P0000987
510,931,1,1,939;                                                 0000929P0000988
190,933,935,937;                                                 0000931P0000989
116,-475.119771941,47.827366691,369.6,0;                         0000933P0000990
123,0.997858923,6.540312923E-02,-0.;                             0000935P0000991
123,6.540312923E-02,-0.997858923,0.;                             0000937P0000992
508,4,0,17,17,1,0,0,17,18,1,0,0,17,5,0,0,0,17,19,0,0;            0000939P0000993
510,943,1,1,951;                                                 0000941P0000994
190,945,947,949;                                                 0000943P0000995
116,-475.4,46.,370.,0;                                           0000945P0000996
123,0.707106781,-6.983161619E-18,-0.707106781;                   0000947P0000997
123,-4.937840935E-18,-1.,4.937840935E-18;                        0000949P0000998
508,4,0,17,20,0,0,0,17,7,1,0,0,17,8,1,0,0,17,21,0,0;             0000951P0000999
510,955,1,1,963;                                                 0000953P0001000
190,957,959,961;                                                 0000955P0001001
116,-475.4,46.,379.2,0;                                          0000957P0001002
123,-0.707106781,6.983161619E-18,-0.707106781;                   0000959P0001003
123,4.937840935E-18,1.,4.937840935E-18;                          0000961P0001004
508,4,0,17,22,1,0,0,17,6,1,0,0,17,11,0,0,0,17,23,0,0;            0000963P0001005
510,967,7,1,975,977,979,981,983,985,987;                         0000965P0001006
190,969,971,973;                                                 0000967P0001007
116,-600.,0.,369.6,0;                                            0000969P0001008
123,-0.,-0.,-1.;                                                 0000971P0001009
123,-1.,0.,0.;                                                   0000973P0001010
508,52,0,17,24,1,0,0,17,25,1,0,0,17,26,1,0,0,17,27,1,0,0,17,28,  0000975P0001011
1,0,0,17,29,1,0,0,17,30,1,0,0,17,31,1,0,0,17,32,1,0,0,17,33,1,0, 0000975P0001012
0,17,34,1,0,0,17,35,1,0,0,17,36,1,0,0,17,37,1,0,0,17,38,1,0,0,   0000975P0001013
17,39,1,0,0,17,21,1,0,0,17,10,1,0,0,17,40,1,0,0,17,41,1,0,0,17,  0000975P0001014
42,1,0,0,17,43,1,0,0,17,44,1,0,0,17,45,1,0,0,17,46,1,0,0,17,47,  0000975P0001015
1,0,0,17,48,1,0,0,17,49,1,0,0,17,50,1,0,0,17,51,1,0,0,17,52,1,0, 0000975P0001016
0,17,53,1,0,0,17,54,1,0,0,17,55,1,0,0,17,56,1,0,0,17,57,1,0,0,   0000975P0001017
17,58,1,0,0,17,59,1,0,0,17,60,1,0,0,17,61,1,0,0,17,62,1,0,0,17,  0000975P0001018
63,1,0,0,17,64,1,0,0,17,65,1,0,0,17,66,1,0,0,17,67,1,0,0,17,68,  0000975P0001019
1,0,0,17,69,1,0,0,17,70,1,0,0,17,71,1,0,0,17,72,1,0,0,17,73,1,0; 0000975P0001020
508,1,0,17,74,1,0;                                               0000977P0001021
508,1,0,17,75,1,0;                                               0000979P0001022
508,1,0,17,76,1,0;                                               0000981P0001023
508,1,0,17,77,1,0;                                               0000983P0001024
508,1,0,17,78,1,0;                                               0000985P0001025
508,1,0,17,79,1,0;                                               0000987P0001026
510,991,1,1,999;                                                 0000989P0001027
190,993,995,997;                                                 0000991P0001028
116,-475.512086053,-47.749330562,370.,0;                         0000993P0001029
123,0.693519923,-0.13794969,-0.707106781;                        0000995P0001030
123,-0.195090322,-0.98078528,4.857225733E-16;                    0000997P0001031
508,4,0,17,9,0,0,0,17,16,1,0,0,17,80,1,0,0,17,40,0,0;            0000999P0001032
510,1003,7,1,1011,1013,1015,1017,1019,1021,1023;                 0001001P0001033
190,1005,1007,1009;                                              0001003P0001034
116,-600.,0.,379.6,0;                                            0001005P0001035
123,-0.,-0.,-1.;                                                 0001007P0001036
123,-1.,0.,0.;                                                   0001009P0001037
508,52,0,17,81,1,0,0,17,82,1,0,0,17,83,1,0,0,17,84,1,0,0,17,85,  0001011P0001038
1,0,0,17,86,1,0,0,17,87,1,0,0,17,88,1,0,0,17,89,1,0,0,17,90,1,0, 0001011P0001039
0,17,91,1,0,0,17,92,1,0,0,17,93,1,0,0,17,94,1,0,0,17,95,1,0,0,   0001011P0001040
17,96,1,0,0,17,97,1,0,0,17,98,1,0,0,17,99,1,0,0,17,100,1,0,0,17, 0001011P0001041
101,1,0,0,17,102,1,0,0,17,103,1,0,0,17,104,1,0,0,17,105,1,0,0,   0001011P0001042
17,106,1,0,0,17,107,1,0,0,17,108,1,0,0,17,109,1,0,0,17,110,1,0,  0001011P0001043
0,17,111,1,0,0,17,112,1,0,0,17,113,1,0,0,17,23,1,0,0,17,13,1,0,  0001011P0001044
0,17,114,1,0,0,17,115,1,0,0,17,116,1,0,0,17,117,1,0,0,17,118,1,  0001011P0001045
0,0,17,119,1,0,0,17,120,1,0,0,17,121,1,0,0,17,122,1,0,0,17,123,  0001011P0001046
1,0,0,17,124,1,0,0,17,125,1,0,0,17,126,1,0,0,17,127,1,0,0,17,    0001011P0001047
128,1,0,0,17,129,1,0,0,17,130,1,0;                               0001011P0001048
508,1,0,17,131,1,0;                                              0001013P0001049
508,1,0,17,132,1,0;                                              0001015P0001050
508,1,0,17,133,1,0;                                              0001017P0001051
508,1,0,17,134,1,0;                                              0001019P0001052
508,1,0,17,135,1,0;                                              0001021P0001053
508,1,0,17,136,1,0;                                              0001023P0001054
510,1027,1,1,1035;                                               0001025P0001055
190,1029,1031,1033;                                              0001027P0001056
116,-475.512086053,-47.749330562,379.2,0;                        0001029P0001057
123,-0.693519923,0.13794969,-0.707106781;                        0001031P0001058
123,-0.195090322,-0.98078528,-4.857225733E-16;                   0001033P0001059
508,4,0,17,12,0,0,0,17,14,1,0,0,17,137,0,0,0,17,114,0,0;         0001035P0001060
510,1039,1,1,1047;                                               0001037P0001061
190,1041,1043,1045;                                              0001039P0001062
116,-475.477038432,-49.623466631,369.6,0;                        0001041P0001063
123,0.946930129,-0.321439465,0.;                                 0001043P0001064
123,-0.321439465,-0.946930129,0.;                                0001045P0001065
508,4,0,17,15,1,0,0,17,138,1,0,0,17,139,0,0,0,17,140,0,0;        0001047P0001066
510,1051,1,1,1059;                                               0001049P0001067
190,1053,1055,1057;                                              0001051P0001068
116,-475.477038432,49.623466631,369.6,0;                         0001053P0001069
123,0.98078528,0.195090322,-0.;                                  0001055P0001070
123,0.195090322,-0.98078528,0.;                                  0001057P0001071
508,4,0,17,141,1,0,0,17,142,1,0,0,17,17,0,0,0,17,143,0,0;        0001059P0001072
510,1063,1,1,1071;                                               0001061P0001073
190,1065,1067,1069;                                              0001063P0001074
116,-475.51891551,47.801205439,370.,0;                           0001065P0001075
123,0.705592811,4.624699619E-02,-0.707106781;                    0001067P0001076
123,6.540312923E-02,-0.997858923,1.318389842E-16;                0001069P0001077
508,4,0,17,144,1,0,0,17,19,1,0,0,17,20,1,0,0,17,39,0,0;          0001071P0001078
510,1075,1,1,1083;                                               0001073P0001079
190,1077,1079,1081;                                              0001075P0001080
116,-475.51891551,47.801205439,379.2,0;                          0001077P0001081
123,-0.705592811,-4.624699619E-02,-0.707106781;                  0001079P0001082
123,-6.540312923E-02,0.997858923,1.179611964E-16;                0001081P0001083
508,4,0,17,145,1,0,0,17,18,1,0,0,17,22,0,0,0,17,113,0,0;         0001083P0001084
510,1087,1,1,1095;                                               0001085P0001085
194,1089,1091,12.5,45.,1093;                                     0001087P0001086
116,-700.,0.,370.4,0;                                            0001089P0001087
123,-0.,0.,-1.;                                                  0001091P0001088
123,1.,0.,0.;                                                    0001093P0001089
508,4,0,17,146,0,1,0,1097,0,17,74,1,1,0,1099,0,17,146,1,1,0,     0001095P0001090
1101,0,17,147,0,1,0,1103;                                        0001095P0001091
110,0.,0.,0.,0.,1.13137085,0.;                                   0001097P0001092
110,0.,1.13137085,0.,-360.,1.13137085,0.;                        0001099P0001093
110,-360.,1.13137085,0.,-360.,0.,0.;                             0001101P0001094
110,-360.,0.,0.,0.,0.,0.;                                        0001103P0001095
510,1107,1,1,1115;                                               0001105P0001096
190,1109,1111,1113;                                              0001107P0001097
116,-716.228992267,58.555541403,370.,0;                          0001109P0001098
123,-0.227292026,0.669580716,-0.707106781;                       0001111P0001099
123,-0.946930129,-0.321439465,-8.326672685E-17;                  0001113P0001100
508,4,0,17,148,1,0,0,17,149,1,0,0,17,150,0,0,0,17,24,0,0;        0001115P0001101
510,1119,1,1,1127;                                               0001117P0001102
190,1121,1123,1125;                                              0001119P0001103
116,-717.823084524,57.765606556,370.,0;                          0001121P0001104
123,-0.312745332,0.634184797,-0.707106781;                       0001123P0001105
123,-0.896872742,-0.44228869,-2.775557562E-16;                   0001125P0001106
508,4,0,17,151,1,0,0,17,152,1,0,0,17,148,0,0,0,17,73,0,0;        0001127P0001107
510,1131,1,1,1139;                                               0001129P0001108
190,1133,1135,1137;                                              0001131P0001109
116,-714.545430503,59.130647456,370.,0;                          0001133P0001110
123,-0.13794969,0.693519923,-0.707106781;                        0001135P0001111
123,-0.98078528,-0.195090322,9.714451465E-17;                    0001137P0001112
508,4,0,17,150,1,0,0,17,153,1,0,0,17,154,0,0,0,17,25,0,0;        0001139P0001113
510,1143,1,1,1151;                                               0001141P0001114
190,1145,1147,1149;                                              0001143P0001115
116,-719.300431913,56.774358919,370.,0;                          0001145P0001116
123,-0.392847479,0.587937801,-0.707106781;                       0001147P0001117
123,-0.831469612,-0.555570233,-3.330669074E-16;                  0001149P0001118
508,4,0,17,155,1,0,0,17,156,1,0,0,17,151,0,0,0,17,72,0,0;        0001151P0001119
510,1155,1,1,1163;                                               0001153P0001120
190,1157,1159,1161;                                              0001155P0001121
116,-712.801205439,59.48108449,370.,0;                           0001157P0001122
123,-4.624699619E-02,0.705592811,-0.707106781;                   0001159P0001123
123,-0.997858923,-6.540312923E-02,-9.020562075E-17;              0001161P0001124
508,4,0,17,154,1,0,0,17,157,1,0,0,17,158,0,0,0,17,26,0,0;        0001163P0001125
510,1167,1,1,1175;                                               0001165P0001126
190,1169,1171,1173;                                              0001167P0001127
116,-720.635756611,55.598759014,370.,0;                          0001169P0001128
123,-0.466227897,0.531631026,-0.707106781;                       0001171P0001129
123,-0.751839807,-0.659345815,3.330669074E-16;                   0001173P0001130
508,4,0,17,159,1,0,0,17,160,1,0,0,17,155,0,0,0,17,71,0,0;        0001175P0001131
510,1179,1,1,1187;                                               0001177P0001132
190,1181,1183,1185;                                              0001179P0001133
116,-711.,59.6,370.,0;                                           0001181P0001134
123,6.983161619E-18,0.707106781,-0.707106781;                    0001183P0001135
123,-1.,4.937840935E-18,-4.937840935E-18;                        0001185P0001136
508,4,0,17,158,1,0,0,17,161,1,0,0,17,162,0,0,0,17,27,0,0;        0001187P0001137
510,1191,1,1,1199;                                               0001189P0001138
190,1193,1195,1197;                                              0001191P0001139
116,-721.806210841,54.25892168,370.,0;                           0001193P0001140
123,-0.531631026,0.466227897,-0.707106781;                       0001195P0001141
123,-0.659345815,-0.751839807,8.326672685E-17;                   0001197P0001142
508,4,0,17,163,1,0,0,17,164,1,0,0,17,159,0,0,0,17,70,0,0;        0001199P0001143
510,1203,1,1,1211;                                               0001201P0001144
190,1205,1207,1209;                                              0001203P0001145
116,-489.026161252,59.600856431,370.,0;                          0001205P0001146
123,4.624699619E-02,0.705592811,-0.707106781;                    0001207P0001147
123,-0.997858923,6.540312923E-02,-2.220446049E-16;               0001209P0001148
508,4,0,17,162,1,0,0,17,165,1,0,0,17,166,0,0,0,17,28,0,0;        0001211P0001149
510,1215,1,1,1223;                                               0001213P0001150
190,1217,1219,1221;                                              0001215P0001151
116,-722.791767808,52.777771907,370.,0;                          0001217P0001152
123,-0.587937801,0.392847479,-0.707106781;                       0001219P0001153
123,-0.555570233,-0.831469612,-0.;                               0001221P0001154
508,4,0,17,167,1,0,0,17,168,1,0,0,17,163,0,0,0,17,69,0,0;        0001223P0001155
510,1227,1,1,1235;                                               0001225P0001156
190,1229,1231,1233;                                              0001227P0001157
116,-487.250669438,59.487913947,370.,0;                          0001229P0001158
123,0.13794969,0.693519923,-0.707106781;                         0001231P0001159
123,-0.98078528,0.195090322,6.938893904E-17;                     0001233P0001160
508,4,0,17,166,1,0,0,17,169,1,0,0,17,170,0,0,0,17,29,0,0;        0001235P0001161
510,1239,1,1,1247;                                               0001237P0001162
190,1241,1243,1245;                                              0001239P0001163
116,-723.575564359,51.180652577,370.,0;                          0001241P0001164
123,-0.634184797,0.312745332,-0.707106781;                       0001243P0001165
123,-0.44228869,-0.896872742,-8.326672685E-17;                   0001245P0001166
508,4,0,17,171,1,0,0,17,172,1,0,0,17,167,0,0,0,17,68,0,0;        0001247P0001167
510,1251,1,1,1259;                                               0001249P0001168
190,1253,1255,1257;                                              0001251P0001169
116,-485.505109155,59.144189516,370.,0;                          0001253P0001170
123,0.227292026,0.669580716,-0.707106781;                        0001255P0001171
123,-0.946930129,0.321439465,-2.775557562E-16;                   0001257P0001172
508,4,0,17,170,1,0,0,17,173,1,0,0,17,174,0,0,0,17,30,0,0;        0001259P0001173
510,1263,1,1,1271;                                               0001261P0001174
190,1265,1267,1269;                                              0001263P0001175
116,-724.144189516,49.494890845,370.,0;                          0001265P0001176
123,-0.669580716,0.227292026,-0.707106781;                       0001267P0001177
123,-0.321439465,-0.946930129,-2.775557562E-17;                  0001269P0001178
508,4,0,17,175,1,0,0,17,176,1,0,0,17,171,0,0,0,17,67,0,0;        0001271P0001179
510,1275,1,1,1283;                                               0001273P0001180
190,1277,1279,1281;                                              0001275P0001181
116,-483.819347423,58.575564359,370.,0;                          0001277P0001182
123,0.312745332,0.634184797,-0.707106781;                        0001279P0001183
123,-0.896872742,0.44228869,2.775557562E-17;                     0001281P0001184
508,4,0,17,174,1,0,0,17,177,1,0,0,17,178,0,0,0,17,31,0,0;        0001283P0001185
510,1287,1,1,1295;                                               0001285P0001186
190,1289,1291,1293;                                              0001287P0001187
116,-724.487913947,47.749330562,370.,0;                          0001289P0001188
123,-0.693519923,0.13794969,-0.707106781;                        0001291P0001189
123,-0.195090322,-0.98078528,3.469446952E-16;                    0001293P0001190
508,4,0,17,179,1,0,0,17,180,1,0,0,17,175,0,0,0,17,66,0,0;        0001295P0001191
510,1299,1,1,1307;                                               0001297P0001192
190,1301,1303,1305;                                              0001299P0001193
116,-482.222228093,57.791767808,370.,0;                          0001301P0001194
123,0.392847479,0.587937801,-0.707106781;                        0001303P0001195
123,-0.831469612,0.555570233,-8.326672685E-17;                   0001305P0001196
508,4,0,17,178,1,0,0,17,181,1,0,0,17,182,0,0,0,17,32,0,0;        0001307P0001197
510,1311,1,1,1319;                                               0001309P0001198
190,1313,1315,1317;                                              0001311P0001199
116,-724.600856431,45.973838748,370.,0;                          0001313P0001200
123,-0.705592811,4.624699619E-02,-0.707106781;                   0001315P0001201
123,-6.540312923E-02,-0.997858923,2.567390744E-16;               0001317P0001202
508,4,0,17,183,1,0,0,17,184,1,0,0,17,179,0,0,0,17,65,0,0;        0001319P0001203
510,1323,1,1,1331;                                               0001321P0001204
190,1325,1327,1329;                                              0001323P0001205
116,-480.74107832,56.806210841,370.,0;                           0001325P0001206
123,0.466227897,0.531631026,-0.707106781;                        0001327P0001207
123,-0.751839807,0.659345815,-1.665334537E-16;                   0001329P0001208
508,4,0,17,182,1,0,0,17,185,1,0,0,17,186,0,0,0,17,33,0,0;        0001331P0001209
510,1335,1,1,1343;                                               0001333P0001210
190,1337,1339,1341;                                              0001335P0001211
116,-724.6,-46.,370.,0;                                          0001337P0001212
123,-0.707106781,6.983161619E-18,-0.707106781;                   0001339P0001213
123,-4.937840935E-18,-1.,-4.937840935E-18;                       0001341P0001214
508,4,0,17,187,1,0,0,17,188,1,0,0,17,183,0,0,0,17,64,0,0;        0001343P0001215
510,1347,1,1,1355;                                               0001345P0001216
190,1349,1351,1353;                                              0001347P0001217
116,-479.401240986,55.635756611,370.,0;                          0001349P0001218
123,0.531631026,0.466227897,-0.707106781;                        0001351P0001219
123,-0.659345815,0.751839807,1.942890293E-16;                    0001353P0001220
508,4,0,17,186,1,0,0,17,189,1,0,0,17,190,0,0,0,17,34,0,0;        0001355P0001221
510,1359,1,1,1367;                                               0001357P0001222
190,1361,1363,1365;                                              0001359P0001223
116,-724.48108449,-47.801205439,370.,0;                          0001361P0001224
123,-0.705592811,-4.624699619E-02,-0.707106781;                  0001363P0001225
123,6.540312923E-02,-0.997858923,4.579669977E-16;                0001365P0001226
508,4,0,17,191,1,0,0,17,192,1,0,0,17,187,0,0,0,17,63,0,0;        0001367P0001227
510,1371,1,1,1379;                                               0001369P0001228
190,1373,1375,1377;                                              0001371P0001229
116,-478.225641081,54.300431913,370.,0;                          0001373P0001230
123,0.587937801,0.392847479,-0.707106781;                        0001375P0001231
123,-0.555570233,0.831469612,-1.387778781E-16;                   0001377P0001232
508,4,0,17,190,1,0,0,17,193,1,0,0,17,194,0,0,0,17,35,0,0;        0001379P0001233
510,1383,1,1,1391;                                               0001381P0001234
190,1385,1387,1389;                                              0001383P0001235
116,-724.130647456,-49.545430503,370.,0;                         0001385P0001236
123,-0.693519923,-0.13794969,-0.707106781;                       0001387P0001237
123,0.195090322,-0.98078528,-2.636779683E-16;                    0001389P0001238
508,4,0,17,195,1,0,0,17,196,1,0,0,17,191,0,0,0,17,62,0,0;        0001391P0001239
510,1395,1,1,1403;                                               0001393P0001240
190,1397,1399,1401;                                              0001395P0001241
116,-477.234393444,52.823084524,370.,0;                          0001397P0001242
123,0.634184797,0.312745332,-0.707106781;                        0001399P0001243
123,-0.44228869,0.896872742,-8.326672685E-17;                    0001401P0001244
508,4,0,17,194,1,0,0,17,197,1,0,0,17,198,0,0,0,17,36,0,0;        0001403P0001245
510,1407,1,1,1415;                                               0001405P0001246
190,1409,1411,1413;                                              0001407P0001247
116,-723.555541403,-51.228992267,370.,0;                         0001409P0001248
123,-0.669580716,-0.227292026,-0.707106781;                      0001411P0001249
123,0.321439465,-0.946930129,1.942890293E-16;                    0001413P0001250
508,4,0,17,199,1,0,0,17,200,1,0,0,17,195,0,0,0,17,61,0,0;        0001415P0001251
510,1419,1,1,1427;                                               0001417P0001252
190,1421,1423,1425;                                              0001419P0001253
116,-476.444458597,51.228992267,370.,0;                          0001421P0001254
123,0.669580716,0.227292026,-0.707106781;                        0001423P0001255
123,-0.321439465,0.946930129,1.942890293E-16;                    0001425P0001256
508,4,0,17,198,1,0,0,17,201,1,0,0,17,202,0,0,0,17,37,0,0;        0001427P0001257
510,1431,1,1,1439;                                               0001429P0001258
190,1433,1435,1437;                                              0001431P0001259
116,-722.765606556,-52.823084524,370.,0;                         0001433P0001260
123,-0.634184797,-0.312745332,-0.707106781;                      0001435P0001261
123,0.44228869,-0.896872742,-8.326672685E-17;                    0001437P0001262
508,4,0,17,203,1,0,0,17,204,1,0,0,17,199,0,0,0,17,60,0,0;        0001439P0001263
510,1443,1,1,1451;                                               0001441P0001264
190,1445,1447,1449;                                              0001443P0001265
116,-475.869352544,49.545430503,370.,0;                          0001445P0001266
123,0.693519923,0.13794969,-0.707106781;                         0001447P0001267
123,-0.195090322,0.98078528,1.249000903E-16;                     0001449P0001268
508,4,0,17,202,1,0,0,17,143,1,0,0,17,144,0,0,0,17,38,0,0;        0001451P0001269
510,1455,1,1,1463;                                               0001453P0001270
190,1457,1459,1461;                                              0001455P0001271
116,-721.774358919,-54.300431913,370.,0;                         0001457P0001272
123,-0.587937801,-0.392847479,-0.707106781;                      0001459P0001273
123,0.555570233,-0.831469612,-1.387778781E-16;                   0001461P0001274
508,4,0,17,205,1,0,0,17,206,1,0,0,17,203,0,0,0,17,59,0,0;        0001463P0001275
510,1467,1,1,1475;                                               0001465P0001276
190,1469,1471,1473;                                              0001467P0001277
116,-720.598759014,-55.635756611,370.,0;                         0001469P0001278
123,-0.531631026,-0.466227897,-0.707106781;                      0001471P0001279
123,0.659345815,-0.751839807,1.942890293E-16;                    0001473P0001280
508,4,0,17,207,1,0,0,17,208,1,0,0,17,205,0,0,0,17,58,0,0;        0001475P0001281
510,1479,1,1,1487;                                               0001477P0001282
190,1481,1483,1485;                                              0001479P0001283
116,-719.25892168,-56.806210841,370.,0;                          0001481P0001284
123,-0.466227897,-0.531631026,-0.707106781;                      0001483P0001285
123,0.751839807,-0.659345815,-1.665334537E-16;                   0001485P0001286
508,4,0,17,209,1,0,0,17,210,1,0,0,17,207,0,0,0,17,57,0,0;        0001487P0001287
510,1491,1,1,1499;                                               0001489P0001288
190,1493,1495,1497;                                              0001491P0001289
116,-717.777771907,-57.791767808,370.,0;                         0001493P0001290
123,-0.392847479,-0.587937801,-0.707106781;                      0001495P0001291
123,0.831469612,-0.555570233,-5.551115123E-17;                   0001497P0001292
508,4,0,17,211,1,0,0,17,212,1,0,0,17,209,0,0,0,17,56,0,0;        0001499P0001293
510,1503,1,1,1511;                                               0001501P0001294
190,1505,1507,1509;                                              0001503P0001295
116,-716.180652577,-58.575564359,370.,0;                         0001505P0001296
123,-0.312745332,-0.634184797,-0.707106781;                      0001507P0001297
123,0.896872742,-0.44228869,-1.387778781E-16;                    0001509P0001298
508,4,0,17,213,1,0,0,17,214,1,0,0,17,211,0,0,0,17,55,0,0;        0001511P0001299
510,1515,1,1,1523;                                               0001513P0001300
190,1517,1519,1521;                                              0001515P0001301
116,-475.855810484,-49.494890845,370.,0;                         0001517P0001302
123,0.669580716,-0.227292026,-0.707106781;                       0001519P0001303
123,0.321439465,0.946930129,-2.775557562E-17;                    0001521P0001304
508,4,0,17,80,0,0,0,17,140,1,0,0,17,215,0,0,0,17,41,0,0;         0001523P0001305
510,1527,1,1,1535;                                               0001525P0001306
190,1529,1531,1533;                                              0001527P0001307
116,-714.494890845,-59.144189516,370.,0;                         0001529P0001308
123,-0.227292026,-0.669580716,-0.707106781;                      0001531P0001309
123,0.946930129,-0.321439465,-2.775557562E-16;                   0001533P0001310
508,4,0,17,216,1,0,0,17,217,1,0,0,17,213,0,0,0,17,54,0,0;        0001535P0001311
510,1539,1,1,1547;                                               0001537P0001312
190,1541,1543,1545;                                              0001539P0001313
116,-476.424435641,-51.180652577,370.,0;                         0001541P0001314
123,0.634184797,-0.312745332,-0.707106781;                       0001543P0001315
123,0.44228869,0.896872742,-8.326672685E-17;                     0001545P0001316
508,4,0,17,215,1,0,0,17,218,1,0,0,17,219,0,0,0,17,42,0,0;        0001547P0001317
510,1551,1,1,1559;                                               0001549P0001318
190,1553,1555,1557;                                              0001551P0001319
116,-712.749330562,-59.487913947,370.,0;                         0001553P0001320
123,-0.13794969,-0.693519923,-0.707106781;                       0001555P0001321
123,0.98078528,-0.195090322,6.938893904E-17;                     0001557P0001322
508,4,0,17,220,1,0,0,17,221,1,0,0,17,216,0,0,0,17,53,0,0;        0001559P0001323
510,1563,1,1,1571;                                               0001561P0001324
190,1565,1567,1569;                                              0001563P0001325
116,-477.208232192,-52.777771907,370.,0;                         0001565P0001326
123,0.587937801,-0.392847479,-0.707106781;                       0001567P0001327
123,0.555570233,0.831469612,1.665334537E-16;                     0001569P0001328
508,4,0,17,219,1,0,0,17,222,1,0,0,17,223,0,0,0,17,43,0,0;        0001571P0001329
510,1575,1,1,1583;                                               0001573P0001330
190,1577,1579,1581;                                              0001575P0001331
116,-710.973838748,-59.600856431,370.,0;                         0001577P0001332
123,-4.624699619E-02,-0.705592811,-0.707106781;                  0001579P0001333
123,0.997858923,-6.540312923E-02,-2.220446049E-16;               0001581P0001334
508,4,0,17,224,1,0,0,17,225,1,0,0,17,220,0,0,0,17,52,0,0;        0001583P0001335
510,1587,1,1,1595;                                               0001585P0001336
190,1589,1591,1593;                                              0001587P0001337
116,-478.193789159,-54.25892168,370.,0;                          0001589P0001338
123,0.531631026,-0.466227897,-0.707106781;                       0001591P0001339
123,0.659345815,0.751839807,8.326672685E-17;                     0001593P0001340
508,4,0,17,223,1,0,0,17,226,1,0,0,17,227,0,0,0,17,44,0,0;        0001595P0001341
510,1599,1,1,1607;                                               0001597P0001342
190,1601,1603,1605;                                              0001599P0001343
116,-489.,-59.6,370.,0;                                          0001601P0001344
123,-6.983161619E-18,-0.707106781,-0.707106781;                  0001603P0001345
123,1.,-4.937840935E-18,-4.937840935E-18;                        0001605P0001346
508,4,0,17,228,1,0,0,17,229,1,0,0,17,224,0,0,0,17,51,0,0;        0001607P0001347
510,1611,1,1,1619;                                               0001609P0001348
190,1613,1615,1617;                                              0001611P0001349
116,-479.364243389,-55.598759014,370.,0;                         0001613P0001350
123,0.466227897,-0.531631026,-0.707106781;                       0001615P0001351
123,0.751839807,0.659345815,1.110223025E-16;                     0001617P0001352
508,4,0,17,227,1,0,0,17,230,1,0,0,17,231,0,0,0,17,45,0,0;        0001619P0001353
510,1623,1,1,1631;                                               0001621P0001354
190,1625,1627,1629;                                              0001623P0001355
116,-487.198794561,-59.48108449,370.,0;                          0001625P0001356
123,4.624699619E-02,-0.705592811,-0.707106781;                   0001627P0001357
123,0.997858923,6.540312923E-02,-9.020562075E-17;                0001629P0001358
508,4,0,17,232,1,0,0,17,233,1,0,0,17,228,0,0,0,17,50,0,0;        0001631P0001359
510,1635,1,1,1643;                                               0001633P0001360
190,1637,1639,1641;                                              0001635P0001361
116,-480.699568087,-56.774358919,370.,0;                         0001637P0001362
123,0.392847479,-0.587937801,-0.707106781;                       0001639P0001363
123,0.831469612,0.555570233,-3.330669074E-16;                    0001641P0001364
508,4,0,17,231,1,0,0,17,234,1,0,0,17,235,0,0,0,17,46,0,0;        0001643P0001365
510,1647,1,1,1655;                                               0001645P0001366
190,1649,1651,1653;                                              0001647P0001367
116,-485.454569497,-59.130647456,370.,0;                         0001649P0001368
123,0.13794969,-0.693519923,-0.707106781;                        0001651P0001369
123,0.98078528,0.195090322,9.714451465E-17;                      0001653P0001370
508,4,0,17,236,1,0,0,17,237,1,0,0,17,232,0,0,0,17,49,0,0;        0001655P0001371
510,1659,1,1,1667;                                               0001657P0001372
190,1661,1663,1665;                                              0001659P0001373
116,-482.176915476,-57.765606556,370.,0;                         0001661P0001374
123,0.312745332,-0.634184797,-0.707106781;                       0001663P0001375
123,0.896872742,0.44228869,1.942890293E-16;                      0001665P0001376
508,4,0,17,235,1,0,0,17,238,1,0,0,17,239,0,0,0,17,47,0,0;        0001667P0001377
510,1671,1,1,1679;                                               0001669P0001378
190,1673,1675,1677;                                              0001671P0001379
116,-483.771007733,-58.555541403,370.,0;                         0001673P0001380
123,0.227292026,-0.669580716,-0.707106781;                       0001675P0001381
123,0.946930129,0.321439465,-8.326672685E-17;                    0001677P0001382
508,4,0,17,239,1,0,0,17,240,1,0,0,17,236,0,0,0,17,48,0,0;        0001679P0001383
510,1683,1,1,1691;                                               0001681P0001384
194,1685,1687,12.5,45.,1689;                                     0001683P0001385
116,-500.,0.,370.4,0;                                            0001685P0001386
123,-0.,0.,-1.;                                                  0001687P0001387
123,1.,0.,0.;                                                    0001689P0001388
508,4,0,17,241,0,1,0,1693,0,17,75,1,1,0,1695,0,17,241,1,1,0,     0001691P0001389
1697,0,17,242,0,1,0,1699;                                        0001691P0001390
110,0.,0.,0.,0.,1.13137085,0.;                                   0001693P0001391
110,0.,1.13137085,0.,-360.,1.13137085,0.;                        0001695P0001392
110,-360.,1.13137085,0.,-360.,0.,0.;                             0001697P0001393
110,-360.,0.,0.,0.,0.,0.;                                        0001699P0001394
510,1703,1,1,1711;                                               0001701P0001395
194,1705,1707,7.,45.,1709;                                       0001703P0001396
116,-538.,40.,370.4,0;                                           0001705P0001397
123,-0.,0.,-1.;                                                  0001707P0001398
123,1.,0.,0.;                                                    0001709P0001399
508,4,0,17,243,0,1,0,1713,0,17,76,1,1,0,1715,0,17,243,1,1,0,     0001711P0001400
1717,0,17,244,0,1,0,1719;                                        0001711P0001401
110,0.,0.,0.,0.,1.13137085,0.;                                   0001713P0001402
110,0.,1.13137085,0.,-360.,1.13137085,0.;                        0001715P0001403
110,-360.,1.13137085,0.,-360.,0.,0.;                             0001717P0001404
110,-360.,0.,0.,0.,0.,0.;                                        0001719P0001405
510,1723,1,1,1731;                                               0001721P0001406
194,1725,1727,7.,45.,1729;                                       0001723P0001407
116,-662.,-40.,370.4,0;                                          0001725P0001408
123,-0.,0.,-1.;                                                  0001727P0001409
123,1.,0.,0.;                                                    0001729P0001410
508,4,0,17,245,0,1,0,1733,0,17,77,1,1,0,1735,0,17,245,1,1,0,     0001731P0001411
1737,0,17,246,0,1,0,1739;                                        0001731P0001412
110,0.,0.,0.,0.,1.13137085,0.;                                   0001733P0001413
110,0.,1.13137085,0.,-360.,1.13137085,0.;                        0001735P0001414
110,-360.,1.13137085,0.,-360.,0.,0.;                             0001737P0001415
110,-360.,0.,0.,0.,0.,0.;                                        0001739P0001416
510,1743,1,1,1751;                                               0001741P0001417
194,1745,1747,7.,45.,1749;                                       0001743P0001418
116,-538.,-40.,370.4,0;                                          0001745P0001419
123,-0.,0.,-1.;                                                  0001747P0001420
123,1.,0.,0.;                                                    0001749P0001421
508,4,0,17,247,0,1,0,1753,0,17,78,1,1,0,1755,0,17,247,1,1,0,     0001751P0001422
1757,0,17,248,0,1,0,1759;                                        0001751P0001423
110,0.,0.,0.,0.,1.13137085,0.;                                   0001753P0001424
110,0.,1.13137085,0.,-360.,1.13137085,0.;                        0001755P0001425
110,-360.,1.13137085,0.,-360.,0.,0.;                             0001757P0001426
110,-360.,0.,0.,0.,0.,0.;                                        0001759P0001427
510,1763,1,1,1771;                                               0001761P0001428
194,1765,1767,7.,45.,1769;                                       0001763P0001429
116,-662.,40.,370.4,0;                                           0001765P0001430
123,-0.,0.,-1.;                                                  0001767P0001431
123,1.,0.,0.;                                                    0001769P0001432
508,4,0,17,249,0,1,0,1773,0,17,79,1,1,0,1775,0,17,249,1,1,0,     0001771P0001433
1777,0,17,250,0,1,0,1779;                                        0001771P0001434
110,0.,0.,0.,0.,1.13137085,0.;                                   0001773P0001435
110,0.,1.13137085,0.,-360.,1.13137085,0.;                        0001775P0001436
110,-360.,1.13137085,0.,-360.,0.,0.;                             0001777P0001437
110,-360.,0.,0.,0.,0.,0.;                                        0001779P0001438
510,1783,1,1,1791;                                               0001781P0001439
190,1785,1787,1789;                                              0001783P0001440
116,-719.25892168,-56.806210841,379.2,0;                         0001785P0001441
123,0.466227897,0.531631026,-0.707106781;                        0001787P0001442
123,0.751839807,-0.659345815,1.665334537E-16;                    0001789P0001443
508,4,0,17,251,1,0,0,17,252,1,0,0,17,253,0,0,0,17,81,0,0;        0001791P0001444
510,1795,1,1,1803;                                               0001793P0001445
190,1797,1799,1801;                                              0001795P0001446
116,-717.777771907,-57.791767808,379.2,0;                        0001797P0001447
123,0.392847479,0.587937801,-0.707106781;                        0001799P0001448
123,0.831469612,-0.555570233,1.110223025E-16;                    0001801P0001449
508,4,0,17,254,1,0,0,17,255,1,0,0,17,251,0,0,0,17,130,0,0;       0001803P0001450
510,1807,1,1,1815;                                               0001805P0001451
190,1809,1811,1813;                                              0001807P0001452
116,-720.598759014,-55.635756611,379.2,0;                        0001809P0001453
123,0.531631026,0.466227897,-0.707106781;                        0001811P0001454
123,0.659345815,-0.751839807,-1.387778781E-16;                   0001813P0001455
508,4,0,17,253,1,0,0,17,256,1,0,0,17,257,0,0,0,17,82,0,0;        0001815P0001456
510,1819,1,1,1827;                                               0001817P0001457
190,1821,1823,1825;                                              0001819P0001458
116,-716.180652577,-58.575564359,379.2,0;                        0001821P0001459
123,0.312745332,0.634184797,-0.707106781;                        0001823P0001460
123,0.896872742,-0.44228869,1.665334537E-16;                     0001825P0001461
508,4,0,17,258,1,0,0,17,259,1,0,0,17,254,0,0,0,17,129,0,0;       0001827P0001462
510,1831,1,1,1839;                                               0001829P0001463
190,1833,1835,1837;                                              0001831P0001464
116,-721.774358919,-54.300431913,379.2,0;                        0001833P0001465
123,0.587937801,0.392847479,-0.707106781;                        0001835P0001466
123,0.555570233,-0.831469612,1.110223025E-16;                    0001837P0001467
508,4,0,17,257,1,0,0,17,260,1,0,0,17,261,0,0,0,17,83,0,0;        0001839P0001468
510,1843,1,1,1851;                                               0001841P0001469
190,1845,1847,1849;                                              0001843P0001470
116,-714.494890845,-59.144189516,379.2,0;                        0001845P0001471
123,0.227292026,0.669580716,-0.707106781;                        0001847P0001472
123,0.946930129,-0.321439465,2.775557562E-16;                    0001849P0001473
508,4,0,17,262,1,0,0,17,263,1,0,0,17,258,0,0,0,17,128,0,0;       0001851P0001474
510,1855,1,1,1863;                                               0001853P0001475
190,1857,1859,1861;                                              0001855P0001476
116,-722.765606556,-52.823084524,379.2,0;                        0001857P0001477
123,0.634184797,0.312745332,-0.707106781;                        0001859P0001478
123,0.44228869,-0.896872742,8.326672685E-17;                     0001861P0001479
508,4,0,17,261,1,0,0,17,264,1,0,0,17,265,0,0,0,17,84,0,0;        0001863P0001480
510,1867,1,1,1875;                                               0001865P0001481
190,1869,1871,1873;                                              0001867P0001482
116,-712.749330562,-59.487913947,379.2,0;                        0001869P0001483
123,0.13794969,0.693519923,-0.707106781;                         0001871P0001484
123,0.98078528,-0.195090322,-5.551115123E-17;                    0001873P0001485
508,4,0,17,266,1,0,0,17,267,1,0,0,17,262,0,0,0,17,127,0,0;       0001875P0001486
510,1879,1,1,1887;                                               0001877P0001487
190,1881,1883,1885;                                              0001879P0001488
116,-723.555541403,-51.228992267,379.2,0;                        0001881P0001489
123,0.669580716,0.227292026,-0.707106781;                        0001883P0001490
123,0.321439465,-0.946930129,-1.387778781E-16;                   0001885P0001491
508,4,0,17,265,1,0,0,17,268,1,0,0,17,269,0,0,0,17,85,0,0;        0001887P0001492
510,1891,1,1,1899;                                               0001889P0001493
190,1893,1895,1897;                                              0001891P0001494
116,-710.973838748,-59.600856431,379.2,0;                        0001893P0001495
123,4.624699619E-02,0.705592811,-0.707106781;                    0001895P0001496
123,0.997858923,-6.540312923E-02,2.15105711E-16;                 0001897P0001497
508,4,0,17,270,1,0,0,17,271,1,0,0,17,266,0,0,0,17,126,0,0;       0001899P0001498
510,1903,1,1,1911;                                               0001901P0001499
190,1905,1907,1909;                                              0001903P0001500
116,-724.130647456,-49.545430503,379.2,0;                        0001905P0001501
123,0.693519923,0.13794969,-0.707106781;                         0001907P0001502
123,0.195090322,-0.98078528,2.775557562E-16;                     0001909P0001503
508,4,0,17,269,1,0,0,17,272,1,0,0,17,273,0,0,0,17,86,0,0;        0001911P0001504
510,1915,1,1,1923;                                               0001913P0001505
190,1917,1919,1921;                                              0001915P0001506
116,-489.,-59.6,379.2,0;                                         0001917P0001507
123,6.983161619E-18,0.707106781,-0.707106781;                    0001919P0001508
123,1.,-4.937840935E-18,4.937840935E-18;                         0001921P0001509
508,4,0,17,274,1,0,0,17,275,1,0,0,17,270,0,0,0,17,125,0,0;       0001923P0001510
510,1927,1,1,1935;                                               0001925P0001511
190,1929,1931,1933;                                              0001927P0001512
116,-724.48108449,-47.801205439,379.2,0;                         0001929P0001513
123,0.705592811,4.624699619E-02,-0.707106781;                    0001931P0001514
123,6.540312923E-02,-0.997858923,-4.510281038E-16;               0001933P0001515
508,4,0,17,273,1,0,0,17,276,1,0,0,17,277,0,0,0,17,87,0,0;        0001935P0001516
510,1939,1,1,1947;                                               0001937P0001517
190,1941,1943,1945;                                              0001939P0001518
116,-487.198794561,-59.48108449,379.2,0;                         0001941P0001519
123,-4.624699619E-02,0.705592811,-0.707106781;                   0001943P0001520
123,0.997858923,6.540312923E-02,8.326672685E-17;                 0001945P0001521
508,4,0,17,278,1,0,0,17,279,1,0,0,17,274,0,0,0,17,124,0,0;       0001947P0001522
510,1951,1,1,1959;                                               0001949P0001523
190,1953,1955,1957;                                              0001951P0001524
116,-724.6,-46.,379.2,0;                                         0001953P0001525
123,0.707106781,-6.983161619E-18,-0.707106781;                   0001955P0001526
123,-4.937840935E-18,-1.,4.937840935E-18;                        0001957P0001527
508,4,0,17,277,1,0,0,17,280,1,0,0,17,281,0,0,0,17,88,0,0;        0001959P0001528
510,1963,1,1,1971;                                               0001961P0001529
190,1965,1967,1969;                                              0001963P0001530
116,-485.454569497,-59.130647456,379.2,0;                        0001965P0001531
123,-0.13794969,0.693519923,-0.707106781;                        0001967P0001532
123,0.98078528,0.195090322,-9.714451465E-17;                     0001969P0001533
508,4,0,17,282,1,0,0,17,283,1,0,0,17,278,0,0,0,17,123,0,0;       0001971P0001534
510,1975,1,1,1983;                                               0001973P0001535
190,1977,1979,1981;                                              0001975P0001536
116,-724.600856431,45.973838748,379.2,0;                         0001977P0001537
123,0.705592811,-4.624699619E-02,-0.707106781;                   0001979P0001538
123,-6.540312923E-02,-0.997858923,-2.636779683E-16;              0001981P0001539
508,4,0,17,281,1,0,0,17,284,1,0,0,17,285,0,0,0,17,89,0,0;        0001983P0001540
510,1987,1,1,1995;                                               0001985P0001541
190,1989,1991,1993;                                              0001987P0001542
116,-483.771007733,-58.555541403,379.2,0;                        0001989P0001543
123,-0.227292026,0.669580716,-0.707106781;                       0001991P0001544
123,0.946930129,0.321439465,5.551115123E-17;                     0001993P0001545
508,4,0,17,286,1,0,0,17,287,1,0,0,17,282,0,0,0,17,122,0,0;       0001995P0001546
510,1999,1,1,2007;                                               0001997P0001547
190,2001,2003,2005;                                              0001999P0001548
116,-724.487913947,47.749330562,379.2,0;                         0002001P0001549
123,0.693519923,-0.13794969,-0.707106781;                        0002003P0001550
123,-0.195090322,-0.98078528,-3.330669074E-16;                   0002005P0001551
508,4,0,17,285,1,0,0,17,288,1,0,0,17,289,0,0,0,17,90,0,0;        0002007P0001552
510,2011,1,1,2019;                                               0002009P0001553
190,2013,2015,2017;                                              0002011P0001554
116,-482.176915476,-57.765606556,379.2,0;                        0002013P0001555
123,-0.312745332,0.634184797,-0.707106781;                       0002015P0001556
123,0.896872742,0.44228869,-1.387778781E-16;                     0002017P0001557
508,4,0,17,290,1,0,0,17,291,1,0,0,17,286,0,0,0,17,121,0,0;       0002019P0001558
510,2023,1,1,2031;                                               0002021P0001559
190,2025,2027,2029;                                              0002023P0001560
116,-724.144189516,49.494890845,379.2,0;                         0002025P0001561
123,0.669580716,-0.227292026,-0.707106781;                       0002027P0001562
123,-0.321439465,-0.946930129,5.551115123E-17;                   0002029P0001563
508,4,0,17,289,1,0,0,17,292,1,0,0,17,293,0,0,0,17,91,0,0;        0002031P0001564
510,2035,1,1,2043;                                               0002033P0001565
190,2037,2039,2041;                                              0002035P0001566
116,-480.699568087,-56.774358919,379.2,0;                        0002037P0001567
123,-0.392847479,0.587937801,-0.707106781;                       0002039P0001568
123,0.831469612,0.555570233,3.053113318E-16;                     0002041P0001569
508,4,0,17,294,1,0,0,17,295,1,0,0,17,290,0,0,0,17,120,0,0;       0002043P0001570
510,2047,1,1,2055;                                               0002045P0001571
190,2049,2051,2053;                                              0002047P0001572
116,-723.575564359,51.180652577,379.2,0;                         0002049P0001573
123,0.634184797,-0.312745332,-0.707106781;                       0002051P0001574
123,-0.44228869,-0.896872742,8.326672685E-17;                    0002053P0001575
508,4,0,17,293,1,0,0,17,296,1,0,0,17,297,0,0,0,17,92,0,0;        0002055P0001576
510,2059,1,1,2067;                                               0002057P0001577
190,2061,2063,2065;                                              0002059P0001578
116,-479.364243389,-55.598759014,379.2,0;                        0002061P0001579
123,-0.466227897,0.531631026,-0.707106781;                       0002063P0001580
123,0.751839807,0.659345815,-1.387778781E-16;                    0002065P0001581
508,4,0,17,298,1,0,0,17,299,1,0,0,17,294,0,0,0,17,119,0,0;       0002067P0001582
510,2071,1,1,2079;                                               0002069P0001583
190,2073,2075,2077;                                              0002071P0001584
116,-722.791767808,52.777771907,379.2,0;                         0002073P0001585
123,0.587937801,-0.392847479,-0.707106781;                       0002075P0001586
123,-0.555570233,-0.831469612,-0.;                               0002077P0001587
508,4,0,17,297,1,0,0,17,300,1,0,0,17,301,0,0,0,17,93,0,0;        0002079P0001588
510,2083,1,1,2091;                                               0002081P0001589
190,2085,2087,2089;                                              0002083P0001590
116,-478.193789159,-54.25892168,379.2,0;                         0002085P0001591
123,-0.531631026,0.466227897,-0.707106781;                       0002087P0001592
123,0.659345815,0.751839807,-1.387778781E-16;                    0002089P0001593
508,4,0,17,302,1,0,0,17,303,1,0,0,17,298,0,0,0,17,118,0,0;       0002091P0001594
510,2095,1,1,2103;                                               0002093P0001595
190,2097,2099,2101;                                              0002095P0001596
116,-721.806210841,54.25892168,379.2,0;                          0002097P0001597
123,0.531631026,-0.466227897,-0.707106781;                       0002099P0001598
123,-0.659345815,-0.751839807,-1.387778781E-16;                  0002101P0001599
508,4,0,17,301,1,0,0,17,304,1,0,0,17,305,0,0,0,17,94,0,0;        0002103P0001600
510,2107,1,1,2115;                                               0002105P0001601
190,2109,2111,2113;                                              0002107P0001602
116,-477.208232192,-52.777771907,379.2,0;                        0002109P0001603
123,-0.587937801,0.392847479,-0.707106781;                       0002111P0001604
123,0.555570233,0.831469612,-1.387778781E-16;                    0002113P0001605
508,4,0,17,306,1,0,0,17,307,1,0,0,17,302,0,0,0,17,117,0,0;       0002115P0001606
510,2119,1,1,2127;                                               0002117P0001607
190,2121,2123,2125;                                              0002119P0001608
116,-720.635756611,55.598759014,379.2,0;                         0002121P0001609
123,0.466227897,-0.531631026,-0.707106781;                       0002123P0001610
123,-0.751839807,-0.659345815,-3.053113318E-16;                  0002125P0001611
508,4,0,17,305,1,0,0,17,308,1,0,0,17,309,0,0,0,17,95,0,0;        0002127P0001612
510,2131,1,1,2139;                                               0002129P0001613
190,2133,2135,2137;                                              0002131P0001614
116,-476.424435641,-51.180652577,379.2,0;                        0002133P0001615
123,-0.634184797,0.312745332,-0.707106781;                       0002135P0001616
123,0.44228869,0.896872742,8.326672685E-17;                      0002137P0001617
508,4,0,17,310,1,0,0,17,311,1,0,0,17,306,0,0,0,17,116,0,0;       0002139P0001618
510,2143,1,1,2151;                                               0002141P0001619
190,2145,2147,2149;                                              0002143P0001620
116,-719.300431913,56.774358919,379.2,0;                         0002145P0001621
123,0.392847479,-0.587937801,-0.707106781;                       0002147P0001622
123,-0.831469612,-0.555570233,3.053113318E-16;                   0002149P0001623
508,4,0,17,309,1,0,0,17,312,1,0,0,17,313,0,0,0,17,96,0,0;        0002151P0001624
510,2155,1,1,2163;                                               0002153P0001625
190,2157,2159,2161;                                              0002155P0001626
116,-475.855810484,-49.494890845,379.2,0;                        0002157P0001627
123,-0.669580716,0.227292026,-0.707106781;                       0002159P0001628
123,0.321439465,0.946930129,5.551115123E-17;                     0002161P0001629
508,4,0,17,137,1,0,0,17,138,1,0,0,17,310,0,0,0,17,115,0,0;       0002163P0001630
510,2167,1,1,2175;                                               0002165P0001631
190,2169,2171,2173;                                              0002167P0001632
116,-717.823084524,57.765606556,379.2,0;                         0002169P0001633
123,0.312745332,-0.634184797,-0.707106781;                       0002171P0001634
123,-0.896872742,-0.44228869,2.775557562E-16;                    0002173P0001635
508,4,0,17,313,1,0,0,17,314,1,0,0,17,315,0,0,0,17,97,0,0;        0002175P0001636
510,2179,1,1,2187;                                               0002177P0001637
190,2181,2183,2185;                                              0002179P0001638
116,-716.228992267,58.555541403,379.2,0;                         0002181P0001639
123,0.227292026,-0.669580716,-0.707106781;                       0002183P0001640
123,-0.946930129,-0.321439465,5.551115123E-17;                   0002185P0001641
508,4,0,17,315,1,0,0,17,316,1,0,0,17,317,0,0,0,17,98,0,0;        0002187P0001642
510,2191,1,1,2199;                                               0002189P0001643
190,2193,2195,2197;                                              0002191P0001644
116,-714.545430503,59.130647456,379.2,0;                         0002193P0001645
123,0.13794969,-0.693519923,-0.707106781;                        0002195P0001646
123,-0.98078528,-0.195090322,-9.714451465E-17;                   0002197P0001647
508,4,0,17,317,1,0,0,17,318,1,0,0,17,319,0,0,0,17,99,0,0;        0002199P0001648
510,2203,1,1,2211;                                               0002201P0001649
190,2205,2207,2209;                                              0002203P0001650
116,-712.801205439,59.48108449,379.2,0;                          0002205P0001651
123,4.624699619E-02,-0.705592811,-0.707106781;                   0002207P0001652
123,-0.997858923,-6.540312923E-02,8.326672685E-17;               0002209P0001653
508,4,0,17,319,1,0,0,17,320,1,0,0,17,321,0,0,0,17,100,0,0;       0002211P0001654
510,2215,1,1,2223;                                               0002213P0001655
190,2217,2219,2221;                                              0002215P0001656
116,-711.,59.6,379.2,0;                                          0002217P0001657
123,-6.983161619E-18,-0.707106781,-0.707106781;                  0002219P0001658
123,-1.,4.937840935E-18,4.937840935E-18;                         0002221P0001659
508,4,0,17,321,1,0,0,17,322,1,0,0,17,323,0,0,0,17,101,0,0;       0002223P0001660
510,2227,1,1,2235;                                               0002225P0001661
190,2229,2231,2233;                                              0002227P0001662
116,-475.869352544,49.545430503,379.2,0;                         0002229P0001663
123,-0.693519923,-0.13794969,-0.707106781;                       0002231P0001664
123,-0.195090322,0.98078528,-8.326672685E-17;                    0002233P0001665
508,4,0,17,324,1,0,0,17,142,1,0,0,17,145,0,0,0,17,112,0,0;       0002235P0001666
510,2239,1,1,2247;                                               0002237P0001667
190,2241,2243,2245;                                              0002239P0001668
116,-489.026161252,59.600856431,379.2,0;                         0002241P0001669
123,-4.624699619E-02,-0.705592811,-0.707106781;                  0002243P0001670
123,-0.997858923,6.540312923E-02,2.15105711E-16;                 0002245P0001671
508,4,0,17,323,1,0,0,17,325,1,0,0,17,326,0,0,0,17,102,0,0;       0002247P0001672
510,2251,1,1,2259;                                               0002249P0001673
190,2253,2255,2257;                                              0002251P0001674
116,-476.444458597,51.228992267,379.2,0;                         0002253P0001675
123,-0.669580716,-0.227292026,-0.707106781;                      0002255P0001676
123,-0.321439465,0.946930129,-1.387778781E-16;                   0002257P0001677
508,4,0,17,327,1,0,0,17,328,1,0,0,17,324,0,0,0,17,111,0,0;       0002259P0001678
510,2263,1,1,2271;                                               0002261P0001679
190,2265,2267,2269;                                              0002263P0001680
116,-487.250669438,59.487913947,379.2,0;                         0002265P0001681
123,-0.13794969,-0.693519923,-0.707106781;                       0002267P0001682
123,-0.98078528,0.195090322,-5.551115123E-17;                    0002269P0001683
508,4,0,17,326,1,0,0,17,329,1,0,0,17,330,0,0,0,17,103,0,0;       0002271P0001684
510,2275,1,1,2283;                                               0002273P0001685
190,2277,2279,2281;                                              0002275P0001686
116,-477.234393444,52.823084524,379.2,0;                         0002277P0001687
123,-0.634184797,-0.312745332,-0.707106781;                      0002279P0001688
123,-0.44228869,0.896872742,8.326672685E-17;                     0002281P0001689
508,4,0,17,331,1,0,0,17,332,1,0,0,17,327,0,0,0,17,110,0,0;       0002283P0001690
510,2287,1,1,2295;                                               0002285P0001691
190,2289,2291,2293;                                              0002287P0001692
116,-485.505109155,59.144189516,379.2,0;                         0002289P0001693
123,-0.227292026,-0.669580716,-0.707106781;                      0002291P0001694
123,-0.946930129,0.321439465,2.775557562E-16;                    0002293P0001695
508,4,0,17,330,1,0,0,17,333,1,0,0,17,334,0,0,0,17,104,0,0;       0002295P0001696
510,2299,1,1,2307;                                               0002297P0001697
190,2301,2303,2305;                                              0002299P0001698
116,-478.225641081,54.300431913,379.2,0;                         0002301P0001699
123,-0.587937801,-0.392847479,-0.707106781;                      0002303P0001700
123,-0.555570233,0.831469612,1.110223025E-16;                    0002305P0001701
508,4,0,17,335,1,0,0,17,336,1,0,0,17,331,0,0,0,17,109,0,0;       0002307P0001702
510,2311,1,1,2319;                                               0002309P0001703
190,2313,2315,2317;                                              0002311P0001704
116,-483.819347423,58.575564359,379.2,0;                         0002313P0001705
123,-0.312745332,-0.634184797,-0.707106781;                      0002315P0001706
123,-0.896872742,0.44228869,-0.;                                 0002317P0001707
508,4,0,17,334,1,0,0,17,337,1,0,0,17,338,0,0,0,17,105,0,0;       0002319P0001708
510,2323,1,1,2331;                                               0002321P0001709
190,2325,2327,2329;                                              0002323P0001710
116,-479.401240986,55.635756611,379.2,0;                         0002325P0001711
123,-0.531631026,-0.466227897,-0.707106781;                      0002327P0001712
123,-0.659345815,0.751839807,-1.387778781E-16;                   0002329P0001713
508,4,0,17,339,1,0,0,17,340,1,0,0,17,335,0,0,0,17,108,0,0;       0002331P0001714
510,2335,1,1,2343;                                               0002333P0001715
190,2337,2339,2341;                                              0002335P0001716
116,-482.222228093,57.791767808,379.2,0;                         0002337P0001717
123,-0.392847479,-0.587937801,-0.707106781;                      0002339P0001718
123,-0.831469612,0.555570233,8.326672685E-17;                    0002341P0001719
508,4,0,17,338,1,0,0,17,341,1,0,0,17,342,0,0,0,17,106,0,0;       0002343P0001720
510,2347,1,1,2355;                                               0002345P0001721
190,2349,2351,2353;                                              0002347P0001722
116,-480.74107832,56.806210841,379.2,0;                          0002349P0001723
123,-0.466227897,-0.531631026,-0.707106781;                      0002351P0001724
123,-0.751839807,0.659345815,1.665334537E-16;                    0002353P0001725
508,4,0,17,342,1,0,0,17,343,1,0,0,17,339,0,0,0,17,107,0,0;       0002355P0001726
510,2359,1,1,2367;                                               0002357P0001727
194,2361,2363,12.5,45.,2365;                                     0002359P0001728
116,-500.,0.,378.8,0;                                            0002361P0001729
123,0.,-0.,1.;                                                   0002363P0001730
123,1.,0.,0.;                                                    0002365P0001731
508,4,0,17,344,1,1,0,2369,0,17,345,1,1,0,2371,0,17,344,0,1,0,    0002367P0001732
2373,0,17,131,0,1,0,2375;                                        0002367P0001733
110,0.,1.13137085,0.,0.,0.,0.;                                   0002369P0001734
110,0.,0.,0.,360.,0.,0.;                                         0002371P0001735
110,360.,0.,0.,360.,1.13137085,0.;                               0002373P0001736
110,360.,1.13137085,0.,0.,1.13137085,0.;                         0002375P0001737
510,2379,1,1,2387;                                               0002377P0001738
194,2381,2383,7.,45.,2385;                                       0002379P0001739
116,-538.,40.,378.8,0;                                           0002381P0001740
123,0.,-0.,1.;                                                   0002383P0001741
123,1.,0.,0.;                                                    0002385P0001742
508,4,0,17,346,1,1,0,2389,0,17,347,1,1,0,2391,0,17,346,0,1,0,    0002387P0001743
2393,0,17,132,0,1,0,2395;                                        0002387P0001744
110,0.,1.13137085,0.,0.,0.,0.;                                   0002389P0001745
110,0.,0.,0.,360.,0.,0.;                                         0002391P0001746
110,360.,0.,0.,360.,1.13137085,0.;                               0002393P0001747
110,360.,1.13137085,0.,0.,1.13137085,0.;                         0002395P0001748
510,2399,1,1,2407;                                               0002397P0001749
194,2401,2403,12.5,45.,2405;                                     0002399P0001750
116,-700.,0.,378.8,0;                                            0002401P0001751
123,0.,-0.,1.;                                                   0002403P0001752
123,1.,0.,0.;                                                    0002405P0001753
508,4,0,17,348,1,1,0,2409,0,17,349,1,1,0,2411,0,17,348,0,1,0,    0002407P0001754
2413,0,17,133,0,1,0,2415;                                        0002407P0001755
110,0.,1.13137085,0.,0.,0.,0.;                                   0002409P0001756
110,0.,0.,0.,360.,0.,0.;                                         0002411P0001757
110,360.,0.,0.,360.,1.13137085,0.;                               0002413P0001758
110,360.,1.13137085,0.,0.,1.13137085,0.;                         0002415P0001759
510,2419,1,1,2427;                                               0002417P0001760
194,2421,2423,7.,45.,2425;                                       0002419P0001761
116,-662.,40.,378.8,0;                                           0002421P0001762
123,0.,-0.,1.;                                                   0002423P0001763
123,1.,0.,0.;                                                    0002425P0001764
508,4,0,17,350,1,1,0,2429,0,17,351,1,1,0,2431,0,17,350,0,1,0,    0002427P0001765
2433,0,17,134,0,1,0,2435;                                        0002427P0001766
110,0.,1.13137085,0.,0.,0.,0.;                                   0002429P0001767
110,0.,0.,0.,360.,0.,0.;                                         0002431P0001768
110,360.,0.,0.,360.,1.13137085,0.;                               0002433P0001769
110,360.,1.13137085,0.,0.,1.13137085,0.;                         0002435P0001770
510,2439,1,1,2447;                                               0002437P0001771
194,2441,2443,7.,45.,2445;                                       0002439P0001772
116,-538.,-40.,378.8,0;                                          0002441P0001773
123,0.,-0.,1.;                                                   0002443P0001774
123,1.,0.,0.;                                                    0002445P0001775
508,4,0,17,352,1,1,0,2449,0,17,353,1,1,0,2451,0,17,352,0,1,0,    0002447P0001776
2453,0,17,135,0,1,0,2455;                                        0002447P0001777
110,0.,1.13137085,0.,0.,0.,0.;                                   0002449P0001778
110,0.,0.,0.,360.,0.,0.;                                         0002451P0001779
110,360.,0.,0.,360.,1.13137085,0.;                               0002453P0001780
110,360.,1.13137085,0.,0.,1.13137085,0.;                         0002455P0001781
510,2459,1,1,2467;                                               0002457P0001782
194,2461,2463,7.,45.,2465;                                       0002459P0001783
116,-662.,-40.,378.8,0;                                          0002461P0001784
123,0.,-0.,1.;                                                   0002463P0001785
123,1.,0.,0.;                                                    0002465P0001786
508,4,0,17,354,1,1,0,2469,0,17,355,1,1,0,2471,0,17,354,0,1,0,    0002467P0001787
2473,0,17,136,0,1,0,2475;                                        0002467P0001788
110,0.,1.13137085,0.,0.,0.,0.;                                   0002469P0001789
110,0.,0.,0.,360.,0.,0.;                                         0002471P0001790
110,360.,0.,0.,360.,1.13137085,0.;                               0002473P0001791
110,360.,1.13137085,0.,0.,1.13137085,0.;                         0002475P0001792
510,2479,1,1,2487;                                               0002477P0001793
190,2481,2483,2485;                                              0002479P0001794
116,-476.065686545,-51.357568053,369.6,0;                        0002481P0001795
123,0.896872742,-0.44228869,0.;                                  0002483P0001796
123,-0.44228869,-0.896872742,0.;                                 0002485P0001797
508,4,0,17,139,1,0,0,17,311,1,0,0,17,356,0,0,0,17,218,0,0;       0002487P0001798
510,2491,1,1,2499;                                               0002489P0001799
190,2493,2495,2497;                                              0002491P0001800
116,-476.065686545,51.357568053,369.6,0;                         0002493P0001801
123,0.946930129,0.321439465,-0.;                                 0002495P0001802
123,0.321439465,-0.946930129,0.;                                 0002497P0001803
508,4,0,17,357,1,0,0,17,328,1,0,0,17,141,0,0,0,17,201,0,0;       0002499P0001804
510,2503,1,1,2511;                                               0002501P0001805
192,2505,2507,12.5,2509;                                         0002503P0001806
116,-700.,0.,369.6,0;                                            0002505P0001807
123,-0.,-0.,-1.;                                                 0002507P0001808
123,1.,0.,0.;                                                    0002509P0001809
508,4,0,17,358,0,1,0,2513,0,17,147,1,1,0,2515,0,17,358,1,1,0,    0002511P0001810
2517,0,17,349,0,1,0,2519;                                        0002511P0001811
110,0.,-9.2,-0.,0.,-0.8,-0.;                                     0002513P0001812
110,0.,-0.8,0.,-360.,-0.8,0.;                                    0002515P0001813
110,-360.,-0.8,0.,-360.,-9.2,0.;                                 0002517P0001814
110,-360.,-9.2,0.,0.,-9.2,0.;                                    0002519P0001815
510,2523,1,1,2531;                                               0002521P0001816
190,2525,2527,2529;                                              0002523P0001817
116,-716.357568053,58.934313455,369.6,0;                         0002525P0001818
123,-0.321439465,0.946930129,0.;                                 0002527P0001819
123,0.946930129,0.321439465,0.;                                  0002529P0001820
508,4,0,17,359,1,0,0,17,316,1,0,0,17,360,0,0,0,17,149,0,0;       0002531P0001821
510,2535,1,1,2543;                                               0002533P0001822
190,2537,2539,2541;                                              0002535P0001823
116,-718.,58.124355653,369.6,0;                                  0002537P0001824
123,-0.44228869,0.896872742,0.;                                  0002539P0001825
123,0.896872742,0.44228869,0.;                                   0002541P0001826
508,4,0,17,361,1,0,0,17,314,1,0,0,17,359,0,0,0,17,152,0,0;       0002543P0001827
510,2547,1,1,2555;                                               0002545P0001828
190,2549,2551,2553;                                              0002547P0001829
116,-714.623466631,59.522961568,369.6,0;                         0002549P0001830
123,-0.195090322,0.98078528,0.;                                  0002551P0001831
123,0.98078528,0.195090322,0.;                                   0002553P0001832
508,4,0,17,360,1,0,0,17,318,1,0,0,17,362,0,0,0,17,153,0,0;       0002555P0001833
510,2559,1,1,2567;                                               0002557P0001834
190,2561,2563,2565;                                              0002559P0001835
116,-719.522660006,57.106946764,369.6,0;                         0002561P0001836
123,-0.555570233,0.831469612,0.;                                 0002563P0001837
123,0.831469612,0.555570233,0.;                                  0002565P0001838
508,4,0,17,363,1,0,0,17,312,1,0,0,17,361,0,0,0,17,156,0,0;       0002567P0001839
510,2571,1,1,2579;                                               0002569P0001840
190,2573,2575,2577;                                              0002571P0001841
116,-712.827366691,59.880228059,369.6,0;                         0002573P0001842
123,-6.540312923E-02,0.997858923,0.;                             0002575P0001843
123,0.997858923,6.540312923E-02,0.;                              0002577P0001844
508,4,0,17,362,1,0,0,17,320,1,0,0,17,364,0,0,0,17,157,0,0;       0002579P0001845
510,2583,1,1,2591;                                               0002581P0001846
190,2585,2587,2589;                                              0002583P0001847
116,-720.899494937,55.899494937,369.6,0;                         0002585P0001848
123,-0.659345815,0.751839807,0.;                                 0002587P0001849
123,0.751839807,0.659345815,0.;                                  0002589P0001850
508,4,0,17,365,1,0,0,17,308,1,0,0,17,363,0,0,0,17,160,0,0;       0002591P0001851
510,2595,1,1,2603;                                               0002593P0001852
190,2597,2599,2601;                                              0002595P0001853
116,-711.,60.,369.6,0;                                           0002597P0001854
123,0.,1.,0.;                                                    0002599P0001855
123,1.,0.,0.;                                                    0002601P0001856
508,4,0,17,364,1,0,0,17,322,1,0,0,17,366,0,0,0,17,161,0,0;       0002603P0001857
510,2607,1,1,2615;                                               0002605P0001858
190,2609,2611,2613;                                              0002607P0001859
116,-722.106946764,54.522660006,369.6,0;                         0002609P0001860
123,-0.751839807,0.659345815,0.;                                 0002611P0001861
123,0.659345815,0.751839807,0.;                                  0002613P0001862
508,4,0,17,367,1,0,0,17,304,1,0,0,17,365,0,0,0,17,164,0,0;       0002615P0001863
510,2619,1,1,2627;                                               0002617P0001864
190,2621,2623,2625;                                              0002619P0001865
116,-489.,60.,369.6,0;                                           0002621P0001866
123,6.540312923E-02,0.997858923,-0.;                             0002623P0001867
123,0.997858923,-6.540312923E-02,0.;                             0002625P0001868
508,4,0,17,366,1,0,0,17,325,1,0,0,17,368,0,0,0,17,165,0,0;       0002627P0001869
510,2631,1,1,2639;                                               0002629P0001870
190,2633,2635,2637;                                              0002631P0001871
116,-723.124355653,53.,369.6,0;                                  0002633P0001872
123,-0.831469612,0.555570233,0.;                                 0002635P0001873
123,0.555570233,0.831469612,0.;                                  0002637P0001874
508,4,0,17,369,1,0,0,17,300,1,0,0,17,367,0,0,0,17,168,0,0;       0002639P0001875
510,2643,1,1,2651;                                               0002641P0001876
190,2645,2647,2649;                                              0002643P0001877
116,-487.172633309,59.880228059,369.6,0;                         0002645P0001878
123,0.195090322,0.98078528,-0.;                                  0002647P0001879
123,0.98078528,-0.195090322,0.;                                  0002649P0001880
508,4,0,17,368,1,0,0,17,329,1,0,0,17,370,0,0,0,17,169,0,0;       0002651P0001881
510,2655,1,1,2663;                                               0002653P0001882
190,2657,2659,2661;                                              0002655P0001883
116,-723.934313455,51.357568053,369.6,0;                         0002657P0001884
123,-0.896872742,0.44228869,0.;                                  0002659P0001885
123,0.44228869,0.896872742,0.;                                   0002661P0001886
508,4,0,17,371,1,0,0,17,296,1,0,0,17,369,0,0,0,17,172,0,0;       0002663P0001887
510,2667,1,1,2675;                                               0002665P0001888
190,2669,2671,2673;                                              0002667P0001889
116,-485.376533369,59.522961568,369.6,0;                         0002669P0001890
123,0.321439465,0.946930129,-0.;                                 0002671P0001891
123,0.946930129,-0.321439465,0.;                                 0002673P0001892
508,4,0,17,370,1,0,0,17,333,1,0,0,17,372,0,0,0,17,173,0,0;       0002675P0001893
510,2679,1,1,2687;                                               0002677P0001894
190,2681,2683,2685;                                              0002679P0001895
116,-724.522961568,49.623466631,369.6,0;                         0002681P0001896
123,-0.946930129,0.321439465,0.;                                 0002683P0001897
123,0.321439465,0.946930129,0.;                                  0002685P0001898
508,4,0,17,373,1,0,0,17,292,1,0,0,17,371,0,0,0,17,176,0,0;       0002687P0001899
510,2691,1,1,2699;                                               0002689P0001900
190,2693,2695,2697;                                              0002691P0001901
116,-483.642431947,58.934313455,369.6,0;                         0002693P0001902
123,0.44228869,0.896872742,-0.;                                  0002695P0001903
123,0.896872742,-0.44228869,0.;                                  0002697P0001904
508,4,0,17,372,1,0,0,17,337,1,0,0,17,374,0,0,0,17,177,0,0;       0002699P0001905
510,2703,1,1,2711;                                               0002701P0001906
190,2705,2707,2709;                                              0002703P0001907
116,-724.880228059,47.827366691,369.6,0;                         0002705P0001908
123,-0.98078528,0.195090322,0.;                                  0002707P0001909
123,0.195090322,0.98078528,0.;                                   0002709P0001910
508,4,0,17,375,1,0,0,17,288,1,0,0,17,373,0,0,0,17,180,0,0;       0002711P0001911
510,2715,1,1,2723;                                               0002713P0001912
190,2717,2719,2721;                                              0002715P0001913
116,-482.,58.124355653,369.6,0;                                  0002717P0001914
123,0.555570233,0.831469612,-0.;                                 0002719P0001915
123,0.831469612,-0.555570233,0.;                                 0002721P0001916
508,4,0,17,374,1,0,0,17,341,1,0,0,17,376,0,0,0,17,181,0,0;       0002723P0001917
510,2727,1,1,2735;                                               0002725P0001918
190,2729,2731,2733;                                              0002727P0001919
116,-725.,46.,369.6,0;                                           0002729P0001920
123,-0.997858923,6.540312923E-02,0.;                             0002731P0001921
123,6.540312923E-02,0.997858923,0.;                              0002733P0001922
508,4,0,17,377,1,0,0,17,284,1,0,0,17,375,0,0,0,17,184,0,0;       0002735P0001923
510,2739,1,1,2747;                                               0002737P0001924
190,2741,2743,2745;                                              0002739P0001925
116,-480.477339994,57.106946764,369.6,0;                         0002741P0001926
123,0.659345815,0.751839807,-0.;                                 0002743P0001927
123,0.751839807,-0.659345815,0.;                                 0002745P0001928
508,4,0,17,376,1,0,0,17,343,1,0,0,17,378,0,0,0,17,185,0,0;       0002747P0001929
510,2751,1,1,2759;                                               0002749P0001930
190,2753,2755,2757;                                              0002751P0001931
116,-725.,-46.,369.6,0;                                          0002753P0001932
123,-1.,0.,0.;                                                   0002755P0001933
123,0.,1.,0.;                                                    0002757P0001934
508,4,0,17,379,1,0,0,17,280,1,0,0,17,377,0,0,0,17,188,0,0;       0002759P0001935
510,2763,1,1,2771;                                               0002761P0001936
190,2765,2767,2769;                                              0002763P0001937
116,-479.100505063,55.899494937,369.6,0;                         0002765P0001938
123,0.751839807,0.659345815,-0.;                                 0002767P0001939
123,0.659345815,-0.751839807,0.;                                 0002769P0001940
508,4,0,17,378,1,0,0,17,340,1,0,0,17,380,0,0,0,17,189,0,0;       0002771P0001941
510,2775,1,1,2783;                                               0002773P0001942
190,2777,2779,2781;                                              0002775P0001943
116,-724.880228059,-47.827366691,369.6,0;                        0002777P0001944
123,-0.997858923,-6.540312923E-02,0.;                            0002779P0001945
123,-6.540312923E-02,0.997858923,0.;                             0002781P0001946
508,4,0,17,381,1,0,0,17,276,1,0,0,17,379,0,0,0,17,192,0,0;       0002783P0001947
510,2787,1,1,2795;                                               0002785P0001948
190,2789,2791,2793;                                              0002787P0001949
116,-477.893053236,54.522660006,369.6,0;                         0002789P0001950
123,0.831469612,0.555570233,-0.;                                 0002791P0001951
123,0.555570233,-0.831469612,0.;                                 0002793P0001952
508,4,0,17,380,1,0,0,17,336,1,0,0,17,382,0,0,0,17,193,0,0;       0002795P0001953
510,2799,1,1,2807;                                               0002797P0001954
190,2801,2803,2805;                                              0002799P0001955
116,-724.522961568,-49.623466631,369.6,0;                        0002801P0001956
123,-0.98078528,-0.195090322,0.;                                 0002803P0001957
123,-0.195090322,0.98078528,0.;                                  0002805P0001958
508,4,0,17,383,1,0,0,17,272,1,0,0,17,381,0,0,0,17,196,0,0;       0002807P0001959
510,2811,1,1,2819;                                               0002809P0001960
190,2813,2815,2817;                                              0002811P0001961
116,-476.875644347,53.,369.6,0;                                  0002813P0001962
123,0.896872742,0.44228869,-0.;                                  0002815P0001963
123,0.44228869,-0.896872742,0.;                                  0002817P0001964
508,4,0,17,382,1,0,0,17,332,1,0,0,17,357,0,0,0,17,197,0,0;       0002819P0001965
510,2823,1,1,2831;                                               0002821P0001966
190,2825,2827,2829;                                              0002823P0001967
116,-723.934313455,-51.357568053,369.6,0;                        0002825P0001968
123,-0.946930129,-0.321439465,0.;                                0002827P0001969
123,-0.321439465,0.946930129,0.;                                 0002829P0001970
508,4,0,17,384,1,0,0,17,268,1,0,0,17,383,0,0,0,17,200,0,0;       0002831P0001971
510,2835,1,1,2843;                                               0002833P0001972
190,2837,2839,2841;                                              0002835P0001973
116,-723.124355653,-53.,369.6,0;                                 0002837P0001974
123,-0.896872742,-0.44228869,0.;                                 0002839P0001975
123,-0.44228869,0.896872742,0.;                                  0002841P0001976
508,4,0,17,385,1,0,0,17,264,1,0,0,17,384,0,0,0,17,204,0,0;       0002843P0001977
510,2847,1,1,2855;                                               0002845P0001978
190,2849,2851,2853;                                              0002847P0001979
116,-722.106946764,-54.522660006,369.6,0;                        0002849P0001980
123,-0.831469612,-0.555570233,0.;                                0002851P0001981
123,-0.555570233,0.831469612,0.;                                 0002853P0001982
508,4,0,17,386,1,0,0,17,260,1,0,0,17,385,0,0,0,17,206,0,0;       0002855P0001983
510,2859,1,1,2867;                                               0002857P0001984
190,2861,2863,2865;                                              0002859P0001985
116,-720.899494937,-55.899494937,369.6,0;                        0002861P0001986
123,-0.751839807,-0.659345815,0.;                                0002863P0001987
123,-0.659345815,0.751839807,0.;                                 0002865P0001988
508,4,0,17,387,1,0,0,17,256,1,0,0,17,386,0,0,0,17,208,0,0;       0002867P0001989
510,2871,1,1,2879;                                               0002869P0001990
190,2873,2875,2877;                                              0002871P0001991
116,-719.522660006,-57.106946764,369.6,0;                        0002873P0001992
123,-0.659345815,-0.751839807,0.;                                0002875P0001993
123,-0.751839807,0.659345815,0.;                                 0002877P0001994
508,4,0,17,388,1,0,0,17,252,1,0,0,17,387,0,0,0,17,210,0,0;       0002879P0001995
510,2883,1,1,2891;                                               0002881P0001996
190,2885,2887,2889;                                              0002883P0001997
116,-718.,-58.124355653,369.6,0;                                 0002885P0001998
123,-0.555570233,-0.831469612,0.;                                0002887P0001999
123,-0.831469612,0.555570233,0.;                                 0002889P0002000
508,4,0,17,389,1,0,0,17,255,1,0,0,17,388,0,0,0,17,212,0,0;       0002891P0002001
510,2895,1,1,2903;                                               0002893P0002002
190,2897,2899,2901;                                              0002895P0002003
116,-716.357568053,-58.934313455,369.6,0;                        0002897P0002004
123,-0.44228869,-0.896872742,0.;                                 0002899P0002005
123,-0.896872742,0.44228869,0.;                                  0002901P0002006
508,4,0,17,390,1,0,0,17,259,1,0,0,17,389,0,0,0,17,214,0,0;       0002903P0002007
510,2907,1,1,2915;                                               0002905P0002008
190,2909,2911,2913;                                              0002907P0002009
116,-714.623466631,-59.522961568,369.6,0;                        0002909P0002010
123,-0.321439465,-0.946930129,0.;                                0002911P0002011
123,-0.946930129,0.321439465,0.;                                 0002913P0002012
508,4,0,17,391,1,0,0,17,263,1,0,0,17,390,0,0,0,17,217,0,0;       0002915P0002013
510,2919,1,1,2927;                                               0002917P0002014
190,2921,2923,2925;                                              0002919P0002015
116,-712.827366691,-59.880228059,369.6,0;                        0002921P0002016
123,-0.195090322,-0.98078528,0.;                                 0002923P0002017
123,-0.98078528,0.195090322,0.;                                  0002925P0002018
508,4,0,17,392,1,0,0,17,267,1,0,0,17,391,0,0,0,17,221,0,0;       0002927P0002019
510,2931,1,1,2939;                                               0002929P0002020
190,2933,2935,2937;                                              0002931P0002021
116,-476.875644347,-53.,369.6,0;                                 0002933P0002022
123,0.831469612,-0.555570233,0.;                                 0002935P0002023
123,-0.555570233,-0.831469612,0.;                                0002937P0002024
508,4,0,17,356,1,0,0,17,307,1,0,0,17,393,0,0,0,17,222,0,0;       0002939P0002025
510,2943,1,1,2951;                                               0002941P0002026
190,2945,2947,2949;                                              0002943P0002027
116,-711.,-60.,369.6,0;                                          0002945P0002028
123,-6.540312923E-02,-0.997858923,0.;                            0002947P0002029
123,-0.997858923,6.540312923E-02,0.;                             0002949P0002030
508,4,0,17,394,1,0,0,17,271,1,0,0,17,392,0,0,0,17,225,0,0;       0002951P0002031
510,2955,1,1,2963;                                               0002953P0002032
190,2957,2959,2961;                                              0002955P0002033
116,-477.893053236,-54.522660006,369.6,0;                        0002957P0002034
123,0.751839807,-0.659345815,0.;                                 0002959P0002035
123,-0.659345815,-0.751839807,0.;                                0002961P0002036
508,4,0,17,393,1,0,0,17,303,1,0,0,17,395,0,0,0,17,226,0,0;       0002963P0002037
510,2967,1,1,2975;                                               0002965P0002038
190,2969,2971,2973;                                              0002967P0002039
116,-489.,-60.,369.6,0;                                          0002969P0002040
123,0.,-1.,0.;                                                   0002971P0002041
123,-1.,0.,0.;                                                   0002973P0002042
508,4,0,17,396,1,0,0,17,275,1,0,0,17,394,0,0,0,17,229,0,0;       0002975P0002043
510,2979,1,1,2987;                                               0002977P0002044
190,2981,2983,2985;                                              0002979P0002045
116,-479.100505063,-55.899494937,369.6,0;                        0002981P0002046
123,0.659345815,-0.751839807,0.;                                 0002983P0002047
123,-0.751839807,-0.659345815,0.;                                0002985P0002048
508,4,0,17,395,1,0,0,17,299,1,0,0,17,397,0,0,0,17,230,0,0;       0002987P0002049
510,2991,1,1,2999;                                               0002989P0002050
190,2993,2995,2997;                                              0002991P0002051
116,-487.172633309,-59.880228059,369.6,0;                        0002993P0002052
123,6.540312923E-02,-0.997858923,0.;                             0002995P0002053
123,-0.997858923,-6.540312923E-02,0.;                            0002997P0002054
508,4,0,17,398,1,0,0,17,279,1,0,0,17,396,0,0,0,17,233,0,0;       0002999P0002055
510,3003,1,1,3011;                                               0003001P0002056
190,3005,3007,3009;                                              0003003P0002057
116,-480.477339994,-57.106946764,369.6,0;                        0003005P0002058
123,0.555570233,-0.831469612,0.;                                 0003007P0002059
123,-0.831469612,-0.555570233,0.;                                0003009P0002060
508,4,0,17,397,1,0,0,17,295,1,0,0,17,399,0,0,0,17,234,0,0;       0003011P0002061
510,3015,1,1,3023;                                               0003013P0002062
190,3017,3019,3021;                                              0003015P0002063
116,-485.376533369,-59.522961568,369.6,0;                        0003017P0002064
123,0.195090322,-0.98078528,0.;                                  0003019P0002065
123,-0.98078528,-0.195090322,0.;                                 0003021P0002066
508,4,0,17,400,1,0,0,17,283,1,0,0,17,398,0,0,0,17,237,0,0;       0003023P0002067
510,3027,1,1,3035;                                               0003025P0002068
190,3029,3031,3033;                                              0003027P0002069
116,-482.,-58.124355653,369.6,0;                                 0003029P0002070
123,0.44228869,-0.896872742,0.;                                  0003031P0002071
123,-0.896872742,-0.44228869,0.;                                 0003033P0002072
508,4,0,17,399,1,0,0,17,291,1,0,0,17,401,0,0,0,17,238,0,0;       0003035P0002073
510,3039,1,1,3047;                                               0003037P0002074
190,3041,3043,3045;                                              0003039P0002075
116,-483.642431947,-58.934313455,369.6,0;                        0003041P0002076
123,0.321439465,-0.946930129,0.;                                 0003043P0002077
123,-0.946930129,-0.321439465,0.;                                0003045P0002078
508,4,0,17,401,1,0,0,17,287,1,0,0,17,400,0,0,0,17,240,0,0;       0003047P0002079
510,3051,1,1,3059;                                               0003049P0002080
192,3053,3055,12.5,3057;                                         0003051P0002081
116,-500.,0.,369.6,0;                                            0003053P0002082
123,-0.,-0.,-1.;                                                 0003055P0002083
123,1.,0.,0.;                                                    0003057P0002084
508,4,0,17,402,0,1,0,3061,0,17,242,1,1,0,3063,0,17,402,1,1,0,    0003059P0002085
3065,0,17,345,0,1,0,3067;                                        0003059P0002086
110,0.,-9.2,-0.,0.,-0.8,-0.;                                     0003061P0002087
110,0.,-0.8,0.,-360.,-0.8,0.;                                    0003063P0002088
110,-360.,-0.8,0.,-360.,-9.2,0.;                                 0003065P0002089
110,-360.,-9.2,0.,0.,-9.2,0.;                                    0003067P0002090
510,3071,1,1,3079;                                               0003069P0002091
192,3073,3075,7.,3077;                                           0003071P0002092
116,-538.,40.,369.6,0;                                           0003073P0002093
123,-0.,-0.,-1.;                                                 0003075P0002094
123,1.,0.,0.;                                                    0003077P0002095
508,4,0,17,403,0,1,0,3081,0,17,244,1,1,0,3083,0,17,403,1,1,0,    0003079P0002096
3085,0,17,347,0,1,0,3087;                                        0003079P0002097
110,0.,-9.2,-0.,0.,-0.8,-0.;                                     0003081P0002098
110,0.,-0.8,0.,-360.,-0.8,0.;                                    0003083P0002099
110,-360.,-0.8,0.,-360.,-9.2,0.;                                 0003085P0002100
110,-360.,-9.2,0.,0.,-9.2,0.;                                    0003087P0002101
510,3091,1,1,3099;                                               0003089P0002102
192,3093,3095,7.,3097;                                           0003091P0002103
116,-662.,-40.,369.6,0;                                          0003093P0002104
123,-0.,-0.,-1.;                                                 0003095P0002105
123,1.,0.,0.;                                                    0003097P0002106
508,4,0,17,404,0,1,0,3101,0,17,246,1,1,0,3103,0,17,404,1,1,0,    0003099P0002107
3105,0,17,355,0,1,0,3107;                                        0003099P0002108
110,0.,-9.2,-0.,0.,-0.8,-0.;                                     0003101P0002109
110,0.,-0.8,0.,-360.,-0.8,0.;                                    0003103P0002110
110,-360.,-0.8,0.,-360.,-9.2,0.;                                 0003105P0002111
110,-360.,-9.2,0.,0.,-9.2,0.;                                    0003107P0002112
510,3111,1,1,3119;                                               0003109P0002113
192,3113,3115,7.,3117;                                           0003111P0002114
116,-538.,-40.,369.6,0;                                          0003113P0002115
123,-0.,-0.,-1.;                                                 0003115P0002116
123,1.,0.,0.;                                                    0003117P0002117
508,4,0,17,405,0,1,0,3121,0,17,248,1,1,0,3123,0,17,405,1,1,0,    0003119P0002118
3125,0,17,353,0,1,0,3127;                                        0003119P0002119
110,0.,-9.2,-0.,0.,-0.8,-0.;                                     0003121P0002120
110,0.,-0.8,0.,-360.,-0.8,0.;                                    0003123P0002121
110,-360.,-0.8,0.,-360.,-9.2,0.;                                 0003125P0002122
110,-360.,-9.2,0.,0.,-9.2,0.;                                    0003127P0002123
510,3131,1,1,3139;                                               0003129P0002124
192,3133,3135,7.,3137;                                           0003131P0002125
116,-662.,40.,369.6,0;                                           0003133P0002126
123,-0.,-0.,-1.;                                                 0003135P0002127
123,1.,0.,0.;                                                    0003137P0002128
508,4,0,17,406,0,1,0,3141,0,17,250,1,1,0,3143,0,17,406,1,1,0,    0003139P0002129
3145,0,17,351,0,1,0,3147;                                        0003139P0002130
110,0.,-9.2,-0.,0.,-0.8,-0.;                                     0003141P0002131
110,0.,-0.8,0.,-360.,-0.8,0.;                                    0003143P0002132
110,-360.,-0.8,0.,-360.,-9.2,0.;                                 0003145P0002133
110,-360.,-9.2,0.,0.,-9.2,0.;                                    0003147P0002134
S      1G      4D   3148P   2134                                        T0000001
