                                                                        S0000001
,,31HOpen CASCADE IGES processor 7.9,13HFilename.iges,                  G0000001
16HOpen CASCADE 7.9,31HOpen CASCADE IGES processor 7.9,32,308,15,308,15,G0000002
,1.,2,2HMM,1,0.01,15H20260926.043350,0.00307537,137.48744,4Hroot,,11,0, G0000003
15H20260926.043350,;                                                    G0000004
     186       1       0       0       0       0       0       000000000D0000001
     186       0       0       1       0                               0D0000002
     514       2       0       0       0       0       0       000010000D0000003
     514       0       0      12       1                               0D0000004
     510      14       0       0       0       0       0       000010000D0000005
     510       0       0       1       1                               0D0000006
     190      15       0       0       0       0       0       000010000D0000007
     190       0       0       1       1                               0D0000008
     116      16       0       0       0       0       0       000010400D0000009
     116       0       0       1       0                               0D0000010
     123      17       0       0       0       0       0       000010200D0000011
     123       0       0       1       0                               0D0000012
     123      18       0       0       0       0       0       000010200D0000013
     123       0       0       1       0                               0D0000014
     508      19       0       0       0       0       0       000010000D0000015
     508       0       0       1       1                               0D0000016
     504      20       0       0       0       0       0       000010001D0000017
     504       0       0      64       1                               0D0000018
     110      84       0       0       0       0       0       000010000D0000019
     110       0       0       2       0                               0D0000020
     502      86       0       0       0       0       0       000010000D0000021
     502       0       0      76       1                               0D0000022
     110     162       0       0       0       0       0       000010000D0000023
     110       0       0       2       0                               0D0000024
     110     164       0       0       0       0       0       000010000D0000025
     110       0       0       2       0                               0D0000026
     110     166       0       0       0       0       0       000010000D0000027
     110       0       0       2       0                               0D0000028
     110     168       0       0       0       0       0       000010000D0000029
     110       0       0       2       0                               0D0000030
     110     170       0       0       0       0       0       000010000D0000031
     110       0       0       2       0                               0D0000032
     110     172       0       0       0       0       0       000010000D0000033
     110       0       0       2       0                               0D0000034
     110     174       0       0       0       0       0       000010000D0000035
     110       0       0       2       0                               0D0000036
     110     176       0       0       0       0       0       000010000D0000037
     110       0       0       2       0                               0D0000038
     110     178       0       0       0       0       0       000010000D0000039
     110       0       0       2       0                               0D0000040
     110     180       0       0       0       0       0       000010000D0000041
     110       0       0       2       0                               0D0000042
     110     182       0       0       0       0       0       000010000D0000043
     110       0       0       2       0                               0D0000044
     110     184       0       0       0       0       0       000010000D0000045
     110       0       0       2       0                               0D0000046
     110     186       0       0       0       0       0       000010000D0000047
     110       0       0       2       0                               0D0000048
     110     188       0       0       0       0       0       000010000D0000049
     110       0       0       2       0                               0D0000050
     110     190       0       0       0       0       0       000010000D0000051
     110       0       0       2       0                               0D0000052
     110     192       0       0       0       0       0       000010000D0000053
     110       0       0       2       0                               0D0000054
     110     194       0       0       0       0       0       000010000D0000055
     110       0       0       2       0                               0D0000056
     110     196       0       0       0       0       0       000010000D0000057
     110       0       0       2       0                               0D0000058
     110     198       0       0       0       0       0       000010000D0000059
     110       0       0       2       0                               0D0000060
     110     200       0       0       0       0       0       000010000D0000061
     110       0       0       2       0                               0D0000062
     110     202       0       0       0       0       0       000010000D0000063
     110       0       0       2       0                               0D0000064
     110     204       0       0       0       0       0       000010000D0000065
     110       0       0       2       0                               0D0000066
     110     206       0       0       0       0       0       000010000D0000067
     110       0       0       2       0                               0D0000068
     110     208       0       0       0       0       0       000010000D0000069
     110       0       0       2       0                               0D0000070
     110     210       0       0       0       0       0       000010000D0000071
     110       0       0       2       0                               0D0000072
     110     212       0       0       0       0       0       000010000D0000073
     110       0       0       2       0                               0D0000074
     110     214       0       0       0       0       0       000010000D0000075
     110       0       0       2       0                               0D0000076
     110     216       0       0       0       0       0       000010000D0000077
     110       0       0       2       0                               0D0000078
     110     218       0       0       0       0       0       000010000D0000079
     110       0       0       2       0                               0D0000080
     110     220       0       0       0       0       0       000010000D0000081
     110       0       0       2       0                               0D0000082
     110     222       0       0       0       0       0       000010000D0000083
     110       0       0       2       0                               0D0000084
     110     224       0       0       0       0       0       000010000D0000085
     110       0       0       2       0                               0D0000086
     110     226       0       0       0       0       0       000010000D0000087
     110       0       0       2       0                               0D0000088
     110     228       0       0       0       0       0       000010000D0000089
     110       0       0       2       0                               0D0000090
     110     230       0       0       0       0       0       000010000D0000091
     110       0       0       2       0                               0D0000092
     110     232       0       0       0       0       0       000010000D0000093
     110       0       0       2       0                               0D0000094
     110     234       0       0       0       0       0       000010000D0000095
     110       0       0       2       0                               0D0000096
     110     236       0       0       0       0       0       000010000D0000097
     110       0       0       2       0                               0D0000098
     110     238       0       0       0       0       0       000010000D0000099
     110       0       0       2       0                               0D0000100
     110     240       0       0       0       0       0       000010000D0000101
     110       0       0       2       0                               0D0000102
     110     242       0       0       0       0       0       000010000D0000103
     110       0       0       2       0                               0D0000104
     110     244       0       0       0       0       0       000010000D0000105
     110       0       0       1       0                               0D0000106
     110     245       0       0       0       0       0       000010000D0000107
     110       0       0       1       0                               0D0000108
     110     246       0       0       0       0       0       000010000D0000109
     110       0       0       2       0                               0D0000110
     110     248       0       0       0       0       0       000010000D0000111
     110       0       0       2       0                               0D0000112
     110     250       0       0       0       0       0       000010000D0000113
     110       0       0       2       0                               0D0000114
     110     252       0       0       0       0       0       000010000D0000115
     110       0       0       1       0                               0D0000116
     110     253       0       0       0       0       0       000010000D0000117
     110       0       0       1       0                               0D0000118
     110     254       0       0       0       0       0       000010000D0000119
     110       0       0       2       0                               0D0000120
     110     256       0       0       0       0       0       000010000D0000121
     110       0       0       2       0                               0D0000122
     110     258       0       0       0       0       0       000010000D0000123
     110       0       0       2       0                               0D0000124
     110     260       0       0       0       0       0       000010000D0000125
     110       0       0       1       0                               0D0000126
     110     261       0       0       0       0       0       000010000D0000127
     110       0       0       1       0                               0D0000128
     110     262       0       0       0       0       0       000010000D0000129
     110       0       0       2       0                               0D0000130
     110     264       0       0       0       0       0       000010000D0000131
     110       0       0       2       0                               0D0000132
     110     266       0       0       0       0       0       000010000D0000133
     110       0       0       2       0                               0D0000134
     110     268       0       0       0       0       0       000010000D0000135
     110       0       0       2       0                               0D0000136
     110     270       0       0       0       0       0       000010000D0000137
     110       0       0       2       0                               0D0000138
     110     272       0       0       0       0       0       000010000D0000139
     110       0       0       1       0                               0D0000140
     110     273       0       0       0       0       0       000010000D0000141
     110       0       0       1       0                               0D0000142
     110     274       0       0       0       0       0       000010000D0000143
     110       0       0       2       0                               0D0000144
     110     276       0       0       0       0       0       000010000D0000145
     110       0       0       2       0                               0D0000146
     110     278       0       0       0       0       0       000010000D0000147
     110       0       0       2       0                               0D0000148
     110     280       0       0       0       0       0       000010000D0000149
     110       0       0       2       0                               0D0000150
     110     282       0       0       0       0       0       000010000D0000151
     110       0       0       2       0                               0D0000152
     110     284       0       0       0       0       0       000010000D0000153
     110       0       0       2       0                               0D0000154
     110     286       0       0       0       0       0       000010000D0000155
     110       0       0       2       0                               0D0000156
     110     288       0       0       0       0       0       000010000D0000157
     110       0       0       2       0                               0D0000158
     110     290       0       0       0       0       0       000010000D0000159
     110       0       0       2       0                               0D0000160
     110     292       0       0       0       0       0       000010000D0000161
     110       0       0       2       0                               0D0000162
     110     294       0       0       0       0       0       000010000D0000163
     110       0       0       2       0                               0D0000164
     110     296       0       0       0       0       0       000010000D0000165
     110       0       0       2       0                               0D0000166
     110     298       0       0       0       0       0       000010000D0000167
     110       0       0       2       0                               0D0000168
     110     300       0       0       0       0       0       000010000D0000169
     110       0       0       2       0                               0D0000170
     110     302       0       0       0       0       0       000010000D0000171
     110       0       0       2       0                               0D0000172
     110     304       0       0       0       0       0       000010000D0000173
     110       0       0       2       0                               0D0000174
     110     306       0       0       0       0       0       000010000D0000175
     110       0       0       2       0                               0D0000176
     110     308       0       0       0       0       0       000010000D0000177
     110       0       0       2       0                               0D0000178
     110     310       0       0       0       0       0       000010000D0000179
     110       0       0       2       0                               0D0000180
     110     312       0       0       0       0       0       000010000D0000181
     110       0       0       2       0                               0D0000182
     110     314       0       0       0       0       0       000010000D0000183
     110       0       0       2       0                               0D0000184
     110     316       0       0       0       0       0       000010000D0000185
     110       0       0       1       0                               0D0000186
     110     317       0       0       0       0       0       000010000D0000187
     110       0       0       1       0                               0D0000188
     110     318       0       0       0       0       0       000010000D0000189
     110       0       0       2       0                               0D0000190
     110     320       0       0       0       0       0       000010000D0000191
     110       0       0       2       0                               0D0000192
     110     322       0       0       0       0       0       000010000D0000193
     110       0       0       2       0                               0D0000194
     110     324       0       0       0       0       0       000010000D0000195
     110       0       0       1       0                               0D0000196
     110     325       0       0       0       0       0       000010000D0000197
     110       0       0       1       0                               0D0000198
     110     326       0       0       0       0       0       000010000D0000199
     110       0       0       2       0                               0D0000200
     110     328       0       0       0       0       0       000010000D0000201
     110       0       0       2       0                               0D0000202
     110     330       0       0       0       0       0       000010000D0000203
     110       0       0       2       0                               0D0000204
     110     332       0       0       0       0       0       000010000D0000205
     110       0       0       2       0                               0D0000206
     110     334       0       0       0       0       0       000010000D0000207
     110       0       0       2       0                               0D0000208
     110     336       0       0       0       0       0       000010000D0000209
     110       0       0       2       0                               0D0000210
     110     338       0       0       0       0       0       000010000D0000211
     110       0       0       2       0                               0D0000212
     110     340       0       0       0       0       0       000010000D0000213
     110       0       0       2       0                               0D0000214
     110     342       0       0       0       0       0       000010000D0000215
     110       0       0       2       0                               0D0000216
     110     344       0       0       0       0       0       000010000D0000217
     110       0       0       2       0                               0D0000218
     110     346       0       0       0       0       0       000010000D0000219
     110       0       0       2       0                               0D0000220
     110     348       0       0       0       0       0       000010000D0000221
     110       0       0       2       0                               0D0000222
     110     350       0       0       0       0       0       000010000D0000223
     110       0       0       2       0                               0D0000224
     110     352       0       0       0       0       0       000010000D0000225
     110       0       0       2       0                               0D0000226
     110     354       0       0       0       0       0       000010000D0000227
     110       0       0       2       0                               0D0000228
     110     356       0       0       0       0       0       000010000D0000229
     110       0       0       2       0                               0D0000230
     110     358       0       0       0       0       0       000010000D0000231
     110       0       0       2       0                               0D0000232
     110     360       0       0       0       0       0       000010000D0000233
     110       0       0       2       0                               0D0000234
     110     362       0       0       0       0       0       000010000D0000235
     110       0       0       2       0                               0D0000236
     110     364       0       0       0       0       0       000010000D0000237
     110       0       0       2       0                               0D0000238
     110     366       0       0       0       0       0       000010000D0000239
     110       0       0       2       0                               0D0000240
     110     368       0       0       0       0       0       000010000D0000241
     110       0       0       1       0                               0D0000242
     110     369       0       0       0       0       0       000010000D0000243
     110       0       0       1       0                               0D0000244
     110     370       0       0       0       0       0       000010000D0000245
     110       0       0       2       0                               0D0000246
     110     372       0       0       0       0       0       000010000D0000247
     110       0       0       2       0                               0D0000248
     110     374       0       0       0       0       0       000010000D0000249
     110       0       0       1       0                               0D0000250
     110     375       0       0       0       0       0       000010000D0000251
     110       0       0       1       0                               0D0000252
     110     376       0       0       0       0       0       000010000D0000253
     110       0       0       2       0                               0D0000254
     110     378       0       0       0       0       0       000010000D0000255
     110       0       0       2       0                               0D0000256
     110     380       0       0       0       0       0       000010000D0000257
     110       0       0       2       0                               0D0000258
     110     382       0       0       0       0       0       000010000D0000259
     110       0       0       1       0                               0D0000260
     110     383       0       0       0       0       0       000010000D0000261
     110       0       0       2       0                               0D0000262
     110     385       0       0       0       0       0       000010000D0000263
     110       0       0       2       0                               0D0000264
     110     387       0       0       0       0       0       000010000D0000265
     110       0       0       2       0                               0D0000266
     110     389       0       0       0       0       0       000010000D0000267
     110       0       0       2       0                               0D0000268
     110     391       0       0       0       0       0       000010000D0000269
     110       0       0       2       0                               0D0000270
     110     393       0       0       0       0       0       000010000D0000271
     110       0       0       2       0                               0D0000272
     110     395       0       0       0       0       0       000010000D0000273
     110       0       0       2       0                               0D0000274
     110     397       0       0       0       0       0       000010000D0000275
     110       0       0       2       0                               0D0000276
     110     399       0       0       0       0       0       000010000D0000277
     110       0       0       2       0                               0D0000278
     110     401       0       0       0       0       0       000010000D0000279
     110       0       0       2       0                               0D0000280
     110     403       0       0       0       0       0       000010000D0000281
     110       0       0       2       0                               0D0000282
     110     405       0       0       0       0       0       000010000D0000283
     110       0       0       2       0                               0D0000284
     110     407       0       0       0       0       0       000010000D0000285
     110       0       0       2       0                               0D0000286
     110     409       0       0       0       0       0       000010000D0000287
     110       0       0       2       0                               0D0000288
     110     411       0       0       0       0       0       000010000D0000289
     110       0       0       2       0                               0D0000290
     110     413       0       0       0       0       0       000010000D0000291
     110       0       0       2       0                               0D0000292
     110     415       0       0       0       0       0       000010000D0000293
     110       0       0       2       0                               0D0000294
     110     417       0       0       0       0       0       000010000D0000295
     110       0       0       2       0                               0D0000296
     110     419       0       0       0       0       0       000010000D0000297
     110       0       0       2       0                               0D0000298
     110     421       0       0       0       0       0       000010000D0000299
     110       0       0       2       0                               0D0000300
     110     423       0       0       0       0       0       000010000D0000301
     110       0       0       2       0                               0D0000302
     110     425       0       0       0       0       0       000010000D0000303
     110       0       0       2       0                               0D0000304
     110     427       0       0       0       0       0       000010000D0000305
     110       0       0       2       0                               0D0000306
     110     429       0       0       0       0       0       000010000D0000307
     110       0       0       2       0                               0D0000308
     110     431       0       0       0       0       0       000010000D0000309
     110       0       0       2       0                               0D0000310
     110     433       0       0       0       0       0       000010000D0000311
     110       0       0       2       0                               0D0000312
     110     435       0       0       0       0       0       000010000D0000313
     110       0       0       1       0                               0D0000314
     110     436       0       0       0       0       0       000010000D0000315
     110       0       0       1       0                               0D0000316
     110     437       0       0       0       0       0       000010000D0000317
     110       0       0       2       0                               0D0000318
     110     439       0       0       0       0       0       000010000D0000319
     110       0       0       2       0                               0D0000320
     110     441       0       0       0       0       0       000010000D0000321
     110       0       0       1       0                               0D0000322
     110     442       0       0       0       0       0       000010000D0000323
     110       0       0       1       0                               0D0000324
     110     443       0       0       0       0       0       000010000D0000325
     110       0       0       2       0                               0D0000326
     110     445       0       0       0       0       0       000010000D0000327
     110       0       0       2       0                               0D0000328
     110     447       0       0       0       0       0       000010000D0000329
     110       0       0       2       0                               0D0000330
     110     449       0       0       0       0       0       000010000D0000331
     110       0       0       1       0                               0D0000332
     110     450       0       0       0       0       0       000010000D0000333
     110       0       0       2       0                               0D0000334
     110     452       0       0       0       0       0       000010000D0000335
     110       0       0       2       0                               0D0000336
     110     454       0       0       0       0       0       000010000D0000337
     110       0       0       2       0                               0D0000338
     110     456       0       0       0       0       0       000010000D0000339
     110       0       0       2       0                               0D0000340
     110     458       0       0       0       0       0       000010000D0000341
     110       0       0       2       0                               0D0000342
     110     460       0       0       0       0       0       000010000D0000343
     110       0       0       2       0                               0D0000344
     110     462       0       0       0       0       0       000010000D0000345
     110       0       0       2       0                               0D0000346
     110     464       0       0       0       0       0       000010000D0000347
     110       0       0       1       0                               0D0000348
     110     465       0       0       0       0       0       000010000D0000349
     110       0       0       1       0                               0D0000350
     110     466       0       0       0       0       0       000010000D0000351
     110       0       0       2       0                               0D0000352
     110     468       0       0       0       0       0       000010000D0000353
     110       0       0       2       0                               0D0000354
     110     470       0       0       0       0       0       000010000D0000355
     110       0       0       1       0                               0D0000356
     110     471       0       0       0       0       0       000010000D0000357
     110       0       0       1       0                               0D0000358
     110     472       0       0       0       0       0       000010000D0000359
     110       0       0       2       0                               0D0000360
     110     474       0       0       0       0       0       000010000D0000361
     110       0       0       2       0                               0D0000362
     110     476       0       0       0       0       0       000010000D0000363
     110       0       0       1       0                               0D0000364
     110     477       0       0       0       0       0       000010000D0000365
     110       0       0       2       0                               0D0000366
     110     479       0       0       0       0       0       000010000D0000367
     110       0       0       2       0                               0D0000368
     110     481       0       0       0       0       0       000010000D0000369
     110       0       0       2       0                               0D0000370
     110     483       0       0       0       0       0       000010000D0000371
     110       0       0       2       0                               0D0000372
     110     485       0       0       0       0       0       000010000D0000373
     110       0       0       2       0                               0D0000374
     110     487       0       0       0       0       0       000010000D0000375
     110       0       0       2       0                               0D0000376
     110     489       0       0       0       0       0       000010000D0000377
     110       0       0       2       0                               0D0000378
     110     491       0       0       0       0       0       000010000D0000379
     110       0       0       2       0                               0D0000380
     110     493       0       0       0       0       0       000010000D0000381
     110       0       0       2       0                               0D0000382
     110     495       0       0       0       0       0       000010000D0000383
     110       0       0       1       0                               0D0000384
     110     496       0       0       0       0       0       000010000D0000385
     110       0       0       1       0                               0D0000386
     110     497       0       0       0       0       0       000010000D0000387
     110       0       0       2       0                               0D0000388
     110     499       0       0       0       0       0       000010000D0000389
     110       0       0       2       0                               0D0000390
     110     501       0       0       0       0       0       000010000D0000391
     110       0       0       1       0                               0D0000392
     110     502       0       0       0       0       0       000010000D0000393
     110       0       0       1       0                               0D0000394
     110     503       0       0       0       0       0       000010000D0000395
     110       0       0       2       0                               0D0000396
     110     505       0       0       0       0       0       000010000D0000397
     110       0       0       2       0                               0D0000398
     110     507       0       0       0       0       0       000010000D0000399
     110       0       0       2       0                               0D0000400
     110     509       0       0       0       0       0       000010000D0000401
     110       0       0       1       0                               0D0000402
     110     510       0       0       0       0       0       000010000D0000403
     110       0       0       2       0                               0D0000404
     110     512       0       0       0       0       0       000010000D0000405
     110       0       0       2       0                               0D0000406
     110     514       0       0       0       0       0       000010000D0000407
     110       0       0       2       0                               0D0000408
     110     516       0       0       0       0       0       000010000D0000409
     110       0       0       2       0                               0D0000410
     110     518       0       0       0       0       0       000010000D0000411
     110       0       0       2       0                               0D0000412
     110     520       0       0       0       0       0       000010000D0000413
     110       0       0       2       0                               0D0000414
     110     522       0       0       0       0       0       000010000D0000415
     110       0       0       2       0                               0D0000416
     110     524       0       0       0       0       0       000010000D0000417
     110       0       0       2       0                               0D0000418
     110     526       0       0       0       0       0       000010000D0000419
     110       0       0       2       0                               0D0000420
     110     528       0       0       0       0       0       000010000D0000421
     110       0       0       2       0                               0D0000422
     110     530       0       0       0       0       0       000010000D0000423
     110       0       0       2       0                               0D0000424
     110     532       0       0       0       0       0       000010000D0000425
     110       0       0       2       0                               0D0000426
     110     534       0       0       0       0       0       000010000D0000427
     110       0       0       2       0                               0D0000428
     110     536       0       0       0       0       0       000010000D0000429
     110       0       0       2       0                               0D0000430
     110     538       0       0       0       0       0       000010000D0000431
     110       0       0       2       0                               0D0000432
     110     540       0       0       0       0       0       000010000D0000433
     110       0       0       2       0                               0D0000434
     110     542       0       0       0       0       0       000010000D0000435
     110       0       0       2       0                               0D0000436
     110     544       0       0       0       0       0       000010000D0000437
     110       0       0       2       0                               0D0000438
     110     546       0       0       0       0       0       000010000D0000439
     110       0       0       2       0                               0D0000440
     110     548       0       0       0       0       0       000010000D0000441
     110       0       0       2       0                               0D0000442
     110     550       0       0       0       0       0       000010000D0000443
     110       0       0       2       0                               0D0000444
     110     552       0       0       0       0       0       000010000D0000445
     110       0       0       2       0                               0D0000446
     110     554       0       0       0       0       0       000010000D0000447
     110       0       0       2       0                               0D0000448
     110     556       0       0       0       0       0       000010000D0000449
     110       0       0       2       0                               0D0000450
     110     558       0       0       0       0       0       000010000D0000451
     110       0       0       2       0                               0D0000452
     110     560       0       0       0       0       0       000010000D0000453
     110       0       0       2       0                               0D0000454
     110     562       0       0       0       0       0       000010000D0000455
     110       0       0       2       0                               0D0000456
     110     564       0       0       0       0       0       000010000D0000457
     110       0       0       2       0                               0D0000458
     110     566       0       0       0       0       0       000010000D0000459
     110       0       0       2       0                               0D0000460
     110     568       0       0       0       0       0       000010000D0000461
     110       0       0       2       0                               0D0000462
     110     570       0       0       0       0       0       000010000D0000463
     110       0       0       2       0                               0D0000464
     110     572       0       0       0       0       0       000010000D0000465
     110       0       0       2       0                               0D0000466
     110     574       0       0       0       0       0       000010000D0000467
     110       0       0       2       0                               0D0000468
     110     576       0       0       0       0       0       000010000D0000469
     110       0       0       2       0                               0D0000470
     110     578       0       0       0       0       0       000010000D0000471
     110       0       0       1       0                               0D0000472
     110     579       0       0       0       0       0       000010000D0000473
     110       0       0       2       0                               0D0000474
     110     581       0       0       0       0       0       000010000D0000475
     110       0       0       1       0                               0D0000476
     110     582       0       0       0       0       0       000010000D0000477
     110       0       0       2       0                               0D0000478
     110     584       0       0       0       0       0       000010000D0000479
     110       0       0       2       0                               0D0000480
     110     586       0       0       0       0       0       000010000D0000481
     110       0       0       2       0                               0D0000482
     110     588       0       0       0       0       0       000010000D0000483
     110       0       0       2       0                               0D0000484
     110     590       0       0       0       0       0       000010000D0000485
     110       0       0       2       0                               0D0000486
     110     592       0       0       0       0       0       000010000D0000487
     110       0       0       2       0                               0D0000488
     110     594       0       0       0       0       0       000010000D0000489
     110       0       0       2       0                               0D0000490
     110     596       0       0       0       0       0       000010000D0000491
     110       0       0       2       0                               0D0000492
     110     598       0       0       0       0       0       000010000D0000493
     110       0       0       2       0                               0D0000494
     110     600       0       0       0       0       0       000010000D0000495
     110       0       0       2       0                               0D0000496
     110     602       0       0       0       0       0       000010000D0000497
     110       0       0       2       0                               0D0000498
     110     604       0       0       0       0       0       000010000D0000499
     110       0       0       2       0                               0D0000500
     110     606       0       0       0       0       0       000010000D0000501
     110       0       0       2       0                               0D0000502
     110     608       0       0       0       0       0       000010000D0000503
     110       0       0       2       0                               0D0000504
     110     610       0       0       0       0       0       000010000D0000505
     110       0       0       2       0                               0D0000506
     110     612       0       0       0       0       0       000010000D0000507
     110       0       0       1       0                               0D0000508
     110     613       0       0       0       0       0       000010000D0000509
     110       0       0       1       0                               0D0000510
     510     614       0       0       0       0       0       000010000D0000511
     510       0       0       1       1                               0D0000512
     190     615       0       0       0       0       0       000010000D0000513
     190       0       0       1       1                               0D0000514
     116     616       0       0       0       0       0       000010400D0000515
     116       0       0       1       0                               0D0000516
     123     617       0       0       0       0       0       000010200D0000517
     123       0       0       1       0                               0D0000518
     123     618       0       0       0       0       0       000010200D0000519
     123       0       0       1       0                               0D0000520
     508     619       0       0       0       0       0       000010000D0000521
     508       0       0       1       1                               0D0000522
     510     620       0       0       0       0       0       000010000D0000523
     510       0       0       1       1                               0D0000524
     190     621       0       0       0       0       0       000010000D0000525
     190       0       0       1       1                               0D0000526
     116     622       0       0       0       0       0       000010400D0000527
     116       0       0       1       0                               0D0000528
     123     623       0       0       0       0       0       000010200D0000529
     123       0       0       1       0                               0D0000530
     123     624       0       0       0       0       0       000010200D0000531
     123       0       0       1       0                               0D0000532
     508     625       0       0       0       0       0       000010000D0000533
     508       0       0       1       1                               0D0000534
     510     626       0       0       0       0       0       000010000D0000535
     510       0       0       1       1                               0D0000536
     190     627       0       0       0       0       0       000010000D0000537
     190       0       0       1       1                               0D0000538
     116     628       0       0       0       0       0       000010400D0000539
     116       0       0       1       0                               0D0000540
     123     629       0       0       0       0       0       000010200D0000541
     123       0       0       1       0                               0D0000542
     123     630       0       0       0       0       0       000010200D0000543
     123       0       0       1       0                               0D0000544
     508     631       0       0       0       0       0       000010000D0000545
     508       0       0       1       1                               0D0000546
     510     632       0       0       0       0       0       000010000D0000547
     510       0       0       1       1                               0D0000548
     190     633       0       0       0       0       0       000010000D0000549
     190       0       0       1       1                               0D0000550
     116     634       0       0       0       0       0       000010400D0000551
     116       0       0       1       0                               0D0000552
     123     635       0       0       0       0       0       000010200D0000553
     123       0       0       1       0                               0D0000554
     123     636       0       0       0       0       0       000010200D0000555
     123       0       0       1       0                               0D0000556
     508     637       0       0       0       0       0       000010000D0000557
     508       0       0       1       1                               0D0000558
     510     638       0       0       0       0       0       000010000D0000559
     510       0       0       1       1                               0D0000560
     190     639       0       0       0       0       0       000010000D0000561
     190       0       0       1       1                               0D0000562
     116     640       0       0       0       0       0       000010400D0000563
     116       0       0       1       0                               0D0000564
     123     641       0       0       0       0       0       000010200D0000565
     123       0       0       1       0                               0D0000566
     123     642       0       0       0       0       0       000010200D0000567
     123       0       0       1       0                               0D0000568
     508     643       0       0       0       0       0       000010000D0000569
     508       0       0       1       1                               0D0000570
     510     644       0       0       0       0       0       000010000D0000571
     510       0       0       1       1                               0D0000572
     190     645       0       0       0       0       0       000010000D0000573
     190       0       0       1       1                               0D0000574
     116     646       0       0       0       0       0       000010400D0000575
     116       0       0       1       0                               0D0000576
     123     647       0       0       0       0       0       000010200D0000577
     123       0       0       1       0                               0D0000578
     123     648       0       0       0       0       0       000010200D0000579
     123       0       0       1       0                               0D0000580
     508     649       0       0       0       0       0       000010000D0000581
     508       0       0       1       1                               0D0000582
     510     650       0       0       0       0       0       000010000D0000583
     510       0       0       1       1                               0D0000584
     190     651       0       0       0       0       0       000010000D0000585
     190       0       0       1       1                               0D0000586
     116     652       0       0       0       0       0       000010400D0000587
     116       0       0       1       0                               0D0000588
     123     653       0       0       0       0       0       000010200D0000589
     123       0       0       1       0                               0D0000590
     123     654       0       0       0       0       0       000010200D0000591
     123       0       0       1       0                               0D0000592
     508     655       0       0       0       0       0       000010000D0000593
     508       0       0       1       1                               0D0000594
     510     656       0       0       0       0       0       000010000D0000595
     510       0       0       1       1                               0D0000596
     190     657       0       0       0       0       0       000010000D0000597
     190       0       0       1       1                               0D0000598
     116     658       0       0       0       0       0       000010400D0000599
     116       0       0       1       0                               0D0000600
     123     659       0       0       0       0       0       000010200D0000601
     123       0       0       1       0                               0D0000602
     123     660       0       0       0       0       0       000010200D0000603
     123       0       0       1       0                               0D0000604
     508     661       0       0       0       0       0       000010000D0000605
     508       0       0       7       1                               0D0000606
     510     668       0       0       0       0       0       000010000D0000607
     510       0       0       1       1                               0D0000608
     190     669       0       0       0       0       0       000010000D0000609
     190       0       0       1       1                               0D0000610
     116     670       0       0       0       0       0       000010400D0000611
     116       0       0       1       0                               0D0000612
     123     671       0       0       0       0       0       000010200D0000613
     123       0       0       1       0                               0D0000614
     123     672       0       0       0       0       0       000010200D0000615
     123       0       0       1       0                               0D0000616
     508     673       0       0       0       0       0       000010000D0000617
     508       0       0       1       1                               0D0000618
     510     674       0       0       0       0       0       000010000D0000619
     510       0       0       1       1                               0D0000620
     190     675       0       0       0       0       0       000010000D0000621
     190       0       0       1       1                               0D0000622
     116     676       0       0       0       0       0       000010400D0000623
     116       0       0       1       0                               0D0000624
     123     677       0       0       0       0       0       000010200D0000625
     123       0       0       1       0                               0D0000626
     123     678       0       0       0       0       0       000010200D0000627
     123       0       0       1       0                               0D0000628
     508     679       0       0       0       0       0       000010000D0000629
     508       0       0       7       1                               0D0000630
     510     686       0       0       0       0       0       000010000D0000631
     510       0       0       1       1                               0D0000632
     190     687       0       0       0       0       0       000010000D0000633
     190       0       0       1       1                               0D0000634
     116     688       0       0       0       0       0       000010400D0000635
     116       0       0       1       0                               0D0000636
     123     689       0       0       0       0       0       000010200D0000637
     123       0       0       1       0                               0D0000638
     123     690       0       0       0       0       0       000010200D0000639
     123       0       0       1       0                               0D0000640
     508     691       0       0       0       0       0       000010000D0000641
     508       0       0       1       1                               0D0000642
     510     692       0       0       0       0       0       000010000D0000643
     510       0       0       1       1                               0D0000644
     190     693       0       0       0       0       0       000010000D0000645
     190       0       0       1       1                               0D0000646
     116     694       0       0       0       0       0       000010400D0000647
     116       0       0       1       0                               0D0000648
     123     695       0       0       0       0       0       000010200D0000649
     123       0       0       1       0                               0D0000650
     123     696       0       0       0       0       0       000010200D0000651
     123       0       0       1       0                               0D0000652
     508     697       0       0       0       0       0       000010000D0000653
     508       0       0       1       1                               0D0000654
     510     698       0       0       0       0       0       000010000D0000655
     510       0       0       1       1                               0D0000656
     190     699       0       0       0       0       0       000010000D0000657
     190       0       0       1       1                               0D0000658
     116     700       0       0       0       0       0       000010400D0000659
     116       0       0       1       0                               0D0000660
     123     701       0       0       0       0       0       000010200D0000661
     123       0       0       1       0                               0D0000662
     123     702       0       0       0       0       0       000010200D0000663
     123       0       0       1       0                               0D0000664
     508     703       0       0       0       0       0       000010000D0000665
     508       0       0       1       1                               0D0000666
     510     704       0       0       0       0       0       000010000D0000667
     510       0       0       1       1                               0D0000668
     190     705       0       0       0       0       0       000010000D0000669
     190       0       0       1       1                               0D0000670
     116     706       0       0       0       0       0       000010400D0000671
     116       0       0       1       0                               0D0000672
     123     707       0       0       0       0       0       000010200D0000673
     123       0       0       1       0                               0D0000674
     123     708       0       0       0       0       0       000010200D0000675
     123       0       0       1       0                               0D0000676
     508     709       0       0       0       0       0       000010000D0000677
     508       0       0       1       1                               0D0000678
     510     710       0       0       0       0       0       000010000D0000679
     510       0       0       1       1                               0D0000680
     190     711       0       0       0       0       0       000010000D0000681
     190       0       0       1       1                               0D0000682
     116     712       0       0       0       0       0       000010400D0000683
     116       0       0       1       0                               0D0000684
     123     713       0       0       0       0       0       000010200D0000685
     123       0       0       1       0                               0D0000686
     123     714       0       0       0       0       0       000010200D0000687
     123       0       0       1       0                               0D0000688
     508     715       0       0       0       0       0       000010000D0000689
     508       0       0       1       1                               0D0000690
     510     716       0       0       0       0       0       000010000D0000691
     510       0       0       1       1                               0D0000692
     190     717       0       0       0       0       0       000010000D0000693
     190       0       0       1       1                               0D0000694
     116     718       0       0       0       0       0       000010400D0000695
     116       0       0       1       0                               0D0000696
     123     719       0       0       0       0       0       000010200D0000697
     123       0       0       1       0                               0D0000698
     123     720       0       0       0       0       0       000010200D0000699
     123       0       0       1       0                               0D0000700
     508     721       0       0       0       0       0       000010000D0000701
     508       0       0       1       1                               0D0000702
     510     722       0       0       0       0       0       000010000D0000703
     510       0       0       1       1                               0D0000704
     190     723       0       0       0       0       0       000010000D0000705
     190       0       0       1       1                               0D0000706
     116     724       0       0       0       0       0       000010400D0000707
     116       0       0       1       0                               0D0000708
     123     725       0       0       0       0       0       000010200D0000709
     123       0       0       1       0                               0D0000710
     123     726       0       0       0       0       0       000010200D0000711
     123       0       0       1       0                               0D0000712
     508     727       0       0       0       0       0       000010000D0000713
     508       0       0       1       1                               0D0000714
     510     728       0       0       0       0       0       000010000D0000715
     510       0       0       1       1                               0D0000716
     190     729       0       0       0       0       0       000010000D0000717
     190       0       0       1       1                               0D0000718
     116     730       0       0       0       0       0       000010400D0000719
     116       0       0       1       0                               0D0000720
     123     731       0       0       0       0       0       000010200D0000721
     123       0       0       1       0                               0D0000722
     123     732       0       0       0       0       0       000010200D0000723
     123       0       0       1       0                               0D0000724
     508     733       0       0       0       0       0       000010000D0000725
     508       0       0       1       1                               0D0000726
     510     734       0       0       0       0       0       000010000D0000727
     510       0       0       1       1                               0D0000728
     190     735       0       0       0       0       0       000010000D0000729
     190       0       0       1       1                               0D0000730
     116     736       0       0       0       0       0       000010400D0000731
     116       0       0       1       0                               0D0000732
     123     737       0       0       0       0       0       000010200D0000733
     123       0       0       1       0                               0D0000734
     123     738       0       0       0       0       0       000010200D0000735
     123       0       0       1       0                               0D0000736
     508     739       0       0       0       0       0       000010000D0000737
     508       0       0       1       1                               0D0000738
     510     740       0       0       0       0       0       000010000D0000739
     510       0       0       1       1                               0D0000740
     190     741       0       0       0       0       0       000010000D0000741
     190       0       0       1       1                               0D0000742
     116     742       0       0       0       0       0       000010400D0000743
     116       0       0       1       0                               0D0000744
     123     743       0       0       0       0       0       000010200D0000745
     123       0       0       1       0                               0D0000746
     123     744       0       0       0       0       0       000010200D0000747
     123       0       0       1       0                               0D0000748
     508     745       0       0       0       0       0       000010000D0000749
     508       0       0       1       1                               0D0000750
     510     746       0       0       0       0       0       000010000D0000751
     510       0       0       1       1                               0D0000752
     190     747       0       0       0       0       0       000010000D0000753
     190       0       0       1       1                               0D0000754
     116     748       0       0       0       0       0       000010400D0000755
     116       0       0       1       0                               0D0000756
     123     749       0       0       0       0       0       000010200D0000757
     123       0       0       1       0                               0D0000758
     123     750       0       0       0       0       0       000010200D0000759
     123       0       0       1       0                               0D0000760
     508     751       0       0       0       0       0       000010000D0000761
     508       0       0       1       1                               0D0000762
     510     752       0       0       0       0       0       000010000D0000763
     510       0       0       1       1                               0D0000764
     190     753       0       0       0       0       0       000010000D0000765
     190       0       0       1       1                               0D0000766
     116     754       0       0       0       0       0       000010400D0000767
     116       0       0       1       0                               0D0000768
     123     755       0       0       0       0       0       000010200D0000769
     123       0       0       1       0                               0D0000770
     123     756       0       0       0       0       0       000010200D0000771
     123       0       0       1       0                               0D0000772
     508     757       0       0       0       0       0       000010000D0000773
     508       0       0       1       1                               0D0000774
     510     758       0       0       0       0       0       000010000D0000775
     510       0       0       1       1                               0D0000776
     190     759       0       0       0       0       0       000010000D0000777
     190       0       0       1       1                               0D0000778
     116     760       0       0       0       0       0       000010400D0000779
     116       0       0       1       0                               0D0000780
     123     761       0       0       0       0       0       000010200D0000781
     123       0       0       1       0                               0D0000782
     123     762       0       0       0       0       0       000010200D0000783
     123       0       0       1       0                               0D0000784
     508     763       0       0       0       0       0       000010000D0000785
     508       0       0       1       1                               0D0000786
     510     764       0       0       0       0       0       000010000D0000787
     510       0       0       1       1                               0D0000788
     190     765       0       0       0       0       0       000010000D0000789
     190       0       0       1       1                               0D0000790
     116     766       0       0       0       0       0       000010400D0000791
     116       0       0       1       0                               0D0000792
     123     767       0       0       0       0       0       000010200D0000793
     123       0       0       1       0                               0D0000794
     123     768       0       0       0       0       0       000010200D0000795
     123       0       0       1       0                               0D0000796
     508     769       0       0       0       0       0       000010000D0000797
     508       0       0       1       1                               0D0000798
     510     770       0       0       0       0       0       000010000D0000799
     510       0       0       1       1                               0D0000800
     190     771       0       0       0       0       0       000010000D0000801
     190       0       0       1       1                               0D0000802
     116     772       0       0       0       0       0       000010400D0000803
     116       0       0       1       0                               0D0000804
     123     773       0       0       0       0       0       000010200D0000805
     123       0       0       1       0                               0D0000806
     123     774       0       0       0       0       0       000010200D0000807
     123       0       0       1       0                               0D0000808
     508     775       0       0       0       0       0       000010000D0000809
     508       0       0       1       1                               0D0000810
     510     776       0       0       0       0       0       000010000D0000811
     510       0       0       1       1                               0D0000812
     190     777       0       0       0       0       0       000010000D0000813
     190       0       0       1       1                               0D0000814
     116     778       0       0       0       0       0       000010400D0000815
     116       0       0       1       0                               0D0000816
     123     779       0       0       0       0       0       000010200D0000817
     123       0       0       1       0                               0D0000818
     123     780       0       0       0       0       0       000010200D0000819
     123       0       0       1       0                               0D0000820
     508     781       0       0       0       0       0       000010000D0000821
     508       0       0       1       1                               0D0000822
     510     782       0       0       0       0       0       000010000D0000823
     510       0       0       1       1                               0D0000824
     190     783       0       0       0       0       0       000010000D0000825
     190       0       0       1       1                               0D0000826
     116     784       0       0       0       0       0       000010400D0000827
     116       0       0       1       0                               0D0000828
     123     785       0       0       0       0       0       000010200D0000829
     123       0       0       1       0                               0D0000830
     123     786       0       0       0       0       0       000010200D0000831
     123       0       0       1       0                               0D0000832
     508     787       0       0       0       0       0       000010000D0000833
     508       0       0       1       1                               0D0000834
     510     788       0       0       0       0       0       000010000D0000835
     510       0       0       1       1                               0D0000836
     190     789       0       0       0       0       0       000010000D0000837
     190       0       0       1       1                               0D0000838
     116     790       0       0       0       0       0       000010400D0000839
     116       0       0       1       0                               0D0000840
     123     791       0       0       0       0       0       000010200D0000841
     123       0       0       1       0                               0D0000842
     123     792       0       0       0       0       0       000010200D0000843
     123       0       0       1       0                               0D0000844
     508     793       0       0       0       0       0       000010000D0000845
     508       0       0       1       1                               0D0000846
     510     794       0       0       0       0       0       000010000D0000847
     510       0       0       1       1                               0D0000848
     190     795       0       0       0       0       0       000010000D0000849
     190       0       0       1       1                               0D0000850
     116     796       0       0       0       0       0       000010400D0000851
     116       0       0       1       0                               0D0000852
     123     797       0       0       0       0       0       000010200D0000853
     123       0       0       1       0                               0D0000854
     123     798       0       0       0       0       0       000010200D0000855
     123       0       0       1       0                               0D0000856
     508     799       0       0       0       0       0       000010000D0000857
     508       0       0       1       1                               0D0000858
     510     800       0       0       0       0       0       000010000D0000859
     510       0       0       1       1                               0D0000860
     190     801       0       0       0       0       0       000010000D0000861
     190       0       0       1       1                               0D0000862
     116     802       0       0       0       0       0       000010400D0000863
     116       0       0       1       0                               0D0000864
     123     803       0       0       0       0       0       000010200D0000865
     123       0       0       1       0                               0D0000866
     123     804       0       0       0       0       0       000010200D0000867
     123       0       0       1       0                               0D0000868
     508     805       0       0       0       0       0       000010000D0000869
     508       0       0       1       1                               0D0000870
     510     806       0       0       0       0       0       000010000D0000871
     510       0       0       1       1                               0D0000872
     190     807       0       0       0       0       0       000010000D0000873
     190       0       0       1       1                               0D0000874
     116     808       0       0       0       0       0       000010400D0000875
     116       0       0       1       0                               0D0000876
     123     809       0       0       0       0       0       000010200D0000877
     123       0       0       1       0                               0D0000878
     123     810       0       0       0       0       0       000010200D0000879
     123       0       0       1       0                               0D0000880
     508     811       0       0       0       0       0       000010000D0000881
     508       0       0       1       1                               0D0000882
     510     812       0       0       0       0       0       000010000D0000883
     510       0       0       1       1                               0D0000884
     190     813       0       0       0       0       0       000010000D0000885
     190       0       0       1       1                               0D0000886
     116     814       0       0       0       0       0       000010400D0000887
     116       0       0       1       0                               0D0000888
     123     815       0       0       0       0       0       000010200D0000889
     123       0       0       1       0                               0D0000890
     123     816       0       0       0       0       0       000010200D0000891
     123       0       0       1       0                               0D0000892
     508     817       0       0       0       0       0       000010000D0000893
     508       0       0       1       1                               0D0000894
     510     818       0       0       0       0       0       000010000D0000895
     510       0       0       1       1                               0D0000896
     190     819       0       0       0       0       0       000010000D0000897
     190       0       0       1       1                               0D0000898
     116     820       0       0       0       0       0       000010400D0000899
     116       0       0       1       0                               0D0000900
     123     821       0       0       0       0       0       000010200D0000901
     123       0       0       1       0                               0D0000902
     123     822       0       0       0       0       0       000010200D0000903
     123       0       0       1       0                               0D0000904
     508     823       0       0       0       0       0       000010000D0000905
     508       0       0       1       1                               0D0000906
     510     824       0       0       0       0       0       000010000D0000907
     510       0       0       1       1                               0D0000908
     190     825       0       0       0       0       0       000010000D0000909
     190       0       0       1       1                               0D0000910
     116     826       0       0       0       0       0       000010400D0000911
     116       0       0       1       0                               0D0000912
     123     827       0       0       0       0       0       000010200D0000913
     123       0       0       1       0                               0D0000914
     123     828       0       0       0       0       0       000010200D0000915
     123       0       0       1       0                               0D0000916
     508     829       0       0       0       0       0       000010000D0000917
     508       0       0       1       1                               0D0000918
     510     830       0       0       0       0       0       000010000D0000919
     510       0       0       1       1                               0D0000920
     190     831       0       0       0       0       0       000010000D0000921
     190       0       0       1       1                               0D0000922
     116     832       0       0       0       0       0       000010400D0000923
     116       0       0       1       0                               0D0000924
     123     833       0       0       0       0       0       000010200D0000925
     123       0       0       1       0                               0D0000926
     123     834       0       0       0       0       0       000010200D0000927
     123       0       0       1       0                               0D0000928
     508     835       0       0       0       0       0       000010000D0000929
     508       0       0       1       1                               0D0000930
     510     836       0       0       0       0       0       000010000D0000931
     510       0       0       1       1                               0D0000932
     190     837       0       0       0       0       0       000010000D0000933
     190       0       0       1       1                               0D0000934
     116     838       0       0       0       0       0       000010400D0000935
     116       0       0       1       0                               0D0000936
     123     839       0       0       0       0       0       000010200D0000937
     123       0       0       1       0                               0D0000938
     123     840       0       0       0       0       0       000010200D0000939
     123       0       0       1       0                               0D0000940
     508     841       0       0       0       0       0       000010000D0000941
     508       0       0       1       1                               0D0000942
     510     842       0       0       0       0       0       000010000D0000943
     510       0       0       1       1                               0D0000944
     190     843       0       0       0       0       0       000010000D0000945
     190       0       0       1       1                               0D0000946
     116     844       0       0       0       0       0       000010400D0000947
     116       0       0       1       0                               0D0000948
     123     845       0       0       0       0       0       000010200D0000949
     123       0       0       1       0                               0D0000950
     123     846       0       0       0       0       0       000010200D0000951
     123       0       0       1       0                               0D0000952
     508     847       0       0       0       0       0       000010000D0000953
     508       0       0       1       1                               0D0000954
     510     848       0       0       0       0       0       000010000D0000955
     510       0       0       1       1                               0D0000956
     190     849       0       0       0       0       0       000010000D0000957
     190       0       0       1       1                               0D0000958
     116     850       0       0       0       0       0       000010400D0000959
     116       0       0       1       0                               0D0000960
     123     851       0       0       0       0       0       000010200D0000961
     123       0       0       1       0                               0D0000962
     123     852       0       0       0       0       0       000010200D0000963
     123       0       0       1       0                               0D0000964
     508     853       0       0       0       0       0       000010000D0000965
     508       0       0       1       1                               0D0000966
     510     854       0       0       0       0       0       000010000D0000967
     510       0       0       1       1                               0D0000968
     190     855       0       0       0       0       0       000010000D0000969
     190       0       0       1       1                               0D0000970
     116     856       0       0       0       0       0       000010400D0000971
     116       0       0       1       0                               0D0000972
     123     857       0       0       0       0       0       000010200D0000973
     123       0       0       1       0                               0D0000974
     123     858       0       0       0       0       0       000010200D0000975
     123       0       0       1       0                               0D0000976
     508     859       0       0       0       0       0       000010000D0000977
     508       0       0       1       1                               0D0000978
     510     860       0       0       0       0       0       000010000D0000979
     510       0       0       1       1                               0D0000980
     190     861       0       0       0       0       0       000010000D0000981
     190       0       0       1       1                               0D0000982
     116     862       0       0       0       0       0       000010400D0000983
     116       0       0       1       0                               0D0000984
     123     863       0       0       0       0       0       000010200D0000985
     123       0       0       1       0                               0D0000986
     123     864       0       0       0       0       0       000010200D0000987
     123       0       0       1       0                               0D0000988
     508     865       0       0       0       0       0       000010000D0000989
     508       0       0       1       1                               0D0000990
     510     866       0       0       0       0       0       000010000D0000991
     510       0       0       1       1                               0D0000992
     190     867       0       0       0       0       0       000010000D0000993
     190       0       0       1       1                               0D0000994
     116     868       0       0       0       0       0       000010400D0000995
     116       0       0       1       0                               0D0000996
     123     869       0       0       0       0       0       000010200D0000997
     123       0       0       1       0                               0D0000998
     123     870       0       0       0       0       0       000010200D0000999
     123       0       0       1       0                               0D0001000
     508     871       0       0       0       0       0       000010000D0001001
     508       0       0       1       1                               0D0001002
     510     872       0       0       0       0       0       000010000D0001003
     510       0       0       1       1                               0D0001004
     190     873       0       0       0       0       0       000010000D0001005
     190       0       0       1       1                               0D0001006
     116     874       0       0       0       0       0       000010400D0001007
     116       0       0       1       0                               0D0001008
     123     875       0       0       0       0       0       000010200D0001009
     123       0       0       1       0                               0D0001010
     123     876       0       0       0       0       0       000010200D0001011
     123       0       0       1       0                               0D0001012
     508     877       0       0       0       0       0       000010000D0001013
     508       0       0       1       1                               0D0001014
     510     878       0       0       0       0       0       000010000D0001015
     510       0       0       1       1                               0D0001016
     190     879       0       0       0       0       0       000010000D0001017
     190       0       0       1       1                               0D0001018
     116     880       0       0       0       0       0       000010400D0001019
     116       0       0       1       0                               0D0001020
     123     881       0       0       0       0       0       000010200D0001021
     123       0       0       1       0                               0D0001022
     123     882       0       0       0       0       0       000010200D0001023
     123       0       0       1       0                               0D0001024
     508     883       0       0       0       0       0       000010000D0001025
     508       0       0       1       1                               0D0001026
     510     884       0       0       0       0       0       000010000D0001027
     510       0       0       1       1                               0D0001028
     190     885       0       0       0       0       0       000010000D0001029
     190       0       0       1       1                               0D0001030
     116     886       0       0       0       0       0       000010400D0001031
     116       0       0       1       0                               0D0001032
     123     887       0       0       0       0       0       000010200D0001033
     123       0       0       1       0                               0D0001034
     123     888       0       0       0       0       0       000010200D0001035
     123       0       0       1       0                               0D0001036
     508     889       0       0       0       0       0       000010000D0001037
     508       0       0       1       1                               0D0001038
     510     890       0       0       0       0       0       000010000D0001039
     510       0       0       1       1                               0D0001040
     190     891       0       0       0       0       0       000010000D0001041
     190       0       0       1       1                               0D0001042
     116     892       0       0       0       0       0       000010400D0001043
     116       0       0       1       0                               0D0001044
     123     893       0       0       0       0       0       000010200D0001045
     123       0       0       1       0                               0D0001046
     123     894       0       0       0       0       0       000010200D0001047
     123       0       0       1       0                               0D0001048
     508     895       0       0       0       0       0       000010000D0001049
     508       0       0       1       1                               0D0001050
     510     896       0       0       0       0       0       000010000D0001051
     510       0       0       1       1                               0D0001052
     190     897       0       0       0       0       0       000010000D0001053
     190       0       0       1       1                               0D0001054
     116     898       0       0       0       0       0       000010400D0001055
     116       0       0       1       0                               0D0001056
     123     899       0       0       0       0       0       000010200D0001057
     123       0       0       1       0                               0D0001058
     123     900       0       0       0       0       0       000010200D0001059
     123       0       0       1       0                               0D0001060
     508     901       0       0       0       0       0       000010000D0001061
     508       0       0       1       1                               0D0001062
     510     902       0       0       0       0       0       000010000D0001063
     510       0       0       1       1                               0D0001064
     190     903       0       0       0       0       0       000010000D0001065
     190       0       0       1       1                               0D0001066
     116     904       0       0       0       0       0       000010400D0001067
     116       0       0       1       0                               0D0001068
     123     905       0       0       0       0       0       000010200D0001069
     123       0       0       1       0                               0D0001070
     123     906       0       0       0       0       0       000010200D0001071
     123       0       0       1       0                               0D0001072
     508     907       0       0       0       0       0       000010000D0001073
     508       0       0       1       1                               0D0001074
     510     908       0       0       0       0       0       000010000D0001075
     510       0       0       1       1                               0D0001076
     190     909       0       0       0       0       0       000010000D0001077
     190       0       0       1       1                               0D0001078
     116     910       0       0       0       0       0       000010400D0001079
     116       0       0       1       0                               0D0001080
     123     911       0       0       0       0       0       000010200D0001081
     123       0       0       1       0                               0D0001082
     123     912       0       0       0       0       0       000010200D0001083
     123       0       0       1       0                               0D0001084
     508     913       0       0       0       0       0       000010000D0001085
     508       0       0       1       1                               0D0001086
     510     914       0       0       0       0       0       000010000D0001087
     510       0       0       1       1                               0D0001088
     190     915       0       0       0       0       0       000010000D0001089
     190       0       0       1       1                               0D0001090
     116     916       0       0       0       0       0       000010400D0001091
     116       0       0       1       0                               0D0001092
     123     917       0       0       0       0       0       000010200D0001093
     123       0       0       1       0                               0D0001094
     123     918       0       0       0       0       0       000010200D0001095
     123       0       0       1       0                               0D0001096
     508     919       0       0       0       0       0       000010000D0001097
     508       0       0       1       1                               0D0001098
     510     920       0       0       0       0       0       000010000D0001099
     510       0       0       1       1                               0D0001100
     190     921       0       0       0       0       0       000010000D0001101
     190       0       0       1       1                               0D0001102
     116     922       0       0       0       0       0       000010400D0001103
     116       0       0       1       0                               0D0001104
     123     923       0       0       0       0       0       000010200D0001105
     123       0       0       1       0                               0D0001106
     123     924       0       0       0       0       0       000010200D0001107
     123       0       0       1       0                               0D0001108
     508     925       0       0       0       0       0       000010000D0001109
     508       0       0       1       1                               0D0001110
     510     926       0       0       0       0       0       000010000D0001111
     510       0       0       1       1                               0D0001112
     190     927       0       0       0       0       0       000010000D0001113
     190       0       0       1       1                               0D0001114
     116     928       0       0       0       0       0       000010400D0001115
     116       0       0       1       0                               0D0001116
     123     929       0       0       0       0       0       000010200D0001117
     123       0       0       1       0                               0D0001118
     123     930       0       0       0       0       0       000010200D0001119
     123       0       0       1       0                               0D0001120
     508     931       0       0       0       0       0       000010000D0001121
     508       0       0       1       1                               0D0001122
     510     932       0       0       0       0       0       000010000D0001123
     510       0       0       1       1                               0D0001124
     190     933       0       0       0       0       0       000010000D0001125
     190       0       0       1       1                               0D0001126
     116     934       0       0       0       0       0       000010400D0001127
     116       0       0       1       0                               0D0001128
     123     935       0       0       0       0       0       000010200D0001129
     123       0       0       1       0                               0D0001130
     123     936       0       0       0       0       0       000010200D0001131
     123       0       0       1       0                               0D0001132
     508     937       0       0       0       0       0       000010000D0001133
     508       0       0       1       1                               0D0001134
     510     938       0       0       0       0       0       000010000D0001135
     510       0       0       1       1                               0D0001136
     190     939       0       0       0       0       0       000010000D0001137
     190       0       0       1       1                               0D0001138
     116     940       0       0       0       0       0       000010400D0001139
     116       0       0       1       0                               0D0001140
     123     941       0       0       0       0       0       000010200D0001141
     123       0       0       1       0                               0D0001142
     123     942       0       0       0       0       0       000010200D0001143
     123       0       0       1       0                               0D0001144
     508     943       0       0       0       0       0       000010000D0001145
     508       0       0       1       1                               0D0001146
     510     944       0       0       0       0       0       000010000D0001147
     510       0       0       1       1                               0D0001148
     190     945       0       0       0       0       0       000010000D0001149
     190       0       0       1       1                               0D0001150
     116     946       0       0       0       0       0       000010400D0001151
     116       0       0       1       0                               0D0001152
     123     947       0       0       0       0       0       000010200D0001153
     123       0       0       1       0                               0D0001154
     123     948       0       0       0       0       0       000010200D0001155
     123       0       0       1       0                               0D0001156
     508     949       0       0       0       0       0       000010000D0001157
     508       0       0       1       1                               0D0001158
     510     950       0       0       0       0       0       000010000D0001159
     510       0       0       1       1                               0D0001160
     190     951       0       0       0       0       0       000010000D0001161
     190       0       0       1       1                               0D0001162
     116     952       0       0       0       0       0       000010400D0001163
     116       0       0       1       0                               0D0001164
     123     953       0       0       0       0       0       000010200D0001165
     123       0       0       1       0                               0D0001166
     123     954       0       0       0       0       0       000010200D0001167
     123       0       0       1       0                               0D0001168
     508     955       0       0       0       0       0       000010000D0001169
     508       0       0       1       1                               0D0001170
     510     956       0       0       0       0       0       000010000D0001171
     510       0       0       1       1                               0D0001172
     190     957       0       0       0       0       0       000010000D0001173
     190       0       0       1       1                               0D0001174
     116     958       0       0       0       0       0       000010400D0001175
     116       0       0       1       0                               0D0001176
     123     959       0       0       0       0       0       000010200D0001177
     123       0       0       1       0                               0D0001178
     123     960       0       0       0       0       0       000010200D0001179
     123       0       0       1       0                               0D0001180
     508     961       0       0       0       0       0       000010000D0001181
     508       0       0       1       1                               0D0001182
     510     962       0       0       0       0       0       000010000D0001183
     510       0       0       1       1                               0D0001184
     190     963       0       0       0       0       0       000010000D0001185
     190       0       0       1       1                               0D0001186
     116     964       0       0       0       0       0       000010400D0001187
     116       0       0       1       0                               0D0001188
     123     965       0       0       0       0       0       000010200D0001189
     123       0       0       1       0                               0D0001190
     123     966       0       0       0       0       0       000010200D0001191
     123       0       0       1       0                               0D0001192
     508     967       0       0       0       0       0       000010000D0001193
     508       0       0       1       1                               0D0001194
     510     968       0       0       0       0       0       000010000D0001195
     510       0       0       1       1                               0D0001196
     190     969       0       0       0       0       0       000010000D0001197
     190       0       0       1       1                               0D0001198
     116     970       0       0       0       0       0       000010400D0001199
     116       0       0       1       0                               0D0001200
     123     971       0       0       0       0       0       000010200D0001201
     123       0       0       1       0                               0D0001202
     123     972       0       0       0       0       0       000010200D0001203
     123       0       0       1       0                               0D0001204
     508     973       0       0       0       0       0       000010000D0001205
     508       0       0       1       1                               0D0001206
     510     974       0       0       0       0       0       000010000D0001207
     510       0       0       1       1                               0D0001208
     190     975       0       0       0       0       0       000010000D0001209
     190       0       0       1       1                               0D0001210
     116     976       0       0       0       0       0       000010400D0001211
     116       0       0       1       0                               0D0001212
     123     977       0       0       0       0       0       000010200D0001213
     123       0       0       1       0                               0D0001214
     123     978       0       0       0       0       0       000010200D0001215
     123       0       0       1       0                               0D0001216
     508     979       0       0       0       0       0       000010000D0001217
     508       0       0       1       1                               0D0001218
     510     980       0       0       0       0       0       000010000D0001219
     510       0       0       1       1                               0D0001220
     190     981       0       0       0       0       0       000010000D0001221
     190       0       0       1       1                               0D0001222
     116     982       0       0       0       0       0       000010400D0001223
     116       0       0       1       0                               0D0001224
     123     983       0       0       0       0       0       000010200D0001225
     123       0       0       1       0                               0D0001226
     123     984       0       0       0       0       0       000010200D0001227
     123       0       0       1       0                               0D0001228
     508     985       0       0       0       0       0       000010000D0001229
     508       0       0       1       1                               0D0001230
     510     986       0       0       0       0       0       000010000D0001231
     510       0       0       1       1                               0D0001232
     190     987       0       0       0       0       0       000010000D0001233
     190       0       0       1       1                               0D0001234
     116     988       0       0       0       0       0       000010400D0001235
     116       0       0       1       0                               0D0001236
     123     989       0       0       0       0       0       000010200D0001237
     123       0       0       1       0                               0D0001238
     123     990       0       0       0       0       0       000010200D0001239
     123       0       0       1       0                               0D0001240
     508     991       0       0       0       0       0       000010000D0001241
     508       0       0       1       1                               0D0001242
     510     992       0       0       0       0       0       000010000D0001243
     510       0       0       1       1                               0D0001244
     190     993       0       0       0       0       0       000010000D0001245
     190       0       0       1       1                               0D0001246
     116     994       0       0       0       0       0       000010400D0001247
     116       0       0       1       0                               0D0001248
     123     995       0       0       0       0       0       000010200D0001249
     123       0       0       1       0                               0D0001250
     123     996       0       0       0       0       0       000010200D0001251
     123       0       0       1       0                               0D0001252
     508     997       0       0       0       0       0       000010000D0001253
     508       0       0       1       1                               0D0001254
     510     998       0       0       0       0       0       000010000D0001255
     510       0       0       1       1                               0D0001256
     190     999       0       0       0       0       0       000010000D0001257
     190       0       0       1       1                               0D0001258
     116    1000       0       0       0       0       0       000010400D0001259
     116       0       0       1       0                               0D0001260
     123    1001       0       0       0       0       0       000010200D0001261
     123       0       0       1       0                               0D0001262
     123    1002       0       0       0       0       0       000010200D0001263
     123       0       0       1       0                               0D0001264
     508    1003       0       0       0       0       0       000010000D0001265
     508       0       0       1       1                               0D0001266
     510    1004       0       0       0       0       0       000010000D0001267
     510       0       0       1       1                               0D0001268
     190    1005       0       0       0       0       0       000010000D0001269
     190       0       0       1       1                               0D0001270
     116    1006       0       0       0       0       0       000010400D0001271
     116       0       0       1       0                               0D0001272
     123    1007       0       0       0       0       0       000010200D0001273
     123       0       0       1       0                               0D0001274
     123    1008       0       0       0       0       0       000010200D0001275
     123       0       0       1       0                               0D0001276
     508    1009       0       0       0       0       0       000010000D0001277
     508       0       0       1       1                               0D0001278
     510    1010       0       0       0       0       0       000010000D0001279
     510       0       0       1       1                               0D0001280
     190    1011       0       0       0       0       0       000010000D0001281
     190       0       0       1       1                               0D0001282
     116    1012       0       0       0       0       0       000010400D0001283
     116       0       0       1       0                               0D0001284
     123    1013       0       0       0       0       0       000010200D0001285
     123       0       0       1       0                               0D0001286
     123    1014       0       0       0       0       0       000010200D0001287
     123       0       0       1       0                               0D0001288
     508    1015       0       0       0       0       0       000010000D0001289
     508       0       0       1       1                               0D0001290
     510    1016       0       0       0       0       0       000010000D0001291
     510       0       0       1       1                               0D0001292
     190    1017       0       0       0       0       0       000010000D0001293
     190       0       0       1       1                               0D0001294
     116    1018       0       0       0       0       0       000010400D0001295
     116       0       0       1       0                               0D0001296
     123    1019       0       0       0       0       0       000010200D0001297
     123       0       0       1       0                               0D0001298
     123    1020       0       0       0       0       0       000010200D0001299
     123       0       0       1       0                               0D0001300
     508    1021       0       0       0       0       0       000010000D0001301
     508       0       0       1       1                               0D0001302
     510    1022       0       0       0       0       0       000010000D0001303
     510       0       0       1       1                               0D0001304
     190    1023       0       0       0       0       0       000010000D0001305
     190       0       0       1       1                               0D0001306
     116    1024       0       0       0       0       0       000010400D0001307
     116       0       0       1       0                               0D0001308
     123    1025       0       0       0       0       0       000010200D0001309
     123       0       0       1       0                               0D0001310
     123    1026       0       0       0       0       0       000010200D0001311
     123       0       0       1       0                               0D0001312
     508    1027       0       0       0       0       0       000010000D0001313
     508       0       0       1       1                               0D0001314
     510    1028       0       0       0       0       0       000010000D0001315
     510       0       0       1       1                               0D0001316
     190    1029       0       0       0       0       0       000010000D0001317
     190       0       0       1       1                               0D0001318
     116    1030       0       0       0       0       0       000010400D0001319
     116       0       0       1       0                               0D0001320
     123    1031       0       0       0       0       0       000010200D0001321
     123       0       0       1       0                               0D0001322
     123    1032       0       0       0       0       0       000010200D0001323
     123       0       0       1       0                               0D0001324
     508    1033       0       0       0       0       0       000010000D0001325
     508       0       0       1       1                               0D0001326
     510    1034       0       0       0       0       0       000010000D0001327
     510       0       0       1       1                               0D0001328
     190    1035       0       0       0       0       0       000010000D0001329
     190       0       0       1       1                               0D0001330
     116    1036       0       0       0       0       0       000010400D0001331
     116       0       0       1       0                               0D0001332
     123    1037       0       0       0       0       0       000010200D0001333
     123       0       0       1       0                               0D0001334
     123    1038       0       0       0       0       0       000010200D0001335
     123       0       0       1       0                               0D0001336
     508    1039       0       0       0       0       0       000010000D0001337
     508       0       0       1       1                               0D0001338
     510    1040       0       0       0       0       0       000010000D0001339
     510       0       0       1       1                               0D0001340
     190    1041       0       0       0       0       0       000010000D0001341
     190       0       0       1       1                               0D0001342
     116    1042       0       0       0       0       0       000010400D0001343
     116       0       0       1       0                               0D0001344
     123    1043       0       0       0       0       0       000010200D0001345
     123       0       0       1       0                               0D0001346
     123    1044       0       0       0       0       0       000010200D0001347
     123       0       0       1       0                               0D0001348
     508    1045       0       0       0       0       0       000010000D0001349
     508       0       0       1       1                               0D0001350
     510    1046       0       0       0       0       0       000010000D0001351
     510       0       0       1       1                               0D0001352
     190    1047       0       0       0       0       0       000010000D0001353
     190       0       0       1       1                               0D0001354
     116    1048       0       0       0       0       0       000010400D0001355
     116       0       0       1       0                               0D0001356
     123    1049       0       0       0       0       0       000010200D0001357
     123       0       0       1       0                               0D0001358
     123    1050       0       0       0       0       0       000010200D0001359
     123       0       0       1       0                               0D0001360
     508    1051       0       0       0       0       0       000010000D0001361
     508       0       0       1       1                               0D0001362
     510    1052       0       0       0       0       0       000010000D0001363
     510       0       0       1       1                               0D0001364
     190    1053       0       0       0       0       0       000010000D0001365
     190       0       0       1       1                               0D0001366
     116    1054       0       0       0       0       0       000010400D0001367
     116       0       0       1       0                               0D0001368
     123    1055       0       0       0       0       0       000010200D0001369
     123       0       0       1       0                               0D0001370
     123    1056       0       0       0       0       0       000010200D0001371
     123       0       0       1       0                               0D0001372
     508    1057       0       0       0       0       0       000010000D0001373
     508       0       0       1       1                               0D0001374
     510    1058       0       0       0       0       0       000010000D0001375
     510       0       0       1       1                               0D0001376
     190    1059       0       0       0       0       0       000010000D0001377
     190       0       0       1       1                               0D0001378
     116    1060       0       0       0       0       0       000010400D0001379
     116       0       0       1       0                               0D0001380
     123    1061       0       0       0       0       0       000010200D0001381
     123       0       0       1       0                               0D0001382
     123    1062       0       0       0       0       0       000010200D0001383
     123       0       0       1       0                               0D0001384
     508    1063       0       0       0       0       0       000010000D0001385
     508       0       0       1       1                               0D0001386
     510    1064       0       0       0       0       0       000010000D0001387
     510       0       0       1       1                               0D0001388
     190    1065       0       0       0       0       0       000010000D0001389
     190       0       0       1       1                               0D0001390
     116    1066       0       0       0       0       0       000010400D0001391
     116       0       0       1       0                               0D0001392
     123    1067       0       0       0       0       0       000010200D0001393
     123       0       0       1       0                               0D0001394
     123    1068       0       0       0       0       0       000010200D0001395
     123       0       0       1       0                               0D0001396
     508    1069       0       0       0       0       0       000010000D0001397
     508       0       0       1       1                               0D0001398
     510    1070       0       0       0       0       0       000010000D0001399
     510       0       0       1       1                               0D0001400
     190    1071       0       0       0       0       0       000010000D0001401
     190       0       0       1       1                               0D0001402
     116    1072       0       0       0       0       0       000010400D0001403
     116       0       0       1       0                               0D0001404
     123    1073       0       0       0       0       0       000010200D0001405
     123       0       0       1       0                               0D0001406
     123    1074       0       0       0       0       0       000010200D0001407
     123       0       0       1       0                               0D0001408
     508    1075       0       0       0       0       0       000010000D0001409
     508       0       0       1       1                               0D0001410
     510    1076       0       0       0       0       0       000010000D0001411
     510       0       0       1       1                               0D0001412
     190    1077       0       0       0       0       0       000010000D0001413
     190       0       0       1       1                               0D0001414
     116    1078       0       0       0       0       0       000010400D0001415
     116       0       0       1       0                               0D0001416
     123    1079       0       0       0       0       0       000010200D0001417
     123       0       0       1       0                               0D0001418
     123    1080       0       0       0       0       0       000010200D0001419
     123       0       0       1       0                               0D0001420
     508    1081       0       0       0       0       0       000010000D0001421
     508       0       0       1       1                               0D0001422
     510    1082       0       0       0       0       0       000010000D0001423
     510       0       0       1       1                               0D0001424
     190    1083       0       0       0       0       0       000010000D0001425
     190       0       0       1       1                               0D0001426
     116    1084       0       0       0       0       0       000010400D0001427
     116       0       0       1       0                               0D0001428
     123    1085       0       0       0       0       0       000010200D0001429
     123       0       0       1       0                               0D0001430
     123    1086       0       0       0       0       0       000010200D0001431
     123       0       0       1       0                               0D0001432
     508    1087       0       0       0       0       0       000010000D0001433
     508       0       0       1       1                               0D0001434
     510    1088       0       0       0       0       0       000010000D0001435
     510       0       0       1       1                               0D0001436
     190    1089       0       0       0       0       0       000010000D0001437
     190       0       0       1       1                               0D0001438
     116    1090       0       0       0       0       0       000010400D0001439
     116       0       0       1       0                               0D0001440
     123    1091       0       0       0       0       0       000010200D0001441
     123       0       0       1       0                               0D0001442
     123    1092       0       0       0       0       0       000010200D0001443
     123       0       0       1       0                               0D0001444
     508    1093       0       0       0       0       0       000010000D0001445
     508       0       0       1       1                               0D0001446
     510    1094       0       0       0       0       0       000010000D0001447
     510       0       0       1       1                               0D0001448
     190    1095       0       0       0       0       0       000010000D0001449
     190       0       0       1       1                               0D0001450
     116    1096       0       0       0       0       0       000010400D0001451
     116       0       0       1       0                               0D0001452
     123    1097       0       0       0       0       0       000010200D0001453
     123       0       0       1       0                               0D0001454
     123    1098       0       0       0       0       0       000010200D0001455
     123       0       0       1       0                               0D0001456
     508    1099       0       0       0       0       0       000010000D0001457
     508       0       0       1       1                               0D0001458
     510    1100       0       0       0       0       0       000010000D0001459
     510       0       0       1       1                               0D0001460
     190    1101       0       0       0       0       0       000010000D0001461
     190       0       0       1       1                               0D0001462
     116    1102       0       0       0       0       0       000010400D0001463
     116       0       0       1       0                               0D0001464
     123    1103       0       0       0       0       0       000010200D0001465
     123       0       0       1       0                               0D0001466
     123    1104       0       0       0       0       0       000010200D0001467
     123       0       0       1       0                               0D0001468
     508    1105       0       0       0       0       0       000010000D0001469
     508       0       0       1       1                               0D0001470
     510    1106       0       0       0       0       0       000010000D0001471
     510       0       0       1       1                               0D0001472
     190    1107       0       0       0       0       0       000010000D0001473
     190       0       0       1       1                               0D0001474
     116    1108       0       0       0       0       0       000010400D0001475
     116       0       0       1       0                               0D0001476
     123    1109       0       0       0       0       0       000010200D0001477
     123       0       0       1       0                               0D0001478
     123    1110       0       0       0       0       0       000010200D0001479
     123       0       0       1       0                               0D0001480
     508    1111       0       0       0       0       0       000010000D0001481
     508       0       0       1       1                               0D0001482
     510    1112       0       0       0       0       0       000010000D0001483
     510       0       0       1       1                               0D0001484
     190    1113       0       0       0       0       0       000010000D0001485
     190       0       0       1       1                               0D0001486
     116    1114       0       0       0       0       0       000010400D0001487
     116       0       0       1       0                               0D0001488
     123    1115       0       0       0       0       0       000010200D0001489
     123       0       0       1       0                               0D0001490
     123    1116       0       0       0       0       0       000010200D0001491
     123       0       0       1       0                               0D0001492
     508    1117       0       0       0       0       0       000010000D0001493
     508       0       0       1       1                               0D0001494
     510    1118       0       0       0       0       0       000010000D0001495
     510       0       0       1       1                               0D0001496
     190    1119       0       0       0       0       0       000010000D0001497
     190       0       0       1       1                               0D0001498
     116    1120       0       0       0       0       0       000010400D0001499
     116       0       0       1       0                               0D0001500
     123    1121       0       0       0       0       0       000010200D0001501
     123       0       0       1       0                               0D0001502
     123    1122       0       0       0       0       0       000010200D0001503
     123       0       0       1       0                               0D0001504
     508    1123       0       0       0       0       0       000010000D0001505
     508       0       0       1       1                               0D0001506
     510    1124       0       0       0       0       0       000010000D0001507
     510       0       0       1       1                               0D0001508
     190    1125       0       0       0       0       0       000010000D0001509
     190       0       0       1       1                               0D0001510
     116    1126       0       0       0       0       0       000010400D0001511
     116       0       0       1       0                               0D0001512
     123    1127       0       0       0       0       0       000010200D0001513
     123       0       0       1       0                               0D0001514
     123    1128       0       0       0       0       0       000010200D0001515
     123       0       0       1       0                               0D0001516
     508    1129       0       0       0       0       0       000010000D0001517
     508       0       0       1       1                               0D0001518
     510    1130       0       0       0       0       0       000010000D0001519
     510       0       0       1       1                               0D0001520
     190    1131       0       0       0       0       0       000010000D0001521
     190       0       0       1       1                               0D0001522
     116    1132       0       0       0       0       0       000010400D0001523
     116       0       0       1       0                               0D0001524
     123    1133       0       0       0       0       0       000010200D0001525
     123       0       0       1       0                               0D0001526
     123    1134       0       0       0       0       0       000010200D0001527
     123       0       0       1       0                               0D0001528
     508    1135       0       0       0       0       0       000010000D0001529
     508       0       0       1       1                               0D0001530
     510    1136       0       0       0       0       0       000010000D0001531
     510       0       0       1       1                               0D0001532
     190    1137       0       0       0       0       0       000010000D0001533
     190       0       0       1       1                               0D0001534
     116    1138       0       0       0       0       0       000010400D0001535
     116       0       0       1       0                               0D0001536
     123    1139       0       0       0       0       0       000010200D0001537
     123       0       0       1       0                               0D0001538
     123    1140       0       0       0       0       0       000010200D0001539
     123       0       0       1       0                               0D0001540
     508    1141       0       0       0       0       0       000010000D0001541
     508       0       0       1       1                               0D0001542
     510    1142       0       0       0       0       0       000010000D0001543
     510       0       0       1       1                               0D0001544
     190    1143       0       0       0       0       0       000010000D0001545
     190       0       0       1       1                               0D0001546
     116    1144       0       0       0       0       0       000010400D0001547
     116       0       0       1       0                               0D0001548
     123    1145       0       0       0       0       0       000010200D0001549
     123       0       0       1       0                               0D0001550
     123    1146       0       0       0       0       0       000010200D0001551
     123       0       0       1       0                               0D0001552
     508    1147       0       0       0       0       0       000010000D0001553
     508       0       0       1       1                               0D0001554
     510    1148       0       0       0       0       0       000010000D0001555
     510       0       0       1       1                               0D0001556
     190    1149       0       0       0       0       0       000010000D0001557
     190       0       0       1       1                               0D0001558
     116    1150       0       0       0       0       0       000010400D0001559
     116       0       0       1       0                               0D0001560
     123    1151       0       0       0       0       0       000010200D0001561
     123       0       0       1       0                               0D0001562
     123    1152       0       0       0       0       0       000010200D0001563
     123       0       0       1       0                               0D0001564
     508    1153       0       0       0       0       0       000010000D0001565
     508       0       0       1       1                               0D0001566
     510    1154       0       0       0       0       0       000010000D0001567
     510       0       0       1       1                               0D0001568
     190    1155       0       0       0       0       0       000010000D0001569
     190       0       0       1       1                               0D0001570
     116    1156       0       0       0       0       0       000010400D0001571
     116       0       0       1       0                               0D0001572
     123    1157       0       0       0       0       0       000010200D0001573
     123       0       0       1       0                               0D0001574
     123    1158       0       0       0       0       0       000010200D0001575
     123       0       0       1       0                               0D0001576
     508    1159       0       0       0       0       0       000010000D0001577
     508       0       0       1       1                               0D0001578
     510    1160       0       0       0       0       0       000010000D0001579
     510       0       0       1       1                               0D0001580
     190    1161       0       0       0       0       0       000010000D0001581
     190       0       0       1       1                               0D0001582
     116    1162       0       0       0       0       0       000010400D0001583
     116       0       0       1       0                               0D0001584
     123    1163       0       0       0       0       0       000010200D0001585
     123       0       0       1       0                               0D0001586
     123    1164       0       0       0       0       0       000010200D0001587
     123       0       0       1       0                               0D0001588
     508    1165       0       0       0       0       0       000010000D0001589
     508       0       0       1       1                               0D0001590
     510    1166       0       0       0       0       0       000010000D0001591
     510       0       0       1       1                               0D0001592
     190    1167       0       0       0       0       0       000010000D0001593
     190       0       0       1       1                               0D0001594
     116    1168       0       0       0       0       0       000010400D0001595
     116       0       0       1       0                               0D0001596
     123    1169       0       0       0       0       0       000010200D0001597
     123       0       0       1       0                               0D0001598
     123    1170       0       0       0       0       0       000010200D0001599
     123       0       0       1       0                               0D0001600
     508    1171       0       0       0       0       0       000010000D0001601
     508       0       0       1       1                               0D0001602
     510    1172       0       0       0       0       0       000010000D0001603
     510       0       0       1       1                               0D0001604
     190    1173       0       0       0       0       0       000010000D0001605
     190       0       0       1       1                               0D0001606
     116    1174       0       0       0       0       0       000010400D0001607
     116       0       0       1       0                               0D0001608
     123    1175       0       0       0       0       0       000010200D0001609
     123       0       0       1       0                               0D0001610
     123    1176       0       0       0       0       0       000010200D0001611
     123       0       0       1       0                               0D0001612
     508    1177       0       0       0       0       0       000010000D0001613
     508       0       0       1       1                               0D0001614
     510    1178       0       0       0       0       0       000010000D0001615
     510       0       0       1       1                               0D0001616
     190    1179       0       0       0       0       0       000010000D0001617
     190       0       0       1       1                               0D0001618
     116    1180       0       0       0       0       0       000010400D0001619
     116       0       0       1       0                               0D0001620
     123    1181       0       0       0       0       0       000010200D0001621
     123       0       0       1       0                               0D0001622
     123    1182       0       0       0       0       0       000010200D0001623
     123       0       0       1       0                               0D0001624
     508    1183       0       0       0       0       0       000010000D0001625
     508       0       0       1       1                               0D0001626
     510    1184       0       0       0       0       0       000010000D0001627
     510       0       0       1       1                               0D0001628
     190    1185       0       0       0       0       0       000010000D0001629
     190       0       0       1       1                               0D0001630
     116    1186       0       0       0       0       0       000010400D0001631
     116       0       0       1       0                               0D0001632
     123    1187       0       0       0       0       0       000010200D0001633
     123       0       0       1       0                               0D0001634
     123    1188       0       0       0       0       0       000010200D0001635
     123       0       0       1       0                               0D0001636
     508    1189       0       0       0       0       0       000010000D0001637
     508       0       0       1       1                               0D0001638
     510    1190       0       0       0       0       0       000010000D0001639
     510       0       0       1       1                               0D0001640
     190    1191       0       0       0       0       0       000010000D0001641
     190       0       0       1       1                               0D0001642
     116    1192       0       0       0       0       0       000010400D0001643
     116       0       0       1       0                               0D0001644
     123    1193       0       0       0       0       0       000010200D0001645
     123       0       0       1       0                               0D0001646
     123    1194       0       0       0       0       0       000010200D0001647
     123       0       0       1       0                               0D0001648
     508    1195       0       0       0       0       0       000010000D0001649
     508       0       0       1       1                               0D0001650
     510    1196       0       0       0       0       0       000010000D0001651
     510       0       0       1       1                               0D0001652
     190    1197       0       0       0       0       0       000010000D0001653
     190       0       0       1       1                               0D0001654
     116    1198       0       0       0       0       0       000010400D0001655
     116       0       0       1       0                               0D0001656
     123    1199       0       0       0       0       0       000010200D0001657
     123       0       0       1       0                               0D0001658
     123    1200       0       0       0       0       0       000010200D0001659
     123       0       0       1       0                               0D0001660
     508    1201       0       0       0       0       0       000010000D0001661
     508       0       0       1       1                               0D0001662
     510    1202       0       0       0       0       0       000010000D0001663
     510       0       0       1       1                               0D0001664
     190    1203       0       0       0       0       0       000010000D0001665
     190       0       0       1       1                               0D0001666
     116    1204       0       0       0       0       0       000010400D0001667
     116       0       0       1       0                               0D0001668
     123    1205       0       0       0       0       0       000010200D0001669
     123       0       0       1       0                               0D0001670
     123    1206       0       0       0       0       0       000010200D0001671
     123       0       0       1       0                               0D0001672
     508    1207       0       0       0       0       0       000010000D0001673
     508       0       0       1       1                               0D0001674
     510    1208       0       0       0       0       0       000010000D0001675
     510       0       0       1       1                               0D0001676
     190    1209       0       0       0       0       0       000010000D0001677
     190       0       0       1       1                               0D0001678
     116    1210       0       0       0       0       0       000010400D0001679
     116       0       0       1       0                               0D0001680
     123    1211       0       0       0       0       0       000010200D0001681
     123       0       0       1       0                               0D0001682
     123    1212       0       0       0       0       0       000010200D0001683
     123       0       0       1       0                               0D0001684
     508    1213       0       0       0       0       0       000010000D0001685
     508       0       0       1       1                               0D0001686
     510    1214       0       0       0       0       0       000010000D0001687
     510       0       0       1       1                               0D0001688
     190    1215       0       0       0       0       0       000010000D0001689
     190       0       0       1       1                               0D0001690
     116    1216       0       0       0       0       0       000010400D0001691
     116       0       0       1       0                               0D0001692
     123    1217       0       0       0       0       0       000010200D0001693
     123       0       0       1       0                               0D0001694
     123    1218       0       0       0       0       0       000010200D0001695
     123       0       0       1       0                               0D0001696
     508    1219       0       0       0       0       0       000010000D0001697
     508       0       0       1       1                               0D0001698
     510    1220       0       0       0       0       0       000010000D0001699
     510       0       0       1       1                               0D0001700
     190    1221       0       0       0       0       0       000010000D0001701
     190       0       0       1       1                               0D0001702
     116    1222       0       0       0       0       0       000010400D0001703
     116       0       0       1       0                               0D0001704
     123    1223       0       0       0       0       0       000010200D0001705
     123       0       0       1       0                               0D0001706
     123    1224       0       0       0       0       0       000010200D0001707
     123       0       0       1       0                               0D0001708
     508    1225       0       0       0       0       0       000010000D0001709
     508       0       0       1       1                               0D0001710
     510    1226       0       0       0       0       0       000010000D0001711
     510       0       0       1       1                               0D0001712
     190    1227       0       0       0       0       0       000010000D0001713
     190       0       0       1       1                               0D0001714
     116    1228       0       0       0       0       0       000010400D0001715
     116       0       0       1       0                               0D0001716
     123    1229       0       0       0       0       0       000010200D0001717
     123       0       0       1       0                               0D0001718
     123    1230       0       0       0       0       0       000010200D0001719
     123       0       0       1       0                               0D0001720
     508    1231       0       0       0       0       0       000010000D0001721
     508       0       0       1       1                               0D0001722
     510    1232       0       0       0       0       0       000010000D0001723
     510       0       0       1       1                               0D0001724
     190    1233       0       0       0       0       0       000010000D0001725
     190       0       0       1       1                               0D0001726
     116    1234       0       0       0       0       0       000010400D0001727
     116       0       0       1       0                               0D0001728
     123    1235       0       0       0       0       0       000010200D0001729
     123       0       0       1       0                               0D0001730
     123    1236       0       0       0       0       0       000010200D0001731
     123       0       0       1       0                               0D0001732
     508    1237       0       0       0       0       0       000010000D0001733
     508       0       0       1       1                               0D0001734
     510    1238       0       0       0       0       0       000010000D0001735
     510       0       0       1       1                               0D0001736
     190    1239       0       0       0       0       0       000010000D0001737
     190       0       0       1       1                               0D0001738
     116    1240       0       0       0       0       0       000010400D0001739
     116       0       0       1       0                               0D0001740
     123    1241       0       0       0       0       0       000010200D0001741
     123       0       0       1       0                               0D0001742
     123    1242       0       0       0       0       0       000010200D0001743
     123       0       0       1       0                               0D0001744
     508    1243       0       0       0       0       0       000010000D0001745
     508       0       0       1       1                               0D0001746
     510    1244       0       0       0       0       0       000010000D0001747
     510       0       0       1       1                               0D0001748
     190    1245       0       0       0       0       0       000010000D0001749
     190       0       0       1       1                               0D0001750
     116    1246       0       0       0       0       0       000010400D0001751
     116       0       0       1       0                               0D0001752
     123    1247       0       0       0       0       0       000010200D0001753
     123       0       0       1       0                               0D0001754
     123    1248       0       0       0       0       0       000010200D0001755
     123       0       0       1       0                               0D0001756
     508    1249       0       0       0       0       0       000010000D0001757
     508       0       0       1       1                               0D0001758
     510    1250       0       0       0       0       0       000010000D0001759
     510       0       0       1       1                               0D0001760
     190    1251       0       0       0       0       0       000010000D0001761
     190       0       0       1       1                               0D0001762
     116    1252       0       0       0       0       0       000010400D0001763
     116       0       0       1       0                               0D0001764
     123    1253       0       0       0       0       0       000010200D0001765
     123       0       0       1       0                               0D0001766
     123    1254       0       0       0       0       0       000010200D0001767
     123       0       0       1       0                               0D0001768
     508    1255       0       0       0       0       0       000010000D0001769
     508       0       0       1       1                               0D0001770
     510    1256       0       0       0       0       0       000010000D0001771
     510       0       0       1       1                               0D0001772
     190    1257       0       0       0       0       0       000010000D0001773
     190       0       0       1       1                               0D0001774
     116    1258       0       0       0       0       0       000010400D0001775
     116       0       0       1       0                               0D0001776
     123    1259       0       0       0       0       0       000010200D0001777
     123       0       0       1       0                               0D0001778
     123    1260       0       0       0       0       0       000010200D0001779
     123       0       0       1       0                               0D0001780
     508    1261       0       0       0       0       0       000010000D0001781
     508       0       0       1       1                               0D0001782
186,3,1,0;                                                       0000001P0000001
514,107,5,1,511,1,523,1,535,0,547,1,559,1,571,1,583,0,595,1,607, 0000003P0000002
1,619,0,631,0,643,1,655,1,667,1,679,0,691,1,703,1,715,1,727,1,   0000003P0000003
739,1,751,1,763,1,775,1,787,1,799,1,811,1,823,1,835,1,847,1,859, 0000003P0000004
1,871,1,883,1,895,1,907,1,919,1,931,1,943,1,955,1,967,1,979,1,   0000003P0000005
991,1,1003,1,1015,1,1027,1,1039,1,1051,1,1063,0,1075,0,1087,0,   0000003P0000006
1099,0,1111,0,1123,0,1135,0,1147,0,1159,0,1171,0,1183,0,1195,0,  0000003P0000007
1207,0,1219,0,1231,0,1243,0,1255,0,1267,0,1279,0,1291,0,1303,0,  0000003P0000008
1315,0,1327,0,1339,0,1351,0,1363,0,1375,0,1387,0,1399,0,1411,0,  0000003P0000009
1423,0,1435,1,1447,1,1459,1,1471,1,1483,1,1495,1,1507,1,1519,1,  0000003P0000010
1531,1,1543,1,1555,1,1567,1,1579,1,1591,1,1603,1,1615,1,1627,1,  0000003P0000011
1639,1,1651,1,1663,1,1675,1,1687,1,1699,1,1711,1,1723,1,1735,1,  0000003P0000012
1747,1,1759,1,1771,1;                                            0000003P0000013
510,7,1,1,15;                                                    0000005P0000014
190,9,11,13;                                                     0000007P0000015
116,-22.,-113.586550591,8.107823182,0;                           0000009P0000016
123,-1.557085907E-16,-0.792076614,0.610421688;                   0000011P0000017
123,-2.016774817E-17,0.610421688,0.792076614;                    0000013P0000018
508,4,0,17,1,1,0,0,17,2,1,0,0,17,3,0,0,0,17,4,0,0;               0000015P0000019
504,245,19,21,1,21,2,23,21,2,21,3,25,21,4,21,3,27,21,1,21,4,29,  0000017P0000020
21,5,21,6,31,21,6,21,2,33,21,5,21,1,35,21,1,21,7,37,21,4,21,8,   0000017P0000021
39,21,7,21,8,41,21,2,21,9,43,21,3,21,10,45,21,9,21,10,47,21,3,   0000017P0000022
21,11,49,21,12,21,11,51,21,4,21,12,53,21,13,21,14,55,21,14,21,6, 0000017P0000023
57,21,13,21,5,59,21,5,21,15,61,21,15,21,7,63,21,6,21,16,65,21,   0000017P0000024
16,21,9,67,21,17,21,18,69,21,18,21,19,71,21,19,21,20,73,21,20,   0000017P0000025
21,21,75,21,21,21,22,77,21,22,21,23,79,21,23,21,24,81,21,24,21,  0000017P0000026
25,83,21,25,21,26,85,21,26,21,27,87,21,27,21,28,89,21,28,21,29,  0000017P0000027
91,21,29,21,30,93,21,30,21,31,95,21,31,21,32,97,21,32,21,15,99,  0000017P0000028
21,8,21,33,101,21,33,21,34,103,21,34,21,35,105,21,35,21,36,107,  0000017P0000029
21,36,21,37,109,21,37,21,38,111,21,38,21,39,113,21,39,21,40,115, 0000017P0000030
21,40,21,41,117,21,41,21,42,119,21,42,21,43,121,21,43,21,44,123, 0000017P0000031
21,44,21,45,125,21,45,21,46,127,21,46,21,47,129,21,47,21,48,131, 0000017P0000032
21,48,21,17,133,21,12,21,33,135,21,49,21,50,137,21,50,21,51,139, 0000017P0000033
21,51,21,52,141,21,52,21,53,143,21,53,21,54,145,21,54,21,55,147, 0000017P0000034
21,55,21,56,149,21,56,21,57,151,21,57,21,58,153,21,58,21,59,155, 0000017P0000035
21,59,21,60,157,21,60,21,61,159,21,61,21,62,161,21,62,21,63,163, 0000017P0000036
21,63,21,64,165,21,64,21,65,167,21,65,21,66,169,21,66,21,67,171, 0000017P0000037
21,67,21,68,173,21,68,21,69,175,21,69,21,70,177,21,70,21,16,179, 0000017P0000038
21,10,21,71,181,21,71,21,72,183,21,72,21,73,185,21,73,21,74,187, 0000017P0000039
21,74,21,75,189,21,75,21,76,191,21,76,21,77,193,21,77,21,78,195, 0000017P0000040
21,78,21,79,197,21,79,21,80,199,21,80,21,49,201,21,11,21,71,203, 0000017P0000041
21,11,21,81,205,21,82,21,81,207,21,12,21,82,209,21,83,21,84,211, 0000017P0000042
21,84,21,14,213,21,83,21,13,215,21,13,21,32,217,21,14,21,70,219, 0000017P0000043
21,85,21,17,221,21,85,21,86,223,21,86,21,18,225,21,87,21,48,227, 0000017P0000044
21,87,21,85,229,21,86,21,88,231,21,88,21,19,233,21,89,21,47,235, 0000017P0000045
21,89,21,87,237,21,88,21,90,239,21,90,21,20,241,21,91,21,46,243, 0000017P0000046
21,91,21,89,245,21,90,21,92,247,21,92,21,21,249,21,93,21,45,251, 0000017P0000047
21,93,21,91,253,21,92,21,94,255,21,94,21,22,257,21,95,21,44,259, 0000017P0000048
21,95,21,93,261,21,94,21,96,263,21,96,21,23,265,21,97,21,43,267, 0000017P0000049
21,97,21,95,269,21,96,21,98,271,21,98,21,24,273,21,99,21,42,275, 0000017P0000050
21,99,21,97,277,21,98,21,100,279,21,100,21,25,281,21,101,21,41,  0000017P0000051
283,21,101,21,99,285,21,100,21,102,287,21,102,21,26,289,21,103,  0000017P0000052
21,40,291,21,103,21,101,293,21,102,21,104,295,21,104,21,27,297,  0000017P0000053
21,105,21,39,299,21,105,21,103,301,21,104,21,106,303,21,106,21,  0000017P0000054
28,305,21,107,21,38,307,21,107,21,105,309,21,106,21,108,311,21,  0000017P0000055
108,21,29,313,21,109,21,37,315,21,109,21,107,317,21,108,21,110,  0000017P0000056
319,21,110,21,30,321,21,111,21,36,323,21,111,21,109,325,21,110,  0000017P0000057
21,83,327,21,83,21,31,329,21,112,21,35,331,21,112,21,111,333,21, 0000017P0000058
82,21,34,335,21,82,21,112,337,21,113,21,49,339,21,113,21,114,    0000017P0000059
341,21,114,21,50,343,21,115,21,80,345,21,115,21,113,347,21,114,  0000017P0000060
21,116,349,21,116,21,51,351,21,117,21,79,353,21,117,21,115,355,  0000017P0000061
21,116,21,118,357,21,118,21,52,359,21,119,21,78,361,21,119,21,   0000017P0000062
117,363,21,118,21,120,365,21,120,21,53,367,21,121,21,77,369,21,  0000017P0000063
121,21,119,371,21,120,21,122,373,21,122,21,54,375,21,123,21,76,  0000017P0000064
377,21,123,21,121,379,21,122,21,124,381,21,124,21,55,383,21,125, 0000017P0000065
21,75,385,21,125,21,123,387,21,124,21,126,389,21,126,21,56,391,  0000017P0000066
21,127,21,74,393,21,127,21,125,395,21,126,21,128,397,21,128,21,  0000017P0000067
57,399,21,129,21,73,401,21,129,21,127,403,21,128,21,130,405,21,  0000017P0000068
130,21,58,407,21,81,21,72,409,21,81,21,129,411,21,130,21,131,    0000017P0000069
413,21,131,21,59,415,21,131,21,132,417,21,132,21,60,419,21,132,  0000017P0000070
21,133,421,21,133,21,61,423,21,133,21,134,425,21,134,21,62,427,  0000017P0000071
21,134,21,135,429,21,135,21,63,431,21,135,21,136,433,21,136,21,  0000017P0000072
64,435,21,84,21,69,437,21,136,21,137,439,21,137,21,65,441,21,    0000017P0000073
138,21,68,443,21,138,21,84,445,21,137,21,139,447,21,139,21,66,   0000017P0000074
449,21,140,21,67,451,21,140,21,138,453,21,139,21,140,455,21,112, 0000017P0000075
21,129,457,21,110,21,138,459,21,85,21,124,461,21,86,21,126,463,  0000017P0000076
21,87,21,122,465,21,88,21,128,467,21,89,21,120,469,21,90,21,130, 0000017P0000077
471,21,91,21,118,473,21,92,21,131,475,21,93,21,116,477,21,94,21, 0000017P0000078
132,479,21,95,21,114,481,21,96,21,133,483,21,97,21,113,485,21,   0000017P0000079
98,21,134,487,21,99,21,115,489,21,100,21,135,491,21,101,21,117,  0000017P0000080
493,21,102,21,136,495,21,103,21,119,497,21,104,21,137,499,21,    0000017P0000081
105,21,121,501,21,106,21,139,503,21,107,21,123,505,21,108,21,    0000017P0000082
140,507,21,109,21,125,509,21,111,21,127;                         0000017P0000083
110,-21.2,-113.586550591,8.107823182,-12.8,-113.586550591,       0000019P0000084
8.107823182;                                                     0000019P0000085
502,140,-21.2,-113.586550591,8.107823182,-12.8,-113.586550591,   0000021P0000086
8.107823182,-12.8,-113.091359084,8.750378353,-21.2,              0000021P0000087
-113.091359084,8.750378353,-21.2,-136.853643826,-29.4181566,     0000021P0000088
-12.8,-136.853643826,-29.4181566,-22.,-112.928065746,            0000021P0000089
7.651696607,-22.,-112.507473519,8.197452556,-12.,-112.928065746, 0000021P0000090
7.651696607,-12.,-112.507473519,8.197452556,-12.8,               0000021P0000091
-112.476708321,9.279808437,-21.2,-112.476708321,9.279808437,     0000021P0000092
-21.2,-137.208920078,-30.14716731,-12.8,-137.208920078,          0000021P0000093
-30.14716731,-22.,-136.152307138,-29.805170227,-12.,             0000021P0000094
-136.152307138,-29.805170227,-22.,-67.425194072,2.441494194,     0000021P0000095
-22.,-67.879340192,1.94360757,-22.,-68.462416714,1.527318942,    0000021P0000096
-22.,-131.844274788,-34.291879679,-22.,-132.475207409,           0000021P0000097
-34.568236772,-22.,-133.108945485,-34.703147153,-22.,            0000021P0000098
-133.756869982,-34.707460501,-22.,-134.392348053,-34.580999515,  0000021P0000099
-22.,-134.989258458,-34.328962358,-22.,-135.523065275,           0000021P0000100
-33.961708982,-22.,-135.971826447,-33.494335288,-22.,            0000021P0000101
-136.317095707,-32.946052608,-22.,-136.54468081,-32.339398027,   0000021P0000102
-22.,-136.645226901,-31.699308,-22.,-136.614601045,              0000021P0000103
-31.052093339,-22.,-136.454062115,-30.424357717,-22.,            0000021P0000104
-112.016389851,8.620447993,-22.,-111.450061201,8.935662475,-22., 0000021P0000105
-110.831781085,9.130130999,-22.,-110.146313581,9.2,-22.,-70.,    0000021P0000106
9.2,-22.,-69.376466136,9.134716417,-22.,-68.77689433,            0000021P0000107
8.952838298,-22.,-68.224325788,8.657484259,-22.,-67.73999541,    0000021P0000108
8.26000459,-22.,-67.342515741,7.775674212,-22.,-67.047161702,    0000021P0000109
7.22310567,-22.,-66.865283583,6.623533864,-22.,-66.796147781,    0000021P0000110
5.921586288,-22.,-66.8,4.376325621,-22.,-66.875543782,           0000021P0000111
3.663887842,-22.,-67.085560292,3.023549763,-12.,-67.047161702,   0000021P0000112
7.22310567,-12.,-66.865283583,6.623533864,-12.,-66.796147781,    0000021P0000113
5.921586288,-12.,-66.8,4.376325621,-12.,-66.875543782,           0000021P0000114
3.663887842,-12.,-67.085560292,3.023549763,-12.,-67.425194072,   0000021P0000115
2.441494194,-12.,-67.879340192,1.94360757,-12.,-68.462416714,    0000021P0000116
1.527318942,-12.,-131.844274788,-34.291879679,-12.,              0000021P0000117
-132.475207409,-34.568236772,-12.,-133.108945485,-34.703147153,  0000021P0000118
-12.,-133.756869982,-34.707460501,-12.,-134.392348053,           0000021P0000119
-34.580999515,-12.,-134.989258458,-34.328962358,-12.,            0000021P0000120
-135.523065275,-33.961708982,-12.,-135.971826447,-33.494335288,  0000021P0000121
-12.,-136.317095707,-32.946052608,-12.,-136.54468081,            0000021P0000122
-32.339398027,-12.,-136.645226901,-31.699308,-12.,               0000021P0000123
-136.614601045,-31.052093339,-12.,-136.454062115,-30.424357717,  0000021P0000124
-12.,-112.016389851,8.620447993,-12.,-111.450061201,8.935662475, 0000021P0000125
-12.,-110.831781085,9.130130999,-12.,-110.146313581,9.2,-12.,    0000021P0000126
-70.,9.2,-12.,-69.376466136,9.134716417,-12.,-68.77689433,       0000021P0000127
8.952838298,-12.,-68.224325788,8.657484259,-12.,-67.73999541,    0000021P0000128
8.26000459,-12.,-67.342515741,7.775674212,-12.8,-111.76787934,   0000021P0000129
9.674337587,-21.2,-111.76787934,9.674337587,-21.2,               0000021P0000130
-137.409853851,-30.932853919,-12.8,-137.409853851,-30.932853919, 0000021P0000131
-21.2,-66.776975471,1.965040085,-21.2,-67.345454854,1.341808335, 0000021P0000132
-21.2,-66.351837409,2.693630677,-21.2,-68.031992913,0.851653139, 0000021P0000133
-21.2,-66.088948328,3.495176654,-21.2,-131.486065967,            0000021P0000134
-35.008356572,-21.2,-66.,4.334029929,-21.2,-132.228905002,       0000021P0000135
-35.3337302,-21.2,-66.,6.,-21.2,-133.022104403,-35.502586764,    0000021P0000136
-21.2,-66.076858878,6.780361288,-21.2,-133.833059817,            0000021P0000137
-35.507985437,-21.2,-66.30448187,7.530733729,-21.2,              0000021P0000138
-134.628437032,-35.349704308,-21.2,-66.674121551,8.222280932,    0000021P0000139
-21.2,-135.375542175,-35.034249501,-21.2,-67.171572875,          0000021P0000140
8.828427125,-21.2,-136.04366559,-34.574587744,-21.2,             0000021P0000141
-67.777719068,9.325878449,-21.2,-136.605344155,-33.989613369,    0000021P0000142
-21.2,-68.469266271,9.69551813,-21.2,-137.037490149,             0000021P0000143
-33.303371671,-21.2,-69.219638712,9.923141122,-21.2,             0000021P0000144
-137.32234027,-32.54407052,-21.2,-70.,10.,-21.2,-137.448185792,  0000021P0000145
-31.742920887,-21.2,-110.186979819,10.,-21.2,-110.994026797,     0000021P0000146
9.917738528,-12.8,-66.30448187,7.530733729,-12.8,-66.076858878,  0000021P0000147
6.780361288,-12.8,-66.674121551,8.222280932,-12.8,-66.,6.,-12.8, 0000021P0000148
-67.171572875,8.828427125,-12.8,-66.,4.334029929,-12.8,          0000021P0000149
-67.777719068,9.325878449,-12.8,-66.088948328,3.495176654,-12.8, 0000021P0000150
-68.469266271,9.69551813,-12.8,-66.351837409,2.693630677,-12.8,  0000021P0000151
-69.219638712,9.923141122,-12.8,-66.776975471,1.965040085,-12.8, 0000021P0000152
-70.,10.,-12.8,-67.345454854,1.341808335,-12.8,-110.186979819,   0000021P0000153
10.,-12.8,-68.031992913,0.851653139,-12.8,-110.994026797,        0000021P0000154
9.917738528,-12.8,-131.486065967,-35.008356572,-12.8,            0000021P0000155
-132.228905002,-35.3337302,-12.8,-133.022104403,-35.502586764,   0000021P0000156
-12.8,-133.833059817,-35.507985437,-12.8,-134.628437032,         0000021P0000157
-35.349704308,-12.8,-135.375542175,-35.034249501,-12.8,          0000021P0000158
-136.04366559,-34.574587744,-12.8,-136.605344155,-33.989613369,  0000021P0000159
-12.8,-137.448185792,-31.742920887,-12.8,-137.037490149,         0000021P0000160
-33.303371671,-12.8,-137.32234027,-32.54407052;                  0000021P0000161
110,-12.8,-113.586550591,8.107823182,-12.8,-113.091359084,       0000023P0000162
8.750378353;                                                     0000023P0000163
110,-21.2,-113.091359084,8.750378353,-12.8,-113.091359084,       0000025P0000164
8.750378353;                                                     0000025P0000165
110,-21.2,-113.586550591,8.107823182,-21.2,-113.091359084,       0000027P0000166
8.750378353;                                                     0000027P0000167
110,-21.2,-136.853643826,-29.4181566,-12.8,-136.853643826,       0000029P0000168
-29.4181566;                                                     0000029P0000169
110,-12.8,-136.853643826,-29.4181566,-12.8,-113.586550591,       0000031P0000170
8.107823182;                                                     0000031P0000171
110,-21.2,-136.853643826,-29.4181566,-21.2,-113.586550591,       0000033P0000172
8.107823182;                                                     0000033P0000173
110,-21.2,-113.586550591,8.107823182,-22.,-112.928065746,        0000035P0000174
7.651696607;                                                     0000035P0000175
110,-21.2,-113.091359084,8.750378353,-22.,-112.507473519,        0000037P0000176
8.197452556;                                                     0000037P0000177
110,-22.,-112.928065746,7.651696607,-22.,-112.507473519,         0000039P0000178
8.197452556;                                                     0000039P0000179
110,-12.8,-113.586550591,8.107823182,-12.,-112.928065746,        0000041P0000180
7.651696607;                                                     0000041P0000181
110,-12.8,-113.091359084,8.750378353,-12.,-112.507473519,        0000043P0000182
8.197452556;                                                     0000043P0000183
110,-12.,-112.928065746,7.651696607,-12.,-112.507473519,         0000045P0000184
8.197452556;                                                     0000045P0000185
110,-12.8,-113.091359084,8.750378353,-12.8,-112.476708321,       0000047P0000186
9.279808437;                                                     0000047P0000187
110,-21.2,-112.476708321,9.279808437,-12.8,-112.476708321,       0000049P0000188
9.279808437;                                                     0000049P0000189
110,-21.2,-113.091359084,8.750378353,-21.2,-112.476708321,       0000051P0000190
9.279808437;                                                     0000051P0000191
110,-21.2,-137.208920078,-30.14716731,-12.8,-137.208920078,      0000053P0000192
-30.14716731;                                                    0000053P0000193
110,-12.8,-137.208920078,-30.14716731,-12.8,-136.853643826,      0000055P0000194
-29.4181566;                                                     0000055P0000195
110,-21.2,-137.208920078,-30.14716731,-21.2,-136.853643826,      0000057P0000196
-29.4181566;                                                     0000057P0000197
110,-21.2,-136.853643826,-29.4181566,-22.,-136.152307138,        0000059P0000198
-29.805170227;                                                   0000059P0000199
110,-22.,-136.152307138,-29.805170227,-22.,-112.928065746,       0000061P0000200
7.651696607;                                                     0000061P0000201
110,-12.8,-136.853643826,-29.4181566,-12.,-136.152307138,        0000063P0000202
-29.805170227;                                                   0000063P0000203
110,-12.,-136.152307138,-29.805170227,-12.,-112.928065746,       0000065P0000204
7.651696607;                                                     0000065P0000205
110,-22.,-67.425194072,2.441494194,-22.,-67.879340192,           0000067P0000206
1.94360757;                                                      0000067P0000207
110,-22.,-67.879340192,1.94360757,-22.,-68.462416714,            0000069P0000208
1.527318942;                                                     0000069P0000209
110,-22.,-68.462416714,1.527318942,-22.,-131.844274788,          0000071P0000210
-34.291879679;                                                   0000071P0000211
110,-22.,-131.844274788,-34.291879679,-22.,-132.475207409,       0000073P0000212
-34.568236772;                                                   0000073P0000213
110,-22.,-132.475207409,-34.568236772,-22.,-133.108945485,       0000075P0000214
-34.703147153;                                                   0000075P0000215
110,-22.,-133.108945485,-34.703147153,-22.,-133.756869982,       0000077P0000216
-34.707460501;                                                   0000077P0000217
110,-22.,-133.756869982,-34.707460501,-22.,-134.392348053,       0000079P0000218
-34.580999515;                                                   0000079P0000219
110,-22.,-134.392348053,-34.580999515,-22.,-134.989258458,       0000081P0000220
-34.328962358;                                                   0000081P0000221
110,-22.,-134.989258458,-34.328962358,-22.,-135.523065275,       0000083P0000222
-33.961708982;                                                   0000083P0000223
110,-22.,-135.523065275,-33.961708982,-22.,-135.971826447,       0000085P0000224
-33.494335288;                                                   0000085P0000225
110,-22.,-135.971826447,-33.494335288,-22.,-136.317095707,       0000087P0000226
-32.946052608;                                                   0000087P0000227
110,-22.,-136.317095707,-32.946052608,-22.,-136.54468081,        0000089P0000228
-32.339398027;                                                   0000089P0000229
110,-22.,-136.54468081,-32.339398027,-22.,-136.645226901,        0000091P0000230
-31.699308;                                                      0000091P0000231
110,-22.,-136.645226901,-31.699308,-22.,-136.614601045,          0000093P0000232
-31.052093339;                                                   0000093P0000233
110,-22.,-136.614601045,-31.052093339,-22.,-136.454062115,       0000095P0000234
-30.424357717;                                                   0000095P0000235
110,-22.,-136.454062115,-30.424357717,-22.,-136.152307138,       0000097P0000236
-29.805170227;                                                   0000097P0000237
110,-22.,-112.507473519,8.197452556,-22.,-112.016389851,         0000099P0000238
8.620447993;                                                     0000099P0000239
110,-22.,-112.016389851,8.620447993,-22.,-111.450061201,         0000101P0000240
8.935662475;                                                     0000101P0000241
110,-22.,-111.450061201,8.935662475,-22.,-110.831781085,         0000103P0000242
9.130130999;                                                     0000103P0000243
110,-22.,-110.831781085,9.130130999,-22.,-110.146313581,9.2;     0000105P0000244
110,-22.,-110.146313581,9.2,-22.,-70.,9.2;                       0000107P0000245
110,-22.,-70.078413712,9.203852219,-22.,-69.376466136,           0000109P0000246
9.134716417;                                                     0000109P0000247
110,-22.,-69.376466136,9.134716417,-22.,-68.77689433,            0000111P0000248
8.952838298;                                                     0000111P0000249
110,-22.,-68.77689433,8.952838298,-22.,-68.224325788,            0000113P0000250
8.657484259;                                                     0000113P0000251
110,-22.,-68.224325788,8.657484259,-22.,-67.73999541,8.26000459; 0000115P0000252
110,-22.,-67.73999541,8.26000459,-22.,-67.342515741,7.775674212; 0000117P0000253
110,-22.,-67.342515741,7.775674212,-22.,-67.047161702,           0000119P0000254
7.22310567;                                                      0000119P0000255
110,-22.,-67.047161702,7.22310567,-22.,-66.865283583,            0000121P0000256
6.623533864;                                                     0000121P0000257
110,-22.,-66.865283583,6.623533864,-22.,-66.796147781,           0000123P0000258
5.921586288;                                                     0000123P0000259
110,-22.,-66.8,6.,-22.,-66.8,4.376325621;                        0000125P0000260
110,-22.,-66.8,4.376325621,-22.,-66.875543782,3.663887842;       0000127P0000261
110,-22.,-66.875543782,3.663887842,-22.,-67.085560292,           0000129P0000262
3.023549763;                                                     0000129P0000263
110,-22.,-67.085560292,3.023549763,-22.,-67.425194072,           0000131P0000264
2.441494194;                                                     0000131P0000265
110,-21.2,-112.476708321,9.279808437,-22.,-112.016389851,        0000133P0000266
8.620447993;                                                     0000133P0000267
110,-12.,-67.047161702,7.22310567,-12.,-66.865283583,            0000135P0000268
6.623533864;                                                     0000135P0000269
110,-12.,-66.865283583,6.623533864,-12.,-66.796147781,           0000137P0000270
5.921586288;                                                     0000137P0000271
110,-12.,-66.8,6.,-12.,-66.8,4.376325621;                        0000139P0000272
110,-12.,-66.8,4.376325621,-12.,-66.875543782,3.663887842;       0000141P0000273
110,-12.,-66.875543782,3.663887842,-12.,-67.085560292,           0000143P0000274
3.023549763;                                                     0000143P0000275
110,-12.,-67.085560292,3.023549763,-12.,-67.425194072,           0000145P0000276
2.441494194;                                                     0000145P0000277
110,-12.,-67.425194072,2.441494194,-12.,-67.879340192,           0000147P0000278
1.94360757;                                                      0000147P0000279
110,-12.,-67.879340192,1.94360757,-12.,-68.462416714,            0000149P0000280
1.527318942;                                                     0000149P0000281
110,-12.,-68.462416714,1.527318942,-12.,-131.844274788,          0000151P0000282
-34.291879679;                                                   0000151P0000283
110,-12.,-131.844274788,-34.291879679,-12.,-132.475207409,       0000153P0000284
-34.568236772;                                                   0000153P0000285
110,-12.,-132.475207409,-34.568236772,-12.,-133.108945485,       0000155P0000286
-34.703147153;                                                   0000155P0000287
110,-12.,-133.108945485,-34.703147153,-12.,-133.756869982,       0000157P0000288
-34.707460501;                                                   0000157P0000289
110,-12.,-133.756869982,-34.707460501,-12.,-134.392348053,       0000159P0000290
-34.580999515;                                                   0000159P0000291
110,-12.,-134.392348053,-34.580999515,-12.,-134.989258458,       0000161P0000292
-34.328962358;                                                   0000161P0000293
110,-12.,-134.989258458,-34.328962358,-12.,-135.523065275,       0000163P0000294
-33.961708982;                                                   0000163P0000295
110,-12.,-135.523065275,-33.961708982,-12.,-135.971826447,       0000165P0000296
-33.494335288;                                                   0000165P0000297
110,-12.,-135.971826447,-33.494335288,-12.,-136.317095707,       0000167P0000298
-32.946052608;                                                   0000167P0000299
110,-12.,-136.317095707,-32.946052608,-12.,-136.54468081,        0000169P0000300
-32.339398027;                                                   0000169P0000301
110,-12.,-136.54468081,-32.339398027,-12.,-136.645226901,        0000171P0000302
-31.699308;                                                      0000171P0000303
110,-12.,-136.645226901,-31.699308,-12.,-136.614601045,          0000173P0000304
-31.052093339;                                                   0000173P0000305
110,-12.,-136.614601045,-31.052093339,-12.,-136.454062115,       0000175P0000306
-30.424357717;                                                   0000175P0000307
110,-12.,-136.454062115,-30.424357717,-12.,-136.152307138,       0000177P0000308
-29.805170227;                                                   0000177P0000309
110,-12.,-112.507473519,8.197452556,-12.,-112.016389851,         0000179P0000310
8.620447993;                                                     0000179P0000311
110,-12.,-112.016389851,8.620447993,-12.,-111.450061201,         0000181P0000312
8.935662475;                                                     0000181P0000313
110,-12.,-111.450061201,8.935662475,-12.,-110.831781085,         0000183P0000314
9.130130999;                                                     0000183P0000315
110,-12.,-110.831781085,9.130130999,-12.,-110.146313581,9.2;     0000185P0000316
110,-12.,-110.146313581,9.2,-12.,-70.,9.2;                       0000187P0000317
110,-12.,-70.078413712,9.203852219,-12.,-69.376466136,           0000189P0000318
9.134716417;                                                     0000189P0000319
110,-12.,-69.376466136,9.134716417,-12.,-68.77689433,            0000191P0000320
8.952838298;                                                     0000191P0000321
110,-12.,-68.77689433,8.952838298,-12.,-68.224325788,            0000193P0000322
8.657484259;                                                     0000193P0000323
110,-12.,-68.224325788,8.657484259,-12.,-67.73999541,8.26000459; 0000195P0000324
110,-12.,-67.73999541,8.26000459,-12.,-67.342515741,7.775674212; 0000197P0000325
110,-12.,-67.342515741,7.775674212,-12.,-67.047161702,           0000199P0000326
7.22310567;                                                      0000199P0000327
110,-12.8,-112.476708321,9.279808437,-12.,-112.016389851,        0000201P0000328
8.620447993;                                                     0000201P0000329
110,-12.8,-112.476708321,9.279808437,-12.8,-111.76787934,        0000203P0000330
9.674337587;                                                     0000203P0000331
110,-21.2,-111.76787934,9.674337587,-12.8,-111.76787934,         0000205P0000332
9.674337587;                                                     0000205P0000333
110,-21.2,-112.476708321,9.279808437,-21.2,-111.76787934,        0000207P0000334
9.674337587;                                                     0000207P0000335
110,-21.2,-137.409853851,-30.932853919,-12.8,-137.409853851,     0000209P0000336
-30.932853919;                                                   0000209P0000337
110,-12.8,-137.409853851,-30.932853919,-12.8,-137.208920078,     0000211P0000338
-30.14716731;                                                    0000211P0000339
110,-21.2,-137.409853851,-30.932853919,-21.2,-137.208920078,     0000213P0000340
-30.14716731;                                                    0000213P0000341
110,-21.2,-137.208920078,-30.14716731,-22.,-136.454062115,       0000215P0000342
-30.424357717;                                                   0000215P0000343
110,-12.8,-137.208920078,-30.14716731,-12.,-136.454062115,       0000217P0000344
-30.424357717;                                                   0000217P0000345
110,-21.2,-66.776975471,1.965040085,-22.,-67.425194072,          0000219P0000346
2.441494194;                                                     0000219P0000347
110,-21.2,-66.776975471,1.965040085,-21.2,-67.345454854,         0000221P0000348
1.341808335;                                                     0000221P0000349
110,-21.2,-67.345454854,1.341808335,-22.,-67.879340192,          0000223P0000350
1.94360757;                                                      0000223P0000351
110,-21.2,-66.351837409,2.693630677,-22.,-67.085560292,          0000225P0000352
3.023549763;                                                     0000225P0000353
110,-21.2,-66.351837409,2.693630677,-21.2,-66.776975471,         0000227P0000354
1.965040085;                                                     0000227P0000355
110,-21.2,-67.345454854,1.341808335,-21.2,-68.031992913,         0000229P0000356
0.851653139;                                                     0000229P0000357
110,-21.2,-68.031992913,0.851653139,-22.,-68.462416714,          0000231P0000358
1.527318942;                                                     0000231P0000359
110,-21.2,-66.088948328,3.495176654,-22.,-66.875543782,          0000233P0000360
3.663887842;                                                     0000233P0000361
110,-21.2,-66.088948328,3.495176654,-21.2,-66.351837409,         0000235P0000362
2.693630677;                                                     0000235P0000363
110,-21.2,-68.031992913,0.851653139,-21.2,-131.486065967,        0000237P0000364
-35.008356572;                                                   0000237P0000365
110,-21.2,-131.486065967,-35.008356572,-22.,-131.844274788,      0000239P0000366
-34.291879679;                                                   0000239P0000367
110,-21.2,-66.,4.334029929,-22.,-66.8,4.376325621;               0000241P0000368
110,-21.2,-66.,4.334029929,-21.2,-66.088948328,3.495176654;      0000243P0000369
110,-21.2,-131.486065967,-35.008356572,-21.2,-132.228905002,     0000245P0000370
-35.3337302;                                                     0000245P0000371
110,-21.2,-132.228905002,-35.3337302,-22.,-132.475207409,        0000247P0000372
-34.568236772;                                                   0000247P0000373
110,-21.2,-66.,6.,-22.,-66.796147781,5.921586288;                0000249P0000374
110,-21.2,-66.,6.,-21.2,-66.,4.334029929;                        0000251P0000375
110,-21.2,-132.228905002,-35.3337302,-21.2,-133.022104403,       0000253P0000376
-35.502586764;                                                   0000253P0000377
110,-21.2,-133.022104403,-35.502586764,-22.,-133.108945485,      0000255P0000378
-34.703147153;                                                   0000255P0000379
110,-21.2,-66.076858878,6.780361288,-22.,-66.865283583,          0000257P0000380
6.623533864;                                                     0000257P0000381
110,-21.2,-66.076858878,6.780361288,-21.2,-66.,6.;               0000259P0000382
110,-21.2,-133.022104403,-35.502586764,-21.2,-133.833059817,     0000261P0000383
-35.507985437;                                                   0000261P0000384
110,-21.2,-133.833059817,-35.507985437,-22.,-133.756869982,      0000263P0000385
-34.707460501;                                                   0000263P0000386
110,-21.2,-66.30448187,7.530733729,-22.,-67.047161702,           0000265P0000387
7.22310567;                                                      0000265P0000388
110,-21.2,-66.30448187,7.530733729,-21.2,-66.076858878,          0000267P0000389
6.780361288;                                                     0000267P0000390
110,-21.2,-133.833059817,-35.507985437,-21.2,-134.628437032,     0000269P0000391
-35.349704308;                                                   0000269P0000392
110,-21.2,-134.628437032,-35.349704308,-22.,-134.392348053,      0000271P0000393
-34.580999515;                                                   0000271P0000394
110,-21.2,-66.674121551,8.222280932,-22.,-67.342515741,          0000273P0000395
7.775674212;                                                     0000273P0000396
110,-21.2,-66.674121551,8.222280932,-21.2,-66.30448187,          0000275P0000397
7.530733729;                                                     0000275P0000398
110,-21.2,-134.628437032,-35.349704308,-21.2,-135.375542175,     0000277P0000399
-35.034249501;                                                   0000277P0000400
110,-21.2,-135.375542175,-35.034249501,-22.,-134.989258458,      0000279P0000401
-34.328962358;                                                   0000279P0000402
110,-21.2,-67.171572875,8.828427125,-22.,-67.73999541,           0000281P0000403
8.26000459;                                                      0000281P0000404
110,-21.2,-67.171572875,8.828427125,-21.2,-66.674121551,         0000283P0000405
8.222280932;                                                     0000283P0000406
110,-21.2,-135.375542175,-35.034249501,-21.2,-136.04366559,      0000285P0000407
-34.574587744;                                                   0000285P0000408
110,-21.2,-136.04366559,-34.574587744,-22.,-135.523065275,       0000287P0000409
-33.961708982;                                                   0000287P0000410
110,-21.2,-67.777719068,9.325878449,-22.,-68.224325788,          0000289P0000411
8.657484259;                                                     0000289P0000412
110,-21.2,-67.777719068,9.325878449,-21.2,-67.171572875,         0000291P0000413
8.828427125;                                                     0000291P0000414
110,-21.2,-136.04366559,-34.574587744,-21.2,-136.605344155,      0000293P0000415
-33.989613369;                                                   0000293P0000416
110,-21.2,-136.605344155,-33.989613369,-22.,-135.971826447,      0000295P0000417
-33.494335288;                                                   0000295P0000418
110,-21.2,-68.469266271,9.69551813,-22.,-68.77689433,            0000297P0000419
8.952838298;                                                     0000297P0000420
110,-21.2,-68.469266271,9.69551813,-21.2,-67.777719068,          0000299P0000421
9.325878449;                                                     0000299P0000422
110,-21.2,-136.605344155,-33.989613369,-21.2,-137.037490149,     0000301P0000423
-33.303371671;                                                   0000301P0000424
110,-21.2,-137.037490149,-33.303371671,-22.,-136.317095707,      0000303P0000425
-32.946052608;                                                   0000303P0000426
110,-21.2,-69.219638712,9.923141122,-22.,-69.376466136,          0000305P0000427
9.134716417;                                                     0000305P0000428
110,-21.2,-69.219638712,9.923141122,-21.2,-68.469266271,         0000307P0000429
9.69551813;                                                      0000307P0000430
110,-21.2,-137.037490149,-33.303371671,-21.2,-137.32234027,      0000309P0000431
-32.54407052;                                                    0000309P0000432
110,-21.2,-137.32234027,-32.54407052,-22.,-136.54468081,         0000311P0000433
-32.339398027;                                                   0000311P0000434
110,-21.2,-70.,10.,-22.,-70.,9.2;                                0000313P0000435
110,-21.2,-70.,10.,-21.2,-69.219638712,9.923141122;              0000315P0000436
110,-21.2,-137.32234027,-32.54407052,-21.2,-137.448185792,       0000317P0000437
-31.742920887;                                                   0000317P0000438
110,-21.2,-137.448185792,-31.742920887,-22.,-136.645226901,      0000319P0000439
-31.699308;                                                      0000319P0000440
110,-21.2,-110.186979819,10.,-22.,-110.146313581,9.2;            0000321P0000441
110,-21.2,-110.186979819,10.,-21.2,-70.,10.;                     0000323P0000442
110,-21.2,-137.448185792,-31.742920887,-21.2,-137.409853851,     0000325P0000443
-30.932853919;                                                   0000325P0000444
110,-21.2,-137.409853851,-30.932853919,-22.,-136.614601045,      0000327P0000445
-31.052093339;                                                   0000327P0000446
110,-21.2,-110.994026797,9.917738528,-22.,-110.831781085,        0000329P0000447
9.130130999;                                                     0000329P0000448
110,-21.2,-110.994026797,9.917738528,-21.2,-110.186979819,10.;   0000331P0000449
110,-21.2,-111.76787934,9.674337587,-22.,-111.450061201,         0000333P0000450
8.935662475;                                                     0000333P0000451
110,-21.2,-111.76787934,9.674337587,-21.2,-110.994026797,        0000335P0000452
9.917738528;                                                     0000335P0000453
110,-12.8,-66.30448187,7.530733729,-12.,-67.047161702,           0000337P0000454
7.22310567;                                                      0000337P0000455
110,-12.8,-66.30448187,7.530733729,-12.8,-66.076858878,          0000339P0000456
6.780361288;                                                     0000339P0000457
110,-12.8,-66.076858878,6.780361288,-12.,-66.865283583,          0000341P0000458
6.623533864;                                                     0000341P0000459
110,-12.8,-66.674121551,8.222280932,-12.,-67.342515741,          0000343P0000460
7.775674212;                                                     0000343P0000461
110,-12.8,-66.674121551,8.222280932,-12.8,-66.30448187,          0000345P0000462
7.530733729;                                                     0000345P0000463
110,-12.8,-66.076858878,6.780361288,-12.8,-66.,6.;               0000347P0000464
110,-12.8,-66.,6.,-12.,-66.796147781,5.921586288;                0000349P0000465
110,-12.8,-67.171572875,8.828427125,-12.,-67.73999541,           0000351P0000466
8.26000459;                                                      0000351P0000467
110,-12.8,-67.171572875,8.828427125,-12.8,-66.674121551,         0000353P0000468
8.222280932;                                                     0000353P0000469
110,-12.8,-66.,6.,-12.8,-66.,4.334029929;                        0000355P0000470
110,-12.8,-66.,4.334029929,-12.,-66.8,4.376325621;               0000357P0000471
110,-12.8,-67.777719068,9.325878449,-12.,-68.224325788,          0000359P0000472
8.657484259;                                                     0000359P0000473
110,-12.8,-67.777719068,9.325878449,-12.8,-67.171572875,         0000361P0000474
8.828427125;                                                     0000361P0000475
110,-12.8,-66.,4.334029929,-12.8,-66.088948328,3.495176654;      0000363P0000476
110,-12.8,-66.088948328,3.495176654,-12.,-66.875543782,          0000365P0000477
3.663887842;                                                     0000365P0000478
110,-12.8,-68.469266271,9.69551813,-12.,-68.77689433,            0000367P0000479
8.952838298;                                                     0000367P0000480
110,-12.8,-68.469266271,9.69551813,-12.8,-67.777719068,          0000369P0000481
9.325878449;                                                     0000369P0000482
110,-12.8,-66.088948328,3.495176654,-12.8,-66.351837409,         0000371P0000483
2.693630677;                                                     0000371P0000484
110,-12.8,-66.351837409,2.693630677,-12.,-67.085560292,          0000373P0000485
3.023549763;                                                     0000373P0000486
110,-12.8,-69.219638712,9.923141122,-12.,-69.376466136,          0000375P0000487
9.134716417;                                                     0000375P0000488
110,-12.8,-69.219638712,9.923141122,-12.8,-68.469266271,         0000377P0000489
9.69551813;                                                      0000377P0000490
110,-12.8,-66.351837409,2.693630677,-12.8,-66.776975471,         0000379P0000491
1.965040085;                                                     0000379P0000492
110,-12.8,-66.776975471,1.965040085,-12.,-67.425194072,          0000381P0000493
2.441494194;                                                     0000381P0000494
110,-12.8,-70.,10.,-12.,-70.,9.2;                                0000383P0000495
110,-12.8,-70.,10.,-12.8,-69.219638712,9.923141122;              0000385P0000496
110,-12.8,-66.776975471,1.965040085,-12.8,-67.345454854,         0000387P0000497
1.341808335;                                                     0000387P0000498
110,-12.8,-67.345454854,1.341808335,-12.,-67.879340192,          0000389P0000499
1.94360757;                                                      0000389P0000500
110,-12.8,-110.186979819,10.,-12.,-110.146313581,9.2;            0000391P0000501
110,-12.8,-110.186979819,10.,-12.8,-70.,10.;                     0000393P0000502
110,-12.8,-67.345454854,1.341808335,-12.8,-68.031992913,         0000395P0000503
0.851653139;                                                     0000395P0000504
110,-12.8,-68.031992913,0.851653139,-12.,-68.462416714,          0000397P0000505
1.527318942;                                                     0000397P0000506
110,-12.8,-110.994026797,9.917738528,-12.,-110.831781085,        0000399P0000507
9.130130999;                                                     0000399P0000508
110,-12.8,-110.994026797,9.917738528,-12.8,-110.186979819,10.;   0000401P0000509
110,-12.8,-68.031992913,0.851653139,-12.8,-131.486065967,        0000403P0000510
-35.008356572;                                                   0000403P0000511
110,-12.8,-131.486065967,-35.008356572,-12.,-131.844274788,      0000405P0000512
-34.291879679;                                                   0000405P0000513
110,-12.8,-111.76787934,9.674337587,-12.,-111.450061201,         0000407P0000514
8.935662475;                                                     0000407P0000515
110,-12.8,-111.76787934,9.674337587,-12.8,-110.994026797,        0000409P0000516
9.917738528;                                                     0000409P0000517
110,-12.8,-131.486065967,-35.008356572,-12.8,-132.228905002,     0000411P0000518
-35.3337302;                                                     0000411P0000519
110,-12.8,-132.228905002,-35.3337302,-12.,-132.475207409,        0000413P0000520
-34.568236772;                                                   0000413P0000521
110,-12.8,-132.228905002,-35.3337302,-12.8,-133.022104403,       0000415P0000522
-35.502586764;                                                   0000415P0000523
110,-12.8,-133.022104403,-35.502586764,-12.,-133.108945485,      0000417P0000524
-34.703147153;                                                   0000417P0000525
110,-12.8,-133.022104403,-35.502586764,-12.8,-133.833059817,     0000419P0000526
-35.507985437;                                                   0000419P0000527
110,-12.8,-133.833059817,-35.507985437,-12.,-133.756869982,      0000421P0000528
-34.707460501;                                                   0000421P0000529
110,-12.8,-133.833059817,-35.507985437,-12.8,-134.628437032,     0000423P0000530
-35.349704308;                                                   0000423P0000531
110,-12.8,-134.628437032,-35.349704308,-12.,-134.392348053,      0000425P0000532
-34.580999515;                                                   0000425P0000533
110,-12.8,-134.628437032,-35.349704308,-12.8,-135.375542175,     0000427P0000534
-35.034249501;                                                   0000427P0000535
110,-12.8,-135.375542175,-35.034249501,-12.,-134.989258458,      0000429P0000536
-34.328962358;                                                   0000429P0000537
110,-12.8,-135.375542175,-35.034249501,-12.8,-136.04366559,      0000431P0000538
-34.574587744;                                                   0000431P0000539
110,-12.8,-136.04366559,-34.574587744,-12.,-135.523065275,       0000433P0000540
-33.961708982;                                                   0000433P0000541
110,-12.8,-137.409853851,-30.932853919,-12.,-136.614601045,      0000435P0000542
-31.052093339;                                                   0000435P0000543
110,-12.8,-136.04366559,-34.574587744,-12.8,-136.605344155,      0000437P0000544
-33.989613369;                                                   0000437P0000545
110,-12.8,-136.605344155,-33.989613369,-12.,-135.971826447,      0000439P0000546
-33.494335288;                                                   0000439P0000547
110,-12.8,-137.448185792,-31.742920887,-12.,-136.645226901,      0000441P0000548
-31.699308;                                                      0000441P0000549
110,-12.8,-137.448185792,-31.742920887,-12.8,-137.409853851,     0000443P0000550
-30.932853919;                                                   0000443P0000551
110,-12.8,-136.605344155,-33.989613369,-12.8,-137.037490149,     0000445P0000552
-33.303371671;                                                   0000445P0000553
110,-12.8,-137.037490149,-33.303371671,-12.,-136.317095707,      0000447P0000554
-32.946052608;                                                   0000447P0000555
110,-12.8,-137.32234027,-32.54407052,-12.,-136.54468081,         0000449P0000556
-32.339398027;                                                   0000449P0000557
110,-12.8,-137.32234027,-32.54407052,-12.8,-137.448185792,       0000451P0000558
-31.742920887;                                                   0000451P0000559
110,-12.8,-137.037490149,-33.303371671,-12.8,-137.32234027,      0000453P0000560
-32.54407052;                                                    0000453P0000561
110,-21.2,-110.994026797,9.917738528,-12.8,-110.994026797,       0000455P0000562
9.917738528;                                                     0000455P0000563
110,-21.2,-137.448185792,-31.742920887,-12.8,-137.448185792,     0000457P0000564
-31.742920887;                                                   0000457P0000565
110,-21.2,-66.776975471,1.965040085,-12.8,-66.776975471,         0000459P0000566
1.965040085;                                                     0000459P0000567
110,-21.2,-67.345454854,1.341808335,-12.8,-67.345454854,         0000461P0000568
1.341808335;                                                     0000461P0000569
110,-21.2,-66.351837409,2.693630677,-12.8,-66.351837409,         0000463P0000570
2.693630677;                                                     0000463P0000571
110,-21.2,-68.031992913,0.851653139,-12.8,-68.031992913,         0000465P0000572
0.851653139;                                                     0000465P0000573
110,-21.2,-66.088948328,3.495176654,-12.8,-66.088948328,         0000467P0000574
3.495176654;                                                     0000467P0000575
110,-21.2,-131.486065967,-35.008356572,-12.8,-131.486065967,     0000469P0000576
-35.008356572;                                                   0000469P0000577
110,-21.2,-66.,4.334029929,-12.8,-66.,4.334029929;               0000471P0000578
110,-21.2,-132.228905002,-35.3337302,-12.8,-132.228905002,       0000473P0000579
-35.3337302;                                                     0000473P0000580
110,-21.2,-66.,6.,-12.8,-66.,6.;                                 0000475P0000581
110,-21.2,-133.022104403,-35.502586764,-12.8,-133.022104403,     0000477P0000582
-35.502586764;                                                   0000477P0000583
110,-21.2,-66.076858878,6.780361288,-12.8,-66.076858878,         0000479P0000584
6.780361288;                                                     0000479P0000585
110,-21.2,-133.833059817,-35.507985437,-12.8,-133.833059817,     0000481P0000586
-35.507985437;                                                   0000481P0000587
110,-21.2,-66.30448187,7.530733729,-12.8,-66.30448187,           0000483P0000588
7.530733729;                                                     0000483P0000589
110,-21.2,-134.628437032,-35.349704308,-12.8,-134.628437032,     0000485P0000590
-35.349704308;                                                   0000485P0000591
110,-21.2,-66.674121551,8.222280932,-12.8,-66.674121551,         0000487P0000592
8.222280932;                                                     0000487P0000593
110,-21.2,-135.375542175,-35.034249501,-12.8,-135.375542175,     0000489P0000594
-35.034249501;                                                   0000489P0000595
110,-21.2,-67.171572875,8.828427125,-12.8,-67.171572875,         0000491P0000596
8.828427125;                                                     0000491P0000597
110,-21.2,-136.04366559,-34.574587744,-12.8,-136.04366559,       0000493P0000598
-34.574587744;                                                   0000493P0000599
110,-21.2,-67.777719068,9.325878449,-12.8,-67.777719068,         0000495P0000600
9.325878449;                                                     0000495P0000601
110,-21.2,-136.605344155,-33.989613369,-12.8,-136.605344155,     0000497P0000602
-33.989613369;                                                   0000497P0000603
110,-21.2,-68.469266271,9.69551813,-12.8,-68.469266271,          0000499P0000604
9.69551813;                                                      0000499P0000605
110,-21.2,-137.037490149,-33.303371671,-12.8,-137.037490149,     0000501P0000606
-33.303371671;                                                   0000501P0000607
110,-21.2,-69.219638712,9.923141122,-12.8,-69.219638712,         0000503P0000608
9.923141122;                                                     0000503P0000609
110,-21.2,-137.32234027,-32.54407052,-12.8,-137.32234027,        0000505P0000610
-32.54407052;                                                    0000505P0000611
110,-21.2,-70.,10.,-12.8,-70.,10.;                               0000507P0000612
110,-21.2,-110.186979819,10.,-12.8,-110.186979819,10.;           0000509P0000613
510,513,1,1,521;                                                 0000511P0000614
190,515,517,519;                                                 0000513P0000615
116,-22.,-136.853643826,-29.4181566,0;                           0000515P0000616
123,-1.528608893E-16,-0.849892693,0.526955795;                   0000517P0000617
123,-3.585319791E-17,0.526955795,0.849892693;                    0000519P0000618
508,4,0,17,5,1,0,0,17,6,1,0,0,17,1,0,0,0,17,7,0,0;               0000521P0000619
510,525,1,1,533;                                                 0000523P0000620
190,527,529,531;                                                 0000525P0000621
116,-21.6,-113.269719945,7.863654507,0;                          0000527P0000622
123,-0.707106781,-0.560082745,0.431633315;                       0000529P0000623
123,-5.475236849E-16,0.610421688,0.792076614;                    0000531P0000624
508,4,0,17,8,0,0,0,17,4,1,0,0,17,9,1,0,0,17,10,0,0;              0000533P0000625
510,537,1,1,545;                                                 0000535P0000626
190,539,541,543;                                                 0000537P0000627
116,-12.4,-113.269719945,7.863654507,0;                          0000539P0000628
123,-0.707106781,0.560082745,-0.431633315;                       0000541P0000629
123,4.239214617E-16,0.610421688,0.792076614;                     0000543P0000630
508,4,0,17,11,0,0,0,17,2,1,0,0,17,12,1,0,0,17,13,0,0;            0000545P0000631
510,549,1,1,557;                                                 0000547P0000632
190,551,553,555;                                                 0000549P0000633
116,-22.,-113.091359084,8.750378353,0;                           0000551P0000634
123,-1.565754663E-16,-0.652627522,0.757678901;                   0000553P0000635
123,1.166304591E-17,0.757678901,0.652627522;                     0000555P0000636
508,4,0,17,3,1,0,0,17,14,1,0,0,17,15,0,0,0,17,16,0,0;            0000557P0000637
510,561,1,1,569;                                                 0000559P0000638
190,563,565,567;                                                 0000561P0000639
116,-22.,-137.208920078,-30.14716731,0;                          0000563P0000640
123,-1.484389467E-16,-0.898932966,0.438086204;                   0000565P0000641
123,-5.116426868E-17,0.438086204,0.898932966;                    0000567P0000642
508,4,0,17,17,1,0,0,17,18,1,0,0,17,5,0,0,0,17,19,0,0;            0000569P0000643
510,573,1,1,581;                                                 0000571P0000644
190,575,577,579;                                                 0000573P0000645
116,-21.6,-136.513686749,-29.628938919,0;                        0000575P0000646
123,-0.707106781,-0.600964886,0.372614016;                       0000577P0000647
123,5.4701389E-16,0.526955795,0.849892693;                       0000579P0000648
508,4,0,17,20,0,0,0,17,7,1,0,0,17,8,1,0,0,17,21,0,0;             0000581P0000649
510,585,1,1,593;                                                 0000583P0000650
190,587,589,591;                                                 0000585P0000651
116,-12.4,-136.513686749,-29.628938919,0;                        0000587P0000652
123,-0.707106781,0.600964886,-0.372614016;                       0000589P0000653
123,-6.464758615E-16,0.526955795,0.849892693;                    0000591P0000654
508,4,0,17,22,0,0,0,17,6,1,0,0,17,11,1,0,0,17,23,0,0;            0000593P0000655
510,597,1,1,605;                                                 0000595P0000656
190,599,601,603;                                                 0000597P0000657
116,-22.,-103.916313027,-8.462023935,0;                          0000599P0000658
123,-1.,1.110223025E-16,-1.110223025E-16;                        0000601P0000659
123,-1.110223025E-16,-1.,0.;                                     0000603P0000660
508,35,0,17,24,1,0,0,17,25,1,0,0,17,26,1,0,0,17,27,1,0,0,17,28,  0000605P0000661
1,0,0,17,29,1,0,0,17,30,1,0,0,17,31,1,0,0,17,32,1,0,0,17,33,1,0, 0000605P0000662
0,17,34,1,0,0,17,35,1,0,0,17,36,1,0,0,17,37,1,0,0,17,38,1,0,0,   0000605P0000663
17,39,1,0,0,17,21,1,0,0,17,10,1,0,0,17,40,1,0,0,17,41,1,0,0,17,  0000605P0000664
42,1,0,0,17,43,1,0,0,17,44,1,0,0,17,45,1,0,0,17,46,1,0,0,17,47,  0000605P0000665
1,0,0,17,48,1,0,0,17,49,1,0,0,17,50,1,0,0,17,51,1,0,0,17,52,1,0, 0000605P0000666
0,17,53,1,0,0,17,54,1,0,0,17,55,1,0,0,17,56,1,0;                 0000605P0000667
510,609,1,1,617;                                                 0000607P0000668
190,611,613,615;                                                 0000609P0000669
116,-21.6,-112.830308075,8.447306792,0;                          0000611P0000670
123,-0.707106781,-0.461477347,0.535759889;                       0000613P0000671
123,2.059520752E-16,0.757678901,0.652627522;                     0000615P0000672
508,4,0,17,9,0,0,0,17,16,1,0,0,17,57,1,0,0,17,40,0,0;            0000617P0000673
510,621,1,1,629;                                                 0000619P0000674
190,623,625,627;                                                 0000621P0000675
116,-12.,-103.916313027,-8.462023935,0;                          0000623P0000676
123,-1.,1.110223025E-16,-1.110223025E-16;                        0000625P0000677
123,-1.110223025E-16,-1.,0.;                                     0000627P0000678
508,35,0,17,58,1,0,0,17,59,1,0,0,17,60,1,0,0,17,61,1,0,0,17,62,  0000629P0000679
1,0,0,17,63,1,0,0,17,64,1,0,0,17,65,1,0,0,17,66,1,0,0,17,67,1,0, 0000629P0000680
0,17,68,1,0,0,17,69,1,0,0,17,70,1,0,0,17,71,1,0,0,17,72,1,0,0,   0000629P0000681
17,73,1,0,0,17,74,1,0,0,17,75,1,0,0,17,76,1,0,0,17,77,1,0,0,17,  0000629P0000682
78,1,0,0,17,79,1,0,0,17,23,1,0,0,17,13,1,0,0,17,80,1,0,0,17,81,  0000629P0000683
1,0,0,17,82,1,0,0,17,83,1,0,0,17,84,1,0,0,17,85,1,0,0,17,86,1,0, 0000629P0000684
0,17,87,1,0,0,17,88,1,0,0,17,89,1,0,0,17,90,1,0;                 0000629P0000685
510,633,1,1,641;                                                 0000631P0000686
190,635,637,639;                                                 0000633P0000687
116,-12.4,-112.830308075,8.447306792,0;                          0000635P0000688
123,-0.707106781,0.461477347,-0.535759889;                       0000637P0000689
123,-1.826259834E-16,0.757678901,0.652627522;                    0000639P0000690
508,4,0,17,12,0,0,0,17,14,1,0,0,17,91,1,0,0,17,80,0,0;           0000641P0000691
510,645,1,1,653;                                                 0000643P0000692
190,647,649,651;                                                 0000645P0000693
116,-22.,-112.476708321,9.279808437,0;                           0000647P0000694
123,-1.510022777E-16,-0.48633538,0.873772223;                    0000649P0000695
123,4.301413033E-17,0.873772223,0.48633538;                      0000651P0000696
508,4,0,17,15,1,0,0,17,92,1,0,0,17,93,0,0,0,17,94,0,0;           0000653P0000697
510,657,1,1,665;                                                 0000655P0000698
190,659,661,663;                                                 0000657P0000699
116,-22.,-137.409853851,-30.932853919,0;                         0000659P0000700
123,-1.350683866E-16,-0.96881923,0.247768641;                    0000661P0000701
123,-8.005269653E-17,0.247768641,0.96881923;                     0000663P0000702
508,4,0,17,95,1,0,0,17,96,1,0,0,17,17,0,0,0,17,97,0,0;           0000665P0000703
510,669,1,1,677;                                                 0000667P0000704
190,671,673,675;                                                 0000669P0000705
116,-21.6,-136.849346891,-30.322401792,0;                        0000671P0000706
123,-0.707106781,-0.635641596,0.309773725;                       0000673P0000707
123,-5.507646298E-16,0.438086204,0.898932966;                    0000675P0000708
508,4,0,17,98,0,0,0,17,19,1,0,0,17,20,1,0,0,17,39,0,0;           0000677P0000709
510,681,1,1,689;                                                 0000679P0000710
190,683,685,687;                                                 0000681P0000711
116,-12.4,-136.849346891,-30.322401792,0;                        0000683P0000712
123,-0.707106781,0.635641596,-0.309773725;                       0000685P0000713
123,4.206805168E-16,0.438086204,0.898932966;                     0000687P0000714
508,4,0,17,99,0,0,0,17,18,1,0,0,17,22,1,0,0,17,79,0,0;           0000689P0000715
510,693,1,1,701;                                                 0000691P0000716
190,695,697,699;                                                 0000693P0000717
116,-21.6,-67.072501456,2.234603421,0;                           0000695P0000718
123,-0.707106781,0.52242107,-0.476525158;                        0000697P0000719
123,-7.606064425E-17,-0.673908341,-0.738814962;                  0000699P0000720
508,4,0,17,100,0,0,0,17,101,1,0,0,17,102,1,0,0,17,24,0,0;        0000701P0000721
510,705,1,1,713;                                                 0000703P0000722
190,707,709,711;                                                 0000705P0000723
116,-21.6,-66.69732278,2.895223976,0;                            0000707P0000724
123,-0.707106781,0.610737622,-0.356369972;                       0000709P0000725
123,6.228051608E-16,-0.503983248,-0.863713428;                   0000711P0000726
508,4,0,17,103,0,0,0,17,104,1,0,0,17,100,1,0,0,17,56,0,0;        0000713P0000727
510,717,1,1,725;                                                 0000715P0000728
190,719,721,723;                                                 0000717P0000729
116,-21.6,-67.577878181,1.667353105,0;                           0000719P0000730
123,-0.707106781,0.410870277,-0.575487285;                       0000721P0000731
123,-8.135754342E-17,-0.813861923,-0.581058319;                  0000723P0000732
508,4,0,17,102,0,0,0,17,105,1,0,0,17,106,1,0,0,17,25,0,0;        0000725P0000733
510,729,1,1,737;                                                 0000727P0000734
190,731,733,735;                                                 0000729P0000735
116,-21.6,-66.469027912,3.619834222,0;                           0000731P0000736
123,-0.707106781,0.671892129,-0.22036553;                        0000733P0000737
123,-2.34417481E-16,-0.311643922,-0.950198961;                   0000735P0000738
508,4,0,17,107,0,0,0,17,108,1,0,0,17,103,1,0,0,17,55,0,0;        0000737P0000739
510,741,1,1,749;                                                 0000739P0000740
190,743,745,747;                                                 0000741P0000741
116,-21.6,-68.228793621,1.199890818,0;                           0000743P0000742
123,-0.707106781,0.347897789,-0.615603061;                       0000745P0000743
123,-9.754335401E-17,-0.870594197,-0.492001772;                  0000747P0000744
508,4,0,17,106,0,0,0,17,109,1,0,0,17,110,1,0,0,17,26,0,0;        0000749P0000745
510,753,1,1,761;                                                 0000751P0000746
190,755,757,759;                                                 0000753P0000747
116,-21.6,-66.397770076,4.376207726,0;                           0000755P0000748
123,-0.707106781,0.703164795,-7.456051561E-02;                   0000757P0000749
123,-8.865345148E-17,-0.105444492,-0.99442519;                   0000759P0000750
508,4,0,17,111,0,0,0,17,112,1,0,0,17,107,1,0,0,17,54,0,0;        0000761P0000751
510,765,1,1,773;                                                 0000763P0000752
190,767,769,771;                                                 0000765P0000753
116,-21.6,-131.646551445,-34.641962779,0;                        0000767P0000754
123,-0.707106781,0.283700925,-0.647698838;                       0000769P0000755
123,4.146937475E-16,-0.915984482,-0.401213695;                   0000771P0000756
508,4,0,17,110,0,0,0,17,113,1,0,0,17,114,1,0,0,17,27,0,0;        0000773P0000757
510,777,1,1,785;                                                 0000775P0000758
190,779,781,783;                                                 0000777P0000759
116,-21.6,-66.4,6.,0;                                            0000779P0000760
123,-0.707106781,0.707106781,-8.548778455E-17;                   0000781P0000761
123,1.159601434E-16,-4.937840935E-18,-1.;                        0000783P0000762
508,4,0,17,115,0,0,0,17,116,1,0,0,17,111,1,0,0,17,53,0,0;        0000785P0000763
510,789,1,1,797;                                                 0000787P0000764
190,791,793,795;                                                 0000789P0000765
116,-21.6,-132.312190874,-34.94249694,0;                         0000791P0000766
123,-0.707106781,0.147230012,-0.691609227;                       0000793P0000767
123,-1.687392969E-16,-0.978083149,-0.20821468;                   0000795P0000768
508,4,0,17,114,0,0,0,17,117,1,0,0,17,118,1,0,0,17,28,0,0;        0000797P0000769
510,801,1,1,809;                                                 0000799P0000770
190,803,805,807;                                                 0000801P0000771
116,-21.6,-66.474932769,6.741154432,0;                           0000803P0000772
123,-0.707106781,0.703701869,6.93085846E-02;                     0000805P0000773
123,2.601476664E-16,9.801714033E-02,-0.995184727;                0000807P0000774
508,4,0,17,119,0,0,0,17,120,1,0,0,17,115,1,0,0,17,52,0,0;        0000809P0000775
510,813,1,1,821;                                                 0000811P0000776
190,815,817,819;                                                 0000813P0000777
116,-21.6,-133.024767215,-35.102595627,0;                        0000815P0000778
123,-0.707106781,4.707230295E-03,-0.707091113;                   0000817P0000779
123,-2.802836644E-16,-0.999977842,-6.657028924E-03;              0000819P0000780
508,4,0,17,118,0,0,0,17,121,1,0,0,17,122,1,0,0,17,29,0,0;        0000821P0000781
510,825,1,1,833;                                                 0000823P0000782
190,827,829,831;                                                 0000825P0000783
116,-21.6,-66.687258004,7.414619859,0;                           0000827P0000784
123,-0.707106781,0.676659001,0.205262264;                        0000829P0000785
123,2.494920951E-16,0.290284677,-0.956940336;                    0000831P0000786
508,4,0,17,123,0,0,0,17,124,1,0,0,17,119,1,0,0,17,51,0,0;        0000833P0000787
510,837,1,1,845;                                                 0000835P0000788
190,839,841,843;                                                 0000837P0000789
116,-21.6,-133.754990114,-35.115678005,0;                        0000839P0000790
123,-0.707106781,-0.138009042,-0.693508114;                      0000841P0000791
123,-3.803560621E-16,-0.980768581,0.195174259;                   0000843P0000792
508,4,0,17,122,0,0,0,17,125,1,0,0,17,126,1,0,0,17,30,0,0;        0000845P0000793
510,849,1,1,857;                                                 0000847P0000794
190,851,853,855;                                                 0000849P0000795
116,-21.6,-67.026890057,8.033722237,0;                           0000851P0000796
123,-0.707106781,0.623612506,0.333327829;                        0000853P0000797
123,5.110709635E-16,0.471396737,-0.881921264;                    0000855P0000798
508,4,0,17,127,0,0,0,17,128,1,0,0,17,123,1,0,0,17,50,0,0;        0000857P0000799
510,861,1,1,869;                                                 0000859P0000800
190,863,865,867;                                                 0000861P0000801
116,-21.6,-134.472843858,-34.981206324,0;                        0000863P0000802
123,-0.707106781,-0.275052471,-0.651418558;                      0000865P0000803
123,2.106893606E-17,-0.92124496,0.388982935;                     0000867P0000804
508,4,0,17,126,0,0,0,17,129,1,0,0,17,130,1,0,0,17,31,0,0;        0000869P0000805
510,873,1,1,881;                                                 0000871P0000806
190,875,877,879;                                                 0000873P0000807
116,-21.6,-67.480777057,8.574669811,0;                           0000875P0000808
123,-0.707106781,0.546600934,0.448583793;                        0000877P0000809
123,1.007420522E-16,0.634393284,-0.773010453;                    0000879P0000810
508,4,0,17,131,0,0,0,17,132,1,0,0,17,127,1,0,0,17,49,0,0;        0000881P0000811
510,885,1,1,893;                                                 0000883P0000812
190,887,889,891;                                                 0000885P0000813
116,-21.6,-135.148821167,-34.704708025,0;                        0000887P0000814
123,-0.707106781,-0.400789906,-0.582552531;                      0000889P0000815
123,-1.543938544E-16,-0.82385369,0.56680252;                     0000891P0000816
508,4,0,17,130,0,0,0,17,133,1,0,0,17,134,1,0,0,17,32,0,0;        0000893P0000817
510,897,1,1,905;                                                 0000895P0000818
190,899,901,903;                                                 0000897P0000819
116,-21.6,-68.031476382,9.016674268,0;                           0000899P0000820
123,-0.707106781,0.448583793,0.546600934;                        0000901P0000821
123,1.562532034E-16,0.773010453,-0.634393284;                    0000903P0000822
508,4,0,17,135,0,0,0,17,136,1,0,0,17,131,1,0,0,17,48,0,0;        0000905P0000823
510,909,1,1,917;                                                 0000907P0000824
190,911,913,915;                                                 0000909P0000825
116,-21.6,-135.755136084,-34.297548533,0;                        0000911P0000826
123,-0.707106781,-0.510052925,-0.489740761;                      0000913P0000827
123,1.760900546E-16,-0.692598027,0.721323765;                    0000915P0000828
508,4,0,17,134,0,0,0,17,137,1,0,0,17,138,1,0,0,17,33,0,0;        0000917P0000829
510,921,1,1,929;                                                 0000919P0000830
190,923,925,927;                                                 0000921P0000831
116,-21.6,-68.657824965,9.342749624,0;                           0000923P0000832
123,-0.707106781,0.333327829,0.623612506;                        0000925P0000833
123,-9.955170009E-17,0.881921264,-0.471396737;                   0000927P0000834
508,4,0,17,139,0,0,0,17,140,1,0,0,17,135,1,0,0,17,47,0,0;        0000929P0000835
510,933,1,1,941;                                                 0000931P0000836
190,935,937,939;                                                 0000933P0000837
116,-21.6,-136.266866118,-33.776464083,0;                        0000935P0000838
123,-0.707106781,-0.598350289,-0.376798264;                      0000937P0000839
123,4.852709003E-16,-0.532873215,0.846195094;                    0000939P0000840
508,4,0,17,138,0,0,0,17,141,1,0,0,17,142,1,0,0,17,34,0,0;        0000941P0000841
510,945,1,1,953;                                                 0000943P0000842
190,947,949,951;                                                 0000945P0000843
116,-21.6,-69.335752583,9.540364987,0;                           0000947P0000844
123,-0.707106781,0.205262264,0.676659001;                        0000949P0000845
123,5.520306578E-17,0.956940336,-0.290284677;                    0000951P0000846
508,4,0,17,143,0,0,0,17,144,1,0,0,17,139,1,0,0,17,46,0,0;        0000953P0000847
510,957,1,1,965;                                                 0000955P0000848
190,959,961,963;                                                 0000957P0000849
116,-21.6,-136.662976674,-33.162873782,0;                        0000959P0000850
123,-0.707106781,-0.662052545,-0.248367525;                      0000961P0000851
123,7.910023632E-17,-0.351244722,0.936283688;                    0000963P0000852
508,4,0,17,142,0,0,0,17,145,1,0,0,17,146,1,0,0,17,35,0,0;        0000965P0000853
510,969,1,1,977;                                                 0000967P0000854
190,971,973,975;                                                 0000969P0000855
116,-21.6,-70.039206856,9.601926109,0;                           0000971P0000856
123,-0.707106781,6.93085846E-02,0.703701869;                     0000973P0000857
123,2.115754091E-16,0.995184727,-9.801714033E-02;                0000975P0000858
508,4,0,17,147,0,0,0,17,148,1,0,0,17,143,1,0,0,17,45,0,0;        0000977P0000859
510,981,1,1,989;                                                 0000979P0000860
190,983,985,987;                                                 0000981P0000861
116,-21.6,-136.927185682,-32.481999175,0;                        0000983P0000862
123,-0.707106781,-0.698541221,-0.109727672;                      0000985P0000863
123,-2.518057797E-16,-0.155178362,0.987886469;                   0000987P0000864
508,4,0,17,146,0,0,0,17,149,1,0,0,17,150,1,0,0,17,36,0,0;        0000989P0000865
510,993,1,1,1001;                                                0000991P0000866
190,995,997,999;                                                 0000993P0000867
116,-21.6,-110.186979819,9.6,0;                                  0000995P0000868
123,-0.707106781,8.548778455E-17,0.707106781;                    0000997P0000869
123,1.159601434E-16,1.,-4.937840935E-18;                         0000999P0000870
508,4,0,17,151,0,0,0,17,152,1,0,0,17,147,1,0,0,17,44,0,0;        0001001P0000871
510,1005,1,1,1013;                                               0001003P0000872
190,1007,1009,1011;                                              0001005P0000873
116,-21.6,-137.048632867,-31.76182752,0;                         0001007P0000874
123,-0.707106781,-0.706316455,3.342252122E-02;                   0001009P0000875
123,-2.478978942E-16,4.72665828E-02,0.99888231;                  0001011P0000876
508,4,0,17,150,0,0,0,17,153,1,0,0,17,154,1,0,0,17,37,0,0;        0001013P0000877
510,1017,1,1,1025;                                               0001015P0000878
190,1019,1021,1023;                                              0001017P0000879
116,-21.6,-110.953465369,9.519800379,0;                          0001019P0000880
123,-0.707106781,-7.170315191E-02,0.703461909;                   0001021P0000881
123,4.368081486E-17,0.994845373,0.10140357;                      0001023P0000882
508,4,0,17,155,0,0,0,17,156,1,0,0,17,151,1,0,0,17,43,0,0;        0001025P0000883
510,1029,1,1,1037;                                               0001027P0000884
190,1031,1033,1035;                                              0001029P0000885
116,-21.6,-137.022326159,-31.031961376,0;                        0001031P0000886
123,-0.707106781,-0.685058647,0.175198887;                       0001033P0000887
123,6.138366939E-16,0.247768641,0.96881923;                      0001035P0000888
508,4,0,17,154,0,0,0,17,97,1,0,0,17,98,1,0,0,17,38,0,0;          0001037P0000889
510,1041,1,1,1049;                                               0001039P0000890
190,1043,1045,1047;                                              0001041P0000891
116,-21.6,-111.647863377,9.292766927,0;                          0001043P0000892
123,-0.707106781,-0.212160252,0.674528003;                       0001045P0000893
123,2.668850412E-16,0.953926651,0.300039906;                     0001047P0000894
508,4,0,17,157,0,0,0,17,158,1,0,0,17,155,1,0,0,17,42,0,0;        0001049P0000895
510,1053,1,1,1061;                                               0001051P0000896
190,1055,1057,1059;                                              0001053P0000897
116,-21.6,-112.282174169,8.930299548,0;                          0001055P0000898
123,-0.707106781,-0.343891045,0.617850264;                       0001057P0000899
123,2.373031596E-16,0.873772223,0.48633538;                      0001059P0000900
508,4,0,17,57,0,0,0,17,94,1,0,0,17,157,1,0,0,17,41,0,0;          0001061P0000901
510,1065,1,1,1073;                                               0001063P0000902
190,1067,1069,1071;                                              0001065P0000903
116,-12.4,-66.687258004,7.414619859,0;                           0001067P0000904
123,-0.707106781,-0.676659001,-0.205262264;                      0001069P0000905
123,5.520306578E-17,0.290284677,-0.956940336;                    0001071P0000906
508,4,0,17,159,0,0,0,17,160,1,0,0,17,161,1,0,0,17,58,0,0;        0001073P0000907
510,1077,1,1,1085;                                               0001075P0000908
190,1079,1081,1083;                                              0001077P0000909
116,-12.4,-67.026890057,8.033722237,0;                           0001079P0000910
123,-0.707106781,-0.623612506,-0.333327829;                      0001081P0000911
123,-2.105740025E-16,0.471396737,-0.881921264;                   0001083P0000912
508,4,0,17,162,0,0,0,17,163,1,0,0,17,159,1,0,0,17,90,0,0;        0001085P0000913
510,1089,1,1,1097;                                               0001087P0000914
190,1091,1093,1095;                                              0001089P0000915
116,-12.4,-66.474932769,6.741154432,0;                           0001091P0000916
123,-0.707106781,-0.703701869,-6.93085846E-02;                   0001093P0000917
123,-2.434698365E-17,9.801714033E-02,-0.995184727;               0001095P0000918
508,4,0,17,161,0,0,0,17,164,1,0,0,17,165,1,0,0,17,59,0,0;        0001097P0000919
510,1101,1,1,1109;                                               0001099P0000920
190,1103,1105,1107;                                              0001101P0000921
116,-12.4,-67.480777057,8.574669811,0;                           0001103P0000922
123,-0.707106781,-0.546600934,-0.448583793;                      0001105P0000923
123,2.117643547E-16,0.634393284,-0.773010453;                    0001107P0000924
508,4,0,17,166,0,0,0,17,167,1,0,0,17,162,1,0,0,17,89,0,0;        0001109P0000925
510,1113,1,1,1121;                                               0001111P0000926
190,1115,1117,1119;                                              0001113P0000927
116,-12.4,-66.4,6.,0;                                            0001115P0000928
123,-0.707106781,-0.707106781,-7.152146132E-17;                  0001117P0000929
123,1.060844615E-16,-4.937840935E-18,-1.;                        0001119P0000930
508,4,0,17,165,0,0,0,17,168,1,0,0,17,169,1,0,0,17,60,0,0;        0001121P0000931
510,1125,1,1,1133;                                               0001123P0000932
190,1127,1129,1131;                                              0001125P0000933
116,-12.4,-68.031476382,9.016674268,0;                           0001127P0000934
123,-0.707106781,-0.448583793,-0.546600934;                      0001129P0000935
123,1.284976278E-16,0.773010453,-0.634393284;                    0001131P0000936
508,4,0,17,170,0,0,0,17,171,1,0,0,17,166,1,0,0,17,88,0,0;        0001133P0000937
510,1137,1,1,1145;                                               0001135P0000938
190,1139,1141,1143;                                              0001137P0000939
116,-12.4,-66.397770076,4.376207726,0;                           0001139P0000940
123,-0.707106781,-0.703164795,7.456051561E-02;                   0001141P0000941
123,2.860468193E-16,-0.105444492,-0.99442519;                    0001143P0000942
508,4,0,17,169,0,0,0,17,172,1,0,0,17,173,1,0,0,17,61,0,0;        0001145P0000943
510,1149,1,1,1157;                                               0001147P0000944
190,1151,1153,1155;                                              0001149P0000945
116,-12.4,-68.657824965,9.342749624,0;                           0001151P0000946
123,-0.707106781,-0.333327829,-0.623612506;                      0001153P0000947
123,3.445375098E-16,0.881921264,-0.471396737;                    0001155P0000948
508,4,0,17,174,0,0,0,17,175,1,0,0,17,170,1,0,0,17,87,0,0;        0001157P0000949
510,1161,1,1,1169;                                               0001159P0000950
190,1163,1165,1167;                                              0001161P0000951
116,-12.4,-66.469027912,3.619834222,0;                           0001163P0000952
123,-0.707106781,-0.671892129,0.22036553;                        0001165P0000953
123,3.762051825E-16,-0.311643922,-0.950198961;                   0001167P0000954
508,4,0,17,173,0,0,0,17,176,1,0,0,17,177,1,0,0,17,62,0,0;        0001169P0000955
510,1173,1,1,1181;                                               0001171P0000956
190,1175,1177,1179;                                              0001173P0000957
116,-12.4,-69.335752583,9.540364987,0;                           0001175P0000958
123,-0.707106781,-0.205262264,-0.676659001;                      0001177P0000959
123,2.494920951E-16,0.956940336,-0.290284677;                    0001179P0000960
508,4,0,17,178,0,0,0,17,179,1,0,0,17,174,1,0,0,17,86,0,0;        0001181P0000961
510,1185,1,1,1193;                                               0001183P0000962
190,1187,1189,1191;                                              0001185P0000963
116,-12.4,-66.69732278,2.895223976,0;                            0001187P0000964
123,-0.707106781,-0.610737622,0.356369972;                       0001189P0000965
123,-5.42929015E-16,-0.503983248,-0.863713428;                   0001191P0000966
508,4,0,17,177,0,0,0,17,180,1,0,0,17,181,1,0,0,17,63,0,0;        0001193P0000967
510,1197,1,1,1205;                                               0001195P0000968
190,1199,1201,1203;                                              0001197P0000969
116,-12.4,-70.039206856,9.601926109,0;                           0001199P0000970
123,-0.707106781,-6.93085846E-02,-0.703701869;                   0001201P0000971
123,3.810306148E-17,0.995184727,-9.801714033E-02;                0001203P0000972
508,4,0,17,182,0,0,0,17,183,1,0,0,17,178,1,0,0,17,85,0,0;        0001205P0000973
510,1209,1,1,1217;                                               0001207P0000974
190,1211,1213,1215;                                              0001209P0000975
116,-12.4,-67.072501456,2.234603421,0;                           0001211P0000976
123,-0.707106781,-0.52242107,0.476525158;                        0001213P0000977
123,9.047280944E-17,-0.673908341,-0.738814962;                   0001215P0000978
508,4,0,17,181,0,0,0,17,184,1,0,0,17,185,1,0,0,17,64,0,0;        0001217P0000979
510,1221,1,1,1229;                                               0001219P0000980
190,1223,1225,1227;                                              0001221P0000981
116,-12.4,-110.186979819,9.6,0;                                  0001223P0000982
123,-0.707106781,7.850462293E-17,-0.707106781;                   0001225P0000983
123,1.110223025E-16,1.,0.;                                       0001227P0000984
508,4,0,17,186,0,0,0,17,187,1,0,0,17,182,1,0,0,17,84,0,0;        0001229P0000985
510,1233,1,1,1241;                                               0001231P0000986
190,1235,1237,1239;                                              0001233P0000987
116,-12.4,-67.577878181,1.667353105,0;                           0001235P0000988
123,-0.707106781,-0.410870277,0.575487285;                       0001237P0000989
123,-2.584639219E-17,-0.813861923,-0.581058319;                  0001239P0000990
508,4,0,17,185,0,0,0,17,188,1,0,0,17,189,1,0,0,17,65,0,0;        0001241P0000991
510,1245,1,1,1253;                                               0001243P0000992
190,1247,1249,1251;                                              0001245P0000993
116,-12.4,-110.953465369,9.519800379,0;                          0001247P0000994
123,-0.707106781,7.170315191E-02,-0.703461909;                   0001249P0000995
123,1.477642234E-16,0.994845373,0.10140357;                      0001251P0000996
508,4,0,17,190,0,0,0,17,191,1,0,0,17,186,1,0,0,17,83,0,0;        0001253P0000997
510,1257,1,1,1265;                                               0001255P0000998
190,1259,1261,1263;                                              0001257P0000999
116,-12.4,-68.228793621,1.199890818,0;                           0001259P0001000
123,-0.707106781,-0.347897789,0.615603061;                       0001261P0001001
123,-4.203220278E-17,-0.870594197,-0.492001772;                  0001263P0001002
508,4,0,17,189,0,0,0,17,192,1,0,0,17,193,1,0,0,17,66,0,0;        0001265P0001003
510,1269,1,1,1277;                                               0001267P0001004
190,1271,1273,1275;                                              0001269P0001005
116,-12.4,-111.647863377,9.292766927,0;                          0001271P0001006
123,-0.707106781,0.212160252,-0.674528003;                       0001273P0001007
123,-9.393744179E-17,0.953926651,0.300039906;                    0001275P0001008
508,4,0,17,194,0,0,0,17,195,1,0,0,17,190,1,0,0,17,82,0,0;        0001277P0001009
510,1281,1,1,1289;                                               0001279P0001010
190,1283,1285,1287;                                              0001281P0001011
116,-12.4,-131.646551445,-34.641962779,0;                        0001283P0001012
123,-0.707106781,-0.283700925,0.647698838;                       0001285P0001013
123,-5.012402478E-16,-0.915984482,-0.401213695;                  0001287P0001014
508,4,0,17,193,0,0,0,17,196,1,0,0,17,197,1,0,0,17,67,0,0;        0001289P0001015
510,1293,1,1,1301;                                               0001291P0001016
190,1295,1297,1299;                                              0001293P0001017
116,-12.4,-112.282174169,8.930299548,0;                          0001295P0001018
123,-0.707106781,0.343891045,-0.617850264;                       0001297P0001019
123,-6.800817214E-17,0.873772223,0.48633538;                     0001299P0001020
508,4,0,17,91,0,0,0,17,92,1,0,0,17,194,1,0,0,17,81,0,0;          0001301P0001021
510,1305,1,1,1313;                                               0001303P0001022
190,1307,1309,1311;                                              0001305P0001023
116,-12.4,-132.312190874,-34.94249694,0;                         0001307P0001024
123,-0.707106781,-0.147230012,0.691609227;                       0001309P0001025
123,-2.996141881E-17,-0.978083149,-0.20821468;                   0001311P0001026
508,4,0,17,197,0,0,0,17,198,1,0,0,17,199,1,0,0,17,68,0,0;        0001313P0001027
510,1317,1,1,1325;                                               0001315P0001028
190,1319,1321,1323;                                              0001317P0001029
116,-12.4,-133.024767215,-35.102595627,0;                        0001319P0001030
123,-0.707106781,-4.707230295E-03,0.707091113;                   0001321P0001031
123,5.365060476E-17,-0.999977842,-6.657028924E-03;               0001323P0001032
508,4,0,17,199,0,0,0,17,200,1,0,0,17,201,1,0,0,17,69,0,0;        0001325P0001033
510,1329,1,1,1337;                                               0001327P0001034
190,1331,1333,1335;                                              0001329P0001035
116,-12.4,-133.754990114,-35.115678005,0;                        0001331P0001036
123,-0.707106781,0.138009042,0.693508114;                        0001333P0001037
123,1.19244299E-16,-0.980768581,0.195174259;                     0001335P0001038
508,4,0,17,201,0,0,0,17,202,1,0,0,17,203,1,0,0,17,70,0,0;        0001337P0001039
510,1341,1,1,1349;                                               0001339P0001040
190,1343,1345,1347;                                              0001341P0001041
116,-12.4,-134.472843858,-34.981206324,0;                        0001343P0001042
123,-0.707106781,0.275052471,0.651418558;                        0001345P0001043
123,-3.397535469E-16,-0.92124496,0.388982935;                    0001347P0001044
508,4,0,17,203,0,0,0,17,204,1,0,0,17,205,1,0,0,17,71,0,0;        0001349P0001045
510,1353,1,1,1361;                                               0001351P0001046
190,1355,1357,1359;                                              0001353P0001047
116,-12.4,-135.148821167,-34.704708025,0;                        0001355P0001048
123,-0.707106781,0.400789906,0.582552531;                        0001357P0001049
123,-9.888270319E-17,-0.82385369,0.56680252;                     0001359P0001050
508,4,0,17,205,0,0,0,17,206,1,0,0,17,207,1,0,0,17,72,0,0;        0001361P0001051
510,1365,1,1,1373;                                               0001363P0001052
190,1367,1369,1371;                                              0001365P0001053
116,-12.4,-137.022326159,-31.031961376,0;                        0001367P0001054
123,-0.707106781,0.685058647,-0.175198887;                       0001369P0001055
123,-7.461865113E-16,0.247768641,0.96881923;                     0001371P0001056
508,4,0,17,208,0,0,0,17,96,1,0,0,17,99,1,0,0,17,78,0,0;          0001373P0001057
510,1377,1,1,1385;                                               0001375P0001058
190,1379,1381,1383;                                              0001377P0001059
116,-12.4,-135.755136084,-34.297548533,0;                        0001379P0001060
123,-0.707106781,0.510052925,0.489740761;                        0001381P0001061
123,-6.010660626E-16,-0.692598027,0.721323765;                   0001383P0001062
508,4,0,17,207,0,0,0,17,209,1,0,0,17,210,1,0,0,17,73,0,0;        0001385P0001063
510,1389,1,1,1397;                                               0001387P0001064
190,1391,1393,1395;                                              0001389P0001065
116,-12.4,-137.048632867,-31.76182752,0;                         0001391P0001066
123,-0.707106781,0.706316455,-3.342252122E-02;                   0001393P0001067
123,4.006620284E-17,4.72665828E-02,0.99888231;                   0001395P0001068
508,4,0,17,211,0,0,0,17,212,1,0,0,17,208,1,0,0,17,77,0,0;        0001397P0001069
510,1401,1,1,1409;                                               0001399P0001070
190,1403,1405,1407;                                              0001401P0001071
116,-12.4,-136.266866118,-33.776464083,0;                        0001403P0001072
123,-0.707106781,0.598350289,0.376798264;                        0001405P0001073
123,-7.082188512E-16,-0.532873215,0.846195094;                   0001407P0001074
508,4,0,17,210,0,0,0,17,213,1,0,0,17,214,1,0,0,17,74,0,0;        0001409P0001075
510,1413,1,1,1421;                                               0001411P0001076
190,1415,1417,1419;                                              0001413P0001077
116,-12.4,-136.927185682,-32.481999175,0;                        0001415P0001078
123,-0.707106781,0.698541221,0.109727672;                        0001417P0001079
123,2.574997643E-17,-0.155178362,0.987886469;                    0001419P0001080
508,4,0,17,215,0,0,0,17,216,1,0,0,17,211,1,0,0,17,76,0,0;        0001421P0001081
510,1425,1,1,1433;                                               0001423P0001082
190,1427,1429,1431;                                              0001425P0001083
116,-12.4,-136.662976674,-33.162873782,0;                        0001427P0001084
123,-0.707106781,0.662052545,0.248367525;                        0001429P0001085
123,-3.927445492E-16,-0.351244722,0.936283688;                   0001431P0001086
508,4,0,17,214,0,0,0,17,217,1,0,0,17,215,1,0,0,17,75,0,0;        0001433P0001087
510,1437,1,1,1445;                                               0001435P0001088
190,1439,1441,1443;                                              0001437P0001089
116,-22.,-111.76787934,9.674337587,0;                            0001439P0001090
123,-1.392182543E-16,-0.300039906,0.953926651;                   0001441P0001091
123,7.25960119E-17,0.953926651,0.300039906;                      0001443P0001092
508,4,0,17,93,1,0,0,17,195,1,0,0,17,218,0,0,0,17,158,0,0;        0001445P0001093
510,1449,1,1,1457;                                               0001447P0001094
190,1451,1453,1455;                                              0001449P0001095
116,-22.,-137.448185792,-31.742920887,0;                         0001451P0001096
123,-1.161458588E-16,-0.99888231,4.72665828E-02;                 0001453P0001097
123,-1.056505691E-16,4.72665828E-02,0.99888231;                  0001455P0001098
508,4,0,17,219,1,0,0,17,212,1,0,0,17,95,0,0,0,17,153,0,0;        0001457P0001099
510,1461,1,1,1469;                                               0001459P0001100
190,1463,1465,1467;                                              0001461P0001101
116,-22.,-66.776975471,1.965040085,0;                            0001463P0001102
123,1.568437938E-16,0.738814962,-0.673908341;                    0001465P0001103
123,7.206082593E-18,-0.673908341,-0.738814962;                   0001467P0001104
508,4,0,17,220,1,0,0,17,184,1,0,0,17,221,0,0,0,17,101,0,0;       0001469P0001105
510,1473,1,1,1481;                                               0001471P0001106
190,1475,1477,1479;                                              0001473P0001107
116,-22.,-66.351837409,2.693630677,0;                            0001475P0001108
123,1.51844834E-16,0.863713428,-0.503983248;                     0001477P0001109
123,3.993807288E-17,-0.503983248,-0.863713428;                   0001479P0001110
508,4,0,17,222,1,0,0,17,180,1,0,0,17,220,0,0,0,17,104,0,0;       0001481P0001111
510,1485,1,1,1493;                                               0001483P0001112
190,1487,1489,1491;                                              0001485P0001113
116,-22.,-67.345454854,1.341808335,0;                            0001487P0001114
123,1.54867257E-16,0.581058319,-0.813861923;                     0001489P0001115
123,-2.584639219E-17,-0.813861923,-0.581058319;                  0001491P0001116
508,4,0,17,221,1,0,0,17,188,1,0,0,17,223,0,0,0,17,105,0,0;       0001493P0001117
510,1497,1,1,1505;                                               0001495P0001118
190,1499,1501,1503;                                              0001497P0001119
116,-22.,-66.088948328,3.495176654,0;                            0001499P0001120
123,1.400927022E-16,0.950198961,-0.311643922;                    0001501P0001121
123,7.089385077E-17,-0.311643922,-0.950198961;                   0001503P0001122
508,4,0,17,224,1,0,0,17,176,1,0,0,17,222,0,0,0,17,108,0,0;       0001505P0001123
510,1509,1,1,1517;                                               0001507P0001124
190,1511,1513,1515;                                              0001509P0001125
116,-22.,-68.031992913,0.851653139,0;                            0001511P0001126
123,1.512785418E-16,0.492001772,-0.870594197;                    0001513P0001127
123,-4.203220278E-17,-0.870594197,-0.492001772;                  0001515P0001128
508,4,0,17,223,1,0,0,17,192,1,0,0,17,225,0,0,0,17,109,0,0;       0001517P0001129
510,1521,1,1,1529;                                               0001519P0001130
190,1523,1525,1527;                                              0001521P0001131
116,-22.,-66.,4.334029929,0;                                     0001523P0001132
123,1.221100646E-16,0.99442519,-0.105444492;                     0001525P0001133
123,9.869668392E-17,-0.105444492,-0.99442519;                    0001527P0001134
508,4,0,17,226,1,0,0,17,172,1,0,0,17,224,0,0,0,17,112,0,0;       0001529P0001135
510,1533,1,1,1541;                                               0001531P0001136
190,1535,1537,1539;                                              0001533P0001137
116,-22.,-131.486065967,-35.008356572,0;                         0001535P0001138
123,1.462383744E-16,0.401213695,-0.915984482;                    0001537P0001139
123,-5.715103795E-17,-0.915984482,-0.401213695;                  0001539P0001140
508,4,0,17,225,1,0,0,17,196,1,0,0,17,227,0,0,0,17,113,0,0;       0001541P0001141
510,1545,1,1,1553;                                               0001543P0001142
190,1547,1549,1551;                                              0001545P0001143
116,-22.,-66.,6.,0;                                              0001547P0001144
123,1.110223025E-16,1.,0.;                                       0001549P0001145
123,1.110223025E-16,-1.232595164E-32,-1.;                        0001551P0001146
508,4,0,17,228,1,0,0,17,168,1,0,0,17,226,0,0,0,17,116,0,0;       0001553P0001147
510,1557,1,1,1565;                                               0001555P0001148
190,1559,1561,1563;                                              0001557P0001149
116,-22.,-132.228905002,-35.3337302,0;                           0001559P0001150
123,1.317055164E-16,0.20821468,-0.978083149;                     0001561P0001151
123,-8.547257004E-17,-0.978083149,-0.20821468;                   0001563P0001152
508,4,0,17,227,1,0,0,17,198,1,0,0,17,229,0,0,0,17,117,0,0;       0001565P0001153
510,1569,1,1,1577;                                               0001567P0001154
190,1571,1573,1575;                                              0001569P0001155
116,-22.,-66.076858878,6.780361288,0;                            0001571P0001156
123,9.960561113E-17,0.995184727,9.801714033E-02;                 0001573P0001157
123,1.213697883E-16,9.801714033E-02,-0.995184727;                0001575P0001158
508,4,0,17,230,1,0,0,17,164,1,0,0,17,228,0,0,0,17,120,0,0;       0001577P0001159
510,1581,1,1,1589;                                               0001579P0001160
190,1583,1585,1587;                                              0001581P0001161
116,-22.,-133.022104403,-35.502586764,0;                         0001583P0001162
123,1.117589211E-16,6.657028924E-03,-0.999977842;                0001585P0001163
123,-1.102807637E-16,-0.999977842,-6.657028924E-03;              0001587P0001164
508,4,0,17,229,1,0,0,17,200,1,0,0,17,231,0,0,0,17,121,0,0;       0001589P0001165
510,1593,1,1,1601;                                               0001591P0001166
190,1595,1597,1599;                                              0001593P0001167
116,-22.,-66.30448187,7.530733729,0;                             0001595P0001168
123,7.401364615E-17,0.956940336,0.290284677;                     0001597P0001169
123,1.384697926E-16,0.290284677,-0.956940336;                    0001599P0001170
508,4,0,17,232,1,0,0,17,160,1,0,0,17,230,0,0,0,17,124,0,0;       0001601P0001171
510,1605,1,1,1613;                                               0001603P0001172
190,1607,1609,1611;                                              0001605P0001173
116,-22.,-133.833059817,-35.507985437,0;                         0001607P0001174
123,8.721849044E-17,-0.195174259,-0.980768581;                   0001609P0001175
123,-1.305558816E-16,-0.980768581,0.195174259;                   0001611P0001176
508,4,0,17,231,1,0,0,17,202,1,0,0,17,233,0,0,0,17,125,0,0;       0001613P0001177
510,1617,1,1,1625;                                               0001615P0001178
190,1619,1621,1623;                                              0001617P0001179
116,-22.,-66.674121551,8.222280932,0;                            0001619P0001180
123,4.557737826E-17,0.881921264,0.471396737;                     0001621P0001181
123,1.502484805E-16,0.471396737,-0.881921264;                    0001623P0001182
508,4,0,17,234,1,0,0,17,163,1,0,0,17,232,0,0,0,17,128,0,0;       0001625P0001183
510,1629,1,1,1637;                                               0001627P0001184
190,1631,1633,1635;                                              0001629P0001185
116,-22.,-134.628437032,-35.349704308,0;                         0001631P0001186
123,5.909295557E-17,-0.388982935,-0.92124496;                    0001633P0001187
123,-1.454645176E-16,-0.92124496,0.388982935;                    0001635P0001188
508,4,0,17,233,1,0,0,17,204,1,0,0,17,235,0,0,0,17,129,0,0;       0001637P0001189
510,1641,1,1,1649;                                               0001639P0001190
190,1643,1645,1647;                                              0001641P0001191
116,-22.,-67.171572875,8.828427125,0;                            0001643P0001192
123,1.538959729E-17,0.773010453,0.634393284;                     0001645P0001193
123,1.562532034E-16,0.634393284,-0.773010453;                    0001647P0001194
508,4,0,17,236,1,0,0,17,167,1,0,0,17,234,0,0,0,17,132,0,0;       0001649P0001195
510,1653,1,1,1661;                                               0001651P0001196
190,1655,1657,1659;                                              0001653P0001197
116,-22.,-135.375542175,-35.034249501,0;                         0001655P0001198
123,2.853841279E-17,-0.56680252,-0.82385369;                     0001657P0001199
123,-1.543938544E-16,-0.82385369,0.56680252;                     0001659P0001200
508,4,0,17,235,1,0,0,17,206,1,0,0,17,237,0,0,0,17,133,0,0;       0001661P0001201
510,1665,1,1,1673;                                               0001663P0001202
190,1667,1669,1671;                                              0001665P0001203
116,-22.,-67.777719068,9.325878449,0;                            0001667P0001204
123,-1.538959729E-17,0.634393284,0.773010453;                    0001669P0001205
123,1.562532034E-16,0.773010453,-0.634393284;                    0001671P0001206
508,4,0,17,238,1,0,0,17,171,1,0,0,17,236,0,0,0,17,136,0,0;       0001673P0001207
510,1677,1,1,1685;                                               0001675P0001208
190,1679,1681,1683;                                              0001677P0001209
116,-22.,-136.04366559,-34.574587744,0;                          0001679P0001210
123,-3.18919758E-18,-0.721323765,-0.692598027;                   0001681P0001211
123,-1.569768528E-16,-0.692598027,0.721323765;                   0001683P0001212
508,4,0,17,237,1,0,0,17,209,1,0,0,17,239,0,0,0,17,137,0,0;       0001685P0001213
510,1689,1,1,1697;                                               0001687P0001214
190,1691,1693,1695;                                              0001689P0001215
116,-22.,-68.469266271,9.69551813,0;                             0001691P0001216
123,-4.557737826E-17,0.471396737,0.881921264;                    0001693P0001217
123,1.502484805E-16,0.881921264,-0.471396737;                    0001695P0001218
508,4,0,17,240,1,0,0,17,175,1,0,0,17,238,0,0,0,17,140,0,0;       0001697P0001219
510,1701,1,1,1709;                                               0001699P0001220
190,1703,1705,1707;                                              0001701P0001221
116,-22.,-136.605344155,-33.989613369,0;                         0001703P0001222
123,-3.478571642E-17,-0.846195094,-0.532873215;                  0001705P0001223
123,-1.531073389E-16,-0.532873215,0.846195094;                   0001707P0001224
508,4,0,17,239,1,0,0,17,213,1,0,0,17,241,0,0,0,17,141,0,0;       0001709P0001225
510,1713,1,1,1721;                                               0001711P0001226
190,1715,1717,1719;                                              0001713P0001227
116,-22.,-69.219638712,9.923141122,0;                            0001715P0001228
123,-7.401364615E-17,0.290284677,0.956940336;                    0001717P0001229
123,1.384697926E-16,0.956940336,-0.290284677;                    0001719P0001230
508,4,0,17,242,1,0,0,17,179,1,0,0,17,240,0,0,0,17,144,0,0;       0001721P0001231
510,1725,1,1,1733;                                               0001723P0001232
190,1727,1729,1731;                                              0001725P0001233
116,-22.,-137.037490149,-33.303371671,0;                         0001727P0001234
123,-6.49523731E-17,-0.936283688,-0.351244722;                   0001729P0001235
123,-1.429443686E-16,-0.351244722,0.936283688;                   0001731P0001236
508,4,0,17,241,1,0,0,17,217,1,0,0,17,243,0,0,0,17,145,0,0;       0001733P0001237
510,1737,1,1,1745;                                               0001735P0001238
190,1739,1741,1743;                                              0001737P0001239
116,-22.,-70.,10.,0;                                             0001739P0001240
123,-9.960561113E-17,9.801714033E-02,0.995184727;                0001741P0001241
123,1.213697883E-16,0.995184727,-9.801714033E-02;                0001743P0001242
508,4,0,17,244,1,0,0,17,183,1,0,0,17,242,0,0,0,17,148,0,0;       0001745P0001243
510,1749,1,1,1757;                                               0001747P0001244
190,1751,1753,1755;                                              0001749P0001245
116,-22.,-137.32234027,-32.54407052,0;                           0001751P0001246
123,-9.244917129E-17,-0.987886469,-0.155178362;                  0001753P0001247
123,-1.269056895E-16,-0.155178362,0.987886469;                   0001755P0001248
508,4,0,17,243,1,0,0,17,216,1,0,0,17,219,0,0,0,17,149,0,0;       0001757P0001249
510,1761,1,1,1769;                                               0001759P0001250
190,1763,1765,1767;                                              0001761P0001251
116,-22.,-110.186979819,10.,0;                                   0001763P0001252
123,-1.110223025E-16,1.232595164E-32,1.;                         0001765P0001253
123,1.110223025E-16,1.,0.;                                       0001767P0001254
508,4,0,17,245,1,0,0,17,187,1,0,0,17,244,0,0,0,17,152,0,0;       0001769P0001255
510,1773,1,1,1781;                                               0001771P0001256
190,1775,1777,1779;                                              0001773P0001257
116,-22.,-110.994026797,9.917738528,0;                           0001775P0001258
123,-1.217080817E-16,-0.10140357,0.994845373;                    0001777P0001259
123,9.919196609E-17,0.994845373,0.10140357;                      0001779P0001260
508,4,0,17,218,1,0,0,17,191,1,0,0,17,245,0,0,0,17,156,0,0;       0001781P0001261
S      1G      4D   1782P   1261                                        T0000001
