ISO-10303-21;
HEADER;
FILE_DESCRIPTION(('Open CASCADE Model'),'2;1');
FILE_NAME('Open CASCADE Shape Model','2026-09-24T22:28:53',('Author'),(
    'Open CASCADE'),'Open CASCADE STEP processor 7.9','Open CASCADE 7.9'
  ,'Unknown');
FILE_SCHEMA(('AUTOMOTIVE_DESIGN { 1 0 10303 214 1 1 1 1 }'));
ENDSEC;
DATA;
#1 = APPLICATION_PROTOCOL_DEFINITION('international standard',
  'automotive_design',2000,#2);
#2 = APPLICATION_CONTEXT(
  'core data for automotive mechanical design processes');
#3 = SHAPE_DEFINITION_REPRESENTATION(#4,#10);
#4 = PRODUCT_DEFINITION_SHAPE('','',#5);
#5 = PRODUCT_DEFINITION('design','',#6,#9);
#6 = PRODUCT_DEFINITION_FORMATION('','',#7);
#7 = PRODUCT('Open CASCADE STEP translator 7.9 5',
  'Open CASCADE STEP translator 7.9 5','',(#8));
#8 = PRODUCT_CONTEXT('',#2,'mechanical');
#9 = PRODUCT_DEFINITION_CONTEXT('part definition',#2,'design');
#10 = ADVANCED_BREP_SHAPE_REPRESENTATION('',(#11,#15),#7477);
#11 = AXIS2_PLACEMENT_3D('',#12,#13,#14);
#12 = CARTESIAN_POINT('',(0.,0.,0.));
#13 = DIRECTION('',(0.,0.,1.));
#14 = DIRECTION('',(1.,0.,-0.));
#15 = MANIFOLD_SOLID_BREP('',#16);
#16 = CLOSED_SHELL('',(#17,#3525,#3560,#3590,#3780,#3970,#4160,#4350,
    #4540,#4730,#4920,#5110,#5300,#5490,#5680,#5870,#6060,#6250,#6440,
    #6630,#6820,#7010,#7200,#7390));
#17 = ADVANCED_FACE('',(#18,#105,#276,#447,#618,#789,#960,#1131,#1302,
    #1473,#1644,#1815,#1986,#2157,#2328,#2499,#2670,#2841,#3012,#3183,
    #3354),#32,.T.);
#18 = FACE_BOUND('',#19,.F.);
#19 = EDGE_LOOP('',(#20,#50,#77,#78));
#20 = ORIENTED_EDGE('',*,*,#21,.F.);
#21 = EDGE_CURVE('',#22,#24,#26,.T.);
#22 = VERTEX_POINT('',#23);
#23 = CARTESIAN_POINT('',(25.4,0.,-1.5E+03));
#24 = VERTEX_POINT('',#25);
#25 = CARTESIAN_POINT('',(25.4,0.,0.));
#26 = SEAM_CURVE('',#27,(#31,#43),.PCURVE_S1.);
#27 = LINE('',#28,#29);
#28 = CARTESIAN_POINT('',(25.4,0.,-1.5E+03));
#29 = VECTOR('',#30,1.);
#30 = DIRECTION('',(0.,0.,1.));
#31 = PCURVE('',#32,#37);
#32 = CYLINDRICAL_SURFACE('',#33,25.4);
#33 = AXIS2_PLACEMENT_3D('',#34,#35,#36);
#34 = CARTESIAN_POINT('',(0.,0.,-1.5E+03));
#35 = DIRECTION('',(-0.,-0.,-1.));
#36 = DIRECTION('',(1.,0.,0.));
#37 = DEFINITIONAL_REPRESENTATION('',(#38),#42);
#38 = LINE('',#39,#40);
#39 = CARTESIAN_POINT('',(-6.28318530718,0.));
#40 = VECTOR('',#41,1.);
#41 = DIRECTION('',(-0.,-1.));
#42 = ( GEOMETRIC_REPRESENTATION_CONTEXT(2) 
PARAMETRIC_REPRESENTATION_CONTEXT() REPRESENTATION_CONTEXT('2D SPACE',''
  ) );
#43 = PCURVE('',#32,#44);
#44 = DEFINITIONAL_REPRESENTATION('',(#45),#49);
#45 = LINE('',#46,#47);
#46 = CARTESIAN_POINT('',(-0.,0.));
#47 = VECTOR('',#48,1.);
#48 = DIRECTION('',(-0.,-1.));
#49 = ( GEOMETRIC_REPRESENTATION_CONTEXT(2) 
PARAMETRIC_REPRESENTATION_CONTEXT() REPRESENTATION_CONTEXT('2D SPACE',''
  ) );
#50 = ORIENTED_EDGE('',*,*,#51,.F.);
#51 = EDGE_CURVE('',#22,#22,#52,.T.);
#52 = SURFACE_CURVE('',#53,(#58,#65),.PCURVE_S1.);
#53 = CIRCLE('',#54,25.4);
#54 = AXIS2_PLACEMENT_3D('',#55,#56,#57);
#55 = CARTESIAN_POINT('',(0.,0.,-1.5E+03));
#56 = DIRECTION('',(0.,0.,1.));
#57 = DIRECTION('',(1.,0.,0.));
#58 = PCURVE('',#32,#59);
#59 = DEFINITIONAL_REPRESENTATION('',(#60),#64);
#60 = LINE('',#61,#62);
#61 = CARTESIAN_POINT('',(-0.,0.));
#62 = VECTOR('',#63,1.);
#63 = DIRECTION('',(-1.,0.));
#64 = ( GEOMETRIC_REPRESENTATION_CONTEXT(2) 
PARAMETRIC_REPRESENTATION_CONTEXT() REPRESENTATION_CONTEXT('2D SPACE',''
  ) );
#65 = PCURVE('',#66,#71);
#66 = PLANE('',#67);
#67 = AXIS2_PLACEMENT_3D('',#68,#69,#70);
#68 = CARTESIAN_POINT('',(0.,2.408650820916E-15,-1.5E+03));
#69 = DIRECTION('',(0.,0.,1.));
#70 = DIRECTION('',(1.,0.,-0.));
#71 = DEFINITIONAL_REPRESENTATION('',(#72),#76);
#72 = CIRCLE('',#73,25.4);
#73 = AXIS2_PLACEMENT_2D('',#74,#75);
#74 = CARTESIAN_POINT('',(0.,-2.408650820916E-15));
#75 = DIRECTION('',(1.,0.));
#76 = ( GEOMETRIC_REPRESENTATION_CONTEXT(2) 
PARAMETRIC_REPRESENTATION_CONTEXT() REPRESENTATION_CONTEXT('2D SPACE',''
  ) );
#77 = ORIENTED_EDGE('',*,*,#21,.T.);
#78 = ORIENTED_EDGE('',*,*,#79,.T.);
#79 = EDGE_CURVE('',#24,#24,#80,.T.);
#80 = SURFACE_CURVE('',#81,(#86,#93),.PCURVE_S1.);
#81 = CIRCLE('',#82,25.4);
#82 = AXIS2_PLACEMENT_3D('',#83,#84,#85);
#83 = CARTESIAN_POINT('',(0.,0.,0.));
#84 = DIRECTION('',(0.,0.,1.));
#85 = DIRECTION('',(1.,0.,0.));
#86 = PCURVE('',#32,#87);
#87 = DEFINITIONAL_REPRESENTATION('',(#88),#92);
#88 = LINE('',#89,#90);
#89 = CARTESIAN_POINT('',(-0.,-1.5E+03));
#90 = VECTOR('',#91,1.);
#91 = DIRECTION('',(-1.,0.));
#92 = ( GEOMETRIC_REPRESENTATION_CONTEXT(2) 
PARAMETRIC_REPRESENTATION_CONTEXT() REPRESENTATION_CONTEXT('2D SPACE',''
  ) );
#93 = PCURVE('',#94,#99);
#94 = PLANE('',#95);
#95 = AXIS2_PLACEMENT_3D('',#96,#97,#98);
#96 = CARTESIAN_POINT('',(0.,2.408650820916E-15,0.));
#97 = DIRECTION('',(0.,0.,1.));
#98 = DIRECTION('',(1.,0.,-0.));
#99 = DEFINITIONAL_REPRESENTATION('',(#100),#104);
#100 = CIRCLE('',#101,25.4);
#101 = AXIS2_PLACEMENT_2D('',#102,#103);
#102 = CARTESIAN_POINT('',(0.,-2.408650820916E-15));
#103 = DIRECTION('',(1.,0.));
#104 = ( GEOMETRIC_REPRESENTATION_CONTEXT(2) 
PARAMETRIC_REPRESENTATION_CONTEXT() REPRESENTATION_CONTEXT('2D SPACE',''
  ) );
#105 = FACE_BOUND('',#106,.F.);
#106 = EDGE_LOOP('',(#107));
#107 = ORIENTED_EDGE('',*,*,#108,.F.);
#108 = EDGE_CURVE('',#109,#109,#111,.T.);
#109 = VERTEX_POINT('',#110);
#110 = CARTESIAN_POINT('',(4.95,24.912998615181,-75.));
#111 = SURFACE_CURVE('',#112,(#163,#217),.PCURVE_S1.);
#112 = B_SPLINE_CURVE_WITH_KNOTS('',7,(#113,#114,#115,#116,#117,#118,
    #119,#120,#121,#122,#123,#124,#125,#126,#127,#128,#129,#130,#131,
    #132,#133,#134,#135,#136,#137,#138,#139,#140,#141,#142,#143,#144,
    #145,#146,#147,#148,#149,#150,#151,#152,#153,#154,#155,#156,#157,
    #158,#159,#160,#161,#162),.UNSPECIFIED.,.T.,.F.,(8,6,6,6,6,6,6,6,8),
  (0.,0.135658879361,0.252998198318,0.365968825099,0.501055889663,
    0.636143013213,0.752987787046,0.865482281241,1.),.UNSPECIFIED.);
#113 = CARTESIAN_POINT('',(4.95,24.912998615181,-75.));
#114 = CARTESIAN_POINT('',(4.95,24.912998615181,-74.48323731576));
#115 = CARTESIAN_POINT('',(4.887060147745,24.925504030209,
    -73.96734989468));
#116 = CARTESIAN_POINT('',(4.761566454319,24.950439509349,
    -73.45649699973));
#117 = CARTESIAN_POINT('',(4.571889757981,24.987083196109,
    -72.95515959724));
#118 = CARTESIAN_POINT('',(4.314974840921,25.034002561108,
    -72.46945355458));
#119 = CARTESIAN_POINT('',(3.986604879489,25.088515507824,
    -72.00793921002));
#120 = CARTESIAN_POINT('',(3.232935202477,25.195888432931,
    -71.21751320131));
#121 = CARTESIAN_POINT('',(2.815934727618,25.249512545274,
    -70.86780616458));
#122 = CARTESIAN_POINT('',(2.332399075996,25.302866653894,
    -70.55733509289));
#123 = CARTESIAN_POINT('',(1.788623415407,25.35006828397,-70.3055110385)
  );
#124 = CARTESIAN_POINT('',(1.195519365406,25.384657329264,
    -70.12875716457));
#125 = CARTESIAN_POINT('',(0.567319469029,25.401875571852,
    -70.04037465024));
#126 = CARTESIAN_POINT('',(-0.700346470536,25.397955943956,
    -70.06048992415));
#127 = CARTESIAN_POINT('',(-1.301130967386,25.378338077636,
    -70.1611866799));
#128 = CARTESIAN_POINT('',(-1.86610592446,25.34323125732,-70.34214442134
    ));
#129 = CARTESIAN_POINT('',(-2.383550102971,25.297158985162,
    -70.59076077529));
#130 = CARTESIAN_POINT('',(-2.844679728485,25.245794892047,
    -70.89223681089));
#131 = CARTESIAN_POINT('',(-3.244528937639,25.194236710307,
    -71.22967236081));
#132 = CARTESIAN_POINT('',(-3.986599935074,25.088516212239,
    -72.00793402447));
#133 = CARTESIAN_POINT('',(-4.314975683353,25.034002622616,
    -72.46945159146));
#134 = CARTESIAN_POINT('',(-4.571892540456,24.987082603684,
    -72.95516373853));
#135 = CARTESIAN_POINT('',(-4.761568520802,24.950439119748,
    -73.45650351604));
#136 = CARTESIAN_POINT('',(-4.887060203805,24.925504013884,
    -73.96735472407));
#137 = CARTESIAN_POINT('',(-4.95,24.912998615181,-74.4832375414));
#138 = CARTESIAN_POINT('',(-4.95,24.912998615181,-75.51676268423));
#139 = CARTESIAN_POINT('',(-4.887060147745,24.925504030209,
    -76.03265010532));
#140 = CARTESIAN_POINT('',(-4.76156645432,24.950439509349,
    -76.54350300026));
#141 = CARTESIAN_POINT('',(-4.571889757981,24.987083196109,
    -77.04484040275));
#142 = CARTESIAN_POINT('',(-4.314974840921,25.034002561108,
    -77.53054644541));
#143 = CARTESIAN_POINT('',(-3.986604879489,25.088515507824,
    -77.99206078997));
#144 = CARTESIAN_POINT('',(-3.232935202477,25.195888432931,
    -78.78248679868));
#145 = CARTESIAN_POINT('',(-2.815934727617,25.249512545274,
    -79.13219383541));
#146 = CARTESIAN_POINT('',(-2.332399075997,25.302866653894,
    -79.4426649071));
#147 = CARTESIAN_POINT('',(-1.788623415406,25.35006828397,
    -79.69448896149));
#148 = CARTESIAN_POINT('',(-1.195519365407,25.384657329264,
    -79.87124283542));
#149 = CARTESIAN_POINT('',(-0.567319469029,25.401875571852,
    -79.95962534975));
#150 = CARTESIAN_POINT('',(0.700346470509,25.397955943956,
    -79.93951007585));
#151 = CARTESIAN_POINT('',(1.301130967412,25.378338077638,-79.8388133201
    ));
#152 = CARTESIAN_POINT('',(1.866105924482,25.343231257315,
    -79.65785557863));
#153 = CARTESIAN_POINT('',(2.383550102948,25.297158985163,-79.4092392247
    ));
#154 = CARTESIAN_POINT('',(2.844679728466,25.24579489205,-79.10776318912
    ));
#155 = CARTESIAN_POINT('',(3.244528937658,25.194236710304,
    -78.77032763916));
#156 = CARTESIAN_POINT('',(3.986599935074,25.088516212239,
    -77.99206597552));
#157 = CARTESIAN_POINT('',(4.314975683353,25.034002622616,
    -77.53054840853));
#158 = CARTESIAN_POINT('',(4.571892540457,24.987082603684,
    -77.04483626146));
#159 = CARTESIAN_POINT('',(4.761568520801,24.950439119748,
    -76.54349648395));
#160 = CARTESIAN_POINT('',(4.887060203805,24.925504013884,
    -76.03264527592));
#161 = CARTESIAN_POINT('',(4.95,24.912998615181,-75.51676245859));
#162 = CARTESIAN_POINT('',(4.95,24.912998615181,-75.));
#163 = PCURVE('',#32,#164);
#164 = DEFINITIONAL_REPRESENTATION('',(#165),#216);
#165 = B_SPLINE_CURVE_WITH_KNOTS('',7,(#166,#167,#168,#169,#170,#171,
    #172,#173,#174,#175,#176,#177,#178,#179,#180,#181,#182,#183,#184,
    #185,#186,#187,#188,#189,#190,#191,#192,#193,#194,#195,#196,#197,
    #198,#199,#200,#201,#202,#203,#204,#205,#206,#207,#208,#209,#210,
    #211,#212,#213,#214,#215),.UNSPECIFIED.,.T.,.F.,(8,6,6,6,6,6,6,6,8),
  (0.,0.135658879361,0.252998198318,0.365968825099,0.501055889663,
    0.636143013213,0.752987787046,0.865482281241,1.),.UNSPECIFIED.);
#166 = CARTESIAN_POINT('',(-1.374659297137,-1.425E+03));
#167 = CARTESIAN_POINT('',(-1.374659297137,-1.425516762684E+03));
#168 = CARTESIAN_POINT('',(-1.37718567883,-1.426032650105E+03));
#169 = CARTESIAN_POINT('',(-1.382222980216,-1.426543503E+03));
#170 = CARTESIAN_POINT('',(-1.389828486826,-1.427044840403E+03));
#171 = CARTESIAN_POINT('',(-1.400109439424,-1.427530546445E+03));
#172 = CARTESIAN_POINT('',(-1.41321086186,-1.42799206079E+03));
#173 = CARTESIAN_POINT('',(-1.443182507353,-1.428782486799E+03));
#174 = CARTESIAN_POINT('',(-1.459733479974,-1.429132193835E+03));
#175 = CARTESIAN_POINT('',(-1.47888077764,-1.429442664907E+03));
#176 = CARTESIAN_POINT('',(-1.500357766439,-1.429694488961E+03));
#177 = CARTESIAN_POINT('',(-1.523730706988,-1.429871242835E+03));
#178 = CARTESIAN_POINT('',(-1.548460798006,-1.42995962535E+03));
#179 = CARTESIAN_POINT('',(-1.598369144436,-1.429939510076E+03));
#180 = CARTESIAN_POINT('',(-1.622024367751,-1.42983881332E+03));
#181 = CARTESIAN_POINT('',(-1.644295522163,-1.429657855579E+03));
#182 = CARTESIAN_POINT('',(-1.664737719189,-1.429409239225E+03));
#183 = CARTESIAN_POINT('',(-1.683000188263,-1.429107763189E+03));
#184 = CARTESIAN_POINT('',(-1.698871201432,-1.428770327639E+03));
#185 = CARTESIAN_POINT('',(-1.728381595103,-1.427992065976E+03));
#186 = CARTESIAN_POINT('',(-1.741483246621,-1.427530548409E+03));
#187 = CARTESIAN_POINT('',(-1.751764278458,-1.427044836261E+03));
#188 = CARTESIAN_POINT('',(-1.759369756314,-1.426543496484E+03));
#189 = CARTESIAN_POINT('',(-1.764406977009,-1.426032645276E+03));
#190 = CARTESIAN_POINT('',(-1.766933356453,-1.425516762459E+03));
#191 = CARTESIAN_POINT('',(-1.766933356453,-1.424483237316E+03));
#192 = CARTESIAN_POINT('',(-1.76440697476,-1.423967349895E+03));
#193 = CARTESIAN_POINT('',(-1.759369673374,-1.423456497E+03));
#194 = CARTESIAN_POINT('',(-1.751764166764,-1.422955159597E+03));
#195 = CARTESIAN_POINT('',(-1.741483214165,-1.422469453555E+03));
#196 = CARTESIAN_POINT('',(-1.72838179173,-1.42200793921E+03));
#197 = CARTESIAN_POINT('',(-1.698410146237,-1.421217513201E+03));
#198 = CARTESIAN_POINT('',(-1.681859173616,-1.420867806165E+03));
#199 = CARTESIAN_POINT('',(-1.66271187595,-1.420557335093E+03));
#200 = CARTESIAN_POINT('',(-1.64123488715,-1.420305511039E+03));
#201 = CARTESIAN_POINT('',(-1.617861946602,-1.420128757165E+03));
#202 = CARTESIAN_POINT('',(-1.593131855583,-1.42004037465E+03));
#203 = CARTESIAN_POINT('',(-1.543223509155,-1.420060489924E+03));
#204 = CARTESIAN_POINT('',(-1.519568285838,-1.42016118668E+03));
#205 = CARTESIAN_POINT('',(-1.497297131426,-1.420342144421E+03));
#206 = CARTESIAN_POINT('',(-1.476854934402,-1.420590760775E+03));
#207 = CARTESIAN_POINT('',(-1.458592465328,-1.420892236811E+03));
#208 = CARTESIAN_POINT('',(-1.442721452157,-1.421229672361E+03));
#209 = CARTESIAN_POINT('',(-1.413211058487,-1.422007934024E+03));
#210 = CARTESIAN_POINT('',(-1.400109406969,-1.422469451591E+03));
#211 = CARTESIAN_POINT('',(-1.389828375132,-1.422955163739E+03));
#212 = CARTESIAN_POINT('',(-1.382222897276,-1.423456503516E+03));
#213 = CARTESIAN_POINT('',(-1.37718567658,-1.423967354724E+03));
#214 = CARTESIAN_POINT('',(-1.374659297137,-1.424483237541E+03));
#215 = CARTESIAN_POINT('',(-1.374659297137,-1.425E+03));
#216 = ( GEOMETRIC_REPRESENTATION_CONTEXT(2) 
PARAMETRIC_REPRESENTATION_CONTEXT() REPRESENTATION_CONTEXT('2D SPACE',''
  ) );
#217 = PCURVE('',#218,#223);
#218 = CYLINDRICAL_SURFACE('',#219,4.95);
#219 = AXIS2_PLACEMENT_3D('',#220,#221,#222);
#220 = CARTESIAN_POINT('',(0.,0.,-75.));
#221 = DIRECTION('',(0.,-1.,0.));
#222 = DIRECTION('',(1.,0.,0.));
#223 = DEFINITIONAL_REPRESENTATION('',(#224),#275);
#224 = B_SPLINE_CURVE_WITH_KNOTS('',7,(#225,#226,#227,#228,#229,#230,
    #231,#232,#233,#234,#235,#236,#237,#238,#239,#240,#241,#242,#243,
    #244,#245,#246,#247,#248,#249,#250,#251,#252,#253,#254,#255,#256,
    #257,#258,#259,#260,#261,#262,#263,#264,#265,#266,#267,#268,#269,
    #270,#271,#272,#273,#274),.UNSPECIFIED.,.F.,.F.,(8,6,6,6,6,6,6,6,8),
  (0.,0.135658879361,0.252998198318,0.365968825099,0.501055889663,
    0.636143013213,0.752987787046,0.865482281241,1.),.UNSPECIFIED.);
#225 = CARTESIAN_POINT('',(0.,-24.91299861518));
#226 = CARTESIAN_POINT('',(0.104396501867,-24.91299861518));
#227 = CARTESIAN_POINT('',(0.208615957226,-24.9255040302));
#228 = CARTESIAN_POINT('',(0.313678032176,-24.95043950934));
#229 = CARTESIAN_POINT('',(0.420502581531,-24.9870831961));
#230 = CARTESIAN_POINT('',(0.530036046686,-25.0340025611));
#231 = CARTESIAN_POINT('',(0.643291932865,-25.08851550782));
#232 = CARTESIAN_POINT('',(0.863928262725,-25.19588843293));
#233 = CARTESIAN_POINT('',(0.973192726427,-25.24951254527));
#234 = CARTESIAN_POINT('',(1.087745041745,-25.30286665389));
#235 = CARTESIAN_POINT('',(1.206693832427,-25.35006828397));
#236 = CARTESIAN_POINT('',(1.329560838444,-25.38465732926));
#237 = CARTESIAN_POINT('',(1.456170573401,-25.40187557185));
#238 = CARTESIAN_POINT('',(1.712296941828,-25.39795594395));
#239 = CARTESIAN_POINT('',(1.83397504527,-25.37833807763));
#240 = CARTESIAN_POINT('',(1.951915739957,-25.34323125732));
#241 = CARTESIAN_POINT('',(2.066033554391,-25.29715898516));
#242 = CARTESIAN_POINT('',(2.175979366414,-25.24579489204));
#243 = CARTESIAN_POINT('',(2.281058449633,-25.1942367103));
#244 = CARTESIAN_POINT('',(2.49829927325,-25.08851621223));
#245 = CARTESIAN_POINT('',(2.611556431239,-25.03400262261));
#246 = CARTESIAN_POINT('',(2.721090995125,-24.98708260368));
#247 = CARTESIAN_POINT('',(2.827915967755,-24.95043911974));
#248 = CARTESIAN_POINT('',(2.932977665393,-24.92550401388));
#249 = CARTESIAN_POINT('',(3.037196197308,-24.91299861518));
#250 = CARTESIAN_POINT('',(3.245989155456,-24.91299861518));
#251 = CARTESIAN_POINT('',(3.350208610816,-24.9255040302));
#252 = CARTESIAN_POINT('',(3.455270685765,-24.95043950934));
#253 = CARTESIAN_POINT('',(3.562095235121,-24.9870831961));
#254 = CARTESIAN_POINT('',(3.671628700276,-25.0340025611));
#255 = CARTESIAN_POINT('',(3.784884586455,-25.08851550782));
#256 = CARTESIAN_POINT('',(4.005520916314,-25.19588843293));
#257 = CARTESIAN_POINT('',(4.114785380017,-25.24951254527));
#258 = CARTESIAN_POINT('',(4.229337695334,-25.30286665389));
#259 = CARTESIAN_POINT('',(4.348286486017,-25.35006828397));
#260 = CARTESIAN_POINT('',(4.471153492034,-25.38465732926));
#261 = CARTESIAN_POINT('',(4.59776322699,-25.40187557185));
#262 = CARTESIAN_POINT('',(4.853889595412,-25.39795594395));
#263 = CARTESIAN_POINT('',(4.975567698865,-25.37833807763));
#264 = CARTESIAN_POINT('',(5.09350839355,-25.34323125731));
#265 = CARTESIAN_POINT('',(5.207626207979,-25.29715898516));
#266 = CARTESIAN_POINT('',(5.317572019997,-25.24579489205));
#267 = CARTESIAN_POINT('',(5.422651103229,-25.1942367103));
#268 = CARTESIAN_POINT('',(5.63989192684,-25.08851621223));
#269 = CARTESIAN_POINT('',(5.753149084828,-25.03400262261));
#270 = CARTESIAN_POINT('',(5.862683648715,-24.98708260368));
#271 = CARTESIAN_POINT('',(5.969508621344,-24.95043911974));
#272 = CARTESIAN_POINT('',(6.074570318983,-24.92550401388));
#273 = CARTESIAN_POINT('',(6.178788850897,-24.91299861518));
#274 = CARTESIAN_POINT('',(6.28318530718,-24.91299861518));
#275 = ( GEOMETRIC_REPRESENTATION_CONTEXT(2) 
PARAMETRIC_REPRESENTATION_CONTEXT() REPRESENTATION_CONTEXT('2D SPACE',''
  ) );
#276 = FACE_BOUND('',#277,.F.);
#277 = EDGE_LOOP('',(#278));
#278 = ORIENTED_EDGE('',*,*,#279,.F.);
#279 = EDGE_CURVE('',#280,#280,#282,.T.);
#280 = VERTEX_POINT('',#281);
#281 = CARTESIAN_POINT('',(4.95,24.912998615181,-225.));
#282 = SURFACE_CURVE('',#283,(#334,#388),.PCURVE_S1.);
#283 = B_SPLINE_CURVE_WITH_KNOTS('',7,(#284,#285,#286,#287,#288,#289,
    #290,#291,#292,#293,#294,#295,#296,#297,#298,#299,#300,#301,#302,
    #303,#304,#305,#306,#307,#308,#309,#310,#311,#312,#313,#314,#315,
    #316,#317,#318,#319,#320,#321,#322,#323,#324,#325,#326,#327,#328,
    #329,#330,#331,#332,#333),.UNSPECIFIED.,.T.,.F.,(8,6,6,6,6,6,6,6,8),
  (0.,0.135658878034,0.252998197148,0.365968824075,0.501055888822,
    0.636143011083,0.7529877851,0.865482279473,1.),.UNSPECIFIED.);
#284 = CARTESIAN_POINT('',(4.95,24.912998615181,-225.));
#285 = CARTESIAN_POINT('',(4.95,24.912998615181,-224.4832373213));
#286 = CARTESIAN_POINT('',(4.887060143662,24.925504030839,
    -223.9673498731));
#287 = CARTESIAN_POINT('',(4.761566467593,24.950439507323,
    -223.4564970376));
#288 = CARTESIAN_POINT('',(4.571889739199,24.987083198927,
    -222.9551595604));
#289 = CARTESIAN_POINT('',(4.314974854558,25.034002559108,
    -222.4694535741));
#290 = CARTESIAN_POINT('',(3.986604874995,25.088515508464,
    -222.0079392053));
#291 = CARTESIAN_POINT('',(3.232935202477,25.195888432931,
    -221.2175132013));
#292 = CARTESIAN_POINT('',(2.815934727618,25.249512545274,
    -220.8678061645));
#293 = CARTESIAN_POINT('',(2.332399075996,25.302866653894,
    -220.5573350928));
#294 = CARTESIAN_POINT('',(1.788623415406,25.35006828397,-220.3055110385
    ));
#295 = CARTESIAN_POINT('',(1.195519365407,25.384657329264,
    -220.1287571645));
#296 = CARTESIAN_POINT('',(0.567319469029,25.401875571852,
    -220.0403746502));
#297 = CARTESIAN_POINT('',(-0.70034647051,25.397955943956,
    -220.0604899241));
#298 = CARTESIAN_POINT('',(-1.30113096741,25.378338077638,
    -220.1611866798));
#299 = CARTESIAN_POINT('',(-1.866105924483,25.343231257315,
    -220.3421444213));
#300 = CARTESIAN_POINT('',(-2.383550102948,25.297158985163,
    -220.5907607752));
#301 = CARTESIAN_POINT('',(-2.844679728466,25.245794892051,
    -220.8922368108));
#302 = CARTESIAN_POINT('',(-3.244528937658,25.194236710304,
    -221.2296723608));
#303 = CARTESIAN_POINT('',(-3.986599935074,25.088516212239,
    -222.0079340244));
#304 = CARTESIAN_POINT('',(-4.314975683353,25.034002622616,
    -222.4694515914));
#305 = CARTESIAN_POINT('',(-4.571892540456,24.987082603684,
    -222.9551637385));
#306 = CARTESIAN_POINT('',(-4.761568520802,24.950439119748,
    -223.456503516));
#307 = CARTESIAN_POINT('',(-4.887060203805,24.925504013884,
    -223.967354724));
#308 = CARTESIAN_POINT('',(-4.95,24.912998615181,-224.4832375414));
#309 = CARTESIAN_POINT('',(-4.95,24.912998615181,-225.5167626786));
#310 = CARTESIAN_POINT('',(-4.887060143662,24.925504030839,
    -226.0326501268));
#311 = CARTESIAN_POINT('',(-4.761566467592,24.950439507323,
    -226.5435029623));
#312 = CARTESIAN_POINT('',(-4.571889739201,24.987083198927,
    -227.0448404395));
#313 = CARTESIAN_POINT('',(-4.314974854556,25.034002559108,
    -227.5305464258));
#314 = CARTESIAN_POINT('',(-3.986604874996,25.088515508464,
    -227.9920607946));
#315 = CARTESIAN_POINT('',(-3.232935202477,25.195888432931,
    -228.7824867986));
#316 = CARTESIAN_POINT('',(-2.815934727618,25.249512545274,
    -229.1321938354));
#317 = CARTESIAN_POINT('',(-2.332399075996,25.302866653894,
    -229.4426649071));
#318 = CARTESIAN_POINT('',(-1.788623415407,25.35006828397,
    -229.6944889614));
#319 = CARTESIAN_POINT('',(-1.195519365406,25.384657329264,
    -229.8712428354));
#320 = CARTESIAN_POINT('',(-0.567319469029,25.401875571852,
    -229.9596253497));
#321 = CARTESIAN_POINT('',(0.70034647051,25.397955943956,-229.9395100758
    ));
#322 = CARTESIAN_POINT('',(1.30113096741,25.378338077638,-229.8388133201
    ));
#323 = CARTESIAN_POINT('',(1.866105924484,25.343231257315,
    -229.6578555786));
#324 = CARTESIAN_POINT('',(2.383550102947,25.297158985163,
    -229.4092392247));
#325 = CARTESIAN_POINT('',(2.844679728466,25.245794892051,
    -229.1077631891));
#326 = CARTESIAN_POINT('',(3.244528937658,25.194236710304,
    -228.7703276391));
#327 = CARTESIAN_POINT('',(3.986599939746,25.088516211573,
    -227.9920659706));
#328 = CARTESIAN_POINT('',(4.314975669175,25.034002624696,
    -227.5305484286));
#329 = CARTESIAN_POINT('',(4.571892559959,24.987082600756,
    -227.0448362241));
#330 = CARTESIAN_POINT('',(4.761568507052,24.950439121848,
    -226.5434965216));
#331 = CARTESIAN_POINT('',(4.88706020802,24.925504013233,-226.0326452551
    ));
#332 = CARTESIAN_POINT('',(4.95,24.912998615181,-225.5167624637));
#333 = CARTESIAN_POINT('',(4.95,24.912998615181,-225.));
#334 = PCURVE('',#32,#335);
#335 = DEFINITIONAL_REPRESENTATION('',(#336),#387);
#336 = B_SPLINE_CURVE_WITH_KNOTS('',7,(#337,#338,#339,#340,#341,#342,
    #343,#344,#345,#346,#347,#348,#349,#350,#351,#352,#353,#354,#355,
    #356,#357,#358,#359,#360,#361,#362,#363,#364,#365,#366,#367,#368,
    #369,#370,#371,#372,#373,#374,#375,#376,#377,#378,#379,#380,#381,
    #382,#383,#384,#385,#386),.UNSPECIFIED.,.T.,.F.,(8,6,6,6,6,6,6,6,8),
  (0.,0.135658878034,0.252998197148,0.365968824075,0.501055888822,
    0.636143011083,0.7529877851,0.865482279473,1.),.UNSPECIFIED.);
#337 = CARTESIAN_POINT('',(-1.374659297137,-1.275E+03));
#338 = CARTESIAN_POINT('',(-1.374659297137,-1.275516762679E+03));
#339 = CARTESIAN_POINT('',(-1.377185678993,-1.276032650127E+03));
#340 = CARTESIAN_POINT('',(-1.382222979688,-1.276543502962E+03));
#341 = CARTESIAN_POINT('',(-1.389828487573,-1.27704484044E+03));
#342 = CARTESIAN_POINT('',(-1.400109438882,-1.277530546426E+03));
#343 = CARTESIAN_POINT('',(-1.413210862038,-1.277992060795E+03));
#344 = CARTESIAN_POINT('',(-1.443182507353,-1.278782486799E+03));
#345 = CARTESIAN_POINT('',(-1.459733479974,-1.279132193835E+03));
#346 = CARTESIAN_POINT('',(-1.478880777639,-1.279442664907E+03));
#347 = CARTESIAN_POINT('',(-1.500357766439,-1.279694488961E+03));
#348 = CARTESIAN_POINT('',(-1.523730706988,-1.279871242835E+03));
#349 = CARTESIAN_POINT('',(-1.548460798006,-1.27995962535E+03));
#350 = CARTESIAN_POINT('',(-1.598369144435,-1.279939510076E+03));
#351 = CARTESIAN_POINT('',(-1.622024367752,-1.27983881332E+03));
#352 = CARTESIAN_POINT('',(-1.644295522164,-1.279657855579E+03));
#353 = CARTESIAN_POINT('',(-1.664737719188,-1.279409239225E+03));
#354 = CARTESIAN_POINT('',(-1.683000188262,-1.279107763189E+03));
#355 = CARTESIAN_POINT('',(-1.698871201433,-1.278770327639E+03));
#356 = CARTESIAN_POINT('',(-1.728381595103,-1.277992065976E+03));
#357 = CARTESIAN_POINT('',(-1.741483246621,-1.277530548409E+03));
#358 = CARTESIAN_POINT('',(-1.751764278458,-1.277044836261E+03));
#359 = CARTESIAN_POINT('',(-1.759369756314,-1.276543496484E+03));
#360 = CARTESIAN_POINT('',(-1.764406977009,-1.276032645276E+03));
#361 = CARTESIAN_POINT('',(-1.766933356453,-1.275516762459E+03));
#362 = CARTESIAN_POINT('',(-1.766933356453,-1.274483237321E+03));
#363 = CARTESIAN_POINT('',(-1.764406974597,-1.273967349873E+03));
#364 = CARTESIAN_POINT('',(-1.759369673902,-1.273456497038E+03));
#365 = CARTESIAN_POINT('',(-1.751764166016,-1.27295515956E+03));
#366 = CARTESIAN_POINT('',(-1.741483214708,-1.272469453574E+03));
#367 = CARTESIAN_POINT('',(-1.728381791551,-1.272007939205E+03));
#368 = CARTESIAN_POINT('',(-1.698410146237,-1.271217513201E+03));
#369 = CARTESIAN_POINT('',(-1.681859173616,-1.270867806165E+03));
#370 = CARTESIAN_POINT('',(-1.66271187595,-1.270557335093E+03));
#371 = CARTESIAN_POINT('',(-1.64123488715,-1.270305511039E+03));
#372 = CARTESIAN_POINT('',(-1.617861946602,-1.270128757165E+03));
#373 = CARTESIAN_POINT('',(-1.593131855583,-1.27004037465E+03));
#374 = CARTESIAN_POINT('',(-1.543223509155,-1.270060489924E+03));
#375 = CARTESIAN_POINT('',(-1.519568285838,-1.27016118668E+03));
#376 = CARTESIAN_POINT('',(-1.497297131426,-1.270342144421E+03));
#377 = CARTESIAN_POINT('',(-1.476854934402,-1.270590760775E+03));
#378 = CARTESIAN_POINT('',(-1.458592465328,-1.270892236811E+03));
#379 = CARTESIAN_POINT('',(-1.442721452157,-1.271229672361E+03));
#380 = CARTESIAN_POINT('',(-1.413211058301,-1.272007934029E+03));
#381 = CARTESIAN_POINT('',(-1.400109407533,-1.272469451571E+03));
#382 = CARTESIAN_POINT('',(-1.389828374355,-1.272955163776E+03));
#383 = CARTESIAN_POINT('',(-1.382222897824,-1.273456503478E+03));
#384 = CARTESIAN_POINT('',(-1.377185676413,-1.273967354745E+03));
#385 = CARTESIAN_POINT('',(-1.374659297137,-1.274483237536E+03));
#386 = CARTESIAN_POINT('',(-1.374659297137,-1.275E+03));
#387 = ( GEOMETRIC_REPRESENTATION_CONTEXT(2) 
PARAMETRIC_REPRESENTATION_CONTEXT() REPRESENTATION_CONTEXT('2D SPACE',''
  ) );
#388 = PCURVE('',#389,#394);
#389 = CYLINDRICAL_SURFACE('',#390,4.95);
#390 = AXIS2_PLACEMENT_3D('',#391,#392,#393);
#391 = CARTESIAN_POINT('',(0.,0.,-225.));
#392 = DIRECTION('',(0.,-1.,0.));
#393 = DIRECTION('',(1.,0.,0.));
#394 = DEFINITIONAL_REPRESENTATION('',(#395),#446);
#395 = B_SPLINE_CURVE_WITH_KNOTS('',7,(#396,#397,#398,#399,#400,#401,
    #402,#403,#404,#405,#406,#407,#408,#409,#410,#411,#412,#413,#414,
    #415,#416,#417,#418,#419,#420,#421,#422,#423,#424,#425,#426,#427,
    #428,#429,#430,#431,#432,#433,#434,#435,#436,#437,#438,#439,#440,
    #441,#442,#443,#444,#445),.UNSPECIFIED.,.F.,.F.,(8,6,6,6,6,6,6,6,8),
  (0.,0.135658878034,0.252998197148,0.365968824075,0.501055888822,
    0.636143011083,0.7529877851,0.865482279473,1.),.UNSPECIFIED.);
#396 = CARTESIAN_POINT('',(0.,-24.91299861518));
#397 = CARTESIAN_POINT('',(0.10439650073,-24.91299861518));
#398 = CARTESIAN_POINT('',(0.208615961848,-24.92550403083));
#399 = CARTESIAN_POINT('',(0.31367802359,-24.95043950732));
#400 = CARTESIAN_POINT('',(0.42050259034,-24.98708319892));
#401 = CARTESIAN_POINT('',(0.53003604168,-25.0340025591));
#402 = CARTESIAN_POINT('',(0.643291934181,-25.08851550846));
#403 = CARTESIAN_POINT('',(0.863928262725,-25.19588843293));
#404 = CARTESIAN_POINT('',(0.973192726427,-25.24951254527));
#405 = CARTESIAN_POINT('',(1.087745041745,-25.30286665389));
#406 = CARTESIAN_POINT('',(1.206693832427,-25.35006828397));
#407 = CARTESIAN_POINT('',(1.329560838444,-25.38465732926));
#408 = CARTESIAN_POINT('',(1.456170573401,-25.40187557185));
#409 = CARTESIAN_POINT('',(1.712296941822,-25.39795594395));
#410 = CARTESIAN_POINT('',(1.833975045275,-25.37833807763));
#411 = CARTESIAN_POINT('',(1.951915739961,-25.34323125731));
#412 = CARTESIAN_POINT('',(2.066033554389,-25.29715898516));
#413 = CARTESIAN_POINT('',(2.175979366407,-25.24579489205));
#414 = CARTESIAN_POINT('',(2.281058449639,-25.1942367103));
#415 = CARTESIAN_POINT('',(2.49829927325,-25.08851621223));
#416 = CARTESIAN_POINT('',(2.611556431239,-25.03400262261));
#417 = CARTESIAN_POINT('',(2.721090995125,-24.98708260368));
#418 = CARTESIAN_POINT('',(2.827915967755,-24.95043911974));
#419 = CARTESIAN_POINT('',(2.932977665393,-24.92550401388));
#420 = CARTESIAN_POINT('',(3.037196197308,-24.91299861518));
#421 = CARTESIAN_POINT('',(3.245989154319,-24.91299861518));
#422 = CARTESIAN_POINT('',(3.350208615438,-24.92550403083));
#423 = CARTESIAN_POINT('',(3.45527067718,-24.95043950732));
#424 = CARTESIAN_POINT('',(3.562095243929,-24.98708319892));
#425 = CARTESIAN_POINT('',(3.67162869527,-25.0340025591));
#426 = CARTESIAN_POINT('',(3.78488458777,-25.08851550846));
#427 = CARTESIAN_POINT('',(4.005520916314,-25.19588843293));
#428 = CARTESIAN_POINT('',(4.114785380017,-25.24951254527));
#429 = CARTESIAN_POINT('',(4.229337695335,-25.30286665389));
#430 = CARTESIAN_POINT('',(4.348286486017,-25.35006828397));
#431 = CARTESIAN_POINT('',(4.471153492034,-25.38465732926));
#432 = CARTESIAN_POINT('',(4.59776322699,-25.40187557185));
#433 = CARTESIAN_POINT('',(4.853889595412,-25.39795594395));
#434 = CARTESIAN_POINT('',(4.975567698865,-25.37833807763));
#435 = CARTESIAN_POINT('',(5.093508393551,-25.34323125731));
#436 = CARTESIAN_POINT('',(5.207626207978,-25.29715898516));
#437 = CARTESIAN_POINT('',(5.317572019997,-25.24579489205));
#438 = CARTESIAN_POINT('',(5.422651103229,-25.1942367103));
#439 = CARTESIAN_POINT('',(5.639891928208,-25.08851621157));
#440 = CARTESIAN_POINT('',(5.753149079672,-25.03400262469));
#441 = CARTESIAN_POINT('',(5.862683657674,-24.98708260075));
#442 = CARTESIAN_POINT('',(5.969508612771,-24.95043912184));
#443 = CARTESIAN_POINT('',(6.074570323463,-24.92550401323));
#444 = CARTESIAN_POINT('',(6.178788849857,-24.91299861518));
#445 = CARTESIAN_POINT('',(6.28318530718,-24.91299861518));
#446 = ( GEOMETRIC_REPRESENTATION_CONTEXT(2) 
PARAMETRIC_REPRESENTATION_CONTEXT() REPRESENTATION_CONTEXT('2D SPACE',''
  ) );
#447 = FACE_BOUND('',#448,.F.);
#448 = EDGE_LOOP('',(#449));
#449 = ORIENTED_EDGE('',*,*,#450,.F.);
#450 = EDGE_CURVE('',#451,#451,#453,.T.);
#451 = VERTEX_POINT('',#452);
#452 = CARTESIAN_POINT('',(4.95,24.912998615181,-375.));
#453 = SURFACE_CURVE('',#454,(#505,#559),.PCURVE_S1.);
#454 = B_SPLINE_CURVE_WITH_KNOTS('',7,(#455,#456,#457,#458,#459,#460,
    #461,#462,#463,#464,#465,#466,#467,#468,#469,#470,#471,#472,#473,
    #474,#475,#476,#477,#478,#479,#480,#481,#482,#483,#484,#485,#486,
    #487,#488,#489,#490,#491,#492,#493,#494,#495,#496,#497,#498,#499,
    #500,#501,#502,#503,#504),.UNSPECIFIED.,.T.,.F.,(8,6,6,6,6,6,6,6,8),
  (0.,0.135658879138,0.252998197903,0.365968824496,0.50105588884,
    0.636143012169,0.752987785868,0.865482279891,1.),.UNSPECIFIED.);
#455 = CARTESIAN_POINT('',(4.95,24.912998615181,-375.));
#456 = CARTESIAN_POINT('',(4.95,24.912998615181,-374.4832373157));
#457 = CARTESIAN_POINT('',(4.887060147744,24.925504030209,
    -373.9673498946));
#458 = CARTESIAN_POINT('',(4.76156645432,24.950439509349,-373.4564969997
    ));
#459 = CARTESIAN_POINT('',(4.571889757981,24.987083196109,
    -372.9551595972));
#460 = CARTESIAN_POINT('',(4.31497484092,25.034002561108,-372.4694535545
    ));
#461 = CARTESIAN_POINT('',(3.986604879489,25.088515507824,-372.00793921)
  );
#462 = CARTESIAN_POINT('',(3.232935202477,25.195888432931,
    -371.2175132013));
#463 = CARTESIAN_POINT('',(2.815934727618,25.249512545274,
    -370.8678061645));
#464 = CARTESIAN_POINT('',(2.332399075996,25.302866653894,
    -370.5573350928));
#465 = CARTESIAN_POINT('',(1.788623415407,25.35006828397,-370.3055110385
    ));
#466 = CARTESIAN_POINT('',(1.195519365406,25.384657329264,
    -370.1287571645));
#467 = CARTESIAN_POINT('',(0.567319469029,25.401875571852,
    -370.0403746502));
#468 = CARTESIAN_POINT('',(-0.70034647052,25.397955943956,
    -370.0604899241));
#469 = CARTESIAN_POINT('',(-1.301130967401,25.378338077637,
    -370.1611866798));
#470 = CARTESIAN_POINT('',(-1.866105924475,25.343231257317,
    -370.3421444213));
#471 = CARTESIAN_POINT('',(-2.383550102956,25.297158985163,
    -370.5907607752));
#472 = CARTESIAN_POINT('',(-2.844679728474,25.245794892049,
    -370.8922368108));
#473 = CARTESIAN_POINT('',(-3.244528937651,25.194236710305,
    -371.2296723608));
#474 = CARTESIAN_POINT('',(-3.986599935074,25.088516212239,
    -372.0079340244));
#475 = CARTESIAN_POINT('',(-4.314975683354,25.034002622616,
    -372.4694515914));
#476 = CARTESIAN_POINT('',(-4.571892540455,24.987082603684,
    -372.9551637385));
#477 = CARTESIAN_POINT('',(-4.761568520803,24.950439119748,
    -373.456503516));
#478 = CARTESIAN_POINT('',(-4.887060203804,24.925504013884,
    -373.967354724));
#479 = CARTESIAN_POINT('',(-4.95,24.912998615181,-374.4832375414));
#480 = CARTESIAN_POINT('',(-4.95,24.912998615181,-375.5167626842));
#481 = CARTESIAN_POINT('',(-4.887060147745,24.925504030208,
    -376.0326501053));
#482 = CARTESIAN_POINT('',(-4.761566454319,24.950439509349,
    -376.5435030002));
#483 = CARTESIAN_POINT('',(-4.571889757983,24.987083196109,
    -377.0448404027));
#484 = CARTESIAN_POINT('',(-4.314974840919,25.034002561108,
    -377.5305464454));
#485 = CARTESIAN_POINT('',(-3.986604879489,25.088515507824,
    -377.9920607899));
#486 = CARTESIAN_POINT('',(-3.232935202307,25.195888432956,
    -378.7824867988));
#487 = CARTESIAN_POINT('',(-2.815934727775,25.249512545245,
    -379.1321938351));
#488 = CARTESIAN_POINT('',(-2.332399076213,25.302866653878,
    -379.4426649071));
#489 = CARTESIAN_POINT('',(-1.788623415201,25.35006828401,
    -379.6944889616));
#490 = CARTESIAN_POINT('',(-1.195519365178,25.384657329248,
    -379.8712428353));
#491 = CARTESIAN_POINT('',(-0.567319469274,25.401875571853,
    -379.9596253497));
#492 = CARTESIAN_POINT('',(0.700346470509,25.397955943956,
    -379.9395100758));
#493 = CARTESIAN_POINT('',(1.301130967412,25.378338077638,
    -379.8388133201));
#494 = CARTESIAN_POINT('',(1.866105924481,25.343231257315,
    -379.6578555786));
#495 = CARTESIAN_POINT('',(2.383550102949,25.297158985163,
    -379.4092392247));
#496 = CARTESIAN_POINT('',(2.844679728466,25.24579489205,-379.1077631891
    ));
#497 = CARTESIAN_POINT('',(3.244528937658,25.194236710304,
    -378.7703276391));
#498 = CARTESIAN_POINT('',(3.986599939746,25.088516211573,
    -377.9920659706));
#499 = CARTESIAN_POINT('',(4.314975669175,25.034002624696,
    -377.5305484286));
#500 = CARTESIAN_POINT('',(4.571892559958,24.987082600756,
    -377.0448362241));
#501 = CARTESIAN_POINT('',(4.761568507052,24.950439121848,
    -376.5434965216));
#502 = CARTESIAN_POINT('',(4.88706020802,24.925504013233,-376.0326452551
    ));
#503 = CARTESIAN_POINT('',(4.95,24.912998615181,-375.5167624637));
#504 = CARTESIAN_POINT('',(4.95,24.912998615181,-375.));
#505 = PCURVE('',#32,#506);
#506 = DEFINITIONAL_REPRESENTATION('',(#507),#558);
#507 = B_SPLINE_CURVE_WITH_KNOTS('',7,(#508,#509,#510,#511,#512,#513,
    #514,#515,#516,#517,#518,#519,#520,#521,#522,#523,#524,#525,#526,
    #527,#528,#529,#530,#531,#532,#533,#534,#535,#536,#537,#538,#539,
    #540,#541,#542,#543,#544,#545,#546,#547,#548,#549,#550,#551,#552,
    #553,#554,#555,#556,#557),.UNSPECIFIED.,.T.,.F.,(8,6,6,6,6,6,6,6,8),
  (0.,0.135658879138,0.252998197903,0.365968824496,0.50105588884,
    0.636143012169,0.752987785868,0.865482279891,1.),.UNSPECIFIED.);
#508 = CARTESIAN_POINT('',(-1.374659297137,-1.125E+03));
#509 = CARTESIAN_POINT('',(-1.374659297137,-1.125516762684E+03));
#510 = CARTESIAN_POINT('',(-1.37718567883,-1.126032650105E+03));
#511 = CARTESIAN_POINT('',(-1.382222980216,-1.126543503E+03));
#512 = CARTESIAN_POINT('',(-1.389828486826,-1.127044840403E+03));
#513 = CARTESIAN_POINT('',(-1.400109439424,-1.127530546445E+03));
#514 = CARTESIAN_POINT('',(-1.41321086186,-1.12799206079E+03));
#515 = CARTESIAN_POINT('',(-1.443182507353,-1.128782486799E+03));
#516 = CARTESIAN_POINT('',(-1.459733479974,-1.129132193835E+03));
#517 = CARTESIAN_POINT('',(-1.47888077764,-1.129442664907E+03));
#518 = CARTESIAN_POINT('',(-1.500357766439,-1.129694488961E+03));
#519 = CARTESIAN_POINT('',(-1.523730706988,-1.129871242835E+03));
#520 = CARTESIAN_POINT('',(-1.548460798006,-1.12995962535E+03));
#521 = CARTESIAN_POINT('',(-1.598369144435,-1.129939510076E+03));
#522 = CARTESIAN_POINT('',(-1.622024367752,-1.12983881332E+03));
#523 = CARTESIAN_POINT('',(-1.644295522163,-1.129657855579E+03));
#524 = CARTESIAN_POINT('',(-1.664737719188,-1.129409239225E+03));
#525 = CARTESIAN_POINT('',(-1.683000188263,-1.129107763189E+03));
#526 = CARTESIAN_POINT('',(-1.698871201432,-1.128770327639E+03));
#527 = CARTESIAN_POINT('',(-1.728381595103,-1.127992065976E+03));
#528 = CARTESIAN_POINT('',(-1.741483246621,-1.127530548409E+03));
#529 = CARTESIAN_POINT('',(-1.751764278458,-1.127044836261E+03));
#530 = CARTESIAN_POINT('',(-1.759369756314,-1.126543496484E+03));
#531 = CARTESIAN_POINT('',(-1.764406977009,-1.126032645276E+03));
#532 = CARTESIAN_POINT('',(-1.766933356453,-1.125516762459E+03));
#533 = CARTESIAN_POINT('',(-1.766933356453,-1.124483237316E+03));
#534 = CARTESIAN_POINT('',(-1.76440697476,-1.123967349895E+03));
#535 = CARTESIAN_POINT('',(-1.759369673374,-1.123456497E+03));
#536 = CARTESIAN_POINT('',(-1.751764166764,-1.122955159597E+03));
#537 = CARTESIAN_POINT('',(-1.741483214165,-1.122469453555E+03));
#538 = CARTESIAN_POINT('',(-1.72838179173,-1.12200793921E+03));
#539 = CARTESIAN_POINT('',(-1.69841014623,-1.121217513201E+03));
#540 = CARTESIAN_POINT('',(-1.681859173622,-1.120867806165E+03));
#541 = CARTESIAN_POINT('',(-1.662711875959,-1.120557335093E+03));
#542 = CARTESIAN_POINT('',(-1.641234887142,-1.120305511038E+03));
#543 = CARTESIAN_POINT('',(-1.617861946593,-1.120128757165E+03));
#544 = CARTESIAN_POINT('',(-1.593131855593,-1.12004037465E+03));
#545 = CARTESIAN_POINT('',(-1.543223509155,-1.120060489924E+03));
#546 = CARTESIAN_POINT('',(-1.519568285838,-1.12016118668E+03));
#547 = CARTESIAN_POINT('',(-1.497297131426,-1.120342144421E+03));
#548 = CARTESIAN_POINT('',(-1.476854934402,-1.120590760775E+03));
#549 = CARTESIAN_POINT('',(-1.458592465328,-1.120892236811E+03));
#550 = CARTESIAN_POINT('',(-1.442721452157,-1.121229672361E+03));
#551 = CARTESIAN_POINT('',(-1.413211058301,-1.122007934029E+03));
#552 = CARTESIAN_POINT('',(-1.400109407533,-1.122469451571E+03));
#553 = CARTESIAN_POINT('',(-1.389828374355,-1.122955163776E+03));
#554 = CARTESIAN_POINT('',(-1.382222897824,-1.123456503478E+03));
#555 = CARTESIAN_POINT('',(-1.377185676413,-1.123967354745E+03));
#556 = CARTESIAN_POINT('',(-1.374659297137,-1.124483237536E+03));
#557 = CARTESIAN_POINT('',(-1.374659297137,-1.125E+03));
#558 = ( GEOMETRIC_REPRESENTATION_CONTEXT(2) 
PARAMETRIC_REPRESENTATION_CONTEXT() REPRESENTATION_CONTEXT('2D SPACE',''
  ) );
#559 = PCURVE('',#560,#565);
#560 = CYLINDRICAL_SURFACE('',#561,4.95);
#561 = AXIS2_PLACEMENT_3D('',#562,#563,#564);
#562 = CARTESIAN_POINT('',(0.,0.,-375.));
#563 = DIRECTION('',(0.,-1.,0.));
#564 = DIRECTION('',(1.,0.,0.));
#565 = DEFINITIONAL_REPRESENTATION('',(#566),#617);
#566 = B_SPLINE_CURVE_WITH_KNOTS('',7,(#567,#568,#569,#570,#571,#572,
    #573,#574,#575,#576,#577,#578,#579,#580,#581,#582,#583,#584,#585,
    #586,#587,#588,#589,#590,#591,#592,#593,#594,#595,#596,#597,#598,
    #599,#600,#601,#602,#603,#604,#605,#606,#607,#608,#609,#610,#611,
    #612,#613,#614,#615,#616),.UNSPECIFIED.,.F.,.F.,(8,6,6,6,6,6,6,6,8),
  (0.,0.135658879138,0.252998197903,0.365968824496,0.50105588884,
    0.636143012169,0.752987785868,0.865482279891,1.),.UNSPECIFIED.);
#567 = CARTESIAN_POINT('',(0.,-24.91299861518));
#568 = CARTESIAN_POINT('',(0.104396501866,-24.91299861518));
#569 = CARTESIAN_POINT('',(0.208615957226,-24.9255040302));
#570 = CARTESIAN_POINT('',(0.313678032176,-24.95043950934));
#571 = CARTESIAN_POINT('',(0.420502581531,-24.9870831961));
#572 = CARTESIAN_POINT('',(0.530036046686,-25.0340025611));
#573 = CARTESIAN_POINT('',(0.643291932865,-25.08851550782));
#574 = CARTESIAN_POINT('',(0.863928262725,-25.19588843293));
#575 = CARTESIAN_POINT('',(0.973192726427,-25.24951254527));
#576 = CARTESIAN_POINT('',(1.087745041745,-25.30286665389));
#577 = CARTESIAN_POINT('',(1.206693832427,-25.35006828397));
#578 = CARTESIAN_POINT('',(1.329560838444,-25.38465732926));
#579 = CARTESIAN_POINT('',(1.456170573401,-25.40187557185));
#580 = CARTESIAN_POINT('',(1.712296941824,-25.39795594395));
#581 = CARTESIAN_POINT('',(1.833975045273,-25.37833807763));
#582 = CARTESIAN_POINT('',(1.951915739959,-25.34323125731));
#583 = CARTESIAN_POINT('',(2.066033554389,-25.29715898516));
#584 = CARTESIAN_POINT('',(2.17597936641,-25.24579489204));
#585 = CARTESIAN_POINT('',(2.281058449637,-25.1942367103));
#586 = CARTESIAN_POINT('',(2.49829927325,-25.08851621223));
#587 = CARTESIAN_POINT('',(2.611556431239,-25.03400262261));
#588 = CARTESIAN_POINT('',(2.721090995125,-24.98708260368));
#589 = CARTESIAN_POINT('',(2.827915967755,-24.95043911974));
#590 = CARTESIAN_POINT('',(2.932977665393,-24.92550401388));
#591 = CARTESIAN_POINT('',(3.037196197308,-24.91299861518));
#592 = CARTESIAN_POINT('',(3.245989155456,-24.91299861518));
#593 = CARTESIAN_POINT('',(3.350208610816,-24.9255040302));
#594 = CARTESIAN_POINT('',(3.455270685766,-24.95043950934));
#595 = CARTESIAN_POINT('',(3.562095235121,-24.9870831961));
#596 = CARTESIAN_POINT('',(3.671628700276,-25.0340025611));
#597 = CARTESIAN_POINT('',(3.784884586455,-25.08851550782));
#598 = CARTESIAN_POINT('',(4.005520916364,-25.19588843295));
#599 = CARTESIAN_POINT('',(4.114785379958,-25.24951254524));
#600 = CARTESIAN_POINT('',(4.229337695307,-25.30286665387));
#601 = CARTESIAN_POINT('',(4.348286486055,-25.35006828401));
#602 = CARTESIAN_POINT('',(4.47115349208,-25.38465732924));
#603 = CARTESIAN_POINT('',(4.597763226941,-25.40187557185));
#604 = CARTESIAN_POINT('',(4.853889595412,-25.39795594395));
#605 = CARTESIAN_POINT('',(4.975567698865,-25.37833807763));
#606 = CARTESIAN_POINT('',(5.09350839355,-25.34323125731));
#607 = CARTESIAN_POINT('',(5.207626207978,-25.29715898516));
#608 = CARTESIAN_POINT('',(5.317572019997,-25.24579489205));
#609 = CARTESIAN_POINT('',(5.422651103229,-25.1942367103));
#610 = CARTESIAN_POINT('',(5.639891928208,-25.08851621157));
#611 = CARTESIAN_POINT('',(5.753149079672,-25.03400262469));
#612 = CARTESIAN_POINT('',(5.862683657674,-24.98708260075));
#613 = CARTESIAN_POINT('',(5.969508612771,-24.95043912184));
#614 = CARTESIAN_POINT('',(6.074570323463,-24.92550401323));
#615 = CARTESIAN_POINT('',(6.178788849857,-24.91299861518));
#616 = CARTESIAN_POINT('',(6.28318530718,-24.91299861518));
#617 = ( GEOMETRIC_REPRESENTATION_CONTEXT(2) 
PARAMETRIC_REPRESENTATION_CONTEXT() REPRESENTATION_CONTEXT('2D SPACE',''
  ) );
#618 = FACE_BOUND('',#619,.F.);
#619 = EDGE_LOOP('',(#620));
#620 = ORIENTED_EDGE('',*,*,#621,.F.);
#621 = EDGE_CURVE('',#622,#622,#624,.T.);
#622 = VERTEX_POINT('',#623);
#623 = CARTESIAN_POINT('',(4.95,24.912998615181,-525.));
#624 = SURFACE_CURVE('',#625,(#676,#730),.PCURVE_S1.);
#625 = B_SPLINE_CURVE_WITH_KNOTS('',7,(#626,#627,#628,#629,#630,#631,
    #632,#633,#634,#635,#636,#637,#638,#639,#640,#641,#642,#643,#644,
    #645,#646,#647,#648,#649,#650,#651,#652,#653,#654,#655,#656,#657,
    #658,#659,#660,#661,#662,#663,#664,#665,#666,#667,#668,#669,#670,
    #671,#672,#673,#674,#675),.UNSPECIFIED.,.T.,.F.,(8,6,6,6,6,6,6,6,8),
  (0.,0.135658878813,0.252998197338,0.365968823671,0.501055889263,
    0.636143012493,0.752987786063,0.865482280002,1.),.UNSPECIFIED.);
#626 = CARTESIAN_POINT('',(4.95,24.912998615181,-525.));
#627 = CARTESIAN_POINT('',(4.95,24.912998615181,-524.4832373157));
#628 = CARTESIAN_POINT('',(4.887060147744,24.925504030209,
    -523.9673498946));
#629 = CARTESIAN_POINT('',(4.76156645432,24.950439509349,-523.4564969997
    ));
#630 = CARTESIAN_POINT('',(4.57188975798,24.987083196109,-522.9551595972
    ));
#631 = CARTESIAN_POINT('',(4.314974840921,25.034002561108,
    -522.4694535545));
#632 = CARTESIAN_POINT('',(3.986604879489,25.088515507824,-522.00793921)
  );
#633 = CARTESIAN_POINT('',(3.232935202353,25.195888432949,
    -521.2175132011));
#634 = CARTESIAN_POINT('',(2.815934727734,25.249512545253,
    -520.8678061647));
#635 = CARTESIAN_POINT('',(2.332399076149,25.302866653883,
    -520.5573350928));
#636 = CARTESIAN_POINT('',(1.788623415263,25.350068283999,
    -520.3055110383));
#637 = CARTESIAN_POINT('',(1.195519365236,25.384657329252,
    -520.1287571646));
#638 = CARTESIAN_POINT('',(0.567319469208,25.401875571853,
    -520.0403746502));
#639 = CARTESIAN_POINT('',(-0.700346470534,25.397955943956,
    -520.0604899241));
#640 = CARTESIAN_POINT('',(-1.301130967388,25.378338077636,
    -520.1611866799));
#641 = CARTESIAN_POINT('',(-1.866105924462,25.34323125732,
    -520.3421444213));
#642 = CARTESIAN_POINT('',(-2.383550102971,25.297158985161,
    -520.5907607752));
#643 = CARTESIAN_POINT('',(-2.84467972848,25.245794892048,
    -520.8922368108));
#644 = CARTESIAN_POINT('',(-3.244528937642,25.194236710306,
    -521.2296723608));
#645 = CARTESIAN_POINT('',(-3.986599939746,25.088516211573,
    -522.0079340293));
#646 = CARTESIAN_POINT('',(-4.314975669174,25.034002624697,
    -522.4694515713));
#647 = CARTESIAN_POINT('',(-4.571892559961,24.987082600756,
    -522.9551637758));
#648 = CARTESIAN_POINT('',(-4.761568507051,24.950439121848,
    -523.4565034783));
#649 = CARTESIAN_POINT('',(-4.887060208021,24.925504013233,
    -523.9673547448));
#650 = CARTESIAN_POINT('',(-4.95,24.912998615181,-524.4832375362));
#651 = CARTESIAN_POINT('',(-4.95,24.912998615181,-525.5167626842));
#652 = CARTESIAN_POINT('',(-4.887060147744,24.925504030209,
    -526.0326501053));
#653 = CARTESIAN_POINT('',(-4.761566454321,24.950439509349,
    -526.5435030002));
#654 = CARTESIAN_POINT('',(-4.57188975798,24.987083196109,
    -527.0448404027));
#655 = CARTESIAN_POINT('',(-4.314974840922,25.034002561108,
    -527.5305464454));
#656 = CARTESIAN_POINT('',(-3.986604879488,25.088515507824,
    -527.9920607899));
#657 = CARTESIAN_POINT('',(-3.232935202436,25.195888432937,
    -528.7824867987));
#658 = CARTESIAN_POINT('',(-2.815934727655,25.249512545267,
    -529.1321938353));
#659 = CARTESIAN_POINT('',(-2.332399076051,25.30286665389,
    -529.4426649071));
#660 = CARTESIAN_POINT('',(-1.788623415355,25.35006828398,
    -529.6944889615));
#661 = CARTESIAN_POINT('',(-1.19551936535,25.38465732926,-529.8712428354
    ));
#662 = CARTESIAN_POINT('',(-0.567319469089,25.401875571852,
    -529.9596253497));
#663 = CARTESIAN_POINT('',(0.700346470547,25.397955943956,
    -529.9395100758));
#664 = CARTESIAN_POINT('',(1.301130967376,25.378338077636,-529.83881332)
  );
#665 = CARTESIAN_POINT('',(1.866105924453,25.343231257321,
    -529.6578555786));
#666 = CARTESIAN_POINT('',(2.383550102981,25.29715898516,-529.4092392247
    ));
#667 = CARTESIAN_POINT('',(2.844679728488,25.245794892047,-529.107763189
    ));
#668 = CARTESIAN_POINT('',(3.244528937634,25.194236710307,
    -528.7703276391));
#669 = CARTESIAN_POINT('',(3.986599939745,25.088516211573,
    -527.9920659706));
#670 = CARTESIAN_POINT('',(4.314975669176,25.034002624696,
    -527.5305484286));
#671 = CARTESIAN_POINT('',(4.571892559958,24.987082600756,
    -527.0448362241));
#672 = CARTESIAN_POINT('',(4.761568507053,24.950439121848,
    -526.5434965216));
#673 = CARTESIAN_POINT('',(4.88706020802,24.925504013233,-526.0326452551
    ));
#674 = CARTESIAN_POINT('',(4.95,24.912998615181,-525.5167624637));
#675 = CARTESIAN_POINT('',(4.95,24.912998615181,-525.));
#676 = PCURVE('',#32,#677);
#677 = DEFINITIONAL_REPRESENTATION('',(#678),#729);
#678 = B_SPLINE_CURVE_WITH_KNOTS('',7,(#679,#680,#681,#682,#683,#684,
    #685,#686,#687,#688,#689,#690,#691,#692,#693,#694,#695,#696,#697,
    #698,#699,#700,#701,#702,#703,#704,#705,#706,#707,#708,#709,#710,
    #711,#712,#713,#714,#715,#716,#717,#718,#719,#720,#721,#722,#723,
    #724,#725,#726,#727,#728),.UNSPECIFIED.,.T.,.F.,(8,6,6,6,6,6,6,6,8),
  (0.,0.135658878813,0.252998197338,0.365968823671,0.501055889263,
    0.636143012493,0.752987786063,0.865482280002,1.),.UNSPECIFIED.);
#679 = CARTESIAN_POINT('',(-1.374659297137,-975.));
#680 = CARTESIAN_POINT('',(-1.374659297137,-975.5167626842));
#681 = CARTESIAN_POINT('',(-1.37718567883,-976.0326501053));
#682 = CARTESIAN_POINT('',(-1.382222980216,-976.5435030002));
#683 = CARTESIAN_POINT('',(-1.389828486826,-977.0448404027));
#684 = CARTESIAN_POINT('',(-1.400109439424,-977.5305464454));
#685 = CARTESIAN_POINT('',(-1.41321086186,-977.9920607899));
#686 = CARTESIAN_POINT('',(-1.443182507358,-978.7824867988));
#687 = CARTESIAN_POINT('',(-1.459733479969,-979.1321938352));
#688 = CARTESIAN_POINT('',(-1.478880777634,-979.4426649071));
#689 = CARTESIAN_POINT('',(-1.500357766445,-979.6944889616));
#690 = CARTESIAN_POINT('',(-1.523730706994,-979.8712428353));
#691 = CARTESIAN_POINT('',(-1.548460797999,-979.9596253497));
#692 = CARTESIAN_POINT('',(-1.598369144435,-979.9395100758));
#693 = CARTESIAN_POINT('',(-1.622024367751,-979.83881332));
#694 = CARTESIAN_POINT('',(-1.644295522163,-979.6578555786));
#695 = CARTESIAN_POINT('',(-1.664737719189,-979.4092392247));
#696 = CARTESIAN_POINT('',(-1.683000188263,-979.1077631891));
#697 = CARTESIAN_POINT('',(-1.698871201432,-978.7703276391));
#698 = CARTESIAN_POINT('',(-1.728381595288,-977.9920659706));
#699 = CARTESIAN_POINT('',(-1.741483246056,-977.5305484286));
#700 = CARTESIAN_POINT('',(-1.751764279235,-977.0448362241));
#701 = CARTESIAN_POINT('',(-1.759369755766,-976.5434965216));
#702 = CARTESIAN_POINT('',(-1.764406977177,-976.0326452551));
#703 = CARTESIAN_POINT('',(-1.766933356453,-975.5167624637));
#704 = CARTESIAN_POINT('',(-1.766933356453,-974.4832373157));
#705 = CARTESIAN_POINT('',(-1.76440697476,-973.9673498946));
#706 = CARTESIAN_POINT('',(-1.759369673374,-973.4564969997));
#707 = CARTESIAN_POINT('',(-1.751764166764,-972.9551595972));
#708 = CARTESIAN_POINT('',(-1.741483214165,-972.4694535545));
#709 = CARTESIAN_POINT('',(-1.72838179173,-972.00793921));
#710 = CARTESIAN_POINT('',(-1.698410146235,-971.2175132012));
#711 = CARTESIAN_POINT('',(-1.681859173617,-970.8678061646));
#712 = CARTESIAN_POINT('',(-1.662711875952,-970.5573350928));
#713 = CARTESIAN_POINT('',(-1.641234887148,-970.3055110384));
#714 = CARTESIAN_POINT('',(-1.6178619466,-970.1287571645));
#715 = CARTESIAN_POINT('',(-1.593131855586,-970.0403746502));
#716 = CARTESIAN_POINT('',(-1.543223509154,-970.0604899241));
#717 = CARTESIAN_POINT('',(-1.519568285839,-970.1611866799));
#718 = CARTESIAN_POINT('',(-1.497297131427,-970.3421444213));
#719 = CARTESIAN_POINT('',(-1.476854934401,-970.5907607752));
#720 = CARTESIAN_POINT('',(-1.458592465327,-970.8922368109));
#721 = CARTESIAN_POINT('',(-1.442721452158,-971.2296723608));
#722 = CARTESIAN_POINT('',(-1.413211058301,-972.0079340293));
#723 = CARTESIAN_POINT('',(-1.400109407533,-972.4694515713));
#724 = CARTESIAN_POINT('',(-1.389828374355,-972.9551637758));
#725 = CARTESIAN_POINT('',(-1.382222897824,-973.4565034783));
#726 = CARTESIAN_POINT('',(-1.377185676413,-973.9673547448));
#727 = CARTESIAN_POINT('',(-1.374659297137,-974.4832375362));
#728 = CARTESIAN_POINT('',(-1.374659297137,-975.));
#729 = ( GEOMETRIC_REPRESENTATION_CONTEXT(2) 
PARAMETRIC_REPRESENTATION_CONTEXT() REPRESENTATION_CONTEXT('2D SPACE',''
  ) );
#730 = PCURVE('',#731,#736);
#731 = CYLINDRICAL_SURFACE('',#732,4.95);
#732 = AXIS2_PLACEMENT_3D('',#733,#734,#735);
#733 = CARTESIAN_POINT('',(0.,0.,-525.));
#734 = DIRECTION('',(0.,-1.,0.));
#735 = DIRECTION('',(1.,0.,0.));
#736 = DEFINITIONAL_REPRESENTATION('',(#737),#788);
#737 = B_SPLINE_CURVE_WITH_KNOTS('',7,(#738,#739,#740,#741,#742,#743,
    #744,#745,#746,#747,#748,#749,#750,#751,#752,#753,#754,#755,#756,
    #757,#758,#759,#760,#761,#762,#763,#764,#765,#766,#767,#768,#769,
    #770,#771,#772,#773,#774,#775,#776,#777,#778,#779,#780,#781,#782,
    #783,#784,#785,#786,#787),.UNSPECIFIED.,.F.,.F.,(8,6,6,6,6,6,6,6,8),
  (0.,0.135658878813,0.252998197338,0.365968823671,0.501055889263,
    0.636143012493,0.752987786063,0.865482280002,1.),.UNSPECIFIED.);
#738 = CARTESIAN_POINT('',(0.,-24.91299861518));
#739 = CARTESIAN_POINT('',(0.104396501866,-24.91299861518));
#740 = CARTESIAN_POINT('',(0.208615957227,-24.9255040302));
#741 = CARTESIAN_POINT('',(0.313678032175,-24.95043950934));
#742 = CARTESIAN_POINT('',(0.420502581532,-24.9870831961));
#743 = CARTESIAN_POINT('',(0.530036046686,-25.0340025611));
#744 = CARTESIAN_POINT('',(0.643291932865,-25.08851550782));
#745 = CARTESIAN_POINT('',(0.863928262761,-25.19588843294));
#746 = CARTESIAN_POINT('',(0.973192726384,-25.24951254525));
#747 = CARTESIAN_POINT('',(1.087745041726,-25.30286665388));
#748 = CARTESIAN_POINT('',(1.206693832453,-25.35006828399));
#749 = CARTESIAN_POINT('',(1.329560838479,-25.38465732925));
#750 = CARTESIAN_POINT('',(1.456170573364,-25.40187557185));
#751 = CARTESIAN_POINT('',(1.712296941827,-25.39795594395));
#752 = CARTESIAN_POINT('',(1.833975045271,-25.37833807763));
#753 = CARTESIAN_POINT('',(1.951915739957,-25.34323125732));
#754 = CARTESIAN_POINT('',(2.066033554392,-25.29715898516));
#755 = CARTESIAN_POINT('',(2.175979366413,-25.24579489204));
#756 = CARTESIAN_POINT('',(2.281058449634,-25.1942367103));
#757 = CARTESIAN_POINT('',(2.498299274618,-25.08851621157));
#758 = CARTESIAN_POINT('',(2.611556426082,-25.03400262469));
#759 = CARTESIAN_POINT('',(2.721091004085,-24.98708260075));
#760 = CARTESIAN_POINT('',(2.827915959181,-24.95043912184));
#761 = CARTESIAN_POINT('',(2.932977669873,-24.92550401323));
#762 = CARTESIAN_POINT('',(3.037196196267,-24.91299861518));
#763 = CARTESIAN_POINT('',(3.245989155456,-24.91299861518));
#764 = CARTESIAN_POINT('',(3.350208610817,-24.9255040302));
#765 = CARTESIAN_POINT('',(3.455270685764,-24.95043950934));
#766 = CARTESIAN_POINT('',(3.562095235122,-24.9870831961));
#767 = CARTESIAN_POINT('',(3.671628700275,-25.0340025611));
#768 = CARTESIAN_POINT('',(3.784884586455,-25.08851550782));
#769 = CARTESIAN_POINT('',(4.005520916326,-25.19588843293));
#770 = CARTESIAN_POINT('',(4.114785380003,-25.24951254526));
#771 = CARTESIAN_POINT('',(4.229337695327,-25.30286665389));
#772 = CARTESIAN_POINT('',(4.348286486026,-25.35006828398));
#773 = CARTESIAN_POINT('',(4.471153492045,-25.38465732926));
#774 = CARTESIAN_POINT('',(4.597763226978,-25.40187557185));
#775 = CARTESIAN_POINT('',(4.853889595419,-25.39795594395));
#776 = CARTESIAN_POINT('',(4.975567698858,-25.37833807763));
#777 = CARTESIAN_POINT('',(5.093508393544,-25.34323125732));
#778 = CARTESIAN_POINT('',(5.207626207983,-25.29715898516));
#779 = CARTESIAN_POINT('',(5.317572020005,-25.24579489204));
#780 = CARTESIAN_POINT('',(5.422651103222,-25.1942367103));
#781 = CARTESIAN_POINT('',(5.639891928208,-25.08851621157));
#782 = CARTESIAN_POINT('',(5.753149079672,-25.03400262469));
#783 = CARTESIAN_POINT('',(5.862683657675,-24.98708260075));
#784 = CARTESIAN_POINT('',(5.96950861277,-24.95043912184));
#785 = CARTESIAN_POINT('',(6.074570323463,-24.92550401323));
#786 = CARTESIAN_POINT('',(6.178788849857,-24.91299861518));
#787 = CARTESIAN_POINT('',(6.28318530718,-24.91299861518));
#788 = ( GEOMETRIC_REPRESENTATION_CONTEXT(2) 
PARAMETRIC_REPRESENTATION_CONTEXT() REPRESENTATION_CONTEXT('2D SPACE',''
  ) );
#789 = FACE_BOUND('',#790,.F.);
#790 = EDGE_LOOP('',(#791));
#791 = ORIENTED_EDGE('',*,*,#792,.F.);
#792 = EDGE_CURVE('',#793,#793,#795,.T.);
#793 = VERTEX_POINT('',#794);
#794 = CARTESIAN_POINT('',(4.95,24.912998615181,-675.));
#795 = SURFACE_CURVE('',#796,(#847,#901),.PCURVE_S1.);
#796 = B_SPLINE_CURVE_WITH_KNOTS('',7,(#797,#798,#799,#800,#801,#802,
    #803,#804,#805,#806,#807,#808,#809,#810,#811,#812,#813,#814,#815,
    #816,#817,#818,#819,#820,#821,#822,#823,#824,#825,#826,#827,#828,
    #829,#830,#831,#832,#833,#834,#835,#836,#837,#838,#839,#840,#841,
    #842,#843,#844,#845,#846),.UNSPECIFIED.,.T.,.F.,(8,6,6,6,6,6,6,6,8),
  (0.,0.135658878821,0.252998197311,0.365968823625,0.50105588922,
    0.636143012453,0.752987786048,0.865482279994,1.),.UNSPECIFIED.);
#797 = CARTESIAN_POINT('',(4.95,24.912998615181,-675.));
#798 = CARTESIAN_POINT('',(4.95,24.912998615181,-674.4832373157));
#799 = CARTESIAN_POINT('',(4.887060147745,24.925504030209,
    -673.9673498946));
#800 = CARTESIAN_POINT('',(4.761566454319,24.950439509349,
    -673.4564969997));
#801 = CARTESIAN_POINT('',(4.571889757982,24.987083196109,
    -672.9551595972));
#802 = CARTESIAN_POINT('',(4.31497484092,25.034002561108,-672.4694535545
    ));
#803 = CARTESIAN_POINT('',(3.986604879489,25.088515507824,-672.00793921)
  );
#804 = CARTESIAN_POINT('',(3.232935202477,25.195888432932,
    -671.2175132013));
#805 = CARTESIAN_POINT('',(2.81593472762,25.249512545274,-670.8678061645
    ));
#806 = CARTESIAN_POINT('',(2.332399075993,25.302866653894,
    -670.5573350928));
#807 = CARTESIAN_POINT('',(1.78862341541,25.35006828397,-670.3055110385)
  );
#808 = CARTESIAN_POINT('',(1.195519365405,25.384657329264,
    -670.1287571645));
#809 = CARTESIAN_POINT('',(0.56731946903,25.401875571852,-670.0403746502
    ));
#810 = CARTESIAN_POINT('',(-0.700346470442,25.397955943956,
    -670.0604899241));
#811 = CARTESIAN_POINT('',(-1.301130967475,25.378338077642,
    -670.1611866798));
#812 = CARTESIAN_POINT('',(-1.866105924537,25.343231257305,
    -670.3421444214));
#813 = CARTESIAN_POINT('',(-2.383550102891,25.297158985168,
    -670.5907607752));
#814 = CARTESIAN_POINT('',(-2.844679728421,25.245794892059,
    -670.8922368108));
#815 = CARTESIAN_POINT('',(-3.244528937706,25.194236710297,
    -671.2296723608));
#816 = CARTESIAN_POINT('',(-3.986599939746,25.088516211573,
    -672.0079340293));
#817 = CARTESIAN_POINT('',(-4.314975669175,25.034002624696,
    -672.4694515713));
#818 = CARTESIAN_POINT('',(-4.57189255996,24.987082600756,
    -672.9551637758));
#819 = CARTESIAN_POINT('',(-4.761568507051,24.950439121848,
    -673.4565034783));
#820 = CARTESIAN_POINT('',(-4.88706020802,24.925504013233,
    -673.9673547448));
#821 = CARTESIAN_POINT('',(-4.95,24.912998615181,-674.4832375362));
#822 = CARTESIAN_POINT('',(-4.95,24.912998615181,-675.5167626842));
#823 = CARTESIAN_POINT('',(-4.887060147744,24.925504030209,
    -676.0326501053));
#824 = CARTESIAN_POINT('',(-4.761566454321,24.950439509349,
    -676.5435030002));
#825 = CARTESIAN_POINT('',(-4.57188975798,24.987083196109,
    -677.0448404027));
#826 = CARTESIAN_POINT('',(-4.314974840922,25.034002561108,
    -677.5305464454));
#827 = CARTESIAN_POINT('',(-3.986604879488,25.088515507824,
    -677.9920607899));
#828 = CARTESIAN_POINT('',(-3.232935202369,25.195888432947,
    -678.7824867987));
#829 = CARTESIAN_POINT('',(-2.815934727717,25.249512545256,
    -679.1321938352));
#830 = CARTESIAN_POINT('',(-2.332399076136,25.302866653884,
    -679.4426649071));
#831 = CARTESIAN_POINT('',(-1.788623415275,25.350068283995,
    -679.6944889616));
#832 = CARTESIAN_POINT('',(-1.19551936526,25.384657329254,
    -679.8712428353));
#833 = CARTESIAN_POINT('',(-0.567319469186,25.401875571853,
    -679.9596253497));
#834 = CARTESIAN_POINT('',(0.700346470546,25.397955943956,
    -679.9395100758));
#835 = CARTESIAN_POINT('',(1.301130967377,25.378338077636,-679.83881332)
  );
#836 = CARTESIAN_POINT('',(1.866105924451,25.343231257321,
    -679.6578555786));
#837 = CARTESIAN_POINT('',(2.383550102982,25.297158985161,
    -679.4092392247));
#838 = CARTESIAN_POINT('',(2.844679728488,25.245794892046,-679.107763189
    ));
#839 = CARTESIAN_POINT('',(3.244528937634,25.194236710307,
    -678.7703276391));
#840 = CARTESIAN_POINT('',(3.986599939745,25.088516211573,
    -677.9920659706));
#841 = CARTESIAN_POINT('',(4.314975669176,25.034002624696,
    -677.5305484286));
#842 = CARTESIAN_POINT('',(4.571892559958,24.987082600756,
    -677.0448362241));
#843 = CARTESIAN_POINT('',(4.761568507053,24.950439121848,
    -676.5434965216));
#844 = CARTESIAN_POINT('',(4.88706020802,24.925504013233,-676.0326452551
    ));
#845 = CARTESIAN_POINT('',(4.95,24.912998615181,-675.5167624637));
#846 = CARTESIAN_POINT('',(4.95,24.912998615181,-675.));
#847 = PCURVE('',#32,#848);
#848 = DEFINITIONAL_REPRESENTATION('',(#849),#900);
#849 = B_SPLINE_CURVE_WITH_KNOTS('',7,(#850,#851,#852,#853,#854,#855,
    #856,#857,#858,#859,#860,#861,#862,#863,#864,#865,#866,#867,#868,
    #869,#870,#871,#872,#873,#874,#875,#876,#877,#878,#879,#880,#881,
    #882,#883,#884,#885,#886,#887,#888,#889,#890,#891,#892,#893,#894,
    #895,#896,#897,#898,#899),.UNSPECIFIED.,.T.,.F.,(8,6,6,6,6,6,6,6,8),
  (0.,0.135658878821,0.252998197311,0.365968823625,0.50105588922,
    0.636143012453,0.752987786048,0.865482279994,1.),.UNSPECIFIED.);
#850 = CARTESIAN_POINT('',(-1.374659297137,-825.));
#851 = CARTESIAN_POINT('',(-1.374659297137,-825.5167626842));
#852 = CARTESIAN_POINT('',(-1.37718567883,-826.0326501053));
#853 = CARTESIAN_POINT('',(-1.382222980216,-826.5435030002));
#854 = CARTESIAN_POINT('',(-1.389828486826,-827.0448404027));
#855 = CARTESIAN_POINT('',(-1.400109439424,-827.5305464454));
#856 = CARTESIAN_POINT('',(-1.41321086186,-827.9920607899));
#857 = CARTESIAN_POINT('',(-1.443182507353,-828.7824867986));
#858 = CARTESIAN_POINT('',(-1.459733479974,-829.1321938354));
#859 = CARTESIAN_POINT('',(-1.47888077764,-829.4426649071));
#860 = CARTESIAN_POINT('',(-1.500357766439,-829.6944889614));
#861 = CARTESIAN_POINT('',(-1.523730706988,-829.8712428354));
#862 = CARTESIAN_POINT('',(-1.548460798006,-829.9596253497));
#863 = CARTESIAN_POINT('',(-1.598369144432,-829.9395100758));
#864 = CARTESIAN_POINT('',(-1.622024367755,-829.8388133201));
#865 = CARTESIAN_POINT('',(-1.644295522166,-829.6578555785));
#866 = CARTESIAN_POINT('',(-1.664737719185,-829.4092392247));
#867 = CARTESIAN_POINT('',(-1.68300018826,-829.1077631891));
#868 = CARTESIAN_POINT('',(-1.698871201435,-828.7703276391));
#869 = CARTESIAN_POINT('',(-1.728381595288,-827.9920659706));
#870 = CARTESIAN_POINT('',(-1.741483246056,-827.5305484286));
#871 = CARTESIAN_POINT('',(-1.751764279235,-827.0448362241));
#872 = CARTESIAN_POINT('',(-1.759369755766,-826.5434965216));
#873 = CARTESIAN_POINT('',(-1.764406977177,-826.0326452551));
#874 = CARTESIAN_POINT('',(-1.766933356453,-825.5167624637));
#875 = CARTESIAN_POINT('',(-1.766933356453,-824.4832373157));
#876 = CARTESIAN_POINT('',(-1.76440697476,-823.9673498946));
#877 = CARTESIAN_POINT('',(-1.759369673374,-823.4564969997));
#878 = CARTESIAN_POINT('',(-1.751764166764,-822.9551595972));
#879 = CARTESIAN_POINT('',(-1.741483214165,-822.4694535545));
#880 = CARTESIAN_POINT('',(-1.72838179173,-822.00793921));
#881 = CARTESIAN_POINT('',(-1.698410146232,-821.2175132012));
#882 = CARTESIAN_POINT('',(-1.68185917362,-820.8678061647));
#883 = CARTESIAN_POINT('',(-1.662711875956,-820.5573350928));
#884 = CARTESIAN_POINT('',(-1.641234887145,-820.3055110384));
#885 = CARTESIAN_POINT('',(-1.617861946597,-820.1287571646));
#886 = CARTESIAN_POINT('',(-1.59313185559,-820.0403746502));
#887 = CARTESIAN_POINT('',(-1.543223509154,-820.0604899241));
#888 = CARTESIAN_POINT('',(-1.519568285839,-820.1611866799));
#889 = CARTESIAN_POINT('',(-1.497297131427,-820.3421444213));
#890 = CARTESIAN_POINT('',(-1.476854934401,-820.5907607752));
#891 = CARTESIAN_POINT('',(-1.458592465327,-820.8922368109));
#892 = CARTESIAN_POINT('',(-1.442721452158,-821.2296723608));
#893 = CARTESIAN_POINT('',(-1.413211058301,-822.0079340293));
#894 = CARTESIAN_POINT('',(-1.400109407533,-822.4694515713));
#895 = CARTESIAN_POINT('',(-1.389828374355,-822.9551637758));
#896 = CARTESIAN_POINT('',(-1.382222897824,-823.4565034783));
#897 = CARTESIAN_POINT('',(-1.377185676413,-823.9673547448));
#898 = CARTESIAN_POINT('',(-1.374659297137,-824.4832375362));
#899 = CARTESIAN_POINT('',(-1.374659297137,-825.));
#900 = ( GEOMETRIC_REPRESENTATION_CONTEXT(2) 
PARAMETRIC_REPRESENTATION_CONTEXT() REPRESENTATION_CONTEXT('2D SPACE',''
  ) );
#901 = PCURVE('',#902,#907);
#902 = CYLINDRICAL_SURFACE('',#903,4.95);
#903 = AXIS2_PLACEMENT_3D('',#904,#905,#906);
#904 = CARTESIAN_POINT('',(0.,0.,-675.));
#905 = DIRECTION('',(0.,-1.,0.));
#906 = DIRECTION('',(1.,0.,0.));
#907 = DEFINITIONAL_REPRESENTATION('',(#908),#959);
#908 = B_SPLINE_CURVE_WITH_KNOTS('',7,(#909,#910,#911,#912,#913,#914,
    #915,#916,#917,#918,#919,#920,#921,#922,#923,#924,#925,#926,#927,
    #928,#929,#930,#931,#932,#933,#934,#935,#936,#937,#938,#939,#940,
    #941,#942,#943,#944,#945,#946,#947,#948,#949,#950,#951,#952,#953,
    #954,#955,#956,#957,#958),.UNSPECIFIED.,.F.,.F.,(8,6,6,6,6,6,6,6,8),
  (0.,0.135658878821,0.252998197311,0.365968823625,0.50105588922,
    0.636143012453,0.752987786048,0.865482279994,1.),.UNSPECIFIED.);
#909 = CARTESIAN_POINT('',(0.,-24.91299861518));
#910 = CARTESIAN_POINT('',(0.104396501866,-24.91299861518));
#911 = CARTESIAN_POINT('',(0.208615957227,-24.9255040302));
#912 = CARTESIAN_POINT('',(0.313678032175,-24.95043950934));
#913 = CARTESIAN_POINT('',(0.420502581532,-24.9870831961));
#914 = CARTESIAN_POINT('',(0.530036046686,-25.0340025611));
#915 = CARTESIAN_POINT('',(0.643291932865,-25.08851550782));
#916 = CARTESIAN_POINT('',(0.863928262725,-25.19588843293));
#917 = CARTESIAN_POINT('',(0.973192726427,-25.24951254527));
#918 = CARTESIAN_POINT('',(1.087745041745,-25.30286665389));
#919 = CARTESIAN_POINT('',(1.206693832426,-25.35006828397));
#920 = CARTESIAN_POINT('',(1.329560838445,-25.38465732926));
#921 = CARTESIAN_POINT('',(1.4561705734,-25.40187557185));
#922 = CARTESIAN_POINT('',(1.712296941808,-25.39795594395));
#923 = CARTESIAN_POINT('',(1.833975045288,-25.37833807764));
#924 = CARTESIAN_POINT('',(1.951915739971,-25.3432312573));
#925 = CARTESIAN_POINT('',(2.066033554381,-25.29715898516));
#926 = CARTESIAN_POINT('',(2.175979366391,-25.24579489205));
#927 = CARTESIAN_POINT('',(2.281058449653,-25.19423671029));
#928 = CARTESIAN_POINT('',(2.498299274618,-25.08851621157));
#929 = CARTESIAN_POINT('',(2.611556426082,-25.03400262469));
#930 = CARTESIAN_POINT('',(2.721091004085,-24.98708260075));
#931 = CARTESIAN_POINT('',(2.827915959181,-24.95043912184));
#932 = CARTESIAN_POINT('',(2.932977669873,-24.92550401323));
#933 = CARTESIAN_POINT('',(3.037196196267,-24.91299861518));
#934 = CARTESIAN_POINT('',(3.245989155456,-24.91299861518));
#935 = CARTESIAN_POINT('',(3.350208610817,-24.9255040302));
#936 = CARTESIAN_POINT('',(3.455270685764,-24.95043950934));
#937 = CARTESIAN_POINT('',(3.562095235122,-24.9870831961));
#938 = CARTESIAN_POINT('',(3.671628700275,-25.0340025611));
#939 = CARTESIAN_POINT('',(3.784884586455,-25.08851550782));
#940 = CARTESIAN_POINT('',(4.005520916346,-25.19588843294));
#941 = CARTESIAN_POINT('',(4.114785379979,-25.24951254525));
#942 = CARTESIAN_POINT('',(4.229337695318,-25.30286665388));
#943 = CARTESIAN_POINT('',(4.348286486041,-25.35006828399));
#944 = CARTESIAN_POINT('',(4.471153492064,-25.38465732925));
#945 = CARTESIAN_POINT('',(4.597763226959,-25.40187557185));
#946 = CARTESIAN_POINT('',(4.853889595419,-25.39795594395));
#947 = CARTESIAN_POINT('',(4.975567698858,-25.37833807763));
#948 = CARTESIAN_POINT('',(5.093508393545,-25.34323125732));
#949 = CARTESIAN_POINT('',(5.207626207983,-25.29715898516));
#950 = CARTESIAN_POINT('',(5.317572020006,-25.24579489204));
#951 = CARTESIAN_POINT('',(5.422651103222,-25.1942367103));
#952 = CARTESIAN_POINT('',(5.639891928208,-25.08851621157));
#953 = CARTESIAN_POINT('',(5.753149079672,-25.03400262469));
#954 = CARTESIAN_POINT('',(5.862683657675,-24.98708260075));
#955 = CARTESIAN_POINT('',(5.96950861277,-24.95043912184));
#956 = CARTESIAN_POINT('',(6.074570323463,-24.92550401323));
#957 = CARTESIAN_POINT('',(6.178788849857,-24.91299861518));
#958 = CARTESIAN_POINT('',(6.28318530718,-24.91299861518));
#959 = ( GEOMETRIC_REPRESENTATION_CONTEXT(2) 
PARAMETRIC_REPRESENTATION_CONTEXT() REPRESENTATION_CONTEXT('2D SPACE',''
  ) );
#960 = FACE_BOUND('',#961,.F.);
#961 = EDGE_LOOP('',(#962));
#962 = ORIENTED_EDGE('',*,*,#963,.T.);
#963 = EDGE_CURVE('',#964,#964,#966,.T.);
#964 = VERTEX_POINT('',#965);
#965 = CARTESIAN_POINT('',(4.95,-24.91299861518,-75.));
#966 = SURFACE_CURVE('',#967,(#1018,#1072),.PCURVE_S1.);
#967 = B_SPLINE_CURVE_WITH_KNOTS('',7,(#968,#969,#970,#971,#972,#973,
    #974,#975,#976,#977,#978,#979,#980,#981,#982,#983,#984,#985,#986,
    #987,#988,#989,#990,#991,#992,#993,#994,#995,#996,#997,#998,#999,
    #1000,#1001,#1002,#1003,#1004,#1005,#1006,#1007,#1008,#1009,#1010,
    #1011,#1012,#1013,#1014,#1015,#1016,#1017),.UNSPECIFIED.,.T.,.F.,(8,
    6,6,6,6,6,6,6,8),(0.,0.13565887936,0.252998198317,0.365968825095,
    0.501055889661,0.636143013211,0.752987787044,0.86548228124,1.),
  .UNSPECIFIED.);
#968 = CARTESIAN_POINT('',(4.95,-24.91299861518,-75.));
#969 = CARTESIAN_POINT('',(4.95,-24.91299861518,-74.48323731576));
#970 = CARTESIAN_POINT('',(4.887060147745,-24.9255040302,-73.96734989468
    ));
#971 = CARTESIAN_POINT('',(4.761566454318,-24.95043950934,
    -73.45649699973));
#972 = CARTESIAN_POINT('',(4.571889757983,-24.9870831961,-72.95515959724
    ));
#973 = CARTESIAN_POINT('',(4.31497484092,-25.0340025611,-72.46945355458)
  );
#974 = CARTESIAN_POINT('',(3.986604879489,-25.08851550782,
    -72.00793921002));
#975 = CARTESIAN_POINT('',(3.232935202477,-25.19588843293,
    -71.21751320131));
#976 = CARTESIAN_POINT('',(2.815934727617,-25.24951254527,
    -70.86780616458));
#977 = CARTESIAN_POINT('',(2.332399075997,-25.30286665389,
    -70.55733509289));
#978 = CARTESIAN_POINT('',(1.788623415405,-25.35006828397,-70.3055110385
    ));
#979 = CARTESIAN_POINT('',(1.195519365407,-25.38465732926,
    -70.12875716457));
#980 = CARTESIAN_POINT('',(0.567319469029,-25.40187557185,
    -70.04037465024));
#981 = CARTESIAN_POINT('',(-0.700346470521,-25.39795594395,
    -70.06048992415));
#982 = CARTESIAN_POINT('',(-1.3011309674,-25.37833807763,-70.16118667989
    ));
#983 = CARTESIAN_POINT('',(-1.866105924475,-25.34323125731,
    -70.34214442135));
#984 = CARTESIAN_POINT('',(-2.383550102957,-25.29715898516,
    -70.59076077529));
#985 = CARTESIAN_POINT('',(-2.844679728473,-25.24579489204,
    -70.89223681088));
#986 = CARTESIAN_POINT('',(-3.244528937651,-25.1942367103,
    -71.22967236082));
#987 = CARTESIAN_POINT('',(-3.986599935074,-25.08851621223,
    -72.00793402447));
#988 = CARTESIAN_POINT('',(-4.314975683354,-25.03400262261,
    -72.46945159146));
#989 = CARTESIAN_POINT('',(-4.571892540456,-24.98708260368,
    -72.95516373853));
#990 = CARTESIAN_POINT('',(-4.761568520802,-24.95043911974,
    -73.45650351604));
#991 = CARTESIAN_POINT('',(-4.887060203805,-24.92550401388,
    -73.96735472407));
#992 = CARTESIAN_POINT('',(-4.95,-24.91299861518,-74.4832375414));
#993 = CARTESIAN_POINT('',(-4.95,-24.91299861518,-75.51676268423));
#994 = CARTESIAN_POINT('',(-4.887060147744,-24.9255040302,
    -76.03265010532));
#995 = CARTESIAN_POINT('',(-4.76156645432,-24.95043950934,
    -76.54350300026));
#996 = CARTESIAN_POINT('',(-4.571889757981,-24.9870831961,
    -77.04484040275));
#997 = CARTESIAN_POINT('',(-4.31497484092,-25.0340025611,-77.53054644541
    ));
#998 = CARTESIAN_POINT('',(-3.986604879489,-25.08851550782,
    -77.99206078997));
#999 = CARTESIAN_POINT('',(-3.232935202477,-25.19588843293,
    -78.78248679868));
#1000 = CARTESIAN_POINT('',(-2.815934727617,-25.24951254527,
    -79.13219383541));
#1001 = CARTESIAN_POINT('',(-2.332399075997,-25.30286665389,
    -79.4426649071));
#1002 = CARTESIAN_POINT('',(-1.788623415406,-25.35006828397,
    -79.69448896149));
#1003 = CARTESIAN_POINT('',(-1.195519365407,-25.38465732926,
    -79.87124283542));
#1004 = CARTESIAN_POINT('',(-0.567319469029,-25.40187557185,
    -79.95962534975));
#1005 = CARTESIAN_POINT('',(0.700346470509,-25.39795594395,
    -79.93951007585));
#1006 = CARTESIAN_POINT('',(1.301130967413,-25.37833807763,
    -79.8388133201));
#1007 = CARTESIAN_POINT('',(1.866105924482,-25.34323125731,
    -79.65785557863));
#1008 = CARTESIAN_POINT('',(2.383550102948,-25.29715898516,
    -79.4092392247));
#1009 = CARTESIAN_POINT('',(2.844679728467,-25.24579489205,
    -79.10776318912));
#1010 = CARTESIAN_POINT('',(3.244528937658,-25.1942367103,
    -78.77032763916));
#1011 = CARTESIAN_POINT('',(3.986599935074,-25.08851621223,
    -77.99206597552));
#1012 = CARTESIAN_POINT('',(4.314975683353,-25.03400262261,
    -77.53054840853));
#1013 = CARTESIAN_POINT('',(4.571892540457,-24.98708260368,
    -77.04483626146));
#1014 = CARTESIAN_POINT('',(4.761568520802,-24.95043911974,
    -76.54349648395));
#1015 = CARTESIAN_POINT('',(4.887060203805,-24.92550401388,
    -76.03264527592));
#1016 = CARTESIAN_POINT('',(4.95,-24.91299861518,-75.51676245859));
#1017 = CARTESIAN_POINT('',(4.95,-24.91299861518,-75.));
#1018 = PCURVE('',#32,#1019);
#1019 = DEFINITIONAL_REPRESENTATION('',(#1020),#1071);
#1020 = B_SPLINE_CURVE_WITH_KNOTS('',7,(#1021,#1022,#1023,#1024,#1025,
    #1026,#1027,#1028,#1029,#1030,#1031,#1032,#1033,#1034,#1035,#1036,
    #1037,#1038,#1039,#1040,#1041,#1042,#1043,#1044,#1045,#1046,#1047,
    #1048,#1049,#1050,#1051,#1052,#1053,#1054,#1055,#1056,#1057,#1058,
    #1059,#1060,#1061,#1062,#1063,#1064,#1065,#1066,#1067,#1068,#1069,
    #1070),.UNSPECIFIED.,.T.,.F.,(8,6,6,6,6,6,6,6,8),(0.,0.13565887936,
    0.252998198317,0.365968825095,0.501055889661,0.636143013211,
    0.752987787044,0.86548228124,1.),.UNSPECIFIED.);
#1021 = CARTESIAN_POINT('',(-4.908526010042,-1.425E+03));
#1022 = CARTESIAN_POINT('',(-4.908526010042,-1.425516762684E+03));
#1023 = CARTESIAN_POINT('',(-4.90599962835,-1.426032650105E+03));
#1024 = CARTESIAN_POINT('',(-4.900962326963,-1.426543503E+03));
#1025 = CARTESIAN_POINT('',(-4.893356820354,-1.427044840403E+03));
#1026 = CARTESIAN_POINT('',(-4.883075867755,-1.427530546445E+03));
#1027 = CARTESIAN_POINT('',(-4.86997444532,-1.42799206079E+03));
#1028 = CARTESIAN_POINT('',(-4.840002799826,-1.428782486799E+03));
#1029 = CARTESIAN_POINT('',(-4.823451827206,-1.429132193835E+03));
#1030 = CARTESIAN_POINT('',(-4.80430452954,-1.429442664907E+03));
#1031 = CARTESIAN_POINT('',(-4.78282754074,-1.429694488961E+03));
#1032 = CARTESIAN_POINT('',(-4.759454600192,-1.429871242835E+03));
#1033 = CARTESIAN_POINT('',(-4.734724509173,-1.42995962535E+03));
#1034 = CARTESIAN_POINT('',(-4.684816162745,-1.429939510076E+03));
#1035 = CARTESIAN_POINT('',(-4.661160939428,-1.42983881332E+03));
#1036 = CARTESIAN_POINT('',(-4.638889785016,-1.429657855579E+03));
#1037 = CARTESIAN_POINT('',(-4.618447587992,-1.429409239225E+03));
#1038 = CARTESIAN_POINT('',(-4.600185118917,-1.429107763189E+03));
#1039 = CARTESIAN_POINT('',(-4.584314105747,-1.428770327639E+03));
#1040 = CARTESIAN_POINT('',(-4.554803712077,-1.427992065976E+03));
#1041 = CARTESIAN_POINT('',(-4.541702060559,-1.427530548409E+03));
#1042 = CARTESIAN_POINT('',(-4.531421028722,-1.427044836261E+03));
#1043 = CARTESIAN_POINT('',(-4.523815550866,-1.426543496484E+03));
#1044 = CARTESIAN_POINT('',(-4.51877833017,-1.426032645276E+03));
#1045 = CARTESIAN_POINT('',(-4.516251950727,-1.425516762459E+03));
#1046 = CARTESIAN_POINT('',(-4.516251950727,-1.424483237316E+03));
#1047 = CARTESIAN_POINT('',(-4.51877833242,-1.423967349895E+03));
#1048 = CARTESIAN_POINT('',(-4.523815633806,-1.423456497E+03));
#1049 = CARTESIAN_POINT('',(-4.531421140415,-1.422955159597E+03));
#1050 = CARTESIAN_POINT('',(-4.541702093014,-1.422469453555E+03));
#1051 = CARTESIAN_POINT('',(-4.554803515449,-1.42200793921E+03));
#1052 = CARTESIAN_POINT('',(-4.584775160943,-1.421217513201E+03));
#1053 = CARTESIAN_POINT('',(-4.601326133564,-1.420867806165E+03));
#1054 = CARTESIAN_POINT('',(-4.620473431229,-1.420557335093E+03));
#1055 = CARTESIAN_POINT('',(-4.641950420029,-1.420305511039E+03));
#1056 = CARTESIAN_POINT('',(-4.665323360577,-1.420128757165E+03));
#1057 = CARTESIAN_POINT('',(-4.690053451596,-1.42004037465E+03));
#1058 = CARTESIAN_POINT('',(-4.739961798024,-1.420060489924E+03));
#1059 = CARTESIAN_POINT('',(-4.763617021342,-1.42016118668E+03));
#1060 = CARTESIAN_POINT('',(-4.785888175753,-1.420342144421E+03));
#1061 = CARTESIAN_POINT('',(-4.806330372777,-1.420590760775E+03));
#1062 = CARTESIAN_POINT('',(-4.824592841852,-1.420892236811E+03));
#1063 = CARTESIAN_POINT('',(-4.840463855023,-1.421229672361E+03));
#1064 = CARTESIAN_POINT('',(-4.869974248692,-1.422007934024E+03));
#1065 = CARTESIAN_POINT('',(-4.88307590021,-1.422469451591E+03));
#1066 = CARTESIAN_POINT('',(-4.893356932048,-1.422955163739E+03));
#1067 = CARTESIAN_POINT('',(-4.900962409903,-1.423456503516E+03));
#1068 = CARTESIAN_POINT('',(-4.905999630599,-1.423967354724E+03));
#1069 = CARTESIAN_POINT('',(-4.908526010042,-1.424483237541E+03));
#1070 = CARTESIAN_POINT('',(-4.908526010042,-1.425E+03));
#1071 = ( GEOMETRIC_REPRESENTATION_CONTEXT(2) 
PARAMETRIC_REPRESENTATION_CONTEXT() REPRESENTATION_CONTEXT('2D SPACE',''
  ) );
#1072 = PCURVE('',#1073,#1078);
#1073 = CYLINDRICAL_SURFACE('',#1074,4.95);
#1074 = AXIS2_PLACEMENT_3D('',#1075,#1076,#1077);
#1075 = CARTESIAN_POINT('',(0.,0.,-75.));
#1076 = DIRECTION('',(-0.,1.,-0.));
#1077 = DIRECTION('',(1.,0.,0.));
#1078 = DEFINITIONAL_REPRESENTATION('',(#1079),#1130);
#1079 = B_SPLINE_CURVE_WITH_KNOTS('',7,(#1080,#1081,#1082,#1083,#1084,
    #1085,#1086,#1087,#1088,#1089,#1090,#1091,#1092,#1093,#1094,#1095,
    #1096,#1097,#1098,#1099,#1100,#1101,#1102,#1103,#1104,#1105,#1106,
    #1107,#1108,#1109,#1110,#1111,#1112,#1113,#1114,#1115,#1116,#1117,
    #1118,#1119,#1120,#1121,#1122,#1123,#1124,#1125,#1126,#1127,#1128,
    #1129),.UNSPECIFIED.,.F.,.F.,(8,6,6,6,6,6,6,6,8),(0.,0.13565887936,
    0.252998198317,0.365968825095,0.501055889661,0.636143013211,
    0.752987787044,0.86548228124,1.),.UNSPECIFIED.);
#1080 = CARTESIAN_POINT('',(0.,-24.91299861518));
#1081 = CARTESIAN_POINT('',(-0.104396501866,-24.91299861518));
#1082 = CARTESIAN_POINT('',(-0.208615957226,-24.9255040302));
#1083 = CARTESIAN_POINT('',(-0.313678032176,-24.95043950934));
#1084 = CARTESIAN_POINT('',(-0.420502581531,-24.9870831961));
#1085 = CARTESIAN_POINT('',(-0.530036046686,-25.0340025611));
#1086 = CARTESIAN_POINT('',(-0.643291932865,-25.08851550782));
#1087 = CARTESIAN_POINT('',(-0.863928262725,-25.19588843293));
#1088 = CARTESIAN_POINT('',(-0.973192726427,-25.24951254527));
#1089 = CARTESIAN_POINT('',(-1.087745041744,-25.30286665389));
#1090 = CARTESIAN_POINT('',(-1.206693832427,-25.35006828397));
#1091 = CARTESIAN_POINT('',(-1.329560838444,-25.38465732926));
#1092 = CARTESIAN_POINT('',(-1.456170573401,-25.40187557185));
#1093 = CARTESIAN_POINT('',(-1.712296941824,-25.39795594395));
#1094 = CARTESIAN_POINT('',(-1.833975045273,-25.37833807763));
#1095 = CARTESIAN_POINT('',(-1.951915739959,-25.34323125731));
#1096 = CARTESIAN_POINT('',(-2.06603355439,-25.29715898516));
#1097 = CARTESIAN_POINT('',(-2.17597936641,-25.24579489204));
#1098 = CARTESIAN_POINT('',(-2.281058449637,-25.1942367103));
#1099 = CARTESIAN_POINT('',(-2.49829927325,-25.08851621223));
#1100 = CARTESIAN_POINT('',(-2.611556431239,-25.03400262261));
#1101 = CARTESIAN_POINT('',(-2.721090995125,-24.98708260368));
#1102 = CARTESIAN_POINT('',(-2.827915967755,-24.95043911974));
#1103 = CARTESIAN_POINT('',(-2.932977665393,-24.92550401388));
#1104 = CARTESIAN_POINT('',(-3.037196197308,-24.91299861518));
#1105 = CARTESIAN_POINT('',(-3.245989155456,-24.91299861518));
#1106 = CARTESIAN_POINT('',(-3.350208610816,-24.9255040302));
#1107 = CARTESIAN_POINT('',(-3.455270685766,-24.95043950934));
#1108 = CARTESIAN_POINT('',(-3.562095235121,-24.9870831961));
#1109 = CARTESIAN_POINT('',(-3.671628700276,-25.0340025611));
#1110 = CARTESIAN_POINT('',(-3.784884586455,-25.08851550782));
#1111 = CARTESIAN_POINT('',(-4.005520916314,-25.19588843293));
#1112 = CARTESIAN_POINT('',(-4.114785380017,-25.24951254527));
#1113 = CARTESIAN_POINT('',(-4.229337695335,-25.30286665389));
#1114 = CARTESIAN_POINT('',(-4.348286486017,-25.35006828397));
#1115 = CARTESIAN_POINT('',(-4.471153492034,-25.38465732926));
#1116 = CARTESIAN_POINT('',(-4.59776322699,-25.40187557185));
#1117 = CARTESIAN_POINT('',(-4.853889595412,-25.39795594395));
#1118 = CARTESIAN_POINT('',(-4.975567698866,-25.37833807763));
#1119 = CARTESIAN_POINT('',(-5.09350839355,-25.34323125731));
#1120 = CARTESIAN_POINT('',(-5.207626207978,-25.29715898516));
#1121 = CARTESIAN_POINT('',(-5.317572019998,-25.24579489205));
#1122 = CARTESIAN_POINT('',(-5.422651103229,-25.1942367103));
#1123 = CARTESIAN_POINT('',(-5.63989192684,-25.08851621223));
#1124 = CARTESIAN_POINT('',(-5.753149084828,-25.03400262261));
#1125 = CARTESIAN_POINT('',(-5.862683648715,-24.98708260368));
#1126 = CARTESIAN_POINT('',(-5.969508621345,-24.95043911974));
#1127 = CARTESIAN_POINT('',(-6.074570318982,-24.92550401388));
#1128 = CARTESIAN_POINT('',(-6.178788850898,-24.91299861518));
#1129 = CARTESIAN_POINT('',(-6.28318530718,-24.91299861518));
#1130 = ( GEOMETRIC_REPRESENTATION_CONTEXT(2) 
PARAMETRIC_REPRESENTATION_CONTEXT() REPRESENTATION_CONTEXT('2D SPACE',''
  ) );
#1131 = FACE_BOUND('',#1132,.F.);
#1132 = EDGE_LOOP('',(#1133));
#1133 = ORIENTED_EDGE('',*,*,#1134,.T.);
#1134 = EDGE_CURVE('',#1135,#1135,#1137,.T.);
#1135 = VERTEX_POINT('',#1136);
#1136 = CARTESIAN_POINT('',(4.95,-24.91299861518,-225.));
#1137 = SURFACE_CURVE('',#1138,(#1189,#1243),.PCURVE_S1.);
#1138 = B_SPLINE_CURVE_WITH_KNOTS('',7,(#1139,#1140,#1141,#1142,#1143,
    #1144,#1145,#1146,#1147,#1148,#1149,#1150,#1151,#1152,#1153,#1154,
    #1155,#1156,#1157,#1158,#1159,#1160,#1161,#1162,#1163,#1164,#1165,
    #1166,#1167,#1168,#1169,#1170,#1171,#1172,#1173,#1174,#1175,#1176,
    #1177,#1178,#1179,#1180,#1181,#1182,#1183,#1184,#1185,#1186,#1187,
    #1188),.UNSPECIFIED.,.T.,.F.,(8,6,6,6,6,6,6,6,8),(0.,0.135658879549,
    0.25299819867,0.365968825611,0.501055890363,0.636143012629,
    0.75298778665,0.865482281022,1.),.UNSPECIFIED.);
#1139 = CARTESIAN_POINT('',(4.95,-24.91299861518,-225.));
#1140 = CARTESIAN_POINT('',(4.95,-24.91299861518,-224.4832373157));
#1141 = CARTESIAN_POINT('',(4.887060147745,-24.9255040302,
    -223.9673498946));
#1142 = CARTESIAN_POINT('',(4.761566454319,-24.95043950934,
    -223.4564969997));
#1143 = CARTESIAN_POINT('',(4.571889757982,-24.9870831961,
    -222.9551595972));
#1144 = CARTESIAN_POINT('',(4.31497484092,-25.0340025611,-222.4694535545
    ));
#1145 = CARTESIAN_POINT('',(3.986604879489,-25.08851550782,-222.00793921
    ));
#1146 = CARTESIAN_POINT('',(3.232935202477,-25.19588843293,
    -221.2175132013));
#1147 = CARTESIAN_POINT('',(2.815934727617,-25.24951254527,
    -220.8678061645));
#1148 = CARTESIAN_POINT('',(2.332399075998,-25.30286665389,
    -220.5573350928));
#1149 = CARTESIAN_POINT('',(1.788623415406,-25.35006828397,
    -220.3055110385));
#1150 = CARTESIAN_POINT('',(1.195519365406,-25.38465732926,
    -220.1287571645));
#1151 = CARTESIAN_POINT('',(0.567319469029,-25.40187557185,
    -220.0403746502));
#1152 = CARTESIAN_POINT('',(-0.700346470556,-25.39795594395,
    -220.0604899241));
#1153 = CARTESIAN_POINT('',(-1.301130967367,-25.37833807763,
    -220.1611866799));
#1154 = CARTESIAN_POINT('',(-1.866105924444,-25.34323125732,
    -220.3421444213));
#1155 = CARTESIAN_POINT('',(-2.383550102989,-25.29715898516,
    -220.5907607752));
#1156 = CARTESIAN_POINT('',(-2.844679728496,-25.24579489204,
    -220.8922368109));
#1157 = CARTESIAN_POINT('',(-3.244528937626,-25.1942367103,
    -221.2296723608));
#1158 = CARTESIAN_POINT('',(-3.986599935074,-25.08851621223,
    -222.0079340244));
#1159 = CARTESIAN_POINT('',(-4.314975683352,-25.03400262261,
    -222.4694515914));
#1160 = CARTESIAN_POINT('',(-4.571892540457,-24.98708260368,
    -222.9551637385));
#1161 = CARTESIAN_POINT('',(-4.761568520802,-24.95043911974,
    -223.456503516));
#1162 = CARTESIAN_POINT('',(-4.887060203805,-24.92550401388,
    -223.967354724));
#1163 = CARTESIAN_POINT('',(-4.95,-24.91299861518,-224.4832375414));
#1164 = CARTESIAN_POINT('',(-4.95,-24.91299861518,-225.5167626786));
#1165 = CARTESIAN_POINT('',(-4.887060143662,-24.92550403083,
    -226.0326501268));
#1166 = CARTESIAN_POINT('',(-4.761566467593,-24.95043950732,
    -226.5435029623));
#1167 = CARTESIAN_POINT('',(-4.5718897392,-24.98708319892,
    -227.0448404395));
#1168 = CARTESIAN_POINT('',(-4.314974854557,-25.0340025591,
    -227.5305464258));
#1169 = CARTESIAN_POINT('',(-3.986604874995,-25.08851550846,
    -227.9920607946));
#1170 = CARTESIAN_POINT('',(-3.232935202477,-25.19588843293,
    -228.7824867986));
#1171 = CARTESIAN_POINT('',(-2.815934727618,-25.24951254527,
    -229.1321938354));
#1172 = CARTESIAN_POINT('',(-2.332399075997,-25.30286665389,
    -229.4426649071));
#1173 = CARTESIAN_POINT('',(-1.788623415405,-25.35006828397,
    -229.6944889614));
#1174 = CARTESIAN_POINT('',(-1.195519365408,-25.38465732926,
    -229.8712428354));
#1175 = CARTESIAN_POINT('',(-0.567319469029,-25.40187557185,
    -229.9596253497));
#1176 = CARTESIAN_POINT('',(0.70034647048,-25.39795594395,
    -229.9395100758));
#1177 = CARTESIAN_POINT('',(1.301130967439,-25.37833807764,
    -229.8388133201));
#1178 = CARTESIAN_POINT('',(1.866105924507,-25.34323125731,
    -229.6578555786));
#1179 = CARTESIAN_POINT('',(2.383550102921,-25.29715898516,
    -229.4092392247));
#1180 = CARTESIAN_POINT('',(2.844679728449,-25.24579489205,
    -229.1077631891));
#1181 = CARTESIAN_POINT('',(3.244528937678,-25.1942367103,
    -228.7703276391));
#1182 = CARTESIAN_POINT('',(3.986599935074,-25.08851621223,
    -227.9920659755));
#1183 = CARTESIAN_POINT('',(4.314975683353,-25.03400262261,
    -227.5305484085));
#1184 = CARTESIAN_POINT('',(4.571892540456,-24.98708260368,
    -227.0448362614));
#1185 = CARTESIAN_POINT('',(4.761568520803,-24.95043911974,
    -226.5434964839));
#1186 = CARTESIAN_POINT('',(4.887060203804,-24.92550401388,
    -226.0326452759));
#1187 = CARTESIAN_POINT('',(4.95,-24.91299861518,-225.5167624585));
#1188 = CARTESIAN_POINT('',(4.95,-24.91299861518,-225.));
#1189 = PCURVE('',#32,#1190);
#1190 = DEFINITIONAL_REPRESENTATION('',(#1191),#1242);
#1191 = B_SPLINE_CURVE_WITH_KNOTS('',7,(#1192,#1193,#1194,#1195,#1196,
    #1197,#1198,#1199,#1200,#1201,#1202,#1203,#1204,#1205,#1206,#1207,
    #1208,#1209,#1210,#1211,#1212,#1213,#1214,#1215,#1216,#1217,#1218,
    #1219,#1220,#1221,#1222,#1223,#1224,#1225,#1226,#1227,#1228,#1229,
    #1230,#1231,#1232,#1233,#1234,#1235,#1236,#1237,#1238,#1239,#1240,
    #1241),.UNSPECIFIED.,.T.,.F.,(8,6,6,6,6,6,6,6,8),(0.,0.135658879549,
    0.25299819867,0.365968825611,0.501055890363,0.636143012629,
    0.75298778665,0.865482281022,1.),.UNSPECIFIED.);
#1192 = CARTESIAN_POINT('',(-4.908526010042,-1.275E+03));
#1193 = CARTESIAN_POINT('',(-4.908526010042,-1.275516762684E+03));
#1194 = CARTESIAN_POINT('',(-4.90599962835,-1.276032650105E+03));
#1195 = CARTESIAN_POINT('',(-4.900962326963,-1.276543503E+03));
#1196 = CARTESIAN_POINT('',(-4.893356820354,-1.277044840403E+03));
#1197 = CARTESIAN_POINT('',(-4.883075867755,-1.277530546445E+03));
#1198 = CARTESIAN_POINT('',(-4.86997444532,-1.27799206079E+03));
#1199 = CARTESIAN_POINT('',(-4.840002799826,-1.278782486799E+03));
#1200 = CARTESIAN_POINT('',(-4.823451827206,-1.279132193835E+03));
#1201 = CARTESIAN_POINT('',(-4.80430452954,-1.279442664907E+03));
#1202 = CARTESIAN_POINT('',(-4.78282754074,-1.279694488961E+03));
#1203 = CARTESIAN_POINT('',(-4.759454600192,-1.279871242835E+03));
#1204 = CARTESIAN_POINT('',(-4.734724509173,-1.27995962535E+03));
#1205 = CARTESIAN_POINT('',(-4.684816162743,-1.279939510076E+03));
#1206 = CARTESIAN_POINT('',(-4.661160939429,-1.27983881332E+03));
#1207 = CARTESIAN_POINT('',(-4.638889785018,-1.279657855579E+03));
#1208 = CARTESIAN_POINT('',(-4.61844758799,-1.279409239225E+03));
#1209 = CARTESIAN_POINT('',(-4.600185118916,-1.279107763189E+03));
#1210 = CARTESIAN_POINT('',(-4.584314105748,-1.278770327639E+03));
#1211 = CARTESIAN_POINT('',(-4.554803712077,-1.277992065976E+03));
#1212 = CARTESIAN_POINT('',(-4.541702060559,-1.277530548409E+03));
#1213 = CARTESIAN_POINT('',(-4.531421028721,-1.277044836261E+03));
#1214 = CARTESIAN_POINT('',(-4.523815550866,-1.276543496484E+03));
#1215 = CARTESIAN_POINT('',(-4.51877833017,-1.276032645276E+03));
#1216 = CARTESIAN_POINT('',(-4.516251950727,-1.275516762459E+03));
#1217 = CARTESIAN_POINT('',(-4.516251950727,-1.274483237321E+03));
#1218 = CARTESIAN_POINT('',(-4.518778332583,-1.273967349873E+03));
#1219 = CARTESIAN_POINT('',(-4.523815633277,-1.273456497038E+03));
#1220 = CARTESIAN_POINT('',(-4.531421141163,-1.27295515956E+03));
#1221 = CARTESIAN_POINT('',(-4.541702092471,-1.272469453574E+03));
#1222 = CARTESIAN_POINT('',(-4.554803515628,-1.272007939205E+03));
#1223 = CARTESIAN_POINT('',(-4.584775160943,-1.271217513201E+03));
#1224 = CARTESIAN_POINT('',(-4.601326133564,-1.270867806165E+03));
#1225 = CARTESIAN_POINT('',(-4.620473431229,-1.270557335093E+03));
#1226 = CARTESIAN_POINT('',(-4.641950420029,-1.270305511039E+03));
#1227 = CARTESIAN_POINT('',(-4.665323360577,-1.270128757165E+03));
#1228 = CARTESIAN_POINT('',(-4.690053451596,-1.27004037465E+03));
#1229 = CARTESIAN_POINT('',(-4.739961798023,-1.270060489924E+03));
#1230 = CARTESIAN_POINT('',(-4.763617021343,-1.27016118668E+03));
#1231 = CARTESIAN_POINT('',(-4.785888175754,-1.270342144421E+03));
#1232 = CARTESIAN_POINT('',(-4.806330372776,-1.270590760775E+03));
#1233 = CARTESIAN_POINT('',(-4.824592841851,-1.270892236811E+03));
#1234 = CARTESIAN_POINT('',(-4.840463855023,-1.271229672361E+03));
#1235 = CARTESIAN_POINT('',(-4.869974248692,-1.272007934024E+03));
#1236 = CARTESIAN_POINT('',(-4.88307590021,-1.272469451591E+03));
#1237 = CARTESIAN_POINT('',(-4.893356932048,-1.272955163739E+03));
#1238 = CARTESIAN_POINT('',(-4.900962409903,-1.273456503516E+03));
#1239 = CARTESIAN_POINT('',(-4.905999630599,-1.273967354724E+03));
#1240 = CARTESIAN_POINT('',(-4.908526010042,-1.274483237541E+03));
#1241 = CARTESIAN_POINT('',(-4.908526010042,-1.275E+03));
#1242 = ( GEOMETRIC_REPRESENTATION_CONTEXT(2) 
PARAMETRIC_REPRESENTATION_CONTEXT() REPRESENTATION_CONTEXT('2D SPACE',''
  ) );
#1243 = PCURVE('',#1244,#1249);
#1244 = CYLINDRICAL_SURFACE('',#1245,4.95);
#1245 = AXIS2_PLACEMENT_3D('',#1246,#1247,#1248);
#1246 = CARTESIAN_POINT('',(0.,0.,-225.));
#1247 = DIRECTION('',(-0.,1.,-0.));
#1248 = DIRECTION('',(1.,0.,0.));
#1249 = DEFINITIONAL_REPRESENTATION('',(#1250),#1301);
#1250 = B_SPLINE_CURVE_WITH_KNOTS('',7,(#1251,#1252,#1253,#1254,#1255,
    #1256,#1257,#1258,#1259,#1260,#1261,#1262,#1263,#1264,#1265,#1266,
    #1267,#1268,#1269,#1270,#1271,#1272,#1273,#1274,#1275,#1276,#1277,
    #1278,#1279,#1280,#1281,#1282,#1283,#1284,#1285,#1286,#1287,#1288,
    #1289,#1290,#1291,#1292,#1293,#1294,#1295,#1296,#1297,#1298,#1299,
    #1300),.UNSPECIFIED.,.F.,.F.,(8,6,6,6,6,6,6,6,8),(0.,0.135658879549,
    0.25299819867,0.365968825611,0.501055890363,0.636143012629,
    0.75298778665,0.865482281022,1.),.UNSPECIFIED.);
#1251 = CARTESIAN_POINT('',(0.,-24.91299861518));
#1252 = CARTESIAN_POINT('',(-0.104396501866,-24.91299861518));
#1253 = CARTESIAN_POINT('',(-0.208615957226,-24.9255040302));
#1254 = CARTESIAN_POINT('',(-0.313678032176,-24.95043950934));
#1255 = CARTESIAN_POINT('',(-0.420502581531,-24.9870831961));
#1256 = CARTESIAN_POINT('',(-0.530036046686,-25.0340025611));
#1257 = CARTESIAN_POINT('',(-0.643291932865,-25.08851550782));
#1258 = CARTESIAN_POINT('',(-0.863928262724,-25.19588843293));
#1259 = CARTESIAN_POINT('',(-0.973192726427,-25.24951254527));
#1260 = CARTESIAN_POINT('',(-1.087745041744,-25.30286665389));
#1261 = CARTESIAN_POINT('',(-1.206693832427,-25.35006828397));
#1262 = CARTESIAN_POINT('',(-1.329560838444,-25.38465732926));
#1263 = CARTESIAN_POINT('',(-1.456170573401,-25.40187557185));
#1264 = CARTESIAN_POINT('',(-1.712296941832,-25.39795594395));
#1265 = CARTESIAN_POINT('',(-1.833975045267,-25.37833807763));
#1266 = CARTESIAN_POINT('',(-1.951915739953,-25.34323125732));
#1267 = CARTESIAN_POINT('',(-2.066033554394,-25.29715898516));
#1268 = CARTESIAN_POINT('',(-2.175979366418,-25.24579489204));
#1269 = CARTESIAN_POINT('',(-2.28105844963,-25.1942367103));
#1270 = CARTESIAN_POINT('',(-2.49829927325,-25.08851621223));
#1271 = CARTESIAN_POINT('',(-2.611556431238,-25.03400262261));
#1272 = CARTESIAN_POINT('',(-2.721090995125,-24.98708260368));
#1273 = CARTESIAN_POINT('',(-2.827915967755,-24.95043911974));
#1274 = CARTESIAN_POINT('',(-2.932977665393,-24.92550401388));
#1275 = CARTESIAN_POINT('',(-3.037196197308,-24.91299861518));
#1276 = CARTESIAN_POINT('',(-3.245989154319,-24.91299861518));
#1277 = CARTESIAN_POINT('',(-3.350208615438,-24.92550403083));
#1278 = CARTESIAN_POINT('',(-3.455270677179,-24.95043950732));
#1279 = CARTESIAN_POINT('',(-3.56209524393,-24.98708319892));
#1280 = CARTESIAN_POINT('',(-3.67162869527,-25.0340025591));
#1281 = CARTESIAN_POINT('',(-3.78488458777,-25.08851550846));
#1282 = CARTESIAN_POINT('',(-4.005520916315,-25.19588843293));
#1283 = CARTESIAN_POINT('',(-4.114785380017,-25.24951254527));
#1284 = CARTESIAN_POINT('',(-4.229337695334,-25.30286665389));
#1285 = CARTESIAN_POINT('',(-4.348286486017,-25.35006828397));
#1286 = CARTESIAN_POINT('',(-4.471153492034,-25.38465732926));
#1287 = CARTESIAN_POINT('',(-4.597763226991,-25.40187557185));
#1288 = CARTESIAN_POINT('',(-4.853889595406,-25.39795594395));
#1289 = CARTESIAN_POINT('',(-4.975567698871,-25.37833807764));
#1290 = CARTESIAN_POINT('',(-5.093508393555,-25.34323125731));
#1291 = CARTESIAN_POINT('',(-5.207626207975,-25.29715898516));
#1292 = CARTESIAN_POINT('',(-5.317572019991,-25.24579489205));
#1293 = CARTESIAN_POINT('',(-5.422651103234,-25.1942367103));
#1294 = CARTESIAN_POINT('',(-5.63989192684,-25.08851621223));
#1295 = CARTESIAN_POINT('',(-5.753149084828,-25.03400262261));
#1296 = CARTESIAN_POINT('',(-5.862683648715,-24.98708260368));
#1297 = CARTESIAN_POINT('',(-5.969508621345,-24.95043911974));
#1298 = CARTESIAN_POINT('',(-6.074570318982,-24.92550401388));
#1299 = CARTESIAN_POINT('',(-6.178788850898,-24.91299861518));
#1300 = CARTESIAN_POINT('',(-6.28318530718,-24.91299861518));
#1301 = ( GEOMETRIC_REPRESENTATION_CONTEXT(2) 
PARAMETRIC_REPRESENTATION_CONTEXT() REPRESENTATION_CONTEXT('2D SPACE',''
  ) );
#1302 = FACE_BOUND('',#1303,.F.);
#1303 = EDGE_LOOP('',(#1304));
#1304 = ORIENTED_EDGE('',*,*,#1305,.T.);
#1305 = EDGE_CURVE('',#1306,#1306,#1308,.T.);
#1306 = VERTEX_POINT('',#1307);
#1307 = CARTESIAN_POINT('',(4.95,-24.91299861518,-375.));
#1308 = SURFACE_CURVE('',#1309,(#1360,#1414),.PCURVE_S1.);
#1309 = B_SPLINE_CURVE_WITH_KNOTS('',7,(#1310,#1311,#1312,#1313,#1314,
    #1315,#1316,#1317,#1318,#1319,#1320,#1321,#1322,#1323,#1324,#1325,
    #1326,#1327,#1328,#1329,#1330,#1331,#1332,#1333,#1334,#1335,#1336,
    #1337,#1338,#1339,#1340,#1341,#1342,#1343,#1344,#1345,#1346,#1347,
    #1348,#1349,#1350,#1351,#1352,#1353,#1354,#1355,#1356,#1357,#1358,
    #1359),.UNSPECIFIED.,.T.,.F.,(8,6,6,6,6,6,6,6,8),(0.,0.135658879226,
    0.252998198066,0.365968824723,0.501055890719,0.636143012882,
    0.752987786828,0.865482281122,1.),.UNSPECIFIED.);
#1310 = CARTESIAN_POINT('',(4.95,-24.91299861518,-375.));
#1311 = CARTESIAN_POINT('',(4.95,-24.91299861518,-374.4832373157));
#1312 = CARTESIAN_POINT('',(4.887060147744,-24.9255040302,
    -373.9673498946));
#1313 = CARTESIAN_POINT('',(4.76156645432,-24.95043950934,
    -373.4564969997));
#1314 = CARTESIAN_POINT('',(4.571889757981,-24.9870831961,
    -372.9551595972));
#1315 = CARTESIAN_POINT('',(4.31497484092,-25.0340025611,-372.4694535545
    ));
#1316 = CARTESIAN_POINT('',(3.986604879489,-25.08851550782,-372.00793921
    ));
#1317 = CARTESIAN_POINT('',(3.232935202477,-25.19588843293,
    -371.2175132013));
#1318 = CARTESIAN_POINT('',(2.815934727618,-25.24951254527,
    -370.8678061645));
#1319 = CARTESIAN_POINT('',(2.332399075997,-25.30286665389,
    -370.5573350928));
#1320 = CARTESIAN_POINT('',(1.788623415406,-25.35006828397,
    -370.3055110385));
#1321 = CARTESIAN_POINT('',(1.195519365407,-25.38465732926,
    -370.1287571645));
#1322 = CARTESIAN_POINT('',(0.567319469029,-25.40187557185,
    -370.0403746502));
#1323 = CARTESIAN_POINT('',(-0.700346470478,-25.39795594395,
    -370.0604899241));
#1324 = CARTESIAN_POINT('',(-1.301130967439,-25.37833807764,
    -370.1611866798));
#1325 = CARTESIAN_POINT('',(-1.866105924511,-25.34323125731,
    -370.3421444213));
#1326 = CARTESIAN_POINT('',(-2.38355010292,-25.29715898516,
    -370.5907607752));
#1327 = CARTESIAN_POINT('',(-2.844679728445,-25.24579489205,
    -370.8922368108));
#1328 = CARTESIAN_POINT('',(-3.244528937681,-25.1942367103,
    -371.2296723608));
#1329 = CARTESIAN_POINT('',(-3.986599939746,-25.08851621157,
    -372.0079340293));
#1330 = CARTESIAN_POINT('',(-4.314975669174,-25.03400262469,
    -372.4694515713));
#1331 = CARTESIAN_POINT('',(-4.57189255996,-24.98708260075,
    -372.9551637758));
#1332 = CARTESIAN_POINT('',(-4.761568507051,-24.95043912184,
    -373.4565034783));
#1333 = CARTESIAN_POINT('',(-4.88706020802,-24.92550401323,
    -373.9673547448));
#1334 = CARTESIAN_POINT('',(-4.95,-24.91299861518,-374.4832375362));
#1335 = CARTESIAN_POINT('',(-4.95,-24.91299861518,-375.5167626786));
#1336 = CARTESIAN_POINT('',(-4.887060143662,-24.92550403083,
    -376.0326501268));
#1337 = CARTESIAN_POINT('',(-4.761566467592,-24.95043950732,
    -376.5435029623));
#1338 = CARTESIAN_POINT('',(-4.571889739201,-24.98708319892,
    -377.0448404395));
#1339 = CARTESIAN_POINT('',(-4.314974854556,-25.0340025591,
    -377.5305464258));
#1340 = CARTESIAN_POINT('',(-3.986604874996,-25.08851550846,
    -377.9920607946));
#1341 = CARTESIAN_POINT('',(-3.232935202436,-25.19588843293,
    -378.7824867987));
#1342 = CARTESIAN_POINT('',(-2.815934727655,-25.24951254526,
    -379.1321938353));
#1343 = CARTESIAN_POINT('',(-2.332399076049,-25.30286665389,
    -379.4426649071));
#1344 = CARTESIAN_POINT('',(-1.788623415357,-25.35006828398,
    -379.6944889615));
#1345 = CARTESIAN_POINT('',(-1.195519365351,-25.38465732926,
    -379.8712428354));
#1346 = CARTESIAN_POINT('',(-0.567319469088,-25.40187557185,
    -379.9596253497));
#1347 = CARTESIAN_POINT('',(0.70034647051,-25.39795594395,
    -379.9395100758));
#1348 = CARTESIAN_POINT('',(1.301130967409,-25.37833807763,
    -379.8388133201));
#1349 = CARTESIAN_POINT('',(1.866105924486,-25.34323125731,
    -379.6578555786));
#1350 = CARTESIAN_POINT('',(2.383550102946,-25.29715898516,
    -379.4092392247));
#1351 = CARTESIAN_POINT('',(2.844679728467,-25.24579489205,
    -379.1077631891));
#1352 = CARTESIAN_POINT('',(3.244528937658,-25.1942367103,
    -378.7703276391));
#1353 = CARTESIAN_POINT('',(3.986599935074,-25.08851621223,
    -377.9920659755));
#1354 = CARTESIAN_POINT('',(4.314975683352,-25.03400262261,
    -377.5305484085));
#1355 = CARTESIAN_POINT('',(4.571892540458,-24.98708260368,
    -377.0448362614));
#1356 = CARTESIAN_POINT('',(4.761568520801,-24.95043911974,
    -376.5434964839));
#1357 = CARTESIAN_POINT('',(4.887060203805,-24.92550401388,
    -376.0326452759));
#1358 = CARTESIAN_POINT('',(4.95,-24.91299861518,-375.5167624585));
#1359 = CARTESIAN_POINT('',(4.95,-24.91299861518,-375.));
#1360 = PCURVE('',#32,#1361);
#1361 = DEFINITIONAL_REPRESENTATION('',(#1362),#1413);
#1362 = B_SPLINE_CURVE_WITH_KNOTS('',7,(#1363,#1364,#1365,#1366,#1367,
    #1368,#1369,#1370,#1371,#1372,#1373,#1374,#1375,#1376,#1377,#1378,
    #1379,#1380,#1381,#1382,#1383,#1384,#1385,#1386,#1387,#1388,#1389,
    #1390,#1391,#1392,#1393,#1394,#1395,#1396,#1397,#1398,#1399,#1400,
    #1401,#1402,#1403,#1404,#1405,#1406,#1407,#1408,#1409,#1410,#1411,
    #1412),.UNSPECIFIED.,.T.,.F.,(8,6,6,6,6,6,6,6,8),(0.,0.135658879226,
    0.252998198066,0.365968824723,0.501055890719,0.636143012882,
    0.752987786828,0.865482281122,1.),.UNSPECIFIED.);
#1363 = CARTESIAN_POINT('',(-4.908526010042,-1.125E+03));
#1364 = CARTESIAN_POINT('',(-4.908526010042,-1.125516762684E+03));
#1365 = CARTESIAN_POINT('',(-4.90599962835,-1.126032650105E+03));
#1366 = CARTESIAN_POINT('',(-4.900962326963,-1.126543503E+03));
#1367 = CARTESIAN_POINT('',(-4.893356820354,-1.127044840403E+03));
#1368 = CARTESIAN_POINT('',(-4.883075867755,-1.127530546445E+03));
#1369 = CARTESIAN_POINT('',(-4.86997444532,-1.12799206079E+03));
#1370 = CARTESIAN_POINT('',(-4.840002799826,-1.128782486799E+03));
#1371 = CARTESIAN_POINT('',(-4.823451827206,-1.129132193835E+03));
#1372 = CARTESIAN_POINT('',(-4.80430452954,-1.129442664907E+03));
#1373 = CARTESIAN_POINT('',(-4.78282754074,-1.129694488961E+03));
#1374 = CARTESIAN_POINT('',(-4.759454600192,-1.129871242835E+03));
#1375 = CARTESIAN_POINT('',(-4.734724509173,-1.12995962535E+03));
#1376 = CARTESIAN_POINT('',(-4.684816162746,-1.129939510076E+03));
#1377 = CARTESIAN_POINT('',(-4.661160939426,-1.12983881332E+03));
#1378 = CARTESIAN_POINT('',(-4.638889785015,-1.129657855579E+03));
#1379 = CARTESIAN_POINT('',(-4.618447587993,-1.129409239225E+03));
#1380 = CARTESIAN_POINT('',(-4.600185118918,-1.129107763189E+03));
#1381 = CARTESIAN_POINT('',(-4.584314105746,-1.128770327639E+03));
#1382 = CARTESIAN_POINT('',(-4.554803711891,-1.127992065971E+03));
#1383 = CARTESIAN_POINT('',(-4.541702061123,-1.127530548429E+03));
#1384 = CARTESIAN_POINT('',(-4.531421027945,-1.127044836224E+03));
#1385 = CARTESIAN_POINT('',(-4.523815551414,-1.126543496522E+03));
#1386 = CARTESIAN_POINT('',(-4.518778330002,-1.126032645255E+03));
#1387 = CARTESIAN_POINT('',(-4.516251950727,-1.125516762464E+03));
#1388 = CARTESIAN_POINT('',(-4.516251950727,-1.124483237321E+03));
#1389 = CARTESIAN_POINT('',(-4.518778332583,-1.123967349873E+03));
#1390 = CARTESIAN_POINT('',(-4.523815633277,-1.123456497038E+03));
#1391 = CARTESIAN_POINT('',(-4.531421141163,-1.12295515956E+03));
#1392 = CARTESIAN_POINT('',(-4.541702092472,-1.122469453574E+03));
#1393 = CARTESIAN_POINT('',(-4.554803515628,-1.122007939205E+03));
#1394 = CARTESIAN_POINT('',(-4.584775160945,-1.121217513201E+03));
#1395 = CARTESIAN_POINT('',(-4.601326133562,-1.120867806165E+03));
#1396 = CARTESIAN_POINT('',(-4.620473431227,-1.120557335093E+03));
#1397 = CARTESIAN_POINT('',(-4.641950420031,-1.120305511038E+03));
#1398 = CARTESIAN_POINT('',(-4.665323360579,-1.120128757165E+03));
#1399 = CARTESIAN_POINT('',(-4.690053451594,-1.12004037465E+03));
#1400 = CARTESIAN_POINT('',(-4.739961798024,-1.120060489924E+03));
#1401 = CARTESIAN_POINT('',(-4.763617021342,-1.12016118668E+03));
#1402 = CARTESIAN_POINT('',(-4.785888175753,-1.120342144421E+03));
#1403 = CARTESIAN_POINT('',(-4.806330372777,-1.120590760775E+03));
#1404 = CARTESIAN_POINT('',(-4.824592841852,-1.120892236811E+03));
#1405 = CARTESIAN_POINT('',(-4.840463855023,-1.121229672361E+03));
#1406 = CARTESIAN_POINT('',(-4.869974248692,-1.122007934024E+03));
#1407 = CARTESIAN_POINT('',(-4.88307590021,-1.122469451591E+03));
#1408 = CARTESIAN_POINT('',(-4.893356932048,-1.122955163739E+03));
#1409 = CARTESIAN_POINT('',(-4.900962409903,-1.123456503516E+03));
#1410 = CARTESIAN_POINT('',(-4.905999630599,-1.123967354724E+03));
#1411 = CARTESIAN_POINT('',(-4.908526010042,-1.124483237541E+03));
#1412 = CARTESIAN_POINT('',(-4.908526010042,-1.125E+03));
#1413 = ( GEOMETRIC_REPRESENTATION_CONTEXT(2) 
PARAMETRIC_REPRESENTATION_CONTEXT() REPRESENTATION_CONTEXT('2D SPACE',''
  ) );
#1414 = PCURVE('',#1415,#1420);
#1415 = CYLINDRICAL_SURFACE('',#1416,4.95);
#1416 = AXIS2_PLACEMENT_3D('',#1417,#1418,#1419);
#1417 = CARTESIAN_POINT('',(0.,0.,-375.));
#1418 = DIRECTION('',(-0.,1.,-0.));
#1419 = DIRECTION('',(1.,0.,0.));
#1420 = DEFINITIONAL_REPRESENTATION('',(#1421),#1472);
#1421 = B_SPLINE_CURVE_WITH_KNOTS('',7,(#1422,#1423,#1424,#1425,#1426,
    #1427,#1428,#1429,#1430,#1431,#1432,#1433,#1434,#1435,#1436,#1437,
    #1438,#1439,#1440,#1441,#1442,#1443,#1444,#1445,#1446,#1447,#1448,
    #1449,#1450,#1451,#1452,#1453,#1454,#1455,#1456,#1457,#1458,#1459,
    #1460,#1461,#1462,#1463,#1464,#1465,#1466,#1467,#1468,#1469,#1470,
    #1471),.UNSPECIFIED.,.F.,.F.,(8,6,6,6,6,6,6,6,8),(0.,0.135658879226,
    0.252998198066,0.365968824723,0.501055890719,0.636143012882,
    0.752987786828,0.865482281122,1.),.UNSPECIFIED.);
#1422 = CARTESIAN_POINT('',(0.,-24.91299861518));
#1423 = CARTESIAN_POINT('',(-0.104396501867,-24.91299861518));
#1424 = CARTESIAN_POINT('',(-0.208615957226,-24.9255040302));
#1425 = CARTESIAN_POINT('',(-0.313678032176,-24.95043950934));
#1426 = CARTESIAN_POINT('',(-0.420502581531,-24.9870831961));
#1427 = CARTESIAN_POINT('',(-0.530036046686,-25.0340025611));
#1428 = CARTESIAN_POINT('',(-0.643291932865,-25.08851550782));
#1429 = CARTESIAN_POINT('',(-0.863928262725,-25.19588843293));
#1430 = CARTESIAN_POINT('',(-0.973192726427,-25.24951254527));
#1431 = CARTESIAN_POINT('',(-1.087745041745,-25.30286665389));
#1432 = CARTESIAN_POINT('',(-1.206693832427,-25.35006828397));
#1433 = CARTESIAN_POINT('',(-1.329560838444,-25.38465732926));
#1434 = CARTESIAN_POINT('',(-1.456170573401,-25.40187557185));
#1435 = CARTESIAN_POINT('',(-1.712296941816,-25.39795594395));
#1436 = CARTESIAN_POINT('',(-1.833975045281,-25.37833807764));
#1437 = CARTESIAN_POINT('',(-1.951915739966,-25.34323125731));
#1438 = CARTESIAN_POINT('',(-2.066033554385,-25.29715898516));
#1439 = CARTESIAN_POINT('',(-2.1759793664,-25.24579489205));
#1440 = CARTESIAN_POINT('',(-2.281058449646,-25.1942367103));
#1441 = CARTESIAN_POINT('',(-2.498299274618,-25.08851621157));
#1442 = CARTESIAN_POINT('',(-2.611556426082,-25.03400262469));
#1443 = CARTESIAN_POINT('',(-2.721091004085,-24.98708260075));
#1444 = CARTESIAN_POINT('',(-2.82791595918,-24.95043912184));
#1445 = CARTESIAN_POINT('',(-2.932977669873,-24.92550401323));
#1446 = CARTESIAN_POINT('',(-3.037196196267,-24.91299861518));
#1447 = CARTESIAN_POINT('',(-3.245989154319,-24.91299861518));
#1448 = CARTESIAN_POINT('',(-3.350208615438,-24.92550403083));
#1449 = CARTESIAN_POINT('',(-3.45527067718,-24.95043950732));
#1450 = CARTESIAN_POINT('',(-3.562095243929,-24.98708319892));
#1451 = CARTESIAN_POINT('',(-3.67162869527,-25.0340025591));
#1452 = CARTESIAN_POINT('',(-3.78488458777,-25.08851550846));
#1453 = CARTESIAN_POINT('',(-4.005520916326,-25.19588843293));
#1454 = CARTESIAN_POINT('',(-4.114785380003,-25.24951254526));
#1455 = CARTESIAN_POINT('',(-4.229337695328,-25.30286665389));
#1456 = CARTESIAN_POINT('',(-4.348286486026,-25.35006828398));
#1457 = CARTESIAN_POINT('',(-4.471153492045,-25.38465732926));
#1458 = CARTESIAN_POINT('',(-4.597763226979,-25.40187557185));
#1459 = CARTESIAN_POINT('',(-4.853889595412,-25.39795594395));
#1460 = CARTESIAN_POINT('',(-4.975567698865,-25.37833807763));
#1461 = CARTESIAN_POINT('',(-5.093508393551,-25.34323125731));
#1462 = CARTESIAN_POINT('',(-5.207626207978,-25.29715898516));
#1463 = CARTESIAN_POINT('',(-5.317572019997,-25.24579489205));
#1464 = CARTESIAN_POINT('',(-5.422651103229,-25.1942367103));
#1465 = CARTESIAN_POINT('',(-5.63989192684,-25.08851621223));
#1466 = CARTESIAN_POINT('',(-5.753149084828,-25.03400262261));
#1467 = CARTESIAN_POINT('',(-5.862683648715,-24.98708260368));
#1468 = CARTESIAN_POINT('',(-5.969508621344,-24.95043911974));
#1469 = CARTESIAN_POINT('',(-6.074570318983,-24.92550401388));
#1470 = CARTESIAN_POINT('',(-6.178788850897,-24.91299861518));
#1471 = CARTESIAN_POINT('',(-6.28318530718,-24.91299861518));
#1472 = ( GEOMETRIC_REPRESENTATION_CONTEXT(2) 
PARAMETRIC_REPRESENTATION_CONTEXT() REPRESENTATION_CONTEXT('2D SPACE',''
  ) );
#1473 = FACE_BOUND('',#1474,.F.);
#1474 = EDGE_LOOP('',(#1475));
#1475 = ORIENTED_EDGE('',*,*,#1476,.T.);
#1476 = EDGE_CURVE('',#1477,#1477,#1479,.T.);
#1477 = VERTEX_POINT('',#1478);
#1478 = CARTESIAN_POINT('',(4.95,-24.91299861518,-525.));
#1479 = SURFACE_CURVE('',#1480,(#1531,#1585),.PCURVE_S1.);
#1480 = B_SPLINE_CURVE_WITH_KNOTS('',7,(#1481,#1482,#1483,#1484,#1485,
    #1486,#1487,#1488,#1489,#1490,#1491,#1492,#1493,#1494,#1495,#1496,
    #1497,#1498,#1499,#1500,#1501,#1502,#1503,#1504,#1505,#1506,#1507,
    #1508,#1509,#1510,#1511,#1512,#1513,#1514,#1515,#1516,#1517,#1518,
    #1519,#1520,#1521,#1522,#1523,#1524,#1525,#1526,#1527,#1528,#1529,
    #1530),.UNSPECIFIED.,.T.,.F.,(8,6,6,6,6,6,6,6,8),(0.,0.135658877844,
    0.252998196795,0.365968823548,0.501055888112,0.63614301166,
    0.752987785492,0.865482279686,1.),.UNSPECIFIED.);
#1481 = CARTESIAN_POINT('',(4.95,-24.91299861518,-525.));
#1482 = CARTESIAN_POINT('',(4.95,-24.91299861518,-524.4832373213));
#1483 = CARTESIAN_POINT('',(4.887060143662,-24.92550403083,
    -523.9673498731));
#1484 = CARTESIAN_POINT('',(4.761566467592,-24.95043950732,
    -523.4564970376));
#1485 = CARTESIAN_POINT('',(4.5718897392,-24.98708319892,-522.9551595604
    ));
#1486 = CARTESIAN_POINT('',(4.314974854557,-25.0340025591,
    -522.4694535741));
#1487 = CARTESIAN_POINT('',(3.986604874996,-25.08851550846,
    -522.0079392053));
#1488 = CARTESIAN_POINT('',(3.232935202477,-25.19588843293,
    -521.2175132013));
#1489 = CARTESIAN_POINT('',(2.81593472762,-25.24951254527,
    -520.8678061645));
#1490 = CARTESIAN_POINT('',(2.332399075993,-25.30286665389,
    -520.5573350928));
#1491 = CARTESIAN_POINT('',(1.78862341541,-25.35006828397,
    -520.3055110385));
#1492 = CARTESIAN_POINT('',(1.195519365405,-25.38465732926,
    -520.1287571645));
#1493 = CARTESIAN_POINT('',(0.567319469029,-25.40187557185,
    -520.0403746502));
#1494 = CARTESIAN_POINT('',(-0.700346470421,-25.39795594395,
    -520.0604899241));
#1495 = CARTESIAN_POINT('',(-1.301130967495,-25.37833807764,
    -520.1611866798));
#1496 = CARTESIAN_POINT('',(-1.866105924553,-25.3432312573,
    -520.3421444214));
#1497 = CARTESIAN_POINT('',(-2.383550102874,-25.29715898516,
    -520.5907607752));
#1498 = CARTESIAN_POINT('',(-2.844679728406,-25.24579489206,
    -520.8922368107));
#1499 = CARTESIAN_POINT('',(-3.24452893772,-25.19423671029,
    -521.2296723608));
#1500 = CARTESIAN_POINT('',(-3.986599935073,-25.08851621223,
    -522.0079340244));
#1501 = CARTESIAN_POINT('',(-4.314975683355,-25.03400262261,
    -522.4694515914));
#1502 = CARTESIAN_POINT('',(-4.571892540455,-24.98708260368,
    -522.9551637385));
#1503 = CARTESIAN_POINT('',(-4.761568520803,-24.95043911974,
    -523.456503516));
#1504 = CARTESIAN_POINT('',(-4.887060203804,-24.92550401388,
    -523.967354724));
#1505 = CARTESIAN_POINT('',(-4.95,-24.91299861518,-524.4832375414));
#1506 = CARTESIAN_POINT('',(-4.95,-24.91299861518,-525.5167626842));
#1507 = CARTESIAN_POINT('',(-4.887060147744,-24.9255040302,
    -526.0326501053));
#1508 = CARTESIAN_POINT('',(-4.761566454321,-24.95043950934,
    -526.5435030002));
#1509 = CARTESIAN_POINT('',(-4.571889757978,-24.9870831961,
    -527.0448404027));
#1510 = CARTESIAN_POINT('',(-4.314974840923,-25.0340025611,
    -527.5305464454));
#1511 = CARTESIAN_POINT('',(-3.986604879488,-25.08851550782,
    -527.9920607899));
#1512 = CARTESIAN_POINT('',(-3.232935202478,-25.19588843293,
    -528.7824867986));
#1513 = CARTESIAN_POINT('',(-2.815934727615,-25.24951254527,
    -529.1321938354));
#1514 = CARTESIAN_POINT('',(-2.332399075999,-25.30286665389,
    -529.4426649071));
#1515 = CARTESIAN_POINT('',(-1.788623415404,-25.35006828397,
    -529.6944889614));
#1516 = CARTESIAN_POINT('',(-1.195519365407,-25.38465732926,
    -529.8712428354));
#1517 = CARTESIAN_POINT('',(-0.567319469029,-25.40187557185,
    -529.9596253497));
#1518 = CARTESIAN_POINT('',(0.70034647051,-25.39795594395,
    -529.9395100758));
#1519 = CARTESIAN_POINT('',(1.301130967412,-25.37833807763,
    -529.8388133201));
#1520 = CARTESIAN_POINT('',(1.866105924481,-25.34323125731,
    -529.6578555786));
#1521 = CARTESIAN_POINT('',(2.383550102951,-25.29715898516,
    -529.4092392247));
#1522 = CARTESIAN_POINT('',(2.844679728464,-25.24579489205,
    -529.1077631891));
#1523 = CARTESIAN_POINT('',(3.244528937659,-25.1942367103,
    -528.7703276391));
#1524 = CARTESIAN_POINT('',(3.986599939746,-25.08851621157,
    -527.9920659706));
#1525 = CARTESIAN_POINT('',(4.314975669176,-25.03400262469,
    -527.5305484286));
#1526 = CARTESIAN_POINT('',(4.571892559959,-24.98708260075,
    -527.0448362241));
#1527 = CARTESIAN_POINT('',(4.761568507052,-24.95043912184,
    -526.5434965216));
#1528 = CARTESIAN_POINT('',(4.88706020802,-24.92550401323,
    -526.0326452551));
#1529 = CARTESIAN_POINT('',(4.95,-24.91299861518,-525.5167624637));
#1530 = CARTESIAN_POINT('',(4.95,-24.91299861518,-525.));
#1531 = PCURVE('',#32,#1532);
#1532 = DEFINITIONAL_REPRESENTATION('',(#1533),#1584);
#1533 = B_SPLINE_CURVE_WITH_KNOTS('',7,(#1534,#1535,#1536,#1537,#1538,
    #1539,#1540,#1541,#1542,#1543,#1544,#1545,#1546,#1547,#1548,#1549,
    #1550,#1551,#1552,#1553,#1554,#1555,#1556,#1557,#1558,#1559,#1560,
    #1561,#1562,#1563,#1564,#1565,#1566,#1567,#1568,#1569,#1570,#1571,
    #1572,#1573,#1574,#1575,#1576,#1577,#1578,#1579,#1580,#1581,#1582,
    #1583),.UNSPECIFIED.,.T.,.F.,(8,6,6,6,6,6,6,6,8),(0.,0.135658877844,
    0.252998196795,0.365968823548,0.501055888112,0.63614301166,
    0.752987785492,0.865482279686,1.),.UNSPECIFIED.);
#1534 = CARTESIAN_POINT('',(-4.908526010042,-975.));
#1535 = CARTESIAN_POINT('',(-4.908526010042,-975.5167626786));
#1536 = CARTESIAN_POINT('',(-4.905999628187,-976.0326501268));
#1537 = CARTESIAN_POINT('',(-4.900962327492,-976.5435029623));
#1538 = CARTESIAN_POINT('',(-4.893356819606,-977.0448404395));
#1539 = CARTESIAN_POINT('',(-4.883075868298,-977.5305464258));
#1540 = CARTESIAN_POINT('',(-4.869974445141,-977.9920607946));
#1541 = CARTESIAN_POINT('',(-4.840002799826,-978.7824867986));
#1542 = CARTESIAN_POINT('',(-4.823451827206,-979.1321938354));
#1543 = CARTESIAN_POINT('',(-4.80430452954,-979.4426649071));
#1544 = CARTESIAN_POINT('',(-4.78282754074,-979.6944889614));
#1545 = CARTESIAN_POINT('',(-4.759454600192,-979.8712428354));
#1546 = CARTESIAN_POINT('',(-4.734724509173,-979.9596253497));
#1547 = CARTESIAN_POINT('',(-4.684816162749,-979.9395100758));
#1548 = CARTESIAN_POINT('',(-4.661160939424,-979.8388133201));
#1549 = CARTESIAN_POINT('',(-4.638889785013,-979.6578555785));
#1550 = CARTESIAN_POINT('',(-4.618447587995,-979.4092392247));
#1551 = CARTESIAN_POINT('',(-4.60018511892,-979.1077631892));
#1552 = CARTESIAN_POINT('',(-4.584314105744,-978.7703276391));
#1553 = CARTESIAN_POINT('',(-4.554803712077,-977.9920659755));
#1554 = CARTESIAN_POINT('',(-4.541702060559,-977.5305484085));
#1555 = CARTESIAN_POINT('',(-4.531421028722,-977.0448362614));
#1556 = CARTESIAN_POINT('',(-4.523815550866,-976.5434964839));
#1557 = CARTESIAN_POINT('',(-4.51877833017,-976.0326452759));
#1558 = CARTESIAN_POINT('',(-4.516251950727,-975.5167624585));
#1559 = CARTESIAN_POINT('',(-4.516251950727,-974.4832373157));
#1560 = CARTESIAN_POINT('',(-4.51877833242,-973.9673498946));
#1561 = CARTESIAN_POINT('',(-4.523815633806,-973.4564969997));
#1562 = CARTESIAN_POINT('',(-4.531421140416,-972.9551595972));
#1563 = CARTESIAN_POINT('',(-4.541702093014,-972.4694535545));
#1564 = CARTESIAN_POINT('',(-4.554803515449,-972.00793921));
#1565 = CARTESIAN_POINT('',(-4.584775160943,-971.2175132013));
#1566 = CARTESIAN_POINT('',(-4.601326133564,-970.8678061645));
#1567 = CARTESIAN_POINT('',(-4.620473431229,-970.5573350928));
#1568 = CARTESIAN_POINT('',(-4.641950420029,-970.3055110385));
#1569 = CARTESIAN_POINT('',(-4.665323360577,-970.1287571645));
#1570 = CARTESIAN_POINT('',(-4.690053451596,-970.0403746502));
#1571 = CARTESIAN_POINT('',(-4.739961798024,-970.0604899241));
#1572 = CARTESIAN_POINT('',(-4.763617021342,-970.1611866798));
#1573 = CARTESIAN_POINT('',(-4.785888175753,-970.3421444213));
#1574 = CARTESIAN_POINT('',(-4.806330372778,-970.5907607752));
#1575 = CARTESIAN_POINT('',(-4.824592841852,-970.8922368108));
#1576 = CARTESIAN_POINT('',(-4.840463855023,-971.2296723608));
#1577 = CARTESIAN_POINT('',(-4.869974248878,-972.0079340293));
#1578 = CARTESIAN_POINT('',(-4.883075899646,-972.4694515713));
#1579 = CARTESIAN_POINT('',(-4.893356932824,-972.9551637758));
#1580 = CARTESIAN_POINT('',(-4.900962409356,-973.4565034783));
#1581 = CARTESIAN_POINT('',(-4.905999630767,-973.9673547448));
#1582 = CARTESIAN_POINT('',(-4.908526010042,-974.4832375362));
#1583 = CARTESIAN_POINT('',(-4.908526010042,-975.));
#1584 = ( GEOMETRIC_REPRESENTATION_CONTEXT(2) 
PARAMETRIC_REPRESENTATION_CONTEXT() REPRESENTATION_CONTEXT('2D SPACE',''
  ) );
#1585 = PCURVE('',#1586,#1591);
#1586 = CYLINDRICAL_SURFACE('',#1587,4.95);
#1587 = AXIS2_PLACEMENT_3D('',#1588,#1589,#1590);
#1588 = CARTESIAN_POINT('',(0.,0.,-525.));
#1589 = DIRECTION('',(-0.,1.,-0.));
#1590 = DIRECTION('',(1.,0.,0.));
#1591 = DEFINITIONAL_REPRESENTATION('',(#1592),#1643);
#1592 = B_SPLINE_CURVE_WITH_KNOTS('',7,(#1593,#1594,#1595,#1596,#1597,
    #1598,#1599,#1600,#1601,#1602,#1603,#1604,#1605,#1606,#1607,#1608,
    #1609,#1610,#1611,#1612,#1613,#1614,#1615,#1616,#1617,#1618,#1619,
    #1620,#1621,#1622,#1623,#1624,#1625,#1626,#1627,#1628,#1629,#1630,
    #1631,#1632,#1633,#1634,#1635,#1636,#1637,#1638,#1639,#1640,#1641,
    #1642),.UNSPECIFIED.,.F.,.F.,(8,6,6,6,6,6,6,6,8),(0.,0.135658877844,
    0.252998196795,0.365968823548,0.501055888112,0.63614301166,
    0.752987785492,0.865482279686,1.),.UNSPECIFIED.);
#1593 = CARTESIAN_POINT('',(0.,-24.91299861518));
#1594 = CARTESIAN_POINT('',(-0.104396500729,-24.91299861518));
#1595 = CARTESIAN_POINT('',(-0.208615961849,-24.92550403083));
#1596 = CARTESIAN_POINT('',(-0.313678023589,-24.95043950732));
#1597 = CARTESIAN_POINT('',(-0.42050259034,-24.98708319892));
#1598 = CARTESIAN_POINT('',(-0.53003604168,-25.0340025591));
#1599 = CARTESIAN_POINT('',(-0.643291934181,-25.08851550846));
#1600 = CARTESIAN_POINT('',(-0.863928262725,-25.19588843293));
#1601 = CARTESIAN_POINT('',(-0.973192726427,-25.24951254527));
#1602 = CARTESIAN_POINT('',(-1.087745041745,-25.30286665389));
#1603 = CARTESIAN_POINT('',(-1.206693832426,-25.35006828397));
#1604 = CARTESIAN_POINT('',(-1.329560838445,-25.38465732926));
#1605 = CARTESIAN_POINT('',(-1.456170573401,-25.40187557185));
#1606 = CARTESIAN_POINT('',(-1.712296941804,-25.39795594395));
#1607 = CARTESIAN_POINT('',(-1.833975045292,-25.37833807764));
#1608 = CARTESIAN_POINT('',(-1.951915739974,-25.3432312573));
#1609 = CARTESIAN_POINT('',(-2.06603355438,-25.29715898516));
#1610 = CARTESIAN_POINT('',(-2.175979366386,-25.24579489206));
#1611 = CARTESIAN_POINT('',(-2.281058449657,-25.19423671029));
#1612 = CARTESIAN_POINT('',(-2.49829927325,-25.08851621223));
#1613 = CARTESIAN_POINT('',(-2.611556431239,-25.03400262261));
#1614 = CARTESIAN_POINT('',(-2.721090995125,-24.98708260368));
#1615 = CARTESIAN_POINT('',(-2.827915967755,-24.95043911974));
#1616 = CARTESIAN_POINT('',(-2.932977665393,-24.92550401388));
#1617 = CARTESIAN_POINT('',(-3.037196197308,-24.91299861518));
#1618 = CARTESIAN_POINT('',(-3.245989155456,-24.91299861518));
#1619 = CARTESIAN_POINT('',(-3.350208610816,-24.9255040302));
#1620 = CARTESIAN_POINT('',(-3.455270685764,-24.95043950934));
#1621 = CARTESIAN_POINT('',(-3.562095235123,-24.9870831961));
#1622 = CARTESIAN_POINT('',(-3.671628700275,-25.0340025611));
#1623 = CARTESIAN_POINT('',(-3.784884586455,-25.08851550782));
#1624 = CARTESIAN_POINT('',(-4.005520916314,-25.19588843293));
#1625 = CARTESIAN_POINT('',(-4.114785380018,-25.24951254527));
#1626 = CARTESIAN_POINT('',(-4.229337695334,-25.30286665389));
#1627 = CARTESIAN_POINT('',(-4.348286486017,-25.35006828397));
#1628 = CARTESIAN_POINT('',(-4.471153492034,-25.38465732926));
#1629 = CARTESIAN_POINT('',(-4.59776322699,-25.40187557185));
#1630 = CARTESIAN_POINT('',(-4.853889595412,-25.39795594395));
#1631 = CARTESIAN_POINT('',(-4.975567698865,-25.37833807763));
#1632 = CARTESIAN_POINT('',(-5.09350839355,-25.34323125731));
#1633 = CARTESIAN_POINT('',(-5.207626207979,-25.29715898516));
#1634 = CARTESIAN_POINT('',(-5.317572019997,-25.24579489205));
#1635 = CARTESIAN_POINT('',(-5.422651103229,-25.1942367103));
#1636 = CARTESIAN_POINT('',(-5.639891928208,-25.08851621157));
#1637 = CARTESIAN_POINT('',(-5.753149079672,-25.03400262469));
#1638 = CARTESIAN_POINT('',(-5.862683657675,-24.98708260075));
#1639 = CARTESIAN_POINT('',(-5.96950861277,-24.95043912184));
#1640 = CARTESIAN_POINT('',(-6.074570323463,-24.92550401323));
#1641 = CARTESIAN_POINT('',(-6.178788849857,-24.91299861518));
#1642 = CARTESIAN_POINT('',(-6.28318530718,-24.91299861518));
#1643 = ( GEOMETRIC_REPRESENTATION_CONTEXT(2) 
PARAMETRIC_REPRESENTATION_CONTEXT() REPRESENTATION_CONTEXT('2D SPACE',''
  ) );
#1644 = FACE_BOUND('',#1645,.F.);
#1645 = EDGE_LOOP('',(#1646));
#1646 = ORIENTED_EDGE('',*,*,#1647,.T.);
#1647 = EDGE_CURVE('',#1648,#1648,#1650,.T.);
#1648 = VERTEX_POINT('',#1649);
#1649 = CARTESIAN_POINT('',(4.95,-24.91299861518,-675.));
#1650 = SURFACE_CURVE('',#1651,(#1702,#1756),.PCURVE_S1.);
#1651 = B_SPLINE_CURVE_WITH_KNOTS('',7,(#1652,#1653,#1654,#1655,#1656,
    #1657,#1658,#1659,#1660,#1661,#1662,#1663,#1664,#1665,#1666,#1667,
    #1668,#1669,#1670,#1671,#1672,#1673,#1674,#1675,#1676,#1677,#1678,
    #1679,#1680,#1681,#1682,#1683,#1684,#1685,#1686,#1687,#1688,#1689,
    #1690,#1691,#1692,#1693,#1694,#1695,#1696,#1697,#1698,#1699,#1700,
    #1701),.UNSPECIFIED.,.T.,.F.,(8,6,6,6,6,6,6,6,8),(0.,0.135658877844,
    0.252998196795,0.365968823548,0.501055888112,0.63614301166,
    0.752987785492,0.865482279686,1.),.UNSPECIFIED.);
#1652 = CARTESIAN_POINT('',(4.95,-24.91299861518,-675.));
#1653 = CARTESIAN_POINT('',(4.95,-24.91299861518,-674.4832373213));
#1654 = CARTESIAN_POINT('',(4.887060143662,-24.92550403083,
    -673.9673498731));
#1655 = CARTESIAN_POINT('',(4.761566467592,-24.95043950732,
    -673.4564970376));
#1656 = CARTESIAN_POINT('',(4.5718897392,-24.98708319892,-672.9551595604
    ));
#1657 = CARTESIAN_POINT('',(4.314974854557,-25.0340025591,
    -672.4694535741));
#1658 = CARTESIAN_POINT('',(3.986604874996,-25.08851550846,
    -672.0079392053));
#1659 = CARTESIAN_POINT('',(3.232935202477,-25.19588843293,
    -671.2175132013));
#1660 = CARTESIAN_POINT('',(2.81593472762,-25.24951254527,
    -670.8678061645));
#1661 = CARTESIAN_POINT('',(2.332399075993,-25.30286665389,
    -670.5573350928));
#1662 = CARTESIAN_POINT('',(1.78862341541,-25.35006828397,
    -670.3055110385));
#1663 = CARTESIAN_POINT('',(1.195519365405,-25.38465732926,
    -670.1287571645));
#1664 = CARTESIAN_POINT('',(0.567319469029,-25.40187557185,
    -670.0403746502));
#1665 = CARTESIAN_POINT('',(-0.700346470421,-25.39795594395,
    -670.0604899241));
#1666 = CARTESIAN_POINT('',(-1.301130967495,-25.37833807764,
    -670.1611866798));
#1667 = CARTESIAN_POINT('',(-1.866105924553,-25.3432312573,
    -670.3421444214));
#1668 = CARTESIAN_POINT('',(-2.383550102874,-25.29715898516,
    -670.5907607752));
#1669 = CARTESIAN_POINT('',(-2.844679728406,-25.24579489206,
    -670.8922368107));
#1670 = CARTESIAN_POINT('',(-3.24452893772,-25.19423671029,
    -671.2296723608));
#1671 = CARTESIAN_POINT('',(-3.986599935073,-25.08851621223,
    -672.0079340244));
#1672 = CARTESIAN_POINT('',(-4.314975683355,-25.03400262261,
    -672.4694515914));
#1673 = CARTESIAN_POINT('',(-4.571892540455,-24.98708260368,
    -672.9551637385));
#1674 = CARTESIAN_POINT('',(-4.761568520803,-24.95043911974,
    -673.456503516));
#1675 = CARTESIAN_POINT('',(-4.887060203804,-24.92550401388,
    -673.967354724));
#1676 = CARTESIAN_POINT('',(-4.95,-24.91299861518,-674.4832375414));
#1677 = CARTESIAN_POINT('',(-4.95,-24.91299861518,-675.5167626842));
#1678 = CARTESIAN_POINT('',(-4.887060147744,-24.9255040302,
    -676.0326501053));
#1679 = CARTESIAN_POINT('',(-4.761566454321,-24.95043950934,
    -676.5435030002));
#1680 = CARTESIAN_POINT('',(-4.571889757978,-24.9870831961,
    -677.0448404027));
#1681 = CARTESIAN_POINT('',(-4.314974840923,-25.0340025611,
    -677.5305464454));
#1682 = CARTESIAN_POINT('',(-3.986604879488,-25.08851550782,
    -677.9920607899));
#1683 = CARTESIAN_POINT('',(-3.232935202478,-25.19588843293,
    -678.7824867986));
#1684 = CARTESIAN_POINT('',(-2.815934727615,-25.24951254527,
    -679.1321938354));
#1685 = CARTESIAN_POINT('',(-2.332399075999,-25.30286665389,
    -679.4426649071));
#1686 = CARTESIAN_POINT('',(-1.788623415404,-25.35006828397,
    -679.6944889614));
#1687 = CARTESIAN_POINT('',(-1.195519365407,-25.38465732926,
    -679.8712428354));
#1688 = CARTESIAN_POINT('',(-0.567319469029,-25.40187557185,
    -679.9596253497));
#1689 = CARTESIAN_POINT('',(0.70034647051,-25.39795594395,
    -679.9395100758));
#1690 = CARTESIAN_POINT('',(1.301130967412,-25.37833807763,
    -679.8388133201));
#1691 = CARTESIAN_POINT('',(1.866105924481,-25.34323125731,
    -679.6578555786));
#1692 = CARTESIAN_POINT('',(2.383550102951,-25.29715898516,
    -679.4092392247));
#1693 = CARTESIAN_POINT('',(2.844679728464,-25.24579489205,
    -679.1077631891));
#1694 = CARTESIAN_POINT('',(3.244528937659,-25.1942367103,
    -678.7703276391));
#1695 = CARTESIAN_POINT('',(3.986599939746,-25.08851621157,
    -677.9920659706));
#1696 = CARTESIAN_POINT('',(4.314975669176,-25.03400262469,
    -677.5305484286));
#1697 = CARTESIAN_POINT('',(4.571892559959,-24.98708260075,
    -677.0448362241));
#1698 = CARTESIAN_POINT('',(4.761568507052,-24.95043912184,
    -676.5434965216));
#1699 = CARTESIAN_POINT('',(4.88706020802,-24.92550401323,
    -676.0326452551));
#1700 = CARTESIAN_POINT('',(4.95,-24.91299861518,-675.5167624637));
#1701 = CARTESIAN_POINT('',(4.95,-24.91299861518,-675.));
#1702 = PCURVE('',#32,#1703);
#1703 = DEFINITIONAL_REPRESENTATION('',(#1704),#1755);
#1704 = B_SPLINE_CURVE_WITH_KNOTS('',7,(#1705,#1706,#1707,#1708,#1709,
    #1710,#1711,#1712,#1713,#1714,#1715,#1716,#1717,#1718,#1719,#1720,
    #1721,#1722,#1723,#1724,#1725,#1726,#1727,#1728,#1729,#1730,#1731,
    #1732,#1733,#1734,#1735,#1736,#1737,#1738,#1739,#1740,#1741,#1742,
    #1743,#1744,#1745,#1746,#1747,#1748,#1749,#1750,#1751,#1752,#1753,
    #1754),.UNSPECIFIED.,.T.,.F.,(8,6,6,6,6,6,6,6,8),(0.,0.135658877844,
    0.252998196795,0.365968823548,0.501055888112,0.63614301166,
    0.752987785492,0.865482279686,1.),.UNSPECIFIED.);
#1705 = CARTESIAN_POINT('',(-4.908526010042,-825.));
#1706 = CARTESIAN_POINT('',(-4.908526010042,-825.5167626786));
#1707 = CARTESIAN_POINT('',(-4.905999628187,-826.0326501268));
#1708 = CARTESIAN_POINT('',(-4.900962327492,-826.5435029623));
#1709 = CARTESIAN_POINT('',(-4.893356819606,-827.0448404395));
#1710 = CARTESIAN_POINT('',(-4.883075868298,-827.5305464258));
#1711 = CARTESIAN_POINT('',(-4.869974445141,-827.9920607946));
#1712 = CARTESIAN_POINT('',(-4.840002799826,-828.7824867986));
#1713 = CARTESIAN_POINT('',(-4.823451827206,-829.1321938354));
#1714 = CARTESIAN_POINT('',(-4.80430452954,-829.4426649071));
#1715 = CARTESIAN_POINT('',(-4.78282754074,-829.6944889614));
#1716 = CARTESIAN_POINT('',(-4.759454600192,-829.8712428354));
#1717 = CARTESIAN_POINT('',(-4.734724509173,-829.9596253497));
#1718 = CARTESIAN_POINT('',(-4.684816162749,-829.9395100758));
#1719 = CARTESIAN_POINT('',(-4.661160939424,-829.8388133201));
#1720 = CARTESIAN_POINT('',(-4.638889785013,-829.6578555785));
#1721 = CARTESIAN_POINT('',(-4.618447587995,-829.4092392247));
#1722 = CARTESIAN_POINT('',(-4.60018511892,-829.1077631892));
#1723 = CARTESIAN_POINT('',(-4.584314105744,-828.7703276391));
#1724 = CARTESIAN_POINT('',(-4.554803712077,-827.9920659755));
#1725 = CARTESIAN_POINT('',(-4.541702060559,-827.5305484085));
#1726 = CARTESIAN_POINT('',(-4.531421028722,-827.0448362614));
#1727 = CARTESIAN_POINT('',(-4.523815550866,-826.5434964839));
#1728 = CARTESIAN_POINT('',(-4.51877833017,-826.0326452759));
#1729 = CARTESIAN_POINT('',(-4.516251950727,-825.5167624585));
#1730 = CARTESIAN_POINT('',(-4.516251950727,-824.4832373157));
#1731 = CARTESIAN_POINT('',(-4.51877833242,-823.9673498946));
#1732 = CARTESIAN_POINT('',(-4.523815633806,-823.4564969997));
#1733 = CARTESIAN_POINT('',(-4.531421140416,-822.9551595972));
#1734 = CARTESIAN_POINT('',(-4.541702093014,-822.4694535545));
#1735 = CARTESIAN_POINT('',(-4.554803515449,-822.00793921));
#1736 = CARTESIAN_POINT('',(-4.584775160943,-821.2175132013));
#1737 = CARTESIAN_POINT('',(-4.601326133564,-820.8678061645));
#1738 = CARTESIAN_POINT('',(-4.620473431229,-820.5573350928));
#1739 = CARTESIAN_POINT('',(-4.641950420029,-820.3055110385));
#1740 = CARTESIAN_POINT('',(-4.665323360577,-820.1287571645));
#1741 = CARTESIAN_POINT('',(-4.690053451596,-820.0403746502));
#1742 = CARTESIAN_POINT('',(-4.739961798024,-820.0604899241));
#1743 = CARTESIAN_POINT('',(-4.763617021342,-820.1611866798));
#1744 = CARTESIAN_POINT('',(-4.785888175753,-820.3421444213));
#1745 = CARTESIAN_POINT('',(-4.806330372778,-820.5907607752));
#1746 = CARTESIAN_POINT('',(-4.824592841852,-820.8922368108));
#1747 = CARTESIAN_POINT('',(-4.840463855023,-821.2296723608));
#1748 = CARTESIAN_POINT('',(-4.869974248878,-822.0079340293));
#1749 = CARTESIAN_POINT('',(-4.883075899646,-822.4694515713));
#1750 = CARTESIAN_POINT('',(-4.893356932824,-822.9551637758));
#1751 = CARTESIAN_POINT('',(-4.900962409356,-823.4565034783));
#1752 = CARTESIAN_POINT('',(-4.905999630767,-823.9673547448));
#1753 = CARTESIAN_POINT('',(-4.908526010042,-824.4832375362));
#1754 = CARTESIAN_POINT('',(-4.908526010042,-825.));
#1755 = ( GEOMETRIC_REPRESENTATION_CONTEXT(2) 
PARAMETRIC_REPRESENTATION_CONTEXT() REPRESENTATION_CONTEXT('2D SPACE',''
  ) );
#1756 = PCURVE('',#1757,#1762);
#1757 = CYLINDRICAL_SURFACE('',#1758,4.95);
#1758 = AXIS2_PLACEMENT_3D('',#1759,#1760,#1761);
#1759 = CARTESIAN_POINT('',(0.,0.,-675.));
#1760 = DIRECTION('',(-0.,1.,-0.));
#1761 = DIRECTION('',(1.,0.,0.));
#1762 = DEFINITIONAL_REPRESENTATION('',(#1763),#1814);
#1763 = B_SPLINE_CURVE_WITH_KNOTS('',7,(#1764,#1765,#1766,#1767,#1768,
    #1769,#1770,#1771,#1772,#1773,#1774,#1775,#1776,#1777,#1778,#1779,
    #1780,#1781,#1782,#1783,#1784,#1785,#1786,#1787,#1788,#1789,#1790,
    #1791,#1792,#1793,#1794,#1795,#1796,#1797,#1798,#1799,#1800,#1801,
    #1802,#1803,#1804,#1805,#1806,#1807,#1808,#1809,#1810,#1811,#1812,
    #1813),.UNSPECIFIED.,.F.,.F.,(8,6,6,6,6,6,6,6,8),(0.,0.135658877844,
    0.252998196795,0.365968823548,0.501055888112,0.63614301166,
    0.752987785492,0.865482279686,1.),.UNSPECIFIED.);
#1764 = CARTESIAN_POINT('',(0.,-24.91299861518));
#1765 = CARTESIAN_POINT('',(-0.104396500729,-24.91299861518));
#1766 = CARTESIAN_POINT('',(-0.208615961849,-24.92550403083));
#1767 = CARTESIAN_POINT('',(-0.313678023589,-24.95043950732));
#1768 = CARTESIAN_POINT('',(-0.42050259034,-24.98708319892));
#1769 = CARTESIAN_POINT('',(-0.53003604168,-25.0340025591));
#1770 = CARTESIAN_POINT('',(-0.643291934181,-25.08851550846));
#1771 = CARTESIAN_POINT('',(-0.863928262725,-25.19588843293));
#1772 = CARTESIAN_POINT('',(-0.973192726427,-25.24951254527));
#1773 = CARTESIAN_POINT('',(-1.087745041745,-25.30286665389));
#1774 = CARTESIAN_POINT('',(-1.206693832426,-25.35006828397));
#1775 = CARTESIAN_POINT('',(-1.329560838445,-25.38465732926));
#1776 = CARTESIAN_POINT('',(-1.456170573401,-25.40187557185));
#1777 = CARTESIAN_POINT('',(-1.712296941804,-25.39795594395));
#1778 = CARTESIAN_POINT('',(-1.833975045292,-25.37833807764));
#1779 = CARTESIAN_POINT('',(-1.951915739974,-25.3432312573));
#1780 = CARTESIAN_POINT('',(-2.06603355438,-25.29715898516));
#1781 = CARTESIAN_POINT('',(-2.175979366386,-25.24579489206));
#1782 = CARTESIAN_POINT('',(-2.281058449657,-25.19423671029));
#1783 = CARTESIAN_POINT('',(-2.49829927325,-25.08851621223));
#1784 = CARTESIAN_POINT('',(-2.611556431239,-25.03400262261));
#1785 = CARTESIAN_POINT('',(-2.721090995125,-24.98708260368));
#1786 = CARTESIAN_POINT('',(-2.827915967755,-24.95043911974));
#1787 = CARTESIAN_POINT('',(-2.932977665393,-24.92550401388));
#1788 = CARTESIAN_POINT('',(-3.037196197308,-24.91299861518));
#1789 = CARTESIAN_POINT('',(-3.245989155456,-24.91299861518));
#1790 = CARTESIAN_POINT('',(-3.350208610816,-24.9255040302));
#1791 = CARTESIAN_POINT('',(-3.455270685764,-24.95043950934));
#1792 = CARTESIAN_POINT('',(-3.562095235123,-24.9870831961));
#1793 = CARTESIAN_POINT('',(-3.671628700275,-25.0340025611));
#1794 = CARTESIAN_POINT('',(-3.784884586455,-25.08851550782));
#1795 = CARTESIAN_POINT('',(-4.005520916314,-25.19588843293));
#1796 = CARTESIAN_POINT('',(-4.114785380018,-25.24951254527));
#1797 = CARTESIAN_POINT('',(-4.229337695334,-25.30286665389));
#1798 = CARTESIAN_POINT('',(-4.348286486017,-25.35006828397));
#1799 = CARTESIAN_POINT('',(-4.471153492034,-25.38465732926));
#1800 = CARTESIAN_POINT('',(-4.59776322699,-25.40187557185));
#1801 = CARTESIAN_POINT('',(-4.853889595412,-25.39795594395));
#1802 = CARTESIAN_POINT('',(-4.975567698865,-25.37833807763));
#1803 = CARTESIAN_POINT('',(-5.09350839355,-25.34323125731));
#1804 = CARTESIAN_POINT('',(-5.207626207979,-25.29715898516));
#1805 = CARTESIAN_POINT('',(-5.317572019997,-25.24579489205));
#1806 = CARTESIAN_POINT('',(-5.422651103229,-25.1942367103));
#1807 = CARTESIAN_POINT('',(-5.639891928208,-25.08851621157));
#1808 = CARTESIAN_POINT('',(-5.753149079672,-25.03400262469));
#1809 = CARTESIAN_POINT('',(-5.862683657675,-24.98708260075));
#1810 = CARTESIAN_POINT('',(-5.96950861277,-24.95043912184));
#1811 = CARTESIAN_POINT('',(-6.074570323463,-24.92550401323));
#1812 = CARTESIAN_POINT('',(-6.178788849857,-24.91299861518));
#1813 = CARTESIAN_POINT('',(-6.28318530718,-24.91299861518));
#1814 = ( GEOMETRIC_REPRESENTATION_CONTEXT(2) 
PARAMETRIC_REPRESENTATION_CONTEXT() REPRESENTATION_CONTEXT('2D SPACE',''
  ) );
#1815 = FACE_BOUND('',#1816,.F.);
#1816 = EDGE_LOOP('',(#1817));
#1817 = ORIENTED_EDGE('',*,*,#1818,.F.);
#1818 = EDGE_CURVE('',#1819,#1819,#1821,.T.);
#1819 = VERTEX_POINT('',#1820);
#1820 = CARTESIAN_POINT('',(4.95,24.912998615181,-825.));
#1821 = SURFACE_CURVE('',#1822,(#1873,#1927),.PCURVE_S1.);
#1822 = B_SPLINE_CURVE_WITH_KNOTS('',7,(#1823,#1824,#1825,#1826,#1827,
    #1828,#1829,#1830,#1831,#1832,#1833,#1834,#1835,#1836,#1837,#1838,
    #1839,#1840,#1841,#1842,#1843,#1844,#1845,#1846,#1847,#1848,#1849,
    #1850,#1851,#1852,#1853,#1854,#1855,#1856,#1857,#1858,#1859,#1860,
    #1861,#1862,#1863,#1864,#1865,#1866,#1867,#1868,#1869,#1870,#1871,
    #1872),.UNSPECIFIED.,.T.,.F.,(8,6,6,6,6,6,6,6,8),(0.,0.135658879003,
    0.252998197692,0.365968824166,0.501055889952,0.636143011906,
    0.752987785657,0.865482279781,1.),.UNSPECIFIED.);
#1823 = CARTESIAN_POINT('',(4.95,24.912998615181,-825.));
#1824 = CARTESIAN_POINT('',(4.95,24.912998615181,-824.4832373157));
#1825 = CARTESIAN_POINT('',(4.887060147744,24.925504030209,
    -823.9673498946));
#1826 = CARTESIAN_POINT('',(4.76156645432,24.950439509349,
    -823.4564969997));
#1827 = CARTESIAN_POINT('',(4.57188975798,24.987083196109,
    -822.9551595972));
#1828 = CARTESIAN_POINT('',(4.314974840921,25.034002561108,
    -822.4694535545));
#1829 = CARTESIAN_POINT('',(3.986604879489,25.088515507824,-822.00793921
    ));
#1830 = CARTESIAN_POINT('',(3.232935202353,25.195888432949,
    -821.2175132011));
#1831 = CARTESIAN_POINT('',(2.815934727734,25.249512545253,
    -820.8678061647));
#1832 = CARTESIAN_POINT('',(2.332399076149,25.302866653882,
    -820.5573350928));
#1833 = CARTESIAN_POINT('',(1.788623415263,25.350068283999,
    -820.3055110383));
#1834 = CARTESIAN_POINT('',(1.195519365236,25.384657329252,
    -820.1287571646));
#1835 = CARTESIAN_POINT('',(0.567319469208,25.401875571853,
    -820.0403746502));
#1836 = CARTESIAN_POINT('',(-0.700346470442,25.397955943956,
    -820.0604899241));
#1837 = CARTESIAN_POINT('',(-1.301130967475,25.378338077642,
    -820.1611866798));
#1838 = CARTESIAN_POINT('',(-1.866105924537,25.343231257305,
    -820.3421444214));
#1839 = CARTESIAN_POINT('',(-2.383550102891,25.297158985168,
    -820.5907607752));
#1840 = CARTESIAN_POINT('',(-2.844679728421,25.245794892059,
    -820.8922368108));
#1841 = CARTESIAN_POINT('',(-3.244528937706,25.194236710297,
    -821.2296723608));
#1842 = CARTESIAN_POINT('',(-3.986599939746,25.088516211573,
    -822.0079340293));
#1843 = CARTESIAN_POINT('',(-4.314975669175,25.034002624696,
    -822.4694515713));
#1844 = CARTESIAN_POINT('',(-4.57189255996,24.987082600756,
    -822.9551637758));
#1845 = CARTESIAN_POINT('',(-4.761568507051,24.950439121848,
    -823.4565034783));
#1846 = CARTESIAN_POINT('',(-4.88706020802,24.925504013233,
    -823.9673547448));
#1847 = CARTESIAN_POINT('',(-4.95,24.912998615181,-824.4832375362));
#1848 = CARTESIAN_POINT('',(-4.95,24.912998615181,-825.5167626786));
#1849 = CARTESIAN_POINT('',(-4.887060143661,24.925504030839,
    -826.0326501268));
#1850 = CARTESIAN_POINT('',(-4.761566467594,24.950439507323,
    -826.5435029623));
#1851 = CARTESIAN_POINT('',(-4.571889739197,24.987083198927,
    -827.0448404395));
#1852 = CARTESIAN_POINT('',(-4.31497485456,25.034002559108,
    -827.5305464258));
#1853 = CARTESIAN_POINT('',(-3.986604874994,25.088515508464,
    -827.9920607946));
#1854 = CARTESIAN_POINT('',(-3.232935202477,25.195888432931,
    -828.7824867986));
#1855 = CARTESIAN_POINT('',(-2.815934727617,25.249512545274,
    -829.1321938354));
#1856 = CARTESIAN_POINT('',(-2.332399075999,25.302866653894,
    -829.4426649071));
#1857 = CARTESIAN_POINT('',(-1.788623415404,25.35006828397,
    -829.6944889614));
#1858 = CARTESIAN_POINT('',(-1.195519365407,25.384657329264,
    -829.8712428354));
#1859 = CARTESIAN_POINT('',(-0.567319469029,25.401875571852,
    -829.9596253497));
#1860 = CARTESIAN_POINT('',(0.700346470547,25.397955943956,
    -829.9395100758));
#1861 = CARTESIAN_POINT('',(1.301130967376,25.378338077636,-829.83881332
    ));
#1862 = CARTESIAN_POINT('',(1.866105924453,25.343231257321,
    -829.6578555786));
#1863 = CARTESIAN_POINT('',(2.383550102981,25.29715898516,
    -829.4092392247));
#1864 = CARTESIAN_POINT('',(2.844679728488,25.245794892047,
    -829.107763189));
#1865 = CARTESIAN_POINT('',(3.244528937634,25.194236710307,
    -828.7703276391));
#1866 = CARTESIAN_POINT('',(3.986599939745,25.088516211573,
    -827.9920659706));
#1867 = CARTESIAN_POINT('',(4.314975669176,25.034002624696,
    -827.5305484286));
#1868 = CARTESIAN_POINT('',(4.571892559958,24.987082600756,
    -827.0448362241));
#1869 = CARTESIAN_POINT('',(4.761568507053,24.950439121848,
    -826.5434965216));
#1870 = CARTESIAN_POINT('',(4.88706020802,24.925504013233,
    -826.0326452551));
#1871 = CARTESIAN_POINT('',(4.95,24.912998615181,-825.5167624637));
#1872 = CARTESIAN_POINT('',(4.95,24.912998615181,-825.));
#1873 = PCURVE('',#32,#1874);
#1874 = DEFINITIONAL_REPRESENTATION('',(#1875),#1926);
#1875 = B_SPLINE_CURVE_WITH_KNOTS('',7,(#1876,#1877,#1878,#1879,#1880,
    #1881,#1882,#1883,#1884,#1885,#1886,#1887,#1888,#1889,#1890,#1891,
    #1892,#1893,#1894,#1895,#1896,#1897,#1898,#1899,#1900,#1901,#1902,
    #1903,#1904,#1905,#1906,#1907,#1908,#1909,#1910,#1911,#1912,#1913,
    #1914,#1915,#1916,#1917,#1918,#1919,#1920,#1921,#1922,#1923,#1924,
    #1925),.UNSPECIFIED.,.T.,.F.,(8,6,6,6,6,6,6,6,8),(0.,0.135658879003,
    0.252998197692,0.365968824166,0.501055889952,0.636143011906,
    0.752987785657,0.865482279781,1.),.UNSPECIFIED.);
#1876 = CARTESIAN_POINT('',(-1.374659297137,-675.));
#1877 = CARTESIAN_POINT('',(-1.374659297137,-675.5167626842));
#1878 = CARTESIAN_POINT('',(-1.37718567883,-676.0326501053));
#1879 = CARTESIAN_POINT('',(-1.382222980216,-676.5435030002));
#1880 = CARTESIAN_POINT('',(-1.389828486826,-677.0448404027));
#1881 = CARTESIAN_POINT('',(-1.400109439424,-677.5305464454));
#1882 = CARTESIAN_POINT('',(-1.41321086186,-677.9920607899));
#1883 = CARTESIAN_POINT('',(-1.443182507358,-678.7824867988));
#1884 = CARTESIAN_POINT('',(-1.459733479969,-679.1321938352));
#1885 = CARTESIAN_POINT('',(-1.478880777633,-679.4426649071));
#1886 = CARTESIAN_POINT('',(-1.500357766445,-679.6944889616));
#1887 = CARTESIAN_POINT('',(-1.523730706994,-679.8712428353));
#1888 = CARTESIAN_POINT('',(-1.548460797999,-679.9596253497));
#1889 = CARTESIAN_POINT('',(-1.598369144432,-679.9395100758));
#1890 = CARTESIAN_POINT('',(-1.622024367755,-679.8388133201));
#1891 = CARTESIAN_POINT('',(-1.644295522166,-679.6578555785));
#1892 = CARTESIAN_POINT('',(-1.664737719185,-679.4092392247));
#1893 = CARTESIAN_POINT('',(-1.68300018826,-679.1077631891));
#1894 = CARTESIAN_POINT('',(-1.698871201435,-678.7703276391));
#1895 = CARTESIAN_POINT('',(-1.728381595288,-677.9920659706));
#1896 = CARTESIAN_POINT('',(-1.741483246056,-677.5305484286));
#1897 = CARTESIAN_POINT('',(-1.751764279235,-677.0448362241));
#1898 = CARTESIAN_POINT('',(-1.759369755766,-676.5434965216));
#1899 = CARTESIAN_POINT('',(-1.764406977177,-676.0326452551));
#1900 = CARTESIAN_POINT('',(-1.766933356453,-675.5167624637));
#1901 = CARTESIAN_POINT('',(-1.766933356453,-674.4832373213));
#1902 = CARTESIAN_POINT('',(-1.764406974597,-673.9673498731));
#1903 = CARTESIAN_POINT('',(-1.759369673902,-673.4564970376));
#1904 = CARTESIAN_POINT('',(-1.751764166016,-672.9551595604));
#1905 = CARTESIAN_POINT('',(-1.741483214708,-672.4694535741));
#1906 = CARTESIAN_POINT('',(-1.728381791551,-672.0079392053));
#1907 = CARTESIAN_POINT('',(-1.698410146237,-671.2175132013));
#1908 = CARTESIAN_POINT('',(-1.681859173616,-670.8678061645));
#1909 = CARTESIAN_POINT('',(-1.66271187595,-670.5573350928));
#1910 = CARTESIAN_POINT('',(-1.64123488715,-670.3055110385));
#1911 = CARTESIAN_POINT('',(-1.617861946602,-670.1287571645));
#1912 = CARTESIAN_POINT('',(-1.593131855583,-670.0403746502));
#1913 = CARTESIAN_POINT('',(-1.543223509154,-670.0604899241));
#1914 = CARTESIAN_POINT('',(-1.519568285839,-670.1611866799));
#1915 = CARTESIAN_POINT('',(-1.497297131427,-670.3421444213));
#1916 = CARTESIAN_POINT('',(-1.476854934401,-670.5907607752));
#1917 = CARTESIAN_POINT('',(-1.458592465327,-670.8922368109));
#1918 = CARTESIAN_POINT('',(-1.442721452158,-671.2296723608));
#1919 = CARTESIAN_POINT('',(-1.413211058301,-672.0079340293));
#1920 = CARTESIAN_POINT('',(-1.400109407533,-672.4694515713));
#1921 = CARTESIAN_POINT('',(-1.389828374355,-672.9551637758));
#1922 = CARTESIAN_POINT('',(-1.382222897824,-673.4565034783));
#1923 = CARTESIAN_POINT('',(-1.377185676413,-673.9673547448));
#1924 = CARTESIAN_POINT('',(-1.374659297137,-674.4832375362));
#1925 = CARTESIAN_POINT('',(-1.374659297137,-675.));
#1926 = ( GEOMETRIC_REPRESENTATION_CONTEXT(2) 
PARAMETRIC_REPRESENTATION_CONTEXT() REPRESENTATION_CONTEXT('2D SPACE',''
  ) );
#1927 = PCURVE('',#1928,#1933);
#1928 = CYLINDRICAL_SURFACE('',#1929,4.95);
#1929 = AXIS2_PLACEMENT_3D('',#1930,#1931,#1932);
#1930 = CARTESIAN_POINT('',(0.,0.,-825.));
#1931 = DIRECTION('',(0.,-1.,0.));
#1932 = DIRECTION('',(1.,0.,0.));
#1933 = DEFINITIONAL_REPRESENTATION('',(#1934),#1985);
#1934 = B_SPLINE_CURVE_WITH_KNOTS('',7,(#1935,#1936,#1937,#1938,#1939,
    #1940,#1941,#1942,#1943,#1944,#1945,#1946,#1947,#1948,#1949,#1950,
    #1951,#1952,#1953,#1954,#1955,#1956,#1957,#1958,#1959,#1960,#1961,
    #1962,#1963,#1964,#1965,#1966,#1967,#1968,#1969,#1970,#1971,#1972,
    #1973,#1974,#1975,#1976,#1977,#1978,#1979,#1980,#1981,#1982,#1983,
    #1984),.UNSPECIFIED.,.F.,.F.,(8,6,6,6,6,6,6,6,8),(0.,0.135658879003,
    0.252998197692,0.365968824166,0.501055889952,0.636143011906,
    0.752987785657,0.865482279781,1.),.UNSPECIFIED.);
#1935 = CARTESIAN_POINT('',(0.,-24.91299861518));
#1936 = CARTESIAN_POINT('',(0.104396501866,-24.91299861518));
#1937 = CARTESIAN_POINT('',(0.208615957227,-24.9255040302));
#1938 = CARTESIAN_POINT('',(0.313678032175,-24.95043950934));
#1939 = CARTESIAN_POINT('',(0.420502581532,-24.9870831961));
#1940 = CARTESIAN_POINT('',(0.530036046686,-25.0340025611));
#1941 = CARTESIAN_POINT('',(0.643291932865,-25.08851550782));
#1942 = CARTESIAN_POINT('',(0.863928262761,-25.19588843294));
#1943 = CARTESIAN_POINT('',(0.973192726384,-25.24951254525));
#1944 = CARTESIAN_POINT('',(1.087745041726,-25.30286665388));
#1945 = CARTESIAN_POINT('',(1.206693832454,-25.35006828399));
#1946 = CARTESIAN_POINT('',(1.329560838479,-25.38465732925));
#1947 = CARTESIAN_POINT('',(1.456170573364,-25.40187557185));
#1948 = CARTESIAN_POINT('',(1.712296941808,-25.39795594395));
#1949 = CARTESIAN_POINT('',(1.833975045288,-25.37833807764));
#1950 = CARTESIAN_POINT('',(1.951915739971,-25.3432312573));
#1951 = CARTESIAN_POINT('',(2.066033554381,-25.29715898516));
#1952 = CARTESIAN_POINT('',(2.175979366391,-25.24579489205));
#1953 = CARTESIAN_POINT('',(2.281058449653,-25.19423671029));
#1954 = CARTESIAN_POINT('',(2.498299274618,-25.08851621157));
#1955 = CARTESIAN_POINT('',(2.611556426082,-25.03400262469));
#1956 = CARTESIAN_POINT('',(2.721091004085,-24.98708260075));
#1957 = CARTESIAN_POINT('',(2.827915959181,-24.95043912184));
#1958 = CARTESIAN_POINT('',(2.932977669873,-24.92550401323));
#1959 = CARTESIAN_POINT('',(3.037196196267,-24.91299861518));
#1960 = CARTESIAN_POINT('',(3.245989154319,-24.91299861518));
#1961 = CARTESIAN_POINT('',(3.350208615438,-24.92550403083));
#1962 = CARTESIAN_POINT('',(3.455270677179,-24.95043950732));
#1963 = CARTESIAN_POINT('',(3.56209524393,-24.98708319892));
#1964 = CARTESIAN_POINT('',(3.671628695269,-25.0340025591));
#1965 = CARTESIAN_POINT('',(3.784884587771,-25.08851550846));
#1966 = CARTESIAN_POINT('',(4.005520916314,-25.19588843293));
#1967 = CARTESIAN_POINT('',(4.114785380017,-25.24951254527));
#1968 = CARTESIAN_POINT('',(4.229337695334,-25.30286665389));
#1969 = CARTESIAN_POINT('',(4.348286486017,-25.35006828397));
#1970 = CARTESIAN_POINT('',(4.471153492034,-25.38465732926));
#1971 = CARTESIAN_POINT('',(4.59776322699,-25.40187557185));
#1972 = CARTESIAN_POINT('',(4.853889595419,-25.39795594395));
#1973 = CARTESIAN_POINT('',(4.975567698858,-25.37833807763));
#1974 = CARTESIAN_POINT('',(5.093508393544,-25.34323125732));
#1975 = CARTESIAN_POINT('',(5.207626207983,-25.29715898516));
#1976 = CARTESIAN_POINT('',(5.317572020005,-25.24579489204));
#1977 = CARTESIAN_POINT('',(5.422651103222,-25.1942367103));
#1978 = CARTESIAN_POINT('',(5.639891928208,-25.08851621157));
#1979 = CARTESIAN_POINT('',(5.753149079672,-25.03400262469));
#1980 = CARTESIAN_POINT('',(5.862683657675,-24.98708260075));
#1981 = CARTESIAN_POINT('',(5.96950861277,-24.95043912184));
#1982 = CARTESIAN_POINT('',(6.074570323463,-24.92550401323));
#1983 = CARTESIAN_POINT('',(6.178788849857,-24.91299861518));
#1984 = CARTESIAN_POINT('',(6.28318530718,-24.91299861518));
#1985 = ( GEOMETRIC_REPRESENTATION_CONTEXT(2) 
PARAMETRIC_REPRESENTATION_CONTEXT() REPRESENTATION_CONTEXT('2D SPACE',''
  ) );
#1986 = FACE_BOUND('',#1987,.F.);
#1987 = EDGE_LOOP('',(#1988));
#1988 = ORIENTED_EDGE('',*,*,#1989,.F.);
#1989 = EDGE_CURVE('',#1990,#1990,#1992,.T.);
#1990 = VERTEX_POINT('',#1991);
#1991 = CARTESIAN_POINT('',(4.95,24.912998615181,-975.));
#1992 = SURFACE_CURVE('',#1993,(#2044,#2098),.PCURVE_S1.);
#1993 = B_SPLINE_CURVE_WITH_KNOTS('',7,(#1994,#1995,#1996,#1997,#1998,
    #1999,#2000,#2001,#2002,#2003,#2004,#2005,#2006,#2007,#2008,#2009,
    #2010,#2011,#2012,#2013,#2014,#2015,#2016,#2017,#2018,#2019,#2020,
    #2021,#2022,#2023,#2024,#2025,#2026,#2027,#2028,#2029,#2030,#2031,
    #2032,#2033,#2034,#2035,#2036,#2037,#2038,#2039,#2040,#2041,#2042,
    #2043),.UNSPECIFIED.,.T.,.F.,(8,6,6,6,6,6,6,6,8),(0.,0.135658877522,
    0.252998196194,0.365968822689,0.50105588849,0.63614301193,
    0.752987785681,0.865482279794,1.),.UNSPECIFIED.);
#1994 = CARTESIAN_POINT('',(4.95,24.912998615181,-975.));
#1995 = CARTESIAN_POINT('',(4.95,24.912998615181,-974.4832373213));
#1996 = CARTESIAN_POINT('',(4.887060143661,24.925504030839,
    -973.9673498731));
#1997 = CARTESIAN_POINT('',(4.761566467593,24.950439507323,
    -973.4564970376));
#1998 = CARTESIAN_POINT('',(4.571889739199,24.987083198927,
    -972.9551595604));
#1999 = CARTESIAN_POINT('',(4.314974854558,25.034002559108,
    -972.4694535741));
#2000 = CARTESIAN_POINT('',(3.986604874995,25.088515508464,
    -972.0079392053));
#2001 = CARTESIAN_POINT('',(3.232935202476,25.195888432932,
    -971.2175132013));
#2002 = CARTESIAN_POINT('',(2.81593472762,25.249512545274,
    -970.8678061645));
#2003 = CARTESIAN_POINT('',(2.332399075992,25.302866653894,
    -970.5573350928));
#2004 = CARTESIAN_POINT('',(1.788623415411,25.35006828397,
    -970.3055110385));
#2005 = CARTESIAN_POINT('',(1.195519365404,25.384657329264,
    -970.1287571645));
#2006 = CARTESIAN_POINT('',(0.56731946903,25.401875571852,
    -970.0403746502));
#2007 = CARTESIAN_POINT('',(-0.700346470481,25.397955943956,
    -970.0604899241));
#2008 = CARTESIAN_POINT('',(-1.301130967438,25.378338077639,
    -970.1611866798));
#2009 = CARTESIAN_POINT('',(-1.866105924506,25.343231257311,
    -970.3421444213));
#2010 = CARTESIAN_POINT('',(-2.383550102925,25.297158985165,
    -970.5907607752));
#2011 = CARTESIAN_POINT('',(-2.844679728445,25.245794892054,
    -970.8922368108));
#2012 = CARTESIAN_POINT('',(-3.244528937679,25.194236710301,
    -971.2296723608));
#2013 = CARTESIAN_POINT('',(-3.986599939746,25.088516211573,
    -972.0079340293));
#2014 = CARTESIAN_POINT('',(-4.314975669175,25.034002624696,
    -972.4694515713));
#2015 = CARTESIAN_POINT('',(-4.571892559959,24.987082600756,
    -972.9551637758));
#2016 = CARTESIAN_POINT('',(-4.761568507051,24.950439121848,
    -973.4565034783));
#2017 = CARTESIAN_POINT('',(-4.88706020802,24.925504013233,
    -973.9673547448));
#2018 = CARTESIAN_POINT('',(-4.95,24.912998615181,-974.4832375362));
#2019 = CARTESIAN_POINT('',(-4.95,24.912998615181,-975.5167626842));
#2020 = CARTESIAN_POINT('',(-4.887060147744,24.925504030209,
    -976.0326501053));
#2021 = CARTESIAN_POINT('',(-4.761566454321,24.950439509349,
    -976.5435030002));
#2022 = CARTESIAN_POINT('',(-4.57188975798,24.987083196109,
    -977.0448404027));
#2023 = CARTESIAN_POINT('',(-4.314974840922,25.034002561108,
    -977.5305464454));
#2024 = CARTESIAN_POINT('',(-3.986604879488,25.088515507824,
    -977.9920607899));
#2025 = CARTESIAN_POINT('',(-3.232935202436,25.195888432937,
    -978.7824867987));
#2026 = CARTESIAN_POINT('',(-2.815934727655,25.249512545267,
    -979.1321938353));
#2027 = CARTESIAN_POINT('',(-2.332399076051,25.30286665389,
    -979.4426649071));
#2028 = CARTESIAN_POINT('',(-1.788623415355,25.35006828398,
    -979.6944889615));
#2029 = CARTESIAN_POINT('',(-1.19551936535,25.38465732926,
    -979.8712428354));
#2030 = CARTESIAN_POINT('',(-0.567319469089,25.401875571852,
    -979.9596253497));
#2031 = CARTESIAN_POINT('',(0.700346470547,25.397955943956,
    -979.9395100758));
#2032 = CARTESIAN_POINT('',(1.301130967376,25.378338077636,-979.83881332
    ));
#2033 = CARTESIAN_POINT('',(1.866105924453,25.343231257321,
    -979.6578555786));
#2034 = CARTESIAN_POINT('',(2.383550102981,25.29715898516,
    -979.4092392247));
#2035 = CARTESIAN_POINT('',(2.844679728488,25.245794892047,
    -979.107763189));
#2036 = CARTESIAN_POINT('',(3.244528937634,25.194236710307,
    -978.7703276391));
#2037 = CARTESIAN_POINT('',(3.986599939745,25.088516211573,
    -977.9920659706));
#2038 = CARTESIAN_POINT('',(4.314975669176,25.034002624696,
    -977.5305484286));
#2039 = CARTESIAN_POINT('',(4.571892559958,24.987082600756,
    -977.0448362241));
#2040 = CARTESIAN_POINT('',(4.761568507053,24.950439121848,
    -976.5434965216));
#2041 = CARTESIAN_POINT('',(4.88706020802,24.925504013233,
    -976.0326452551));
#2042 = CARTESIAN_POINT('',(4.95,24.912998615181,-975.5167624637));
#2043 = CARTESIAN_POINT('',(4.95,24.912998615181,-975.));
#2044 = PCURVE('',#32,#2045);
#2045 = DEFINITIONAL_REPRESENTATION('',(#2046),#2097);
#2046 = B_SPLINE_CURVE_WITH_KNOTS('',7,(#2047,#2048,#2049,#2050,#2051,
    #2052,#2053,#2054,#2055,#2056,#2057,#2058,#2059,#2060,#2061,#2062,
    #2063,#2064,#2065,#2066,#2067,#2068,#2069,#2070,#2071,#2072,#2073,
    #2074,#2075,#2076,#2077,#2078,#2079,#2080,#2081,#2082,#2083,#2084,
    #2085,#2086,#2087,#2088,#2089,#2090,#2091,#2092,#2093,#2094,#2095,
    #2096),.UNSPECIFIED.,.T.,.F.,(8,6,6,6,6,6,6,6,8),(0.,0.135658877522,
    0.252998196194,0.365968822689,0.50105588849,0.63614301193,
    0.752987785681,0.865482279794,1.),.UNSPECIFIED.);
#2047 = CARTESIAN_POINT('',(-1.374659297137,-525.));
#2048 = CARTESIAN_POINT('',(-1.374659297137,-525.5167626786));
#2049 = CARTESIAN_POINT('',(-1.377185678993,-526.0326501268));
#2050 = CARTESIAN_POINT('',(-1.382222979688,-526.5435029623));
#2051 = CARTESIAN_POINT('',(-1.389828487573,-527.0448404395));
#2052 = CARTESIAN_POINT('',(-1.400109438882,-527.5305464258));
#2053 = CARTESIAN_POINT('',(-1.413210862038,-527.9920607946));
#2054 = CARTESIAN_POINT('',(-1.443182507353,-528.7824867986));
#2055 = CARTESIAN_POINT('',(-1.459733479974,-529.1321938354));
#2056 = CARTESIAN_POINT('',(-1.47888077764,-529.4426649071));
#2057 = CARTESIAN_POINT('',(-1.500357766439,-529.6944889614));
#2058 = CARTESIAN_POINT('',(-1.523730706988,-529.8712428354));
#2059 = CARTESIAN_POINT('',(-1.548460798006,-529.9596253497));
#2060 = CARTESIAN_POINT('',(-1.598369144433,-529.9395100758));
#2061 = CARTESIAN_POINT('',(-1.622024367753,-529.8388133201));
#2062 = CARTESIAN_POINT('',(-1.644295522164,-529.6578555786));
#2063 = CARTESIAN_POINT('',(-1.664737719187,-529.4092392247));
#2064 = CARTESIAN_POINT('',(-1.683000188261,-529.1077631891));
#2065 = CARTESIAN_POINT('',(-1.698871201434,-528.7703276391));
#2066 = CARTESIAN_POINT('',(-1.728381595288,-527.9920659706));
#2067 = CARTESIAN_POINT('',(-1.741483246056,-527.5305484286));
#2068 = CARTESIAN_POINT('',(-1.751764279235,-527.0448362241));
#2069 = CARTESIAN_POINT('',(-1.759369755766,-526.5434965216));
#2070 = CARTESIAN_POINT('',(-1.764406977177,-526.0326452551));
#2071 = CARTESIAN_POINT('',(-1.766933356453,-525.5167624637));
#2072 = CARTESIAN_POINT('',(-1.766933356453,-524.4832373157));
#2073 = CARTESIAN_POINT('',(-1.76440697476,-523.9673498946));
#2074 = CARTESIAN_POINT('',(-1.759369673374,-523.4564969997));
#2075 = CARTESIAN_POINT('',(-1.751764166764,-522.9551595972));
#2076 = CARTESIAN_POINT('',(-1.741483214165,-522.4694535545));
#2077 = CARTESIAN_POINT('',(-1.72838179173,-522.00793921));
#2078 = CARTESIAN_POINT('',(-1.698410146235,-521.2175132012));
#2079 = CARTESIAN_POINT('',(-1.681859173617,-520.8678061646));
#2080 = CARTESIAN_POINT('',(-1.662711875952,-520.5573350928));
#2081 = CARTESIAN_POINT('',(-1.641234887148,-520.3055110384));
#2082 = CARTESIAN_POINT('',(-1.6178619466,-520.1287571645));
#2083 = CARTESIAN_POINT('',(-1.593131855586,-520.0403746502));
#2084 = CARTESIAN_POINT('',(-1.543223509154,-520.0604899241));
#2085 = CARTESIAN_POINT('',(-1.519568285839,-520.1611866799));
#2086 = CARTESIAN_POINT('',(-1.497297131427,-520.3421444213));
#2087 = CARTESIAN_POINT('',(-1.476854934401,-520.5907607752));
#2088 = CARTESIAN_POINT('',(-1.458592465327,-520.8922368109));
#2089 = CARTESIAN_POINT('',(-1.442721452158,-521.2296723608));
#2090 = CARTESIAN_POINT('',(-1.413211058301,-522.0079340293));
#2091 = CARTESIAN_POINT('',(-1.400109407533,-522.4694515713));
#2092 = CARTESIAN_POINT('',(-1.389828374355,-522.9551637758));
#2093 = CARTESIAN_POINT('',(-1.382222897824,-523.4565034783));
#2094 = CARTESIAN_POINT('',(-1.377185676413,-523.9673547448));
#2095 = CARTESIAN_POINT('',(-1.374659297137,-524.4832375362));
#2096 = CARTESIAN_POINT('',(-1.374659297137,-525.));
#2097 = ( GEOMETRIC_REPRESENTATION_CONTEXT(2) 
PARAMETRIC_REPRESENTATION_CONTEXT() REPRESENTATION_CONTEXT('2D SPACE',''
  ) );
#2098 = PCURVE('',#2099,#2104);
#2099 = CYLINDRICAL_SURFACE('',#2100,4.95);
#2100 = AXIS2_PLACEMENT_3D('',#2101,#2102,#2103);
#2101 = CARTESIAN_POINT('',(0.,0.,-975.));
#2102 = DIRECTION('',(0.,-1.,0.));
#2103 = DIRECTION('',(1.,0.,0.));
#2104 = DEFINITIONAL_REPRESENTATION('',(#2105),#2156);
#2105 = B_SPLINE_CURVE_WITH_KNOTS('',7,(#2106,#2107,#2108,#2109,#2110,
    #2111,#2112,#2113,#2114,#2115,#2116,#2117,#2118,#2119,#2120,#2121,
    #2122,#2123,#2124,#2125,#2126,#2127,#2128,#2129,#2130,#2131,#2132,
    #2133,#2134,#2135,#2136,#2137,#2138,#2139,#2140,#2141,#2142,#2143,
    #2144,#2145,#2146,#2147,#2148,#2149,#2150,#2151,#2152,#2153,#2154,
    #2155),.UNSPECIFIED.,.F.,.F.,(8,6,6,6,6,6,6,6,8),(0.,0.135658877522,
    0.252998196194,0.365968822689,0.50105588849,0.63614301193,
    0.752987785681,0.865482279794,1.),.UNSPECIFIED.);
#2106 = CARTESIAN_POINT('',(0.,-24.91299861518));
#2107 = CARTESIAN_POINT('',(0.10439650073,-24.91299861518));
#2108 = CARTESIAN_POINT('',(0.208615961848,-24.92550403083));
#2109 = CARTESIAN_POINT('',(0.313678023589,-24.95043950732));
#2110 = CARTESIAN_POINT('',(0.42050259034,-24.98708319892));
#2111 = CARTESIAN_POINT('',(0.53003604168,-25.0340025591));
#2112 = CARTESIAN_POINT('',(0.643291934181,-25.08851550846));
#2113 = CARTESIAN_POINT('',(0.863928262725,-25.19588843293));
#2114 = CARTESIAN_POINT('',(0.973192726426,-25.24951254527));
#2115 = CARTESIAN_POINT('',(1.087745041746,-25.30286665389));
#2116 = CARTESIAN_POINT('',(1.206693832426,-25.35006828397));
#2117 = CARTESIAN_POINT('',(1.329560838445,-25.38465732926));
#2118 = CARTESIAN_POINT('',(1.456170573401,-25.40187557185));
#2119 = CARTESIAN_POINT('',(1.712296941816,-25.39795594395));
#2120 = CARTESIAN_POINT('',(1.833975045281,-25.37833807763));
#2121 = CARTESIAN_POINT('',(1.951915739965,-25.34323125731));
#2122 = CARTESIAN_POINT('',(2.066033554386,-25.29715898516));
#2123 = CARTESIAN_POINT('',(2.1759793664,-25.24579489205));
#2124 = CARTESIAN_POINT('',(2.281058449645,-25.1942367103));
#2125 = CARTESIAN_POINT('',(2.498299274618,-25.08851621157));
#2126 = CARTESIAN_POINT('',(2.611556426082,-25.03400262469));
#2127 = CARTESIAN_POINT('',(2.721091004085,-24.98708260075));
#2128 = CARTESIAN_POINT('',(2.82791595918,-24.95043912184));
#2129 = CARTESIAN_POINT('',(2.932977669873,-24.92550401323));
#2130 = CARTESIAN_POINT('',(3.037196196267,-24.91299861518));
#2131 = CARTESIAN_POINT('',(3.245989155456,-24.91299861518));
#2132 = CARTESIAN_POINT('',(3.350208610817,-24.9255040302));
#2133 = CARTESIAN_POINT('',(3.455270685764,-24.95043950934));
#2134 = CARTESIAN_POINT('',(3.562095235122,-24.9870831961));
#2135 = CARTESIAN_POINT('',(3.671628700275,-25.0340025611));
#2136 = CARTESIAN_POINT('',(3.784884586455,-25.08851550782));
#2137 = CARTESIAN_POINT('',(4.005520916326,-25.19588843293));
#2138 = CARTESIAN_POINT('',(4.114785380003,-25.24951254526));
#2139 = CARTESIAN_POINT('',(4.229337695327,-25.30286665389));
#2140 = CARTESIAN_POINT('',(4.348286486026,-25.35006828398));
#2141 = CARTESIAN_POINT('',(4.471153492045,-25.38465732926));
#2142 = CARTESIAN_POINT('',(4.597763226978,-25.40187557185));
#2143 = CARTESIAN_POINT('',(4.853889595419,-25.39795594395));
#2144 = CARTESIAN_POINT('',(4.975567698858,-25.37833807763));
#2145 = CARTESIAN_POINT('',(5.093508393544,-25.34323125732));
#2146 = CARTESIAN_POINT('',(5.207626207983,-25.29715898516));
#2147 = CARTESIAN_POINT('',(5.317572020005,-25.24579489204));
#2148 = CARTESIAN_POINT('',(5.422651103222,-25.1942367103));
#2149 = CARTESIAN_POINT('',(5.639891928208,-25.08851621157));
#2150 = CARTESIAN_POINT('',(5.753149079672,-25.03400262469));
#2151 = CARTESIAN_POINT('',(5.862683657675,-24.98708260075));
#2152 = CARTESIAN_POINT('',(5.96950861277,-24.95043912184));
#2153 = CARTESIAN_POINT('',(6.074570323463,-24.92550401323));
#2154 = CARTESIAN_POINT('',(6.178788849857,-24.91299861518));
#2155 = CARTESIAN_POINT('',(6.28318530718,-24.91299861518));
#2156 = ( GEOMETRIC_REPRESENTATION_CONTEXT(2) 
PARAMETRIC_REPRESENTATION_CONTEXT() REPRESENTATION_CONTEXT('2D SPACE',''
  ) );
#2157 = FACE_BOUND('',#2158,.F.);
#2158 = EDGE_LOOP('',(#2159));
#2159 = ORIENTED_EDGE('',*,*,#2160,.F.);
#2160 = EDGE_CURVE('',#2161,#2161,#2163,.T.);
#2161 = VERTEX_POINT('',#2162);
#2162 = CARTESIAN_POINT('',(4.95,24.912998615181,-1.125E+03));
#2163 = SURFACE_CURVE('',#2164,(#2215,#2269),.PCURVE_S1.);
#2164 = B_SPLINE_CURVE_WITH_KNOTS('',7,(#2165,#2166,#2167,#2168,#2169,
    #2170,#2171,#2172,#2173,#2174,#2175,#2176,#2177,#2178,#2179,#2180,
    #2181,#2182,#2183,#2184,#2185,#2186,#2187,#2188,#2189,#2190,#2191,
    #2192,#2193,#2194,#2195,#2196,#2197,#2198,#2199,#2200,#2201,#2202,
    #2203,#2204,#2205,#2206,#2207,#2208,#2209,#2210,#2211,#2212,#2213,
    #2214),.UNSPECIFIED.,.T.,.F.,(8,6,6,6,6,6,6,6,8),(0.,0.135658877527,
    0.252998196203,0.365968822708,0.501055888513,0.636143011956,
    0.752987785696,0.865482279787,1.),.UNSPECIFIED.);
#2165 = CARTESIAN_POINT('',(4.95,24.912998615181,-1.125E+03));
#2166 = CARTESIAN_POINT('',(4.95,24.912998615181,-1.124483237321E+03));
#2167 = CARTESIAN_POINT('',(4.887060143662,24.925504030839,
    -1.123967349873E+03));
#2168 = CARTESIAN_POINT('',(4.761566467592,24.950439507323,
    -1.123456497038E+03));
#2169 = CARTESIAN_POINT('',(4.5718897392,24.987083198927,
    -1.12295515956E+03));
#2170 = CARTESIAN_POINT('',(4.314974854557,25.034002559108,
    -1.122469453574E+03));
#2171 = CARTESIAN_POINT('',(3.986604874995,25.088515508464,
    -1.122007939205E+03));
#2172 = CARTESIAN_POINT('',(3.232935202477,25.195888432931,
    -1.121217513201E+03));
#2173 = CARTESIAN_POINT('',(2.815934727618,25.249512545274,
    -1.120867806165E+03));
#2174 = CARTESIAN_POINT('',(2.332399075998,25.302866653894,
    -1.120557335093E+03));
#2175 = CARTESIAN_POINT('',(1.788623415402,25.35006828397,
    -1.120305511039E+03));
#2176 = CARTESIAN_POINT('',(1.195519365411,25.384657329264,
    -1.120128757165E+03));
#2177 = CARTESIAN_POINT('',(0.567319469027,25.401875571852,
    -1.12004037465E+03));
#2178 = CARTESIAN_POINT('',(-0.70034647051,25.397955943956,
    -1.120060489924E+03));
#2179 = CARTESIAN_POINT('',(-1.301130967411,25.378338077638,
    -1.12016118668E+03));
#2180 = CARTESIAN_POINT('',(-1.866105924481,25.343231257316,
    -1.120342144421E+03));
#2181 = CARTESIAN_POINT('',(-2.38355010295,25.297158985163,
    -1.120590760775E+03));
#2182 = CARTESIAN_POINT('',(-2.844679728464,25.245794892051,
    -1.120892236811E+03));
#2183 = CARTESIAN_POINT('',(-3.244528937659,25.194236710304,
    -1.121229672361E+03));
#2184 = CARTESIAN_POINT('',(-3.986599939745,25.088516211573,
    -1.122007934029E+03));
#2185 = CARTESIAN_POINT('',(-4.314975669176,25.034002624696,
    -1.122469451571E+03));
#2186 = CARTESIAN_POINT('',(-4.571892559957,24.987082600756,
    -1.122955163776E+03));
#2187 = CARTESIAN_POINT('',(-4.761568507052,24.950439121848,
    -1.123456503478E+03));
#2188 = CARTESIAN_POINT('',(-4.88706020802,24.925504013233,
    -1.123967354745E+03));
#2189 = CARTESIAN_POINT('',(-4.95,24.912998615181,-1.124483237536E+03));
#2190 = CARTESIAN_POINT('',(-4.95,24.912998615181,-1.125516762684E+03));
#2191 = CARTESIAN_POINT('',(-4.887060147744,24.925504030209,
    -1.126032650105E+03));
#2192 = CARTESIAN_POINT('',(-4.76156645432,24.950439509349,
    -1.126543503E+03));
#2193 = CARTESIAN_POINT('',(-4.571889757981,24.987083196109,
    -1.127044840403E+03));
#2194 = CARTESIAN_POINT('',(-4.31497484092,25.034002561108,
    -1.127530546445E+03));
#2195 = CARTESIAN_POINT('',(-3.986604879489,25.088515507824,
    -1.12799206079E+03));
#2196 = CARTESIAN_POINT('',(-3.232935202477,25.195888432931,
    -1.128782486799E+03));
#2197 = CARTESIAN_POINT('',(-2.815934727618,25.249512545274,
    -1.129132193835E+03));
#2198 = CARTESIAN_POINT('',(-2.332399075997,25.302866653894,
    -1.129442664907E+03));
#2199 = CARTESIAN_POINT('',(-1.788623415406,25.35006828397,
    -1.129694488961E+03));
#2200 = CARTESIAN_POINT('',(-1.195519365407,25.384657329264,
    -1.129871242835E+03));
#2201 = CARTESIAN_POINT('',(-0.567319469029,25.401875571852,
    -1.12995962535E+03));
#2202 = CARTESIAN_POINT('',(0.700346470426,25.397955943956,
    -1.129939510076E+03));
#2203 = CARTESIAN_POINT('',(1.30113096749,25.378338077643,
    -1.12983881332E+03));
#2204 = CARTESIAN_POINT('',(1.866105924552,25.343231257302,
    -1.129657855579E+03));
#2205 = CARTESIAN_POINT('',(2.383550102875,25.297158985169,
    -1.129409239225E+03));
#2206 = CARTESIAN_POINT('',(2.844679728411,25.24579489206,
    -1.129107763189E+03));
#2207 = CARTESIAN_POINT('',(3.244528937717,25.194236710295,
    -1.128770327639E+03));
#2208 = CARTESIAN_POINT('',(3.986599939746,25.088516211573,
    -1.127992065971E+03));
#2209 = CARTESIAN_POINT('',(4.314975669174,25.034002624696,
    -1.127530548429E+03));
#2210 = CARTESIAN_POINT('',(4.57189255996,24.987082600756,
    -1.127044836224E+03));
#2211 = CARTESIAN_POINT('',(4.76156850705,24.950439121848,
    -1.126543496522E+03));
#2212 = CARTESIAN_POINT('',(4.887060208021,24.925504013233,
    -1.126032645255E+03));
#2213 = CARTESIAN_POINT('',(4.95,24.912998615181,-1.125516762464E+03));
#2214 = CARTESIAN_POINT('',(4.95,24.912998615181,-1.125E+03));
#2215 = PCURVE('',#32,#2216);
#2216 = DEFINITIONAL_REPRESENTATION('',(#2217),#2268);
#2217 = B_SPLINE_CURVE_WITH_KNOTS('',7,(#2218,#2219,#2220,#2221,#2222,
    #2223,#2224,#2225,#2226,#2227,#2228,#2229,#2230,#2231,#2232,#2233,
    #2234,#2235,#2236,#2237,#2238,#2239,#2240,#2241,#2242,#2243,#2244,
    #2245,#2246,#2247,#2248,#2249,#2250,#2251,#2252,#2253,#2254,#2255,
    #2256,#2257,#2258,#2259,#2260,#2261,#2262,#2263,#2264,#2265,#2266,
    #2267),.UNSPECIFIED.,.T.,.F.,(8,6,6,6,6,6,6,6,8),(0.,0.135658877527,
    0.252998196203,0.365968822708,0.501055888513,0.636143011956,
    0.752987785696,0.865482279787,1.),.UNSPECIFIED.);
#2218 = CARTESIAN_POINT('',(-1.374659297137,-375.));
#2219 = CARTESIAN_POINT('',(-1.374659297137,-375.5167626786));
#2220 = CARTESIAN_POINT('',(-1.377185678993,-376.0326501268));
#2221 = CARTESIAN_POINT('',(-1.382222979688,-376.5435029623));
#2222 = CARTESIAN_POINT('',(-1.389828487573,-377.0448404395));
#2223 = CARTESIAN_POINT('',(-1.400109438882,-377.5305464258));
#2224 = CARTESIAN_POINT('',(-1.413210862038,-377.9920607946));
#2225 = CARTESIAN_POINT('',(-1.443182507353,-378.7824867986));
#2226 = CARTESIAN_POINT('',(-1.459733479974,-379.1321938354));
#2227 = CARTESIAN_POINT('',(-1.478880777639,-379.4426649071));
#2228 = CARTESIAN_POINT('',(-1.500357766439,-379.6944889614));
#2229 = CARTESIAN_POINT('',(-1.523730706987,-379.8712428354));
#2230 = CARTESIAN_POINT('',(-1.548460798006,-379.9596253497));
#2231 = CARTESIAN_POINT('',(-1.598369144435,-379.9395100758));
#2232 = CARTESIAN_POINT('',(-1.622024367752,-379.8388133201));
#2233 = CARTESIAN_POINT('',(-1.644295522163,-379.6578555786));
#2234 = CARTESIAN_POINT('',(-1.664737719188,-379.4092392247));
#2235 = CARTESIAN_POINT('',(-1.683000188262,-379.1077631891));
#2236 = CARTESIAN_POINT('',(-1.698871201433,-378.7703276391));
#2237 = CARTESIAN_POINT('',(-1.728381595288,-377.9920659706));
#2238 = CARTESIAN_POINT('',(-1.741483246056,-377.5305484286));
#2239 = CARTESIAN_POINT('',(-1.751764279235,-377.0448362241));
#2240 = CARTESIAN_POINT('',(-1.759369755766,-376.5434965216));
#2241 = CARTESIAN_POINT('',(-1.764406977177,-376.0326452551));
#2242 = CARTESIAN_POINT('',(-1.766933356453,-375.5167624637));
#2243 = CARTESIAN_POINT('',(-1.766933356453,-374.4832373157));
#2244 = CARTESIAN_POINT('',(-1.76440697476,-373.9673498946));
#2245 = CARTESIAN_POINT('',(-1.759369673374,-373.4564969997));
#2246 = CARTESIAN_POINT('',(-1.751764166764,-372.9551595972));
#2247 = CARTESIAN_POINT('',(-1.741483214165,-372.4694535545));
#2248 = CARTESIAN_POINT('',(-1.72838179173,-372.00793921));
#2249 = CARTESIAN_POINT('',(-1.698410146237,-371.2175132013));
#2250 = CARTESIAN_POINT('',(-1.681859173616,-370.8678061645));
#2251 = CARTESIAN_POINT('',(-1.66271187595,-370.5573350928));
#2252 = CARTESIAN_POINT('',(-1.64123488715,-370.3055110385));
#2253 = CARTESIAN_POINT('',(-1.617861946602,-370.1287571645));
#2254 = CARTESIAN_POINT('',(-1.593131855583,-370.0403746502));
#2255 = CARTESIAN_POINT('',(-1.543223509159,-370.0604899241));
#2256 = CARTESIAN_POINT('',(-1.519568285834,-370.1611866798));
#2257 = CARTESIAN_POINT('',(-1.497297131423,-370.3421444214));
#2258 = CARTESIAN_POINT('',(-1.476854934405,-370.5907607752));
#2259 = CARTESIAN_POINT('',(-1.45859246533,-370.8922368107));
#2260 = CARTESIAN_POINT('',(-1.442721452155,-371.2296723608));
#2261 = CARTESIAN_POINT('',(-1.413211058301,-372.0079340293));
#2262 = CARTESIAN_POINT('',(-1.400109407533,-372.4694515713));
#2263 = CARTESIAN_POINT('',(-1.389828374355,-372.9551637758));
#2264 = CARTESIAN_POINT('',(-1.382222897824,-373.4565034783));
#2265 = CARTESIAN_POINT('',(-1.377185676412,-373.9673547448));
#2266 = CARTESIAN_POINT('',(-1.374659297137,-374.4832375362));
#2267 = CARTESIAN_POINT('',(-1.374659297137,-375.));
#2268 = ( GEOMETRIC_REPRESENTATION_CONTEXT(2) 
PARAMETRIC_REPRESENTATION_CONTEXT() REPRESENTATION_CONTEXT('2D SPACE',''
  ) );
#2269 = PCURVE('',#2270,#2275);
#2270 = CYLINDRICAL_SURFACE('',#2271,4.95);
#2271 = AXIS2_PLACEMENT_3D('',#2272,#2273,#2274);
#2272 = CARTESIAN_POINT('',(0.,0.,-1.125E+03));
#2273 = DIRECTION('',(0.,-1.,0.));
#2274 = DIRECTION('',(1.,0.,0.));
#2275 = DEFINITIONAL_REPRESENTATION('',(#2276),#2327);
#2276 = B_SPLINE_CURVE_WITH_KNOTS('',7,(#2277,#2278,#2279,#2280,#2281,
    #2282,#2283,#2284,#2285,#2286,#2287,#2288,#2289,#2290,#2291,#2292,
    #2293,#2294,#2295,#2296,#2297,#2298,#2299,#2300,#2301,#2302,#2303,
    #2304,#2305,#2306,#2307,#2308,#2309,#2310,#2311,#2312,#2313,#2314,
    #2315,#2316,#2317,#2318,#2319,#2320,#2321,#2322,#2323,#2324,#2325,
    #2326),.UNSPECIFIED.,.F.,.F.,(8,6,6,6,6,6,6,6,8),(0.,0.135658877527,
    0.252998196203,0.365968822708,0.501055888513,0.636143011956,
    0.752987785696,0.865482279787,1.),.UNSPECIFIED.);
#2277 = CARTESIAN_POINT('',(0.,-24.91299861518));
#2278 = CARTESIAN_POINT('',(0.10439650073,-24.91299861518));
#2279 = CARTESIAN_POINT('',(0.208615961849,-24.92550403083));
#2280 = CARTESIAN_POINT('',(0.313678023589,-24.95043950732));
#2281 = CARTESIAN_POINT('',(0.42050259034,-24.98708319892));
#2282 = CARTESIAN_POINT('',(0.53003604168,-25.0340025591));
#2283 = CARTESIAN_POINT('',(0.643291934181,-25.08851550846));
#2284 = CARTESIAN_POINT('',(0.863928262725,-25.19588843293));
#2285 = CARTESIAN_POINT('',(0.973192726427,-25.24951254527));
#2286 = CARTESIAN_POINT('',(1.087745041744,-25.30286665389));
#2287 = CARTESIAN_POINT('',(1.206693832428,-25.35006828397));
#2288 = CARTESIAN_POINT('',(1.329560838444,-25.38465732926));
#2289 = CARTESIAN_POINT('',(1.456170573401,-25.40187557185));
#2290 = CARTESIAN_POINT('',(1.712296941822,-25.39795594395));
#2291 = CARTESIAN_POINT('',(1.833975045276,-25.37833807763));
#2292 = CARTESIAN_POINT('',(1.95191573996,-25.34323125731));
#2293 = CARTESIAN_POINT('',(2.066033554389,-25.29715898516));
#2294 = CARTESIAN_POINT('',(2.175979366407,-25.24579489205));
#2295 = CARTESIAN_POINT('',(2.281058449639,-25.1942367103));
#2296 = CARTESIAN_POINT('',(2.498299274618,-25.08851621157));
#2297 = CARTESIAN_POINT('',(2.611556426082,-25.03400262469));
#2298 = CARTESIAN_POINT('',(2.721091004084,-24.98708260075));
#2299 = CARTESIAN_POINT('',(2.827915959181,-24.95043912184));
#2300 = CARTESIAN_POINT('',(2.932977669873,-24.92550401323));
#2301 = CARTESIAN_POINT('',(3.037196196267,-24.91299861518));
#2302 = CARTESIAN_POINT('',(3.245989155456,-24.91299861518));
#2303 = CARTESIAN_POINT('',(3.350208610816,-24.9255040302));
#2304 = CARTESIAN_POINT('',(3.455270685765,-24.95043950934));
#2305 = CARTESIAN_POINT('',(3.562095235121,-24.9870831961));
#2306 = CARTESIAN_POINT('',(3.671628700276,-25.0340025611));
#2307 = CARTESIAN_POINT('',(3.784884586455,-25.08851550782));
#2308 = CARTESIAN_POINT('',(4.005520916314,-25.19588843293));
#2309 = CARTESIAN_POINT('',(4.114785380016,-25.24951254527));
#2310 = CARTESIAN_POINT('',(4.229337695336,-25.30286665389));
#2311 = CARTESIAN_POINT('',(4.348286486016,-25.35006828397));
#2312 = CARTESIAN_POINT('',(4.471153492034,-25.38465732926));
#2313 = CARTESIAN_POINT('',(4.59776322699,-25.40187557185));
#2314 = CARTESIAN_POINT('',(4.853889595395,-25.39795594395));
#2315 = CARTESIAN_POINT('',(4.975567698881,-25.37833807764));
#2316 = CARTESIAN_POINT('',(5.093508393563,-25.3432312573));
#2317 = CARTESIAN_POINT('',(5.20762620797,-25.29715898516));
#2318 = CARTESIAN_POINT('',(5.317572019977,-25.24579489206));
#2319 = CARTESIAN_POINT('',(5.422651103246,-25.19423671029));
#2320 = CARTESIAN_POINT('',(5.639891928208,-25.08851621157));
#2321 = CARTESIAN_POINT('',(5.753149079672,-25.03400262469));
#2322 = CARTESIAN_POINT('',(5.862683657675,-24.98708260075));
#2323 = CARTESIAN_POINT('',(5.96950861277,-24.95043912184));
#2324 = CARTESIAN_POINT('',(6.074570323463,-24.92550401323));
#2325 = CARTESIAN_POINT('',(6.178788849857,-24.91299861518));
#2326 = CARTESIAN_POINT('',(6.28318530718,-24.91299861518));
#2327 = ( GEOMETRIC_REPRESENTATION_CONTEXT(2) 
PARAMETRIC_REPRESENTATION_CONTEXT() REPRESENTATION_CONTEXT('2D SPACE',''
  ) );
#2328 = FACE_BOUND('',#2329,.F.);
#2329 = EDGE_LOOP('',(#2330));
#2330 = ORIENTED_EDGE('',*,*,#2331,.F.);
#2331 = EDGE_CURVE('',#2332,#2332,#2334,.T.);
#2332 = VERTEX_POINT('',#2333);
#2333 = CARTESIAN_POINT('',(4.95,24.912998615181,-1.275E+03));
#2334 = SURFACE_CURVE('',#2335,(#2386,#2440),.PCURVE_S1.);
#2335 = B_SPLINE_CURVE_WITH_KNOTS('',7,(#2336,#2337,#2338,#2339,#2340,
    #2341,#2342,#2343,#2344,#2345,#2346,#2347,#2348,#2349,#2350,#2351,
    #2352,#2353,#2354,#2355,#2356,#2357,#2358,#2359,#2360,#2361,#2362,
    #2363,#2364,#2365,#2366,#2367,#2368,#2369,#2370,#2371,#2372,#2373,
    #2374,#2375,#2376,#2377,#2378,#2379,#2380,#2381,#2382,#2383,#2384,
    #2385),.UNSPECIFIED.,.T.,.F.,(8,6,6,6,6,6,6,6,8),(0.,0.135658879229,
    0.252998198072,0.365968824738,0.501055890735,0.6361430129,
    0.752987786833,0.865482281125,1.),.UNSPECIFIED.);
#2336 = CARTESIAN_POINT('',(4.95,24.912998615181,-1.275E+03));
#2337 = CARTESIAN_POINT('',(4.95,24.912998615181,-1.274483237316E+03));
#2338 = CARTESIAN_POINT('',(4.887060147744,24.925504030209,
    -1.273967349895E+03));
#2339 = CARTESIAN_POINT('',(4.761566454321,24.950439509349,
    -1.273456497E+03));
#2340 = CARTESIAN_POINT('',(4.57188975798,24.987083196109,
    -1.272955159597E+03));
#2341 = CARTESIAN_POINT('',(4.314974840921,25.034002561108,
    -1.272469453555E+03));
#2342 = CARTESIAN_POINT('',(3.986604879489,25.088515507824,
    -1.27200793921E+03));
#2343 = CARTESIAN_POINT('',(3.232935202477,25.195888432931,
    -1.271217513201E+03));
#2344 = CARTESIAN_POINT('',(2.815934727617,25.249512545274,
    -1.270867806165E+03));
#2345 = CARTESIAN_POINT('',(2.332399075998,25.302866653894,
    -1.270557335093E+03));
#2346 = CARTESIAN_POINT('',(1.788623415405,25.35006828397,
    -1.270305511039E+03));
#2347 = CARTESIAN_POINT('',(1.195519365407,25.384657329264,
    -1.270128757165E+03));
#2348 = CARTESIAN_POINT('',(0.567319469029,25.401875571852,
    -1.27004037465E+03));
#2349 = CARTESIAN_POINT('',(-0.700346470509,25.397955943956,
    -1.270060489924E+03));
#2350 = CARTESIAN_POINT('',(-1.301130967412,25.378338077638,
    -1.27016118668E+03));
#2351 = CARTESIAN_POINT('',(-1.866105924483,25.343231257315,
    -1.270342144421E+03));
#2352 = CARTESIAN_POINT('',(-2.383550102947,25.297158985163,
    -1.270590760775E+03));
#2353 = CARTESIAN_POINT('',(-2.844679728467,25.24579489205,
    -1.270892236811E+03));
#2354 = CARTESIAN_POINT('',(-3.244528937658,25.194236710304,
    -1.271229672361E+03));
#2355 = CARTESIAN_POINT('',(-3.986599939747,25.088516211573,
    -1.272007934029E+03));
#2356 = CARTESIAN_POINT('',(-4.314975669173,25.034002624697,
    -1.272469451571E+03));
#2357 = CARTESIAN_POINT('',(-4.571892559961,24.987082600756,
    -1.272955163776E+03));
#2358 = CARTESIAN_POINT('',(-4.76156850705,24.950439121848,
    -1.273456503478E+03));
#2359 = CARTESIAN_POINT('',(-4.887060208021,24.925504013233,
    -1.273967354745E+03));
#2360 = CARTESIAN_POINT('',(-4.95,24.912998615181,-1.274483237536E+03));
#2361 = CARTESIAN_POINT('',(-4.95,24.912998615181,-1.275516762679E+03));
#2362 = CARTESIAN_POINT('',(-4.887060143662,24.925504030839,
    -1.276032650127E+03));
#2363 = CARTESIAN_POINT('',(-4.761566467592,24.950439507323,
    -1.276543502962E+03));
#2364 = CARTESIAN_POINT('',(-4.5718897392,24.987083198927,
    -1.27704484044E+03));
#2365 = CARTESIAN_POINT('',(-4.314974854556,25.034002559108,
    -1.277530546426E+03));
#2366 = CARTESIAN_POINT('',(-3.986604874996,25.088515508464,
    -1.277992060795E+03));
#2367 = CARTESIAN_POINT('',(-3.232935202477,25.195888432931,
    -1.278782486799E+03));
#2368 = CARTESIAN_POINT('',(-2.815934727617,25.249512545274,
    -1.279132193835E+03));
#2369 = CARTESIAN_POINT('',(-2.332399075997,25.302866653894,
    -1.279442664907E+03));
#2370 = CARTESIAN_POINT('',(-1.788623415406,25.35006828397,
    -1.279694488961E+03));
#2371 = CARTESIAN_POINT('',(-1.195519365407,25.384657329264,
    -1.279871242835E+03));
#2372 = CARTESIAN_POINT('',(-0.567319469029,25.401875571852,
    -1.27995962535E+03));
#2373 = CARTESIAN_POINT('',(0.700346470509,25.397955943956,
    -1.279939510076E+03));
#2374 = CARTESIAN_POINT('',(1.301130967412,25.378338077638,
    -1.27983881332E+03));
#2375 = CARTESIAN_POINT('',(1.866105924482,25.343231257315,
    -1.279657855579E+03));
#2376 = CARTESIAN_POINT('',(2.383550102948,25.297158985163,
    -1.279409239225E+03));
#2377 = CARTESIAN_POINT('',(2.844679728466,25.24579489205,
    -1.279107763189E+03));
#2378 = CARTESIAN_POINT('',(3.244528937658,25.194236710304,
    -1.278770327639E+03));
#2379 = CARTESIAN_POINT('',(3.986599935074,25.088516212239,
    -1.277992065976E+03));
#2380 = CARTESIAN_POINT('',(4.314975683352,25.034002622616,
    -1.277530548409E+03));
#2381 = CARTESIAN_POINT('',(4.571892540458,24.987082603684,
    -1.277044836261E+03));
#2382 = CARTESIAN_POINT('',(4.7615685208,24.950439119748,
    -1.276543496484E+03));
#2383 = CARTESIAN_POINT('',(4.887060203805,24.925504013884,
    -1.276032645276E+03));
#2384 = CARTESIAN_POINT('',(4.95,24.912998615181,-1.275516762459E+03));
#2385 = CARTESIAN_POINT('',(4.95,24.912998615181,-1.275E+03));
#2386 = PCURVE('',#32,#2387);
#2387 = DEFINITIONAL_REPRESENTATION('',(#2388),#2439);
#2388 = B_SPLINE_CURVE_WITH_KNOTS('',7,(#2389,#2390,#2391,#2392,#2393,
    #2394,#2395,#2396,#2397,#2398,#2399,#2400,#2401,#2402,#2403,#2404,
    #2405,#2406,#2407,#2408,#2409,#2410,#2411,#2412,#2413,#2414,#2415,
    #2416,#2417,#2418,#2419,#2420,#2421,#2422,#2423,#2424,#2425,#2426,
    #2427,#2428,#2429,#2430,#2431,#2432,#2433,#2434,#2435,#2436,#2437,
    #2438),.UNSPECIFIED.,.T.,.F.,(8,6,6,6,6,6,6,6,8),(0.,0.135658879229,
    0.252998198072,0.365968824738,0.501055890735,0.6361430129,
    0.752987786833,0.865482281125,1.),.UNSPECIFIED.);
#2389 = CARTESIAN_POINT('',(-1.374659297137,-225.));
#2390 = CARTESIAN_POINT('',(-1.374659297137,-225.5167626842));
#2391 = CARTESIAN_POINT('',(-1.37718567883,-226.0326501053));
#2392 = CARTESIAN_POINT('',(-1.382222980216,-226.5435030002));
#2393 = CARTESIAN_POINT('',(-1.389828486826,-227.0448404027));
#2394 = CARTESIAN_POINT('',(-1.400109439424,-227.5305464454));
#2395 = CARTESIAN_POINT('',(-1.41321086186,-227.9920607899));
#2396 = CARTESIAN_POINT('',(-1.443182507353,-228.7824867986));
#2397 = CARTESIAN_POINT('',(-1.459733479974,-229.1321938354));
#2398 = CARTESIAN_POINT('',(-1.478880777639,-229.4426649071));
#2399 = CARTESIAN_POINT('',(-1.500357766439,-229.6944889614));
#2400 = CARTESIAN_POINT('',(-1.523730706988,-229.8712428354));
#2401 = CARTESIAN_POINT('',(-1.548460798006,-229.9596253497));
#2402 = CARTESIAN_POINT('',(-1.598369144434,-229.9395100758));
#2403 = CARTESIAN_POINT('',(-1.622024367752,-229.8388133201));
#2404 = CARTESIAN_POINT('',(-1.644295522164,-229.6578555786));
#2405 = CARTESIAN_POINT('',(-1.664737719188,-229.4092392247));
#2406 = CARTESIAN_POINT('',(-1.683000188262,-229.1077631891));
#2407 = CARTESIAN_POINT('',(-1.698871201433,-228.7703276391));
#2408 = CARTESIAN_POINT('',(-1.728381595288,-227.9920659706));
#2409 = CARTESIAN_POINT('',(-1.741483246056,-227.5305484286));
#2410 = CARTESIAN_POINT('',(-1.751764279235,-227.0448362241));
#2411 = CARTESIAN_POINT('',(-1.759369755766,-226.5434965216));
#2412 = CARTESIAN_POINT('',(-1.764406977177,-226.0326452551));
#2413 = CARTESIAN_POINT('',(-1.766933356453,-225.5167624637));
#2414 = CARTESIAN_POINT('',(-1.766933356453,-224.4832373213));
#2415 = CARTESIAN_POINT('',(-1.764406974597,-223.9673498731));
#2416 = CARTESIAN_POINT('',(-1.759369673902,-223.4564970376));
#2417 = CARTESIAN_POINT('',(-1.751764166016,-222.9551595604));
#2418 = CARTESIAN_POINT('',(-1.741483214708,-222.4694535741));
#2419 = CARTESIAN_POINT('',(-1.728381791551,-222.0079392053));
#2420 = CARTESIAN_POINT('',(-1.698410146237,-221.2175132013));
#2421 = CARTESIAN_POINT('',(-1.681859173616,-220.8678061645));
#2422 = CARTESIAN_POINT('',(-1.66271187595,-220.5573350928));
#2423 = CARTESIAN_POINT('',(-1.64123488715,-220.3055110385));
#2424 = CARTESIAN_POINT('',(-1.617861946602,-220.1287571645));
#2425 = CARTESIAN_POINT('',(-1.593131855583,-220.0403746502));
#2426 = CARTESIAN_POINT('',(-1.543223509155,-220.0604899241));
#2427 = CARTESIAN_POINT('',(-1.519568285838,-220.1611866798));
#2428 = CARTESIAN_POINT('',(-1.497297131426,-220.3421444213));
#2429 = CARTESIAN_POINT('',(-1.476854934402,-220.5907607752));
#2430 = CARTESIAN_POINT('',(-1.458592465328,-220.8922368108));
#2431 = CARTESIAN_POINT('',(-1.442721452157,-221.2296723608));
#2432 = CARTESIAN_POINT('',(-1.413211058487,-222.0079340244));
#2433 = CARTESIAN_POINT('',(-1.400109406969,-222.4694515914));
#2434 = CARTESIAN_POINT('',(-1.389828375132,-222.9551637385));
#2435 = CARTESIAN_POINT('',(-1.382222897276,-223.456503516));
#2436 = CARTESIAN_POINT('',(-1.37718567658,-223.967354724));
#2437 = CARTESIAN_POINT('',(-1.374659297137,-224.4832375414));
#2438 = CARTESIAN_POINT('',(-1.374659297137,-225.));
#2439 = ( GEOMETRIC_REPRESENTATION_CONTEXT(2) 
PARAMETRIC_REPRESENTATION_CONTEXT() REPRESENTATION_CONTEXT('2D SPACE',''
  ) );
#2440 = PCURVE('',#2441,#2446);
#2441 = CYLINDRICAL_SURFACE('',#2442,4.95);
#2442 = AXIS2_PLACEMENT_3D('',#2443,#2444,#2445);
#2443 = CARTESIAN_POINT('',(0.,0.,-1.275E+03));
#2444 = DIRECTION('',(0.,-1.,0.));
#2445 = DIRECTION('',(1.,0.,0.));
#2446 = DEFINITIONAL_REPRESENTATION('',(#2447),#2498);
#2447 = B_SPLINE_CURVE_WITH_KNOTS('',7,(#2448,#2449,#2450,#2451,#2452,
    #2453,#2454,#2455,#2456,#2457,#2458,#2459,#2460,#2461,#2462,#2463,
    #2464,#2465,#2466,#2467,#2468,#2469,#2470,#2471,#2472,#2473,#2474,
    #2475,#2476,#2477,#2478,#2479,#2480,#2481,#2482,#2483,#2484,#2485,
    #2486,#2487,#2488,#2489,#2490,#2491,#2492,#2493,#2494,#2495,#2496,
    #2497),.UNSPECIFIED.,.F.,.F.,(8,6,6,6,6,6,6,6,8),(0.,0.135658879229,
    0.252998198072,0.365968824738,0.501055890735,0.6361430129,
    0.752987786833,0.865482281125,1.),.UNSPECIFIED.);
#2448 = CARTESIAN_POINT('',(0.,-24.91299861518));
#2449 = CARTESIAN_POINT('',(0.104396501866,-24.91299861518));
#2450 = CARTESIAN_POINT('',(0.208615957226,-24.9255040302));
#2451 = CARTESIAN_POINT('',(0.313678032175,-24.95043950934));
#2452 = CARTESIAN_POINT('',(0.420502581532,-24.9870831961));
#2453 = CARTESIAN_POINT('',(0.530036046686,-25.0340025611));
#2454 = CARTESIAN_POINT('',(0.643291932865,-25.08851550782));
#2455 = CARTESIAN_POINT('',(0.863928262725,-25.19588843293));
#2456 = CARTESIAN_POINT('',(0.973192726427,-25.24951254527));
#2457 = CARTESIAN_POINT('',(1.087745041744,-25.30286665389));
#2458 = CARTESIAN_POINT('',(1.206693832427,-25.35006828397));
#2459 = CARTESIAN_POINT('',(1.329560838444,-25.38465732926));
#2460 = CARTESIAN_POINT('',(1.456170573401,-25.40187557185));
#2461 = CARTESIAN_POINT('',(1.712296941822,-25.39795594395));
#2462 = CARTESIAN_POINT('',(1.833975045276,-25.37833807763));
#2463 = CARTESIAN_POINT('',(1.951915739961,-25.34323125731));
#2464 = CARTESIAN_POINT('',(2.066033554388,-25.29715898516));
#2465 = CARTESIAN_POINT('',(2.175979366408,-25.24579489205));
#2466 = CARTESIAN_POINT('',(2.281058449639,-25.1942367103));
#2467 = CARTESIAN_POINT('',(2.498299274618,-25.08851621157));
#2468 = CARTESIAN_POINT('',(2.611556426081,-25.03400262469));
#2469 = CARTESIAN_POINT('',(2.721091004085,-24.98708260075));
#2470 = CARTESIAN_POINT('',(2.827915959181,-24.95043912184));
#2471 = CARTESIAN_POINT('',(2.932977669873,-24.92550401323));
#2472 = CARTESIAN_POINT('',(3.037196196267,-24.91299861518));
#2473 = CARTESIAN_POINT('',(3.245989154319,-24.91299861518));
#2474 = CARTESIAN_POINT('',(3.350208615438,-24.92550403083));
#2475 = CARTESIAN_POINT('',(3.455270677179,-24.95043950732));
#2476 = CARTESIAN_POINT('',(3.56209524393,-24.98708319892));
#2477 = CARTESIAN_POINT('',(3.67162869527,-25.0340025591));
#2478 = CARTESIAN_POINT('',(3.78488458777,-25.08851550846));
#2479 = CARTESIAN_POINT('',(4.005520916314,-25.19588843293));
#2480 = CARTESIAN_POINT('',(4.114785380017,-25.24951254527));
#2481 = CARTESIAN_POINT('',(4.229337695334,-25.30286665389));
#2482 = CARTESIAN_POINT('',(4.348286486017,-25.35006828397));
#2483 = CARTESIAN_POINT('',(4.471153492034,-25.38465732926));
#2484 = CARTESIAN_POINT('',(4.59776322699,-25.40187557185));
#2485 = CARTESIAN_POINT('',(4.853889595412,-25.39795594395));
#2486 = CARTESIAN_POINT('',(4.975567698866,-25.37833807763));
#2487 = CARTESIAN_POINT('',(5.09350839355,-25.34323125731));
#2488 = CARTESIAN_POINT('',(5.207626207979,-25.29715898516));
#2489 = CARTESIAN_POINT('',(5.317572019997,-25.24579489205));
#2490 = CARTESIAN_POINT('',(5.422651103229,-25.1942367103));
#2491 = CARTESIAN_POINT('',(5.63989192684,-25.08851621223));
#2492 = CARTESIAN_POINT('',(5.753149084828,-25.03400262261));
#2493 = CARTESIAN_POINT('',(5.862683648716,-24.98708260368));
#2494 = CARTESIAN_POINT('',(5.969508621344,-24.95043911974));
#2495 = CARTESIAN_POINT('',(6.074570318983,-24.92550401388));
#2496 = CARTESIAN_POINT('',(6.178788850898,-24.91299861518));
#2497 = CARTESIAN_POINT('',(6.28318530718,-24.91299861518));
#2498 = ( GEOMETRIC_REPRESENTATION_CONTEXT(2) 
PARAMETRIC_REPRESENTATION_CONTEXT() REPRESENTATION_CONTEXT('2D SPACE',''
  ) );
#2499 = FACE_BOUND('',#2500,.F.);
#2500 = EDGE_LOOP('',(#2501));
#2501 = ORIENTED_EDGE('',*,*,#2502,.F.);
#2502 = EDGE_CURVE('',#2503,#2503,#2505,.T.);
#2503 = VERTEX_POINT('',#2504);
#2504 = CARTESIAN_POINT('',(4.95,24.912998615181,-1.425E+03));
#2505 = SURFACE_CURVE('',#2506,(#2557,#2611),.PCURVE_S1.);
#2506 = B_SPLINE_CURVE_WITH_KNOTS('',7,(#2507,#2508,#2509,#2510,#2511,
    #2512,#2513,#2514,#2515,#2516,#2517,#2518,#2519,#2520,#2521,#2522,
    #2523,#2524,#2525,#2526,#2527,#2528,#2529,#2530,#2531,#2532,#2533,
    #2534,#2535,#2536,#2537,#2538,#2539,#2540,#2541,#2542,#2543,#2544,
    #2545,#2546,#2547,#2548,#2549,#2550,#2551,#2552,#2553,#2554,#2555,
    #2556),.UNSPECIFIED.,.T.,.F.,(8,6,6,6,6,6,6,6,8),(0.,0.135658879338,
    0.252998198275,0.365968825031,0.501055889575,0.636143011632,
    0.752987785473,0.865482279676,1.),.UNSPECIFIED.);
#2507 = CARTESIAN_POINT('',(4.95,24.912998615181,-1.425E+03));
#2508 = CARTESIAN_POINT('',(4.95,24.912998615181,-1.424483237316E+03));
#2509 = CARTESIAN_POINT('',(4.887060147744,24.925504030209,
    -1.423967349895E+03));
#2510 = CARTESIAN_POINT('',(4.76156645432,24.950439509349,
    -1.423456497E+03));
#2511 = CARTESIAN_POINT('',(4.57188975798,24.987083196109,
    -1.422955159597E+03));
#2512 = CARTESIAN_POINT('',(4.314974840921,25.034002561108,
    -1.422469453555E+03));
#2513 = CARTESIAN_POINT('',(3.986604879489,25.088515507824,
    -1.42200793921E+03));
#2514 = CARTESIAN_POINT('',(3.232935202477,25.195888432931,
    -1.421217513201E+03));
#2515 = CARTESIAN_POINT('',(2.815934727617,25.249512545274,
    -1.420867806165E+03));
#2516 = CARTESIAN_POINT('',(2.332399075998,25.302866653894,
    -1.420557335093E+03));
#2517 = CARTESIAN_POINT('',(1.788623415405,25.35006828397,
    -1.420305511039E+03));
#2518 = CARTESIAN_POINT('',(1.195519365407,25.384657329264,
    -1.420128757165E+03));
#2519 = CARTESIAN_POINT('',(0.567319469029,25.401875571852,
    -1.42004037465E+03));
#2520 = CARTESIAN_POINT('',(-0.700346470509,25.397955943956,
    -1.420060489924E+03));
#2521 = CARTESIAN_POINT('',(-1.301130967412,25.378338077638,
    -1.42016118668E+03));
#2522 = CARTESIAN_POINT('',(-1.866105924482,25.343231257315,
    -1.420342144421E+03));
#2523 = CARTESIAN_POINT('',(-2.383550102948,25.297158985163,
    -1.420590760775E+03));
#2524 = CARTESIAN_POINT('',(-2.844679728466,25.24579489205,
    -1.420892236811E+03));
#2525 = CARTESIAN_POINT('',(-3.244528937658,25.194236710304,
    -1.421229672361E+03));
#2526 = CARTESIAN_POINT('',(-3.986599935074,25.088516212239,
    -1.422007934024E+03));
#2527 = CARTESIAN_POINT('',(-4.314975683354,25.034002622616,
    -1.422469451591E+03));
#2528 = CARTESIAN_POINT('',(-4.571892540456,24.987082603684,
    -1.422955163739E+03));
#2529 = CARTESIAN_POINT('',(-4.761568520802,24.950439119748,
    -1.423456503516E+03));
#2530 = CARTESIAN_POINT('',(-4.887060203805,24.925504013884,
    -1.423967354724E+03));
#2531 = CARTESIAN_POINT('',(-4.95,24.912998615181,-1.424483237541E+03));
#2532 = CARTESIAN_POINT('',(-4.95,24.912998615181,-1.425516762679E+03));
#2533 = CARTESIAN_POINT('',(-4.887060143662,24.925504030839,
    -1.426032650127E+03));
#2534 = CARTESIAN_POINT('',(-4.761566467592,24.950439507323,
    -1.426543502962E+03));
#2535 = CARTESIAN_POINT('',(-4.5718897392,24.987083198927,
    -1.42704484044E+03));
#2536 = CARTESIAN_POINT('',(-4.314974854557,25.034002559108,
    -1.427530546426E+03));
#2537 = CARTESIAN_POINT('',(-3.986604874995,25.088515508464,
    -1.427992060795E+03));
#2538 = CARTESIAN_POINT('',(-3.232935202477,25.195888432931,
    -1.428782486799E+03));
#2539 = CARTESIAN_POINT('',(-2.815934727616,25.249512545274,
    -1.429132193835E+03));
#2540 = CARTESIAN_POINT('',(-2.332399075999,25.302866653894,
    -1.429442664907E+03));
#2541 = CARTESIAN_POINT('',(-1.788623415404,25.35006828397,
    -1.429694488961E+03));
#2542 = CARTESIAN_POINT('',(-1.195519365407,25.384657329264,
    -1.429871242835E+03));
#2543 = CARTESIAN_POINT('',(-0.567319469029,25.401875571852,
    -1.42995962535E+03));
#2544 = CARTESIAN_POINT('',(0.700346470509,25.397955943956,
    -1.429939510076E+03));
#2545 = CARTESIAN_POINT('',(1.301130967411,25.378338077638,
    -1.42983881332E+03));
#2546 = CARTESIAN_POINT('',(1.866105924483,25.343231257315,
    -1.429657855579E+03));
#2547 = CARTESIAN_POINT('',(2.383550102948,25.297158985163,
    -1.429409239225E+03));
#2548 = CARTESIAN_POINT('',(2.844679728465,25.245794892051,
    -1.429107763189E+03));
#2549 = CARTESIAN_POINT('',(3.244528937659,25.194236710304,
    -1.428770327639E+03));
#2550 = CARTESIAN_POINT('',(3.986599939746,25.088516211573,
    -1.427992065971E+03));
#2551 = CARTESIAN_POINT('',(4.314975669175,25.034002624696,
    -1.427530548429E+03));
#2552 = CARTESIAN_POINT('',(4.571892559958,24.987082600756,
    -1.427044836224E+03));
#2553 = CARTESIAN_POINT('',(4.761568507052,24.950439121848,
    -1.426543496522E+03));
#2554 = CARTESIAN_POINT('',(4.88706020802,24.925504013233,
    -1.426032645255E+03));
#2555 = CARTESIAN_POINT('',(4.95,24.912998615181,-1.425516762464E+03));
#2556 = CARTESIAN_POINT('',(4.95,24.912998615181,-1.425E+03));
#2557 = PCURVE('',#32,#2558);
#2558 = DEFINITIONAL_REPRESENTATION('',(#2559),#2610);
#2559 = B_SPLINE_CURVE_WITH_KNOTS('',7,(#2560,#2561,#2562,#2563,#2564,
    #2565,#2566,#2567,#2568,#2569,#2570,#2571,#2572,#2573,#2574,#2575,
    #2576,#2577,#2578,#2579,#2580,#2581,#2582,#2583,#2584,#2585,#2586,
    #2587,#2588,#2589,#2590,#2591,#2592,#2593,#2594,#2595,#2596,#2597,
    #2598,#2599,#2600,#2601,#2602,#2603,#2604,#2605,#2606,#2607,#2608,
    #2609),.UNSPECIFIED.,.T.,.F.,(8,6,6,6,6,6,6,6,8),(0.,0.135658879338,
    0.252998198275,0.365968825031,0.501055889575,0.636143011632,
    0.752987785473,0.865482279676,1.),.UNSPECIFIED.);
#2560 = CARTESIAN_POINT('',(-1.374659297137,-75.));
#2561 = CARTESIAN_POINT('',(-1.374659297137,-75.51676268423));
#2562 = CARTESIAN_POINT('',(-1.37718567883,-76.03265010532));
#2563 = CARTESIAN_POINT('',(-1.382222980216,-76.54350300026));
#2564 = CARTESIAN_POINT('',(-1.389828486826,-77.04484040275));
#2565 = CARTESIAN_POINT('',(-1.400109439424,-77.53054644541));
#2566 = CARTESIAN_POINT('',(-1.41321086186,-77.99206078997));
#2567 = CARTESIAN_POINT('',(-1.443182507353,-78.78248679868));
#2568 = CARTESIAN_POINT('',(-1.459733479974,-79.13219383541));
#2569 = CARTESIAN_POINT('',(-1.478880777639,-79.4426649071));
#2570 = CARTESIAN_POINT('',(-1.500357766439,-79.69448896149));
#2571 = CARTESIAN_POINT('',(-1.523730706987,-79.87124283542));
#2572 = CARTESIAN_POINT('',(-1.548460798006,-79.95962534975));
#2573 = CARTESIAN_POINT('',(-1.598369144434,-79.93951007585));
#2574 = CARTESIAN_POINT('',(-1.622024367752,-79.8388133201));
#2575 = CARTESIAN_POINT('',(-1.644295522164,-79.65785557863));
#2576 = CARTESIAN_POINT('',(-1.664737719188,-79.4092392247));
#2577 = CARTESIAN_POINT('',(-1.683000188262,-79.10776318912));
#2578 = CARTESIAN_POINT('',(-1.698871201433,-78.77032763916));
#2579 = CARTESIAN_POINT('',(-1.728381595103,-77.99206597552));
#2580 = CARTESIAN_POINT('',(-1.741483246621,-77.53054840853));
#2581 = CARTESIAN_POINT('',(-1.751764278458,-77.04483626146));
#2582 = CARTESIAN_POINT('',(-1.759369756314,-76.54349648395));
#2583 = CARTESIAN_POINT('',(-1.764406977009,-76.03264527592));
#2584 = CARTESIAN_POINT('',(-1.766933356453,-75.51676245859));
#2585 = CARTESIAN_POINT('',(-1.766933356453,-74.48323732138));
#2586 = CARTESIAN_POINT('',(-1.764406974597,-73.96734987317));
#2587 = CARTESIAN_POINT('',(-1.759369673902,-73.45649703762));
#2588 = CARTESIAN_POINT('',(-1.751764166016,-72.95515956045));
#2589 = CARTESIAN_POINT('',(-1.741483214708,-72.46945357418));
#2590 = CARTESIAN_POINT('',(-1.728381791551,-72.00793920531));
#2591 = CARTESIAN_POINT('',(-1.698410146237,-71.21751320131));
#2592 = CARTESIAN_POINT('',(-1.681859173616,-70.86780616458));
#2593 = CARTESIAN_POINT('',(-1.66271187595,-70.5573350929));
#2594 = CARTESIAN_POINT('',(-1.64123488715,-70.3055110385));
#2595 = CARTESIAN_POINT('',(-1.617861946602,-70.12875716458));
#2596 = CARTESIAN_POINT('',(-1.593131855583,-70.04037465024));
#2597 = CARTESIAN_POINT('',(-1.543223509155,-70.06048992415));
#2598 = CARTESIAN_POINT('',(-1.519568285838,-70.16118667989));
#2599 = CARTESIAN_POINT('',(-1.497297131426,-70.34214442136));
#2600 = CARTESIAN_POINT('',(-1.476854934402,-70.59076077529));
#2601 = CARTESIAN_POINT('',(-1.458592465328,-70.89223681087));
#2602 = CARTESIAN_POINT('',(-1.442721452157,-71.22967236083));
#2603 = CARTESIAN_POINT('',(-1.413211058301,-72.00793402937));
#2604 = CARTESIAN_POINT('',(-1.400109407533,-72.46945157132));
#2605 = CARTESIAN_POINT('',(-1.389828374355,-72.95516377582));
#2606 = CARTESIAN_POINT('',(-1.382222897824,-73.45650347837));
#2607 = CARTESIAN_POINT('',(-1.377185676413,-73.96735474484));
#2608 = CARTESIAN_POINT('',(-1.374659297137,-74.48323753625));
#2609 = CARTESIAN_POINT('',(-1.374659297137,-75.));
#2610 = ( GEOMETRIC_REPRESENTATION_CONTEXT(2) 
PARAMETRIC_REPRESENTATION_CONTEXT() REPRESENTATION_CONTEXT('2D SPACE',''
  ) );
#2611 = PCURVE('',#2612,#2617);
#2612 = CYLINDRICAL_SURFACE('',#2613,4.95);
#2613 = AXIS2_PLACEMENT_3D('',#2614,#2615,#2616);
#2614 = CARTESIAN_POINT('',(0.,0.,-1.425E+03));
#2615 = DIRECTION('',(0.,-1.,0.));
#2616 = DIRECTION('',(1.,0.,0.));
#2617 = DEFINITIONAL_REPRESENTATION('',(#2618),#2669);
#2618 = B_SPLINE_CURVE_WITH_KNOTS('',7,(#2619,#2620,#2621,#2622,#2623,
    #2624,#2625,#2626,#2627,#2628,#2629,#2630,#2631,#2632,#2633,#2634,
    #2635,#2636,#2637,#2638,#2639,#2640,#2641,#2642,#2643,#2644,#2645,
    #2646,#2647,#2648,#2649,#2650,#2651,#2652,#2653,#2654,#2655,#2656,
    #2657,#2658,#2659,#2660,#2661,#2662,#2663,#2664,#2665,#2666,#2667,
    #2668),.UNSPECIFIED.,.F.,.F.,(8,6,6,6,6,6,6,6,8),(0.,0.135658879338,
    0.252998198275,0.365968825031,0.501055889575,0.636143011632,
    0.752987785473,0.865482279676,1.),.UNSPECIFIED.);
#2619 = CARTESIAN_POINT('',(0.,-24.91299861518));
#2620 = CARTESIAN_POINT('',(0.104396501866,-24.91299861518));
#2621 = CARTESIAN_POINT('',(0.208615957226,-24.9255040302));
#2622 = CARTESIAN_POINT('',(0.313678032175,-24.95043950934));
#2623 = CARTESIAN_POINT('',(0.420502581532,-24.9870831961));
#2624 = CARTESIAN_POINT('',(0.530036046686,-25.0340025611));
#2625 = CARTESIAN_POINT('',(0.643291932865,-25.08851550782));
#2626 = CARTESIAN_POINT('',(0.863928262725,-25.19588843293));
#2627 = CARTESIAN_POINT('',(0.973192726427,-25.24951254527));
#2628 = CARTESIAN_POINT('',(1.087745041744,-25.30286665389));
#2629 = CARTESIAN_POINT('',(1.206693832427,-25.35006828397));
#2630 = CARTESIAN_POINT('',(1.329560838444,-25.38465732926));
#2631 = CARTESIAN_POINT('',(1.456170573401,-25.40187557185));
#2632 = CARTESIAN_POINT('',(1.712296941822,-25.39795594395));
#2633 = CARTESIAN_POINT('',(1.833975045276,-25.37833807763));
#2634 = CARTESIAN_POINT('',(1.95191573996,-25.34323125731));
#2635 = CARTESIAN_POINT('',(2.066033554389,-25.29715898516));
#2636 = CARTESIAN_POINT('',(2.175979366407,-25.24579489205));
#2637 = CARTESIAN_POINT('',(2.281058449639,-25.1942367103));
#2638 = CARTESIAN_POINT('',(2.49829927325,-25.08851621223));
#2639 = CARTESIAN_POINT('',(2.611556431239,-25.03400262261));
#2640 = CARTESIAN_POINT('',(2.721090995125,-24.98708260368));
#2641 = CARTESIAN_POINT('',(2.827915967755,-24.95043911974));
#2642 = CARTESIAN_POINT('',(2.932977665393,-24.92550401388));
#2643 = CARTESIAN_POINT('',(3.037196197308,-24.91299861518));
#2644 = CARTESIAN_POINT('',(3.245989154319,-24.91299861518));
#2645 = CARTESIAN_POINT('',(3.350208615438,-24.92550403083));
#2646 = CARTESIAN_POINT('',(3.455270677179,-24.95043950732));
#2647 = CARTESIAN_POINT('',(3.56209524393,-24.98708319892));
#2648 = CARTESIAN_POINT('',(3.67162869527,-25.0340025591));
#2649 = CARTESIAN_POINT('',(3.78488458777,-25.08851550846));
#2650 = CARTESIAN_POINT('',(4.005520916314,-25.19588843293));
#2651 = CARTESIAN_POINT('',(4.114785380017,-25.24951254527));
#2652 = CARTESIAN_POINT('',(4.229337695334,-25.30286665389));
#2653 = CARTESIAN_POINT('',(4.348286486017,-25.35006828397));
#2654 = CARTESIAN_POINT('',(4.471153492034,-25.38465732926));
#2655 = CARTESIAN_POINT('',(4.59776322699,-25.40187557185));
#2656 = CARTESIAN_POINT('',(4.853889595412,-25.39795594395));
#2657 = CARTESIAN_POINT('',(4.975567698865,-25.37833807763));
#2658 = CARTESIAN_POINT('',(5.093508393551,-25.34323125731));
#2659 = CARTESIAN_POINT('',(5.207626207978,-25.29715898516));
#2660 = CARTESIAN_POINT('',(5.317572019997,-25.24579489205));
#2661 = CARTESIAN_POINT('',(5.422651103229,-25.1942367103));
#2662 = CARTESIAN_POINT('',(5.639891928208,-25.08851621157));
#2663 = CARTESIAN_POINT('',(5.753149079672,-25.03400262469));
#2664 = CARTESIAN_POINT('',(5.862683657675,-24.98708260075));
#2665 = CARTESIAN_POINT('',(5.96950861277,-24.95043912184));
#2666 = CARTESIAN_POINT('',(6.074570323463,-24.92550401323));
#2667 = CARTESIAN_POINT('',(6.178788849857,-24.91299861518));
#2668 = CARTESIAN_POINT('',(6.28318530718,-24.91299861518));
#2669 = ( GEOMETRIC_REPRESENTATION_CONTEXT(2) 
PARAMETRIC_REPRESENTATION_CONTEXT() REPRESENTATION_CONTEXT('2D SPACE',''
  ) );
#2670 = FACE_BOUND('',#2671,.F.);
#2671 = EDGE_LOOP('',(#2672));
#2672 = ORIENTED_EDGE('',*,*,#2673,.T.);
#2673 = EDGE_CURVE('',#2674,#2674,#2676,.T.);
#2674 = VERTEX_POINT('',#2675);
#2675 = CARTESIAN_POINT('',(4.95,-24.91299861518,-825.));
#2676 = SURFACE_CURVE('',#2677,(#2728,#2782),.PCURVE_S1.);
#2677 = B_SPLINE_CURVE_WITH_KNOTS('',7,(#2678,#2679,#2680,#2681,#2682,
    #2683,#2684,#2685,#2686,#2687,#2688,#2689,#2690,#2691,#2692,#2693,
    #2694,#2695,#2696,#2697,#2698,#2699,#2700,#2701,#2702,#2703,#2704,
    #2705,#2706,#2707,#2708,#2709,#2710,#2711,#2712,#2713,#2714,#2715,
    #2716,#2717,#2718,#2719,#2720,#2721,#2722,#2723,#2724,#2725,#2726,
    #2727),.UNSPECIFIED.,.T.,.F.,(8,6,6,6,6,6,6,6,8),(0.,0.135658877844,
    0.252998196793,0.365968823546,0.501055888109,0.636143011656,
    0.752987785487,0.86548227969,1.),.UNSPECIFIED.);
#2678 = CARTESIAN_POINT('',(4.95,-24.91299861518,-825.));
#2679 = CARTESIAN_POINT('',(4.95,-24.91299861518,-824.4832373213));
#2680 = CARTESIAN_POINT('',(4.887060143661,-24.92550403083,
    -823.9673498731));
#2681 = CARTESIAN_POINT('',(4.761566467594,-24.95043950732,
    -823.4564970376));
#2682 = CARTESIAN_POINT('',(4.571889739199,-24.98708319892,
    -822.9551595604));
#2683 = CARTESIAN_POINT('',(4.314974854557,-25.0340025591,
    -822.4694535741));
#2684 = CARTESIAN_POINT('',(3.986604874996,-25.08851550846,
    -822.0079392053));
#2685 = CARTESIAN_POINT('',(3.232935202477,-25.19588843293,
    -821.2175132013));
#2686 = CARTESIAN_POINT('',(2.81593472762,-25.24951254527,
    -820.8678061645));
#2687 = CARTESIAN_POINT('',(2.332399075991,-25.30286665389,
    -820.5573350928));
#2688 = CARTESIAN_POINT('',(1.788623415412,-25.35006828397,
    -820.3055110385));
#2689 = CARTESIAN_POINT('',(1.195519365403,-25.38465732926,
    -820.1287571645));
#2690 = CARTESIAN_POINT('',(0.56731946903,-25.40187557185,
    -820.0403746502));
#2691 = CARTESIAN_POINT('',(-0.700346470421,-25.39795594395,
    -820.0604899241));
#2692 = CARTESIAN_POINT('',(-1.301130967495,-25.37833807764,
    -820.1611866798));
#2693 = CARTESIAN_POINT('',(-1.866105924553,-25.3432312573,
    -820.3421444214));
#2694 = CARTESIAN_POINT('',(-2.383550102874,-25.29715898516,
    -820.5907607752));
#2695 = CARTESIAN_POINT('',(-2.844679728406,-25.24579489206,
    -820.8922368107));
#2696 = CARTESIAN_POINT('',(-3.24452893772,-25.19423671029,
    -821.2296723608));
#2697 = CARTESIAN_POINT('',(-3.986599935073,-25.08851621223,
    -822.0079340244));
#2698 = CARTESIAN_POINT('',(-4.314975683355,-25.03400262261,
    -822.4694515914));
#2699 = CARTESIAN_POINT('',(-4.571892540455,-24.98708260368,
    -822.9551637385));
#2700 = CARTESIAN_POINT('',(-4.761568520803,-24.95043911974,
    -823.456503516));
#2701 = CARTESIAN_POINT('',(-4.887060203804,-24.92550401388,
    -823.967354724));
#2702 = CARTESIAN_POINT('',(-4.95,-24.91299861518,-824.4832375414));
#2703 = CARTESIAN_POINT('',(-4.95,-24.91299861518,-825.5167626842));
#2704 = CARTESIAN_POINT('',(-4.887060147744,-24.9255040302,
    -826.0326501053));
#2705 = CARTESIAN_POINT('',(-4.761566454321,-24.95043950934,
    -826.5435030002));
#2706 = CARTESIAN_POINT('',(-4.571889757978,-24.9870831961,
    -827.0448404027));
#2707 = CARTESIAN_POINT('',(-4.314974840923,-25.0340025611,
    -827.5305464454));
#2708 = CARTESIAN_POINT('',(-3.986604879488,-25.08851550782,
    -827.9920607899));
#2709 = CARTESIAN_POINT('',(-3.232935202478,-25.19588843293,
    -828.7824867986));
#2710 = CARTESIAN_POINT('',(-2.815934727615,-25.24951254527,
    -829.1321938354));
#2711 = CARTESIAN_POINT('',(-2.332399075999,-25.30286665389,
    -829.4426649071));
#2712 = CARTESIAN_POINT('',(-1.788623415404,-25.35006828397,
    -829.6944889614));
#2713 = CARTESIAN_POINT('',(-1.195519365407,-25.38465732926,
    -829.8712428354));
#2714 = CARTESIAN_POINT('',(-0.567319469029,-25.40187557185,
    -829.9596253497));
#2715 = CARTESIAN_POINT('',(0.700346470562,-25.39795594395,
    -829.9395100758));
#2716 = CARTESIAN_POINT('',(1.301130967363,-25.37833807763,-829.83881332
    ));
#2717 = CARTESIAN_POINT('',(1.866105924437,-25.34323125732,
    -829.6578555786));
#2718 = CARTESIAN_POINT('',(2.383550102997,-25.29715898515,
    -829.4092392247));
#2719 = CARTESIAN_POINT('',(2.844679728497,-25.24579489204,
    -829.107763189));
#2720 = CARTESIAN_POINT('',(3.244528937623,-25.1942367103,
    -828.7703276392));
#2721 = CARTESIAN_POINT('',(3.986599939745,-25.08851621157,
    -827.9920659706));
#2722 = CARTESIAN_POINT('',(4.314975669175,-25.03400262469,
    -827.5305484286));
#2723 = CARTESIAN_POINT('',(4.571892559959,-24.98708260075,
    -827.0448362241));
#2724 = CARTESIAN_POINT('',(4.761568507051,-24.95043912184,
    -826.5434965216));
#2725 = CARTESIAN_POINT('',(4.887060208021,-24.92550401323,
    -826.0326452551));
#2726 = CARTESIAN_POINT('',(4.95,-24.91299861518,-825.5167624637));
#2727 = CARTESIAN_POINT('',(4.95,-24.91299861518,-825.));
#2728 = PCURVE('',#32,#2729);
#2729 = DEFINITIONAL_REPRESENTATION('',(#2730),#2781);
#2730 = B_SPLINE_CURVE_WITH_KNOTS('',7,(#2731,#2732,#2733,#2734,#2735,
    #2736,#2737,#2738,#2739,#2740,#2741,#2742,#2743,#2744,#2745,#2746,
    #2747,#2748,#2749,#2750,#2751,#2752,#2753,#2754,#2755,#2756,#2757,
    #2758,#2759,#2760,#2761,#2762,#2763,#2764,#2765,#2766,#2767,#2768,
    #2769,#2770,#2771,#2772,#2773,#2774,#2775,#2776,#2777,#2778,#2779,
    #2780),.UNSPECIFIED.,.T.,.F.,(8,6,6,6,6,6,6,6,8),(0.,0.135658877844,
    0.252998196793,0.365968823546,0.501055888109,0.636143011656,
    0.752987785487,0.86548227969,1.),.UNSPECIFIED.);
#2731 = CARTESIAN_POINT('',(-4.908526010042,-675.));
#2732 = CARTESIAN_POINT('',(-4.908526010042,-675.5167626786));
#2733 = CARTESIAN_POINT('',(-4.905999628187,-676.0326501268));
#2734 = CARTESIAN_POINT('',(-4.900962327492,-676.5435029623));
#2735 = CARTESIAN_POINT('',(-4.893356819606,-677.0448404395));
#2736 = CARTESIAN_POINT('',(-4.883075868298,-677.5305464258));
#2737 = CARTESIAN_POINT('',(-4.869974445141,-677.9920607946));
#2738 = CARTESIAN_POINT('',(-4.840002799826,-678.7824867986));
#2739 = CARTESIAN_POINT('',(-4.823451827206,-679.1321938354));
#2740 = CARTESIAN_POINT('',(-4.80430452954,-679.4426649071));
#2741 = CARTESIAN_POINT('',(-4.78282754074,-679.6944889614));
#2742 = CARTESIAN_POINT('',(-4.759454600192,-679.8712428354));
#2743 = CARTESIAN_POINT('',(-4.734724509173,-679.9596253497));
#2744 = CARTESIAN_POINT('',(-4.684816162749,-679.9395100758));
#2745 = CARTESIAN_POINT('',(-4.661160939424,-679.8388133201));
#2746 = CARTESIAN_POINT('',(-4.638889785013,-679.6578555785));
#2747 = CARTESIAN_POINT('',(-4.618447587995,-679.4092392247));
#2748 = CARTESIAN_POINT('',(-4.60018511892,-679.1077631892));
#2749 = CARTESIAN_POINT('',(-4.584314105744,-678.7703276391));
#2750 = CARTESIAN_POINT('',(-4.554803712077,-677.9920659755));
#2751 = CARTESIAN_POINT('',(-4.541702060559,-677.5305484085));
#2752 = CARTESIAN_POINT('',(-4.531421028722,-677.0448362614));
#2753 = CARTESIAN_POINT('',(-4.523815550866,-676.5434964839));
#2754 = CARTESIAN_POINT('',(-4.51877833017,-676.0326452759));
#2755 = CARTESIAN_POINT('',(-4.516251950727,-675.5167624585));
#2756 = CARTESIAN_POINT('',(-4.516251950727,-674.4832373157));
#2757 = CARTESIAN_POINT('',(-4.51877833242,-673.9673498946));
#2758 = CARTESIAN_POINT('',(-4.523815633806,-673.4564969997));
#2759 = CARTESIAN_POINT('',(-4.531421140416,-672.9551595972));
#2760 = CARTESIAN_POINT('',(-4.541702093014,-672.4694535545));
#2761 = CARTESIAN_POINT('',(-4.554803515449,-672.00793921));
#2762 = CARTESIAN_POINT('',(-4.584775160943,-671.2175132013));
#2763 = CARTESIAN_POINT('',(-4.601326133564,-670.8678061645));
#2764 = CARTESIAN_POINT('',(-4.620473431229,-670.5573350928));
#2765 = CARTESIAN_POINT('',(-4.641950420029,-670.3055110385));
#2766 = CARTESIAN_POINT('',(-4.665323360577,-670.1287571645));
#2767 = CARTESIAN_POINT('',(-4.690053451596,-670.0403746502));
#2768 = CARTESIAN_POINT('',(-4.739961798026,-670.0604899241));
#2769 = CARTESIAN_POINT('',(-4.76361702134,-670.1611866799));
#2770 = CARTESIAN_POINT('',(-4.785888175752,-670.3421444213));
#2771 = CARTESIAN_POINT('',(-4.806330372779,-670.5907607752));
#2772 = CARTESIAN_POINT('',(-4.824592841853,-670.8922368109));
#2773 = CARTESIAN_POINT('',(-4.840463855021,-671.2296723607));
#2774 = CARTESIAN_POINT('',(-4.869974248878,-672.0079340293));
#2775 = CARTESIAN_POINT('',(-4.883075899646,-672.4694515713));
#2776 = CARTESIAN_POINT('',(-4.893356932824,-672.9551637758));
#2777 = CARTESIAN_POINT('',(-4.900962409356,-673.4565034783));
#2778 = CARTESIAN_POINT('',(-4.905999630767,-673.9673547448));
#2779 = CARTESIAN_POINT('',(-4.908526010042,-674.4832375362));
#2780 = CARTESIAN_POINT('',(-4.908526010042,-675.));
#2781 = ( GEOMETRIC_REPRESENTATION_CONTEXT(2) 
PARAMETRIC_REPRESENTATION_CONTEXT() REPRESENTATION_CONTEXT('2D SPACE',''
  ) );
#2782 = PCURVE('',#2783,#2788);
#2783 = CYLINDRICAL_SURFACE('',#2784,4.95);
#2784 = AXIS2_PLACEMENT_3D('',#2785,#2786,#2787);
#2785 = CARTESIAN_POINT('',(0.,0.,-825.));
#2786 = DIRECTION('',(-0.,1.,-0.));
#2787 = DIRECTION('',(1.,0.,0.));
#2788 = DEFINITIONAL_REPRESENTATION('',(#2789),#2840);
#2789 = B_SPLINE_CURVE_WITH_KNOTS('',7,(#2790,#2791,#2792,#2793,#2794,
    #2795,#2796,#2797,#2798,#2799,#2800,#2801,#2802,#2803,#2804,#2805,
    #2806,#2807,#2808,#2809,#2810,#2811,#2812,#2813,#2814,#2815,#2816,
    #2817,#2818,#2819,#2820,#2821,#2822,#2823,#2824,#2825,#2826,#2827,
    #2828,#2829,#2830,#2831,#2832,#2833,#2834,#2835,#2836,#2837,#2838,
    #2839),.UNSPECIFIED.,.F.,.F.,(8,6,6,6,6,6,6,6,8),(0.,0.135658877844,
    0.252998196793,0.365968823546,0.501055888109,0.636143011656,
    0.752987785487,0.86548227969,1.),.UNSPECIFIED.);
#2790 = CARTESIAN_POINT('',(0.,-24.91299861518));
#2791 = CARTESIAN_POINT('',(-0.104396500729,-24.91299861518));
#2792 = CARTESIAN_POINT('',(-0.208615961849,-24.92550403083));
#2793 = CARTESIAN_POINT('',(-0.313678023589,-24.95043950732));
#2794 = CARTESIAN_POINT('',(-0.42050259034,-24.98708319892));
#2795 = CARTESIAN_POINT('',(-0.53003604168,-25.0340025591));
#2796 = CARTESIAN_POINT('',(-0.643291934181,-25.08851550846));
#2797 = CARTESIAN_POINT('',(-0.863928262725,-25.19588843293));
#2798 = CARTESIAN_POINT('',(-0.973192726427,-25.24951254527));
#2799 = CARTESIAN_POINT('',(-1.087745041746,-25.30286665389));
#2800 = CARTESIAN_POINT('',(-1.206693832426,-25.35006828397));
#2801 = CARTESIAN_POINT('',(-1.329560838445,-25.38465732926));
#2802 = CARTESIAN_POINT('',(-1.4561705734,-25.40187557185));
#2803 = CARTESIAN_POINT('',(-1.712296941804,-25.39795594395));
#2804 = CARTESIAN_POINT('',(-1.833975045292,-25.37833807764));
#2805 = CARTESIAN_POINT('',(-1.951915739974,-25.3432312573));
#2806 = CARTESIAN_POINT('',(-2.06603355438,-25.29715898516));
#2807 = CARTESIAN_POINT('',(-2.175979366386,-25.24579489206));
#2808 = CARTESIAN_POINT('',(-2.281058449657,-25.19423671029));
#2809 = CARTESIAN_POINT('',(-2.49829927325,-25.08851621223));
#2810 = CARTESIAN_POINT('',(-2.611556431239,-25.03400262261));
#2811 = CARTESIAN_POINT('',(-2.721090995125,-24.98708260368));
#2812 = CARTESIAN_POINT('',(-2.827915967755,-24.95043911974));
#2813 = CARTESIAN_POINT('',(-2.932977665393,-24.92550401388));
#2814 = CARTESIAN_POINT('',(-3.037196197308,-24.91299861518));
#2815 = CARTESIAN_POINT('',(-3.245989155456,-24.91299861518));
#2816 = CARTESIAN_POINT('',(-3.350208610816,-24.9255040302));
#2817 = CARTESIAN_POINT('',(-3.455270685764,-24.95043950934));
#2818 = CARTESIAN_POINT('',(-3.562095235123,-24.9870831961));
#2819 = CARTESIAN_POINT('',(-3.671628700275,-25.0340025611));
#2820 = CARTESIAN_POINT('',(-3.784884586455,-25.08851550782));
#2821 = CARTESIAN_POINT('',(-4.005520916314,-25.19588843293));
#2822 = CARTESIAN_POINT('',(-4.114785380018,-25.24951254527));
#2823 = CARTESIAN_POINT('',(-4.229337695334,-25.30286665389));
#2824 = CARTESIAN_POINT('',(-4.348286486017,-25.35006828397));
#2825 = CARTESIAN_POINT('',(-4.471153492034,-25.38465732926));
#2826 = CARTESIAN_POINT('',(-4.59776322699,-25.40187557185));
#2827 = CARTESIAN_POINT('',(-4.853889595422,-25.39795594395));
#2828 = CARTESIAN_POINT('',(-4.975567698856,-25.37833807763));
#2829 = CARTESIAN_POINT('',(-5.093508393542,-25.34323125732));
#2830 = CARTESIAN_POINT('',(-5.207626207985,-25.29715898515));
#2831 = CARTESIAN_POINT('',(-5.317572020009,-25.24579489204));
#2832 = CARTESIAN_POINT('',(-5.422651103218,-25.1942367103));
#2833 = CARTESIAN_POINT('',(-5.639891928208,-25.08851621157));
#2834 = CARTESIAN_POINT('',(-5.753149079672,-25.03400262469));
#2835 = CARTESIAN_POINT('',(-5.862683657674,-24.98708260075));
#2836 = CARTESIAN_POINT('',(-5.969508612771,-24.95043912184));
#2837 = CARTESIAN_POINT('',(-6.074570323463,-24.92550401323));
#2838 = CARTESIAN_POINT('',(-6.178788849857,-24.91299861518));
#2839 = CARTESIAN_POINT('',(-6.28318530718,-24.91299861518));
#2840 = ( GEOMETRIC_REPRESENTATION_CONTEXT(2) 
PARAMETRIC_REPRESENTATION_CONTEXT() REPRESENTATION_CONTEXT('2D SPACE',''
  ) );
#2841 = FACE_BOUND('',#2842,.F.);
#2842 = EDGE_LOOP('',(#2843));
#2843 = ORIENTED_EDGE('',*,*,#2844,.T.);
#2844 = EDGE_CURVE('',#2845,#2845,#2847,.T.);
#2845 = VERTEX_POINT('',#2846);
#2846 = CARTESIAN_POINT('',(4.95,-24.91299861518,-975.));
#2847 = SURFACE_CURVE('',#2848,(#2899,#2953),.PCURVE_S1.);
#2848 = B_SPLINE_CURVE_WITH_KNOTS('',7,(#2849,#2850,#2851,#2852,#2853,
    #2854,#2855,#2856,#2857,#2858,#2859,#2860,#2861,#2862,#2863,#2864,
    #2865,#2866,#2867,#2868,#2869,#2870,#2871,#2872,#2873,#2874,#2875,
    #2876,#2877,#2878,#2879,#2880,#2881,#2882,#2883,#2884,#2885,#2886,
    #2887,#2888,#2889,#2890,#2891,#2892,#2893,#2894,#2895,#2896,#2897,
    #2898),.UNSPECIFIED.,.T.,.F.,(8,6,6,6,6,6,6,6,8),(0.,0.135658878027,
    0.252998197154,0.36596882407,0.501055888819,0.636143011081,
    0.752987785099,0.865482279472,1.),.UNSPECIFIED.);
#2849 = CARTESIAN_POINT('',(4.95,-24.91299861518,-975.));
#2850 = CARTESIAN_POINT('',(4.95,-24.91299861518,-974.4832373213));
#2851 = CARTESIAN_POINT('',(4.887060143661,-24.92550403083,
    -973.9673498731));
#2852 = CARTESIAN_POINT('',(4.761566467594,-24.95043950732,
    -973.4564970376));
#2853 = CARTESIAN_POINT('',(4.571889739199,-24.98708319892,
    -972.9551595604));
#2854 = CARTESIAN_POINT('',(4.314974854557,-25.0340025591,
    -972.4694535741));
#2855 = CARTESIAN_POINT('',(3.986604874996,-25.08851550846,
    -972.0079392053));
#2856 = CARTESIAN_POINT('',(3.232935202422,-25.19588843293,
    -971.2175132012));
#2857 = CARTESIAN_POINT('',(2.815934727669,-25.24951254526,
    -970.8678061646));
#2858 = CARTESIAN_POINT('',(2.332399076065,-25.30286665388,
    -970.5573350928));
#2859 = CARTESIAN_POINT('',(1.788623415342,-25.35006828398,
    -970.3055110384));
#2860 = CARTESIAN_POINT('',(1.195519365331,-25.38465732925,
    -970.1287571646));
#2861 = CARTESIAN_POINT('',(0.567319469109,-25.40187557185,
    -970.0403746502));
#2862 = CARTESIAN_POINT('',(-0.700346470459,-25.39795594395,
    -970.0604899241));
#2863 = CARTESIAN_POINT('',(-1.301130967458,-25.37833807764,
    -970.1611866798));
#2864 = CARTESIAN_POINT('',(-1.866105924523,-25.3432312573,
    -970.3421444213));
#2865 = CARTESIAN_POINT('',(-2.383550102907,-25.29715898516,
    -970.5907607752));
#2866 = CARTESIAN_POINT('',(-2.844679728431,-25.24579489205,
    -970.8922368108));
#2867 = CARTESIAN_POINT('',(-3.244528937694,-25.19423671029,
    -971.2296723608));
#2868 = CARTESIAN_POINT('',(-3.986599935073,-25.08851621223,
    -972.0079340244));
#2869 = CARTESIAN_POINT('',(-4.314975683355,-25.03400262261,
    -972.4694515914));
#2870 = CARTESIAN_POINT('',(-4.571892540455,-24.98708260368,
    -972.9551637385));
#2871 = CARTESIAN_POINT('',(-4.761568520803,-24.95043911974,
    -973.456503516));
#2872 = CARTESIAN_POINT('',(-4.887060203804,-24.92550401388,
    -973.967354724));
#2873 = CARTESIAN_POINT('',(-4.95,-24.91299861518,-974.4832375414));
#2874 = CARTESIAN_POINT('',(-4.95,-24.91299861518,-975.5167626786));
#2875 = CARTESIAN_POINT('',(-4.887060143661,-24.92550403083,
    -976.0326501268));
#2876 = CARTESIAN_POINT('',(-4.761566467594,-24.95043950732,
    -976.5435029623));
#2877 = CARTESIAN_POINT('',(-4.571889739198,-24.98708319892,
    -977.0448404395));
#2878 = CARTESIAN_POINT('',(-4.314974854559,-25.0340025591,
    -977.5305464258));
#2879 = CARTESIAN_POINT('',(-3.986604874994,-25.08851550846,
    -977.9920607946));
#2880 = CARTESIAN_POINT('',(-3.232935202478,-25.19588843293,
    -978.7824867986));
#2881 = CARTESIAN_POINT('',(-2.815934727614,-25.24951254527,
    -979.1321938354));
#2882 = CARTESIAN_POINT('',(-2.332399076,-25.30286665389,-979.4426649071
    ));
#2883 = CARTESIAN_POINT('',(-1.788623415404,-25.35006828397,
    -979.6944889614));
#2884 = CARTESIAN_POINT('',(-1.195519365406,-25.38465732926,
    -979.8712428354));
#2885 = CARTESIAN_POINT('',(-0.56731946903,-25.40187557185,
    -979.9596253497));
#2886 = CARTESIAN_POINT('',(0.70034647051,-25.39795594395,
    -979.9395100758));
#2887 = CARTESIAN_POINT('',(1.301130967412,-25.37833807763,
    -979.8388133201));
#2888 = CARTESIAN_POINT('',(1.866105924481,-25.34323125731,
    -979.6578555786));
#2889 = CARTESIAN_POINT('',(2.383550102951,-25.29715898516,
    -979.4092392247));
#2890 = CARTESIAN_POINT('',(2.844679728464,-25.24579489205,
    -979.1077631891));
#2891 = CARTESIAN_POINT('',(3.244528937659,-25.1942367103,
    -978.7703276391));
#2892 = CARTESIAN_POINT('',(3.986599939746,-25.08851621157,
    -977.9920659706));
#2893 = CARTESIAN_POINT('',(4.314975669176,-25.03400262469,
    -977.5305484286));
#2894 = CARTESIAN_POINT('',(4.571892559959,-24.98708260075,
    -977.0448362241));
#2895 = CARTESIAN_POINT('',(4.761568507052,-24.95043912184,
    -976.5434965216));
#2896 = CARTESIAN_POINT('',(4.88706020802,-24.92550401323,
    -976.0326452551));
#2897 = CARTESIAN_POINT('',(4.95,-24.91299861518,-975.5167624637));
#2898 = CARTESIAN_POINT('',(4.95,-24.91299861518,-975.));
#2899 = PCURVE('',#32,#2900);
#2900 = DEFINITIONAL_REPRESENTATION('',(#2901),#2952);
#2901 = B_SPLINE_CURVE_WITH_KNOTS('',7,(#2902,#2903,#2904,#2905,#2906,
    #2907,#2908,#2909,#2910,#2911,#2912,#2913,#2914,#2915,#2916,#2917,
    #2918,#2919,#2920,#2921,#2922,#2923,#2924,#2925,#2926,#2927,#2928,
    #2929,#2930,#2931,#2932,#2933,#2934,#2935,#2936,#2937,#2938,#2939,
    #2940,#2941,#2942,#2943,#2944,#2945,#2946,#2947,#2948,#2949,#2950,
    #2951),.UNSPECIFIED.,.T.,.F.,(8,6,6,6,6,6,6,6,8),(0.,0.135658878027,
    0.252998197154,0.36596882407,0.501055888819,0.636143011081,
    0.752987785099,0.865482279472,1.),.UNSPECIFIED.);
#2902 = CARTESIAN_POINT('',(-4.908526010042,-525.));
#2903 = CARTESIAN_POINT('',(-4.908526010042,-525.5167626786));
#2904 = CARTESIAN_POINT('',(-4.905999628187,-526.0326501268));
#2905 = CARTESIAN_POINT('',(-4.900962327492,-526.5435029623));
#2906 = CARTESIAN_POINT('',(-4.893356819606,-527.0448404395));
#2907 = CARTESIAN_POINT('',(-4.883075868298,-527.5305464258));
#2908 = CARTESIAN_POINT('',(-4.869974445141,-527.9920607946));
#2909 = CARTESIAN_POINT('',(-4.840002799824,-528.7824867987));
#2910 = CARTESIAN_POINT('',(-4.823451827208,-529.1321938353));
#2911 = CARTESIAN_POINT('',(-4.804304529543,-529.4426649071));
#2912 = CARTESIAN_POINT('',(-4.782827540738,-529.6944889615));
#2913 = CARTESIAN_POINT('',(-4.759454600189,-529.8712428353));
#2914 = CARTESIAN_POINT('',(-4.734724509176,-529.9596253497));
#2915 = CARTESIAN_POINT('',(-4.684816162747,-529.9395100758));
#2916 = CARTESIAN_POINT('',(-4.661160939426,-529.8388133201));
#2917 = CARTESIAN_POINT('',(-4.638889785014,-529.6578555786));
#2918 = CARTESIAN_POINT('',(-4.618447587994,-529.4092392247));
#2919 = CARTESIAN_POINT('',(-4.600185118919,-529.1077631891));
#2920 = CARTESIAN_POINT('',(-4.584314105745,-528.7703276391));
#2921 = CARTESIAN_POINT('',(-4.554803712077,-527.9920659755));
#2922 = CARTESIAN_POINT('',(-4.541702060559,-527.5305484085));
#2923 = CARTESIAN_POINT('',(-4.531421028722,-527.0448362614));
#2924 = CARTESIAN_POINT('',(-4.523815550866,-526.5434964839));
#2925 = CARTESIAN_POINT('',(-4.51877833017,-526.0326452759));
#2926 = CARTESIAN_POINT('',(-4.516251950727,-525.5167624585));
#2927 = CARTESIAN_POINT('',(-4.516251950727,-524.4832373213));
#2928 = CARTESIAN_POINT('',(-4.518778332583,-523.9673498731));
#2929 = CARTESIAN_POINT('',(-4.523815633277,-523.4564970376));
#2930 = CARTESIAN_POINT('',(-4.531421141163,-522.9551595604));
#2931 = CARTESIAN_POINT('',(-4.541702092471,-522.4694535741));
#2932 = CARTESIAN_POINT('',(-4.554803515628,-522.0079392053));
#2933 = CARTESIAN_POINT('',(-4.584775160943,-521.2175132013));
#2934 = CARTESIAN_POINT('',(-4.601326133564,-520.8678061645));
#2935 = CARTESIAN_POINT('',(-4.620473431229,-520.5573350929));
#2936 = CARTESIAN_POINT('',(-4.641950420029,-520.3055110385));
#2937 = CARTESIAN_POINT('',(-4.665323360577,-520.1287571645));
#2938 = CARTESIAN_POINT('',(-4.690053451596,-520.0403746502));
#2939 = CARTESIAN_POINT('',(-4.739961798024,-520.0604899241));
#2940 = CARTESIAN_POINT('',(-4.763617021342,-520.1611866798));
#2941 = CARTESIAN_POINT('',(-4.785888175753,-520.3421444213));
#2942 = CARTESIAN_POINT('',(-4.806330372778,-520.5907607752));
#2943 = CARTESIAN_POINT('',(-4.824592841852,-520.8922368108));
#2944 = CARTESIAN_POINT('',(-4.840463855023,-521.2296723608));
#2945 = CARTESIAN_POINT('',(-4.869974248878,-522.0079340293));
#2946 = CARTESIAN_POINT('',(-4.883075899646,-522.4694515713));
#2947 = CARTESIAN_POINT('',(-4.893356932824,-522.9551637758));
#2948 = CARTESIAN_POINT('',(-4.900962409356,-523.4565034783));
#2949 = CARTESIAN_POINT('',(-4.905999630767,-523.9673547448));
#2950 = CARTESIAN_POINT('',(-4.908526010042,-524.4832375362));
#2951 = CARTESIAN_POINT('',(-4.908526010042,-525.));
#2952 = ( GEOMETRIC_REPRESENTATION_CONTEXT(2) 
PARAMETRIC_REPRESENTATION_CONTEXT() REPRESENTATION_CONTEXT('2D SPACE',''
  ) );
#2953 = PCURVE('',#2954,#2959);
#2954 = CYLINDRICAL_SURFACE('',#2955,4.95);
#2955 = AXIS2_PLACEMENT_3D('',#2956,#2957,#2958);
#2956 = CARTESIAN_POINT('',(0.,0.,-975.));
#2957 = DIRECTION('',(-0.,1.,-0.));
#2958 = DIRECTION('',(1.,0.,0.));
#2959 = DEFINITIONAL_REPRESENTATION('',(#2960),#3011);
#2960 = B_SPLINE_CURVE_WITH_KNOTS('',7,(#2961,#2962,#2963,#2964,#2965,
    #2966,#2967,#2968,#2969,#2970,#2971,#2972,#2973,#2974,#2975,#2976,
    #2977,#2978,#2979,#2980,#2981,#2982,#2983,#2984,#2985,#2986,#2987,
    #2988,#2989,#2990,#2991,#2992,#2993,#2994,#2995,#2996,#2997,#2998,
    #2999,#3000,#3001,#3002,#3003,#3004,#3005,#3006,#3007,#3008,#3009,
    #3010),.UNSPECIFIED.,.F.,.F.,(8,6,6,6,6,6,6,6,8),(0.,0.135658878027,
    0.252998197154,0.36596882407,0.501055888819,0.636143011081,
    0.752987785099,0.865482279472,1.),.UNSPECIFIED.);
#2961 = CARTESIAN_POINT('',(0.,-24.91299861518));
#2962 = CARTESIAN_POINT('',(-0.104396500729,-24.91299861518));
#2963 = CARTESIAN_POINT('',(-0.208615961849,-24.92550403083));
#2964 = CARTESIAN_POINT('',(-0.313678023589,-24.95043950732));
#2965 = CARTESIAN_POINT('',(-0.42050259034,-24.98708319892));
#2966 = CARTESIAN_POINT('',(-0.53003604168,-25.0340025591));
#2967 = CARTESIAN_POINT('',(-0.643291934181,-25.08851550846));
#2968 = CARTESIAN_POINT('',(-0.863928262741,-25.19588843293));
#2969 = CARTESIAN_POINT('',(-0.973192726408,-25.24951254526));
#2970 = CARTESIAN_POINT('',(-1.087745041737,-25.30286665388));
#2971 = CARTESIAN_POINT('',(-1.206693832439,-25.35006828398));
#2972 = CARTESIAN_POINT('',(-1.32956083846,-25.38465732925));
#2973 = CARTESIAN_POINT('',(-1.456170573385,-25.40187557185));
#2974 = CARTESIAN_POINT('',(-1.712296941812,-25.39795594395));
#2975 = CARTESIAN_POINT('',(-1.833975045285,-25.37833807764));
#2976 = CARTESIAN_POINT('',(-1.951915739968,-25.3432312573));
#2977 = CARTESIAN_POINT('',(-2.066033554384,-25.29715898516));
#2978 = CARTESIAN_POINT('',(-2.175979366395,-25.24579489205));
#2979 = CARTESIAN_POINT('',(-2.281058449649,-25.19423671029));
#2980 = CARTESIAN_POINT('',(-2.49829927325,-25.08851621223));
#2981 = CARTESIAN_POINT('',(-2.611556431239,-25.03400262261));
#2982 = CARTESIAN_POINT('',(-2.721090995125,-24.98708260368));
#2983 = CARTESIAN_POINT('',(-2.827915967755,-24.95043911974));
#2984 = CARTESIAN_POINT('',(-2.932977665393,-24.92550401388));
#2985 = CARTESIAN_POINT('',(-3.037196197308,-24.91299861518));
#2986 = CARTESIAN_POINT('',(-3.245989154319,-24.91299861518));
#2987 = CARTESIAN_POINT('',(-3.350208615439,-24.92550403083));
#2988 = CARTESIAN_POINT('',(-3.455270677178,-24.95043950732));
#2989 = CARTESIAN_POINT('',(-3.562095243931,-24.98708319892));
#2990 = CARTESIAN_POINT('',(-3.671628695269,-25.0340025591));
#2991 = CARTESIAN_POINT('',(-3.784884587771,-25.08851550846));
#2992 = CARTESIAN_POINT('',(-4.005520916314,-25.19588843293));
#2993 = CARTESIAN_POINT('',(-4.114785380018,-25.24951254527));
#2994 = CARTESIAN_POINT('',(-4.229337695334,-25.30286665389));
#2995 = CARTESIAN_POINT('',(-4.348286486017,-25.35006828397));
#2996 = CARTESIAN_POINT('',(-4.471153492034,-25.38465732926));
#2997 = CARTESIAN_POINT('',(-4.59776322699,-25.40187557185));
#2998 = CARTESIAN_POINT('',(-4.853889595412,-25.39795594395));
#2999 = CARTESIAN_POINT('',(-4.975567698865,-25.37833807763));
#3000 = CARTESIAN_POINT('',(-5.09350839355,-25.34323125731));
#3001 = CARTESIAN_POINT('',(-5.207626207979,-25.29715898516));
#3002 = CARTESIAN_POINT('',(-5.317572019997,-25.24579489205));
#3003 = CARTESIAN_POINT('',(-5.422651103229,-25.1942367103));
#3004 = CARTESIAN_POINT('',(-5.639891928208,-25.08851621157));
#3005 = CARTESIAN_POINT('',(-5.753149079672,-25.03400262469));
#3006 = CARTESIAN_POINT('',(-5.862683657675,-24.98708260075));
#3007 = CARTESIAN_POINT('',(-5.96950861277,-24.95043912184));
#3008 = CARTESIAN_POINT('',(-6.074570323463,-24.92550401323));
#3009 = CARTESIAN_POINT('',(-6.178788849857,-24.91299861518));
#3010 = CARTESIAN_POINT('',(-6.28318530718,-24.91299861518));
#3011 = ( GEOMETRIC_REPRESENTATION_CONTEXT(2) 
PARAMETRIC_REPRESENTATION_CONTEXT() REPRESENTATION_CONTEXT('2D SPACE',''
  ) );
#3012 = FACE_BOUND('',#3013,.F.);
#3013 = EDGE_LOOP('',(#3014));
#3014 = ORIENTED_EDGE('',*,*,#3015,.T.);
#3015 = EDGE_CURVE('',#3016,#3016,#3018,.T.);
#3016 = VERTEX_POINT('',#3017);
#3017 = CARTESIAN_POINT('',(4.95,-24.91299861518,-1.125E+03));
#3018 = SURFACE_CURVE('',#3019,(#3070,#3124),.PCURVE_S1.);
#3019 = B_SPLINE_CURVE_WITH_KNOTS('',7,(#3020,#3021,#3022,#3023,#3024,
    #3025,#3026,#3027,#3028,#3029,#3030,#3031,#3032,#3033,#3034,#3035,
    #3036,#3037,#3038,#3039,#3040,#3041,#3042,#3043,#3044,#3045,#3046,
    #3047,#3048,#3049,#3050,#3051,#3052,#3053,#3054,#3055,#3056,#3057,
    #3058,#3059,#3060,#3061,#3062,#3063,#3064,#3065,#3066,#3067,#3068,
    #3069),.UNSPECIFIED.,.T.,.F.,(8,6,6,6,6,6,6,6,8),(0.,0.135658879147,
    0.25299819792,0.365968824519,0.501055888874,0.636143012214,
    0.752987785865,0.865482279899,1.),.UNSPECIFIED.);
#3020 = CARTESIAN_POINT('',(4.95,-24.91299861518,-1.125E+03));
#3021 = CARTESIAN_POINT('',(4.95,-24.91299861518,-1.124483237316E+03));
#3022 = CARTESIAN_POINT('',(4.887060147744,-24.9255040302,
    -1.123967349895E+03));
#3023 = CARTESIAN_POINT('',(4.761566454321,-24.95043950934,
    -1.123456497E+03));
#3024 = CARTESIAN_POINT('',(4.571889757979,-24.9870831961,
    -1.122955159597E+03));
#3025 = CARTESIAN_POINT('',(4.314974840922,-25.0340025611,
    -1.122469453555E+03));
#3026 = CARTESIAN_POINT('',(3.986604879488,-25.08851550782,
    -1.12200793921E+03));
#3027 = CARTESIAN_POINT('',(3.232935202477,-25.19588843293,
    -1.121217513201E+03));
#3028 = CARTESIAN_POINT('',(2.815934727617,-25.24951254527,
    -1.120867806165E+03));
#3029 = CARTESIAN_POINT('',(2.332399076,-25.30286665389,
    -1.120557335093E+03));
#3030 = CARTESIAN_POINT('',(1.7886234154,-25.35006828397,
    -1.120305511039E+03));
#3031 = CARTESIAN_POINT('',(1.195519365412,-25.38465732926,
    -1.120128757165E+03));
#3032 = CARTESIAN_POINT('',(0.567319469027,-25.40187557185,
    -1.12004037465E+03));
#3033 = CARTESIAN_POINT('',(-0.70034647051,-25.39795594395,
    -1.120060489924E+03));
#3034 = CARTESIAN_POINT('',(-1.301130967411,-25.37833807763,
    -1.12016118668E+03));
#3035 = CARTESIAN_POINT('',(-1.866105924482,-25.34323125731,
    -1.120342144421E+03));
#3036 = CARTESIAN_POINT('',(-2.38355010295,-25.29715898516,
    -1.120590760775E+03));
#3037 = CARTESIAN_POINT('',(-2.844679728464,-25.24579489205,
    -1.120892236811E+03));
#3038 = CARTESIAN_POINT('',(-3.244528937659,-25.1942367103,
    -1.121229672361E+03));
#3039 = CARTESIAN_POINT('',(-3.986599935073,-25.08851621223,
    -1.122007934024E+03));
#3040 = CARTESIAN_POINT('',(-4.314975683355,-25.03400262261,
    -1.122469451591E+03));
#3041 = CARTESIAN_POINT('',(-4.571892540455,-24.98708260368,
    -1.122955163739E+03));
#3042 = CARTESIAN_POINT('',(-4.761568520803,-24.95043911974,
    -1.123456503516E+03));
#3043 = CARTESIAN_POINT('',(-4.887060203805,-24.92550401388,
    -1.123967354724E+03));
#3044 = CARTESIAN_POINT('',(-4.95,-24.91299861518,-1.124483237541E+03));
#3045 = CARTESIAN_POINT('',(-4.95,-24.91299861518,-1.125516762684E+03));
#3046 = CARTESIAN_POINT('',(-4.887060147745,-24.9255040302,
    -1.126032650105E+03));
#3047 = CARTESIAN_POINT('',(-4.76156645432,-24.95043950934,
    -1.126543503E+03));
#3048 = CARTESIAN_POINT('',(-4.571889757981,-24.9870831961,
    -1.127044840403E+03));
#3049 = CARTESIAN_POINT('',(-4.31497484092,-25.0340025611,
    -1.127530546445E+03));
#3050 = CARTESIAN_POINT('',(-3.986604879489,-25.08851550782,
    -1.12799206079E+03));
#3051 = CARTESIAN_POINT('',(-3.232935202477,-25.19588843293,
    -1.128782486799E+03));
#3052 = CARTESIAN_POINT('',(-2.815934727618,-25.24951254527,
    -1.129132193835E+03));
#3053 = CARTESIAN_POINT('',(-2.332399075996,-25.30286665389,
    -1.129442664907E+03));
#3054 = CARTESIAN_POINT('',(-1.788623415406,-25.35006828397,
    -1.129694488961E+03));
#3055 = CARTESIAN_POINT('',(-1.195519365407,-25.38465732926,
    -1.129871242835E+03));
#3056 = CARTESIAN_POINT('',(-0.567319469029,-25.40187557185,
    -1.12995962535E+03));
#3057 = CARTESIAN_POINT('',(0.700346470588,-25.39795594395,
    -1.129939510076E+03));
#3058 = CARTESIAN_POINT('',(1.301130967338,-25.37833807763,
    -1.12983881332E+03));
#3059 = CARTESIAN_POINT('',(1.866105924419,-25.34323125732,
    -1.129657855579E+03));
#3060 = CARTESIAN_POINT('',(2.383550103015,-25.29715898515,
    -1.129409239225E+03));
#3061 = CARTESIAN_POINT('',(2.844679728517,-25.24579489204,
    -1.129107763189E+03));
#3062 = CARTESIAN_POINT('',(3.244528937604,-25.19423671031,
    -1.128770327639E+03));
#3063 = CARTESIAN_POINT('',(3.986599939746,-25.08851621157,
    -1.127992065971E+03));
#3064 = CARTESIAN_POINT('',(4.314975669174,-25.03400262469,
    -1.127530548429E+03));
#3065 = CARTESIAN_POINT('',(4.57189255996,-24.98708260075,
    -1.127044836224E+03));
#3066 = CARTESIAN_POINT('',(4.761568507051,-24.95043912184,
    -1.126543496522E+03));
#3067 = CARTESIAN_POINT('',(4.887060208021,-24.92550401323,
    -1.126032645255E+03));
#3068 = CARTESIAN_POINT('',(4.95,-24.91299861518,-1.125516762464E+03));
#3069 = CARTESIAN_POINT('',(4.95,-24.91299861518,-1.125E+03));
#3070 = PCURVE('',#32,#3071);
#3071 = DEFINITIONAL_REPRESENTATION('',(#3072),#3123);
#3072 = B_SPLINE_CURVE_WITH_KNOTS('',7,(#3073,#3074,#3075,#3076,#3077,
    #3078,#3079,#3080,#3081,#3082,#3083,#3084,#3085,#3086,#3087,#3088,
    #3089,#3090,#3091,#3092,#3093,#3094,#3095,#3096,#3097,#3098,#3099,
    #3100,#3101,#3102,#3103,#3104,#3105,#3106,#3107,#3108,#3109,#3110,
    #3111,#3112,#3113,#3114,#3115,#3116,#3117,#3118,#3119,#3120,#3121,
    #3122),.UNSPECIFIED.,.T.,.F.,(8,6,6,6,6,6,6,6,8),(0.,0.135658879147,
    0.25299819792,0.365968824519,0.501055888874,0.636143012214,
    0.752987785865,0.865482279899,1.),.UNSPECIFIED.);
#3073 = CARTESIAN_POINT('',(-4.908526010042,-375.));
#3074 = CARTESIAN_POINT('',(-4.908526010042,-375.5167626842));
#3075 = CARTESIAN_POINT('',(-4.90599962835,-376.0326501053));
#3076 = CARTESIAN_POINT('',(-4.900962326963,-376.5435030002));
#3077 = CARTESIAN_POINT('',(-4.893356820354,-377.0448404027));
#3078 = CARTESIAN_POINT('',(-4.883075867755,-377.5305464454));
#3079 = CARTESIAN_POINT('',(-4.86997444532,-377.9920607899));
#3080 = CARTESIAN_POINT('',(-4.840002799826,-378.7824867986));
#3081 = CARTESIAN_POINT('',(-4.823451827206,-379.1321938354));
#3082 = CARTESIAN_POINT('',(-4.80430452954,-379.4426649071));
#3083 = CARTESIAN_POINT('',(-4.78282754074,-379.6944889614));
#3084 = CARTESIAN_POINT('',(-4.759454600192,-379.8712428354));
#3085 = CARTESIAN_POINT('',(-4.734724509173,-379.9596253497));
#3086 = CARTESIAN_POINT('',(-4.684816162745,-379.9395100758));
#3087 = CARTESIAN_POINT('',(-4.661160939427,-379.8388133201));
#3088 = CARTESIAN_POINT('',(-4.638889785016,-379.6578555786));
#3089 = CARTESIAN_POINT('',(-4.618447587992,-379.4092392247));
#3090 = CARTESIAN_POINT('',(-4.600185118917,-379.1077631891));
#3091 = CARTESIAN_POINT('',(-4.584314105747,-378.7703276391));
#3092 = CARTESIAN_POINT('',(-4.554803712077,-377.9920659755));
#3093 = CARTESIAN_POINT('',(-4.541702060559,-377.5305484085));
#3094 = CARTESIAN_POINT('',(-4.531421028722,-377.0448362614));
#3095 = CARTESIAN_POINT('',(-4.523815550866,-376.5434964839));
#3096 = CARTESIAN_POINT('',(-4.51877833017,-376.0326452759));
#3097 = CARTESIAN_POINT('',(-4.516251950727,-375.5167624585));
#3098 = CARTESIAN_POINT('',(-4.516251950727,-374.4832373157));
#3099 = CARTESIAN_POINT('',(-4.51877833242,-373.9673498946));
#3100 = CARTESIAN_POINT('',(-4.523815633806,-373.4564969997));
#3101 = CARTESIAN_POINT('',(-4.531421140415,-372.9551595972));
#3102 = CARTESIAN_POINT('',(-4.541702093014,-372.4694535545));
#3103 = CARTESIAN_POINT('',(-4.554803515449,-372.00793921));
#3104 = CARTESIAN_POINT('',(-4.584775160943,-371.2175132013));
#3105 = CARTESIAN_POINT('',(-4.601326133564,-370.8678061645));
#3106 = CARTESIAN_POINT('',(-4.620473431229,-370.5573350928));
#3107 = CARTESIAN_POINT('',(-4.641950420029,-370.3055110385));
#3108 = CARTESIAN_POINT('',(-4.665323360577,-370.1287571645));
#3109 = CARTESIAN_POINT('',(-4.690053451596,-370.0403746502));
#3110 = CARTESIAN_POINT('',(-4.739961798027,-370.0604899241));
#3111 = CARTESIAN_POINT('',(-4.763617021339,-370.1611866799));
#3112 = CARTESIAN_POINT('',(-4.785888175751,-370.3421444213));
#3113 = CARTESIAN_POINT('',(-4.80633037278,-370.5907607752));
#3114 = CARTESIAN_POINT('',(-4.824592841854,-370.8922368109));
#3115 = CARTESIAN_POINT('',(-4.84046385502,-371.2296723607));
#3116 = CARTESIAN_POINT('',(-4.869974248878,-372.0079340293));
#3117 = CARTESIAN_POINT('',(-4.883075899646,-372.4694515713));
#3118 = CARTESIAN_POINT('',(-4.893356932824,-372.9551637758));
#3119 = CARTESIAN_POINT('',(-4.900962409356,-373.4565034783));
#3120 = CARTESIAN_POINT('',(-4.905999630767,-373.9673547448));
#3121 = CARTESIAN_POINT('',(-4.908526010042,-374.4832375362));
#3122 = CARTESIAN_POINT('',(-4.908526010042,-375.));
#3123 = ( GEOMETRIC_REPRESENTATION_CONTEXT(2) 
PARAMETRIC_REPRESENTATION_CONTEXT() REPRESENTATION_CONTEXT('2D SPACE',''
  ) );
#3124 = PCURVE('',#3125,#3130);
#3125 = CYLINDRICAL_SURFACE('',#3126,4.95);
#3126 = AXIS2_PLACEMENT_3D('',#3127,#3128,#3129);
#3127 = CARTESIAN_POINT('',(0.,0.,-1.125E+03));
#3128 = DIRECTION('',(-0.,1.,-0.));
#3129 = DIRECTION('',(1.,0.,0.));
#3130 = DEFINITIONAL_REPRESENTATION('',(#3131),#3182);
#3131 = B_SPLINE_CURVE_WITH_KNOTS('',7,(#3132,#3133,#3134,#3135,#3136,
    #3137,#3138,#3139,#3140,#3141,#3142,#3143,#3144,#3145,#3146,#3147,
    #3148,#3149,#3150,#3151,#3152,#3153,#3154,#3155,#3156,#3157,#3158,
    #3159,#3160,#3161,#3162,#3163,#3164,#3165,#3166,#3167,#3168,#3169,
    #3170,#3171,#3172,#3173,#3174,#3175,#3176,#3177,#3178,#3179,#3180,
    #3181),.UNSPECIFIED.,.F.,.F.,(8,6,6,6,6,6,6,6,8),(0.,0.135658879147,
    0.25299819792,0.365968824519,0.501055888874,0.636143012214,
    0.752987785865,0.865482279899,1.),.UNSPECIFIED.);
#3132 = CARTESIAN_POINT('',(0.,-24.91299861518));
#3133 = CARTESIAN_POINT('',(-0.104396501867,-24.91299861518));
#3134 = CARTESIAN_POINT('',(-0.208615957226,-24.9255040302));
#3135 = CARTESIAN_POINT('',(-0.313678032176,-24.95043950934));
#3136 = CARTESIAN_POINT('',(-0.420502581532,-24.9870831961));
#3137 = CARTESIAN_POINT('',(-0.530036046686,-25.0340025611));
#3138 = CARTESIAN_POINT('',(-0.643291932865,-25.08851550782));
#3139 = CARTESIAN_POINT('',(-0.863928262725,-25.19588843293));
#3140 = CARTESIAN_POINT('',(-0.973192726427,-25.24951254527));
#3141 = CARTESIAN_POINT('',(-1.087745041744,-25.30286665389));
#3142 = CARTESIAN_POINT('',(-1.206693832428,-25.35006828397));
#3143 = CARTESIAN_POINT('',(-1.329560838443,-25.38465732926));
#3144 = CARTESIAN_POINT('',(-1.456170573401,-25.40187557185));
#3145 = CARTESIAN_POINT('',(-1.712296941822,-25.39795594395));
#3146 = CARTESIAN_POINT('',(-1.833975045276,-25.37833807763));
#3147 = CARTESIAN_POINT('',(-1.95191573996,-25.34323125731));
#3148 = CARTESIAN_POINT('',(-2.066033554389,-25.29715898516));
#3149 = CARTESIAN_POINT('',(-2.175979366407,-25.24579489205));
#3150 = CARTESIAN_POINT('',(-2.281058449639,-25.1942367103));
#3151 = CARTESIAN_POINT('',(-2.49829927325,-25.08851621223));
#3152 = CARTESIAN_POINT('',(-2.611556431239,-25.03400262261));
#3153 = CARTESIAN_POINT('',(-2.721090995125,-24.98708260368));
#3154 = CARTESIAN_POINT('',(-2.827915967755,-24.95043911974));
#3155 = CARTESIAN_POINT('',(-2.932977665393,-24.92550401388));
#3156 = CARTESIAN_POINT('',(-3.037196197308,-24.91299861518));
#3157 = CARTESIAN_POINT('',(-3.245989155456,-24.91299861518));
#3158 = CARTESIAN_POINT('',(-3.350208610816,-24.9255040302));
#3159 = CARTESIAN_POINT('',(-3.455270685765,-24.95043950934));
#3160 = CARTESIAN_POINT('',(-3.562095235121,-24.9870831961));
#3161 = CARTESIAN_POINT('',(-3.671628700276,-25.0340025611));
#3162 = CARTESIAN_POINT('',(-3.784884586455,-25.08851550782));
#3163 = CARTESIAN_POINT('',(-4.005520916314,-25.19588843293));
#3164 = CARTESIAN_POINT('',(-4.114785380017,-25.24951254527));
#3165 = CARTESIAN_POINT('',(-4.229337695335,-25.30286665389));
#3166 = CARTESIAN_POINT('',(-4.348286486017,-25.35006828397));
#3167 = CARTESIAN_POINT('',(-4.471153492034,-25.38465732926));
#3168 = CARTESIAN_POINT('',(-4.59776322699,-25.40187557185));
#3169 = CARTESIAN_POINT('',(-4.853889595428,-25.39795594395));
#3170 = CARTESIAN_POINT('',(-4.97556769885,-25.37833807763));
#3171 = CARTESIAN_POINT('',(-5.093508393539,-25.34323125732));
#3172 = CARTESIAN_POINT('',(-5.207626207986,-25.29715898515));
#3173 = CARTESIAN_POINT('',(-5.317572020016,-25.24579489204));
#3174 = CARTESIAN_POINT('',(-5.422651103213,-25.19423671031));
#3175 = CARTESIAN_POINT('',(-5.639891928208,-25.08851621157));
#3176 = CARTESIAN_POINT('',(-5.753149079672,-25.03400262469));
#3177 = CARTESIAN_POINT('',(-5.862683657675,-24.98708260075));
#3178 = CARTESIAN_POINT('',(-5.96950861277,-24.95043912184));
#3179 = CARTESIAN_POINT('',(-6.074570323463,-24.92550401323));
#3180 = CARTESIAN_POINT('',(-6.178788849857,-24.91299861518));
#3181 = CARTESIAN_POINT('',(-6.28318530718,-24.91299861518));
#3182 = ( GEOMETRIC_REPRESENTATION_CONTEXT(2) 
PARAMETRIC_REPRESENTATION_CONTEXT() REPRESENTATION_CONTEXT('2D SPACE',''
  ) );
#3183 = FACE_BOUND('',#3184,.F.);
#3184 = EDGE_LOOP('',(#3185));
#3185 = ORIENTED_EDGE('',*,*,#3186,.T.);
#3186 = EDGE_CURVE('',#3187,#3187,#3189,.T.);
#3187 = VERTEX_POINT('',#3188);
#3188 = CARTESIAN_POINT('',(4.95,-24.91299861518,-1.275E+03));
#3189 = SURFACE_CURVE('',#3190,(#3241,#3295),.PCURVE_S1.);
#3190 = B_SPLINE_CURVE_WITH_KNOTS('',7,(#3191,#3192,#3193,#3194,#3195,
    #3196,#3197,#3198,#3199,#3200,#3201,#3202,#3203,#3204,#3205,#3206,
    #3207,#3208,#3209,#3210,#3211,#3212,#3213,#3214,#3215,#3216,#3217,
    #3218,#3219,#3220,#3221,#3222,#3223,#3224,#3225,#3226,#3227,#3228,
    #3229,#3230,#3231,#3232,#3233,#3234,#3235,#3236,#3237,#3238,#3239,
    #3240),.UNSPECIFIED.,.T.,.F.,(8,6,6,6,6,6,6,6,8),(0.,0.13565887883,
    0.252998197328,0.365968823661,0.501055889261,0.636143012498,
    0.752987786061,0.865482279996,1.),.UNSPECIFIED.);
#3191 = CARTESIAN_POINT('',(4.95,-24.91299861518,-1.275E+03));
#3192 = CARTESIAN_POINT('',(4.95,-24.91299861518,-1.274483237316E+03));
#3193 = CARTESIAN_POINT('',(4.887060147745,-24.9255040302,
    -1.273967349895E+03));
#3194 = CARTESIAN_POINT('',(4.761566454319,-24.95043950934,
    -1.273456497E+03));
#3195 = CARTESIAN_POINT('',(4.571889757982,-24.9870831961,
    -1.272955159597E+03));
#3196 = CARTESIAN_POINT('',(4.31497484092,-25.0340025611,
    -1.272469453555E+03));
#3197 = CARTESIAN_POINT('',(3.986604879489,-25.08851550782,
    -1.27200793921E+03));
#3198 = CARTESIAN_POINT('',(3.232935202477,-25.19588843293,
    -1.271217513201E+03));
#3199 = CARTESIAN_POINT('',(2.815934727617,-25.24951254527,
    -1.270867806165E+03));
#3200 = CARTESIAN_POINT('',(2.332399075998,-25.30286665389,
    -1.270557335093E+03));
#3201 = CARTESIAN_POINT('',(1.788623415405,-25.35006828397,
    -1.270305511039E+03));
#3202 = CARTESIAN_POINT('',(1.195519365407,-25.38465732926,
    -1.270128757165E+03));
#3203 = CARTESIAN_POINT('',(0.567319469029,-25.40187557185,
    -1.27004037465E+03));
#3204 = CARTESIAN_POINT('',(-0.700346470509,-25.39795594395,
    -1.270060489924E+03));
#3205 = CARTESIAN_POINT('',(-1.301130967413,-25.37833807763,
    -1.27016118668E+03));
#3206 = CARTESIAN_POINT('',(-1.866105924482,-25.34323125731,
    -1.270342144421E+03));
#3207 = CARTESIAN_POINT('',(-2.383550102947,-25.29715898516,
    -1.270590760775E+03));
#3208 = CARTESIAN_POINT('',(-2.844679728467,-25.24579489205,
    -1.270892236811E+03));
#3209 = CARTESIAN_POINT('',(-3.244528937658,-25.1942367103,
    -1.271229672361E+03));
#3210 = CARTESIAN_POINT('',(-3.986599939746,-25.08851621157,
    -1.272007934029E+03));
#3211 = CARTESIAN_POINT('',(-4.314975669174,-25.03400262469,
    -1.272469451571E+03));
#3212 = CARTESIAN_POINT('',(-4.57189255996,-24.98708260075,
    -1.272955163776E+03));
#3213 = CARTESIAN_POINT('',(-4.761568507051,-24.95043912184,
    -1.273456503478E+03));
#3214 = CARTESIAN_POINT('',(-4.88706020802,-24.92550401323,
    -1.273967354745E+03));
#3215 = CARTESIAN_POINT('',(-4.95,-24.91299861518,-1.274483237536E+03));
#3216 = CARTESIAN_POINT('',(-4.95,-24.91299861518,-1.275516762684E+03));
#3217 = CARTESIAN_POINT('',(-4.887060147745,-24.9255040302,
    -1.276032650105E+03));
#3218 = CARTESIAN_POINT('',(-4.76156645432,-24.95043950934,
    -1.276543503E+03));
#3219 = CARTESIAN_POINT('',(-4.571889757981,-24.9870831961,
    -1.277044840403E+03));
#3220 = CARTESIAN_POINT('',(-4.31497484092,-25.0340025611,
    -1.277530546445E+03));
#3221 = CARTESIAN_POINT('',(-3.986604879489,-25.08851550782,
    -1.27799206079E+03));
#3222 = CARTESIAN_POINT('',(-3.232935202477,-25.19588843293,
    -1.278782486799E+03));
#3223 = CARTESIAN_POINT('',(-2.815934727618,-25.24951254527,
    -1.279132193835E+03));
#3224 = CARTESIAN_POINT('',(-2.332399075997,-25.30286665389,
    -1.279442664907E+03));
#3225 = CARTESIAN_POINT('',(-1.788623415405,-25.35006828397,
    -1.279694488961E+03));
#3226 = CARTESIAN_POINT('',(-1.195519365407,-25.38465732926,
    -1.279871242835E+03));
#3227 = CARTESIAN_POINT('',(-0.567319469029,-25.40187557185,
    -1.27995962535E+03));
#3228 = CARTESIAN_POINT('',(0.700346470509,-25.39795594395,
    -1.279939510076E+03));
#3229 = CARTESIAN_POINT('',(1.301130967411,-25.37833807763,
    -1.27983881332E+03));
#3230 = CARTESIAN_POINT('',(1.866105924484,-25.34323125731,
    -1.279657855579E+03));
#3231 = CARTESIAN_POINT('',(2.383550102946,-25.29715898516,
    -1.279409239225E+03));
#3232 = CARTESIAN_POINT('',(2.844679728467,-25.24579489205,
    -1.279107763189E+03));
#3233 = CARTESIAN_POINT('',(3.244528937658,-25.1942367103,
    -1.278770327639E+03));
#3234 = CARTESIAN_POINT('',(3.986599939747,-25.08851621157,
    -1.277992065971E+03));
#3235 = CARTESIAN_POINT('',(4.314975669173,-25.03400262469,
    -1.277530548429E+03));
#3236 = CARTESIAN_POINT('',(4.571892559961,-24.98708260075,
    -1.277044836224E+03));
#3237 = CARTESIAN_POINT('',(4.761568507051,-24.95043912184,
    -1.276543496522E+03));
#3238 = CARTESIAN_POINT('',(4.887060208021,-24.92550401323,
    -1.276032645255E+03));
#3239 = CARTESIAN_POINT('',(4.95,-24.91299861518,-1.275516762464E+03));
#3240 = CARTESIAN_POINT('',(4.95,-24.91299861518,-1.275E+03));
#3241 = PCURVE('',#32,#3242);
#3242 = DEFINITIONAL_REPRESENTATION('',(#3243),#3294);
#3243 = B_SPLINE_CURVE_WITH_KNOTS('',7,(#3244,#3245,#3246,#3247,#3248,
    #3249,#3250,#3251,#3252,#3253,#3254,#3255,#3256,#3257,#3258,#3259,
    #3260,#3261,#3262,#3263,#3264,#3265,#3266,#3267,#3268,#3269,#3270,
    #3271,#3272,#3273,#3274,#3275,#3276,#3277,#3278,#3279,#3280,#3281,
    #3282,#3283,#3284,#3285,#3286,#3287,#3288,#3289,#3290,#3291,#3292,
    #3293),.UNSPECIFIED.,.T.,.F.,(8,6,6,6,6,6,6,6,8),(0.,0.13565887883,
    0.252998197328,0.365968823661,0.501055889261,0.636143012498,
    0.752987786061,0.865482279996,1.),.UNSPECIFIED.);
#3244 = CARTESIAN_POINT('',(-4.908526010042,-225.));
#3245 = CARTESIAN_POINT('',(-4.908526010042,-225.5167626842));
#3246 = CARTESIAN_POINT('',(-4.90599962835,-226.0326501053));
#3247 = CARTESIAN_POINT('',(-4.900962326963,-226.5435030002));
#3248 = CARTESIAN_POINT('',(-4.893356820354,-227.0448404027));
#3249 = CARTESIAN_POINT('',(-4.883075867755,-227.5305464454));
#3250 = CARTESIAN_POINT('',(-4.86997444532,-227.9920607899));
#3251 = CARTESIAN_POINT('',(-4.840002799826,-228.7824867986));
#3252 = CARTESIAN_POINT('',(-4.823451827206,-229.1321938354));
#3253 = CARTESIAN_POINT('',(-4.80430452954,-229.4426649071));
#3254 = CARTESIAN_POINT('',(-4.78282754074,-229.6944889614));
#3255 = CARTESIAN_POINT('',(-4.759454600192,-229.8712428354));
#3256 = CARTESIAN_POINT('',(-4.734724509173,-229.9596253497));
#3257 = CARTESIAN_POINT('',(-4.684816162745,-229.9395100758));
#3258 = CARTESIAN_POINT('',(-4.661160939427,-229.8388133201));
#3259 = CARTESIAN_POINT('',(-4.638889785016,-229.6578555786));
#3260 = CARTESIAN_POINT('',(-4.618447587992,-229.4092392247));
#3261 = CARTESIAN_POINT('',(-4.600185118917,-229.1077631891));
#3262 = CARTESIAN_POINT('',(-4.584314105747,-228.7703276391));
#3263 = CARTESIAN_POINT('',(-4.554803711891,-227.9920659706));
#3264 = CARTESIAN_POINT('',(-4.541702061123,-227.5305484286));
#3265 = CARTESIAN_POINT('',(-4.531421027945,-227.0448362241));
#3266 = CARTESIAN_POINT('',(-4.523815551414,-226.5434965216));
#3267 = CARTESIAN_POINT('',(-4.518778330002,-226.0326452551));
#3268 = CARTESIAN_POINT('',(-4.516251950727,-225.5167624637));
#3269 = CARTESIAN_POINT('',(-4.516251950727,-224.4832373157));
#3270 = CARTESIAN_POINT('',(-4.51877833242,-223.9673498946));
#3271 = CARTESIAN_POINT('',(-4.523815633806,-223.4564969997));
#3272 = CARTESIAN_POINT('',(-4.531421140415,-222.9551595972));
#3273 = CARTESIAN_POINT('',(-4.541702093014,-222.4694535545));
#3274 = CARTESIAN_POINT('',(-4.554803515449,-222.00793921));
#3275 = CARTESIAN_POINT('',(-4.584775160943,-221.2175132013));
#3276 = CARTESIAN_POINT('',(-4.601326133564,-220.8678061645));
#3277 = CARTESIAN_POINT('',(-4.620473431229,-220.5573350928));
#3278 = CARTESIAN_POINT('',(-4.641950420029,-220.3055110385));
#3279 = CARTESIAN_POINT('',(-4.665323360577,-220.1287571645));
#3280 = CARTESIAN_POINT('',(-4.690053451596,-220.0403746502));
#3281 = CARTESIAN_POINT('',(-4.739961798024,-220.0604899241));
#3282 = CARTESIAN_POINT('',(-4.763617021342,-220.1611866798));
#3283 = CARTESIAN_POINT('',(-4.785888175753,-220.3421444213));
#3284 = CARTESIAN_POINT('',(-4.806330372777,-220.5907607752));
#3285 = CARTESIAN_POINT('',(-4.824592841852,-220.8922368108));
#3286 = CARTESIAN_POINT('',(-4.840463855023,-221.2296723608));
#3287 = CARTESIAN_POINT('',(-4.869974248878,-222.0079340293));
#3288 = CARTESIAN_POINT('',(-4.883075899646,-222.4694515713));
#3289 = CARTESIAN_POINT('',(-4.893356932824,-222.9551637758));
#3290 = CARTESIAN_POINT('',(-4.900962409356,-223.4565034783));
#3291 = CARTESIAN_POINT('',(-4.905999630767,-223.9673547448));
#3292 = CARTESIAN_POINT('',(-4.908526010042,-224.4832375362));
#3293 = CARTESIAN_POINT('',(-4.908526010042,-225.));
#3294 = ( GEOMETRIC_REPRESENTATION_CONTEXT(2) 
PARAMETRIC_REPRESENTATION_CONTEXT() REPRESENTATION_CONTEXT('2D SPACE',''
  ) );
#3295 = PCURVE('',#3296,#3301);
#3296 = CYLINDRICAL_SURFACE('',#3297,4.95);
#3297 = AXIS2_PLACEMENT_3D('',#3298,#3299,#3300);
#3298 = CARTESIAN_POINT('',(0.,0.,-1.275E+03));
#3299 = DIRECTION('',(-0.,1.,-0.));
#3300 = DIRECTION('',(1.,0.,0.));
#3301 = DEFINITIONAL_REPRESENTATION('',(#3302),#3353);
#3302 = B_SPLINE_CURVE_WITH_KNOTS('',7,(#3303,#3304,#3305,#3306,#3307,
    #3308,#3309,#3310,#3311,#3312,#3313,#3314,#3315,#3316,#3317,#3318,
    #3319,#3320,#3321,#3322,#3323,#3324,#3325,#3326,#3327,#3328,#3329,
    #3330,#3331,#3332,#3333,#3334,#3335,#3336,#3337,#3338,#3339,#3340,
    #3341,#3342,#3343,#3344,#3345,#3346,#3347,#3348,#3349,#3350,#3351,
    #3352),.UNSPECIFIED.,.F.,.F.,(8,6,6,6,6,6,6,6,8),(0.,0.13565887883,
    0.252998197328,0.365968823661,0.501055889261,0.636143012498,
    0.752987786061,0.865482279996,1.),.UNSPECIFIED.);
#3303 = CARTESIAN_POINT('',(0.,-24.91299861518));
#3304 = CARTESIAN_POINT('',(-0.104396501866,-24.91299861518));
#3305 = CARTESIAN_POINT('',(-0.208615957226,-24.9255040302));
#3306 = CARTESIAN_POINT('',(-0.313678032175,-24.95043950934));
#3307 = CARTESIAN_POINT('',(-0.420502581531,-24.9870831961));
#3308 = CARTESIAN_POINT('',(-0.530036046686,-25.0340025611));
#3309 = CARTESIAN_POINT('',(-0.643291932865,-25.08851550782));
#3310 = CARTESIAN_POINT('',(-0.863928262725,-25.19588843293));
#3311 = CARTESIAN_POINT('',(-0.973192726427,-25.24951254527));
#3312 = CARTESIAN_POINT('',(-1.087745041744,-25.30286665389));
#3313 = CARTESIAN_POINT('',(-1.206693832428,-25.35006828397));
#3314 = CARTESIAN_POINT('',(-1.329560838444,-25.38465732926));
#3315 = CARTESIAN_POINT('',(-1.456170573401,-25.40187557185));
#3316 = CARTESIAN_POINT('',(-1.712296941822,-25.39795594395));
#3317 = CARTESIAN_POINT('',(-1.833975045276,-25.37833807763));
#3318 = CARTESIAN_POINT('',(-1.95191573996,-25.34323125731));
#3319 = CARTESIAN_POINT('',(-2.066033554389,-25.29715898516));
#3320 = CARTESIAN_POINT('',(-2.175979366408,-25.24579489205));
#3321 = CARTESIAN_POINT('',(-2.281058449639,-25.1942367103));
#3322 = CARTESIAN_POINT('',(-2.498299274618,-25.08851621157));
#3323 = CARTESIAN_POINT('',(-2.611556426082,-25.03400262469));
#3324 = CARTESIAN_POINT('',(-2.721091004085,-24.98708260075));
#3325 = CARTESIAN_POINT('',(-2.827915959181,-24.95043912184));
#3326 = CARTESIAN_POINT('',(-2.932977669873,-24.92550401323));
#3327 = CARTESIAN_POINT('',(-3.037196196267,-24.91299861518));
#3328 = CARTESIAN_POINT('',(-3.245989155456,-24.91299861518));
#3329 = CARTESIAN_POINT('',(-3.350208610816,-24.9255040302));
#3330 = CARTESIAN_POINT('',(-3.455270685765,-24.95043950934));
#3331 = CARTESIAN_POINT('',(-3.562095235121,-24.9870831961));
#3332 = CARTESIAN_POINT('',(-3.671628700276,-25.0340025611));
#3333 = CARTESIAN_POINT('',(-3.784884586455,-25.08851550782));
#3334 = CARTESIAN_POINT('',(-4.005520916314,-25.19588843293));
#3335 = CARTESIAN_POINT('',(-4.114785380017,-25.24951254527));
#3336 = CARTESIAN_POINT('',(-4.229337695335,-25.30286665389));
#3337 = CARTESIAN_POINT('',(-4.348286486017,-25.35006828397));
#3338 = CARTESIAN_POINT('',(-4.471153492034,-25.38465732926));
#3339 = CARTESIAN_POINT('',(-4.597763226991,-25.40187557185));
#3340 = CARTESIAN_POINT('',(-4.853889595412,-25.39795594395));
#3341 = CARTESIAN_POINT('',(-4.975567698865,-25.37833807763));
#3342 = CARTESIAN_POINT('',(-5.093508393551,-25.34323125731));
#3343 = CARTESIAN_POINT('',(-5.207626207978,-25.29715898516));
#3344 = CARTESIAN_POINT('',(-5.317572019998,-25.24579489205));
#3345 = CARTESIAN_POINT('',(-5.422651103229,-25.1942367103));
#3346 = CARTESIAN_POINT('',(-5.639891928208,-25.08851621157));
#3347 = CARTESIAN_POINT('',(-5.753149079671,-25.03400262469));
#3348 = CARTESIAN_POINT('',(-5.862683657674,-24.98708260075));
#3349 = CARTESIAN_POINT('',(-5.969508612771,-24.95043912184));
#3350 = CARTESIAN_POINT('',(-6.074570323462,-24.92550401323));
#3351 = CARTESIAN_POINT('',(-6.178788849857,-24.91299861518));
#3352 = CARTESIAN_POINT('',(-6.28318530718,-24.91299861518));
#3353 = ( GEOMETRIC_REPRESENTATION_CONTEXT(2) 
PARAMETRIC_REPRESENTATION_CONTEXT() REPRESENTATION_CONTEXT('2D SPACE',''
  ) );
#3354 = FACE_BOUND('',#3355,.F.);
#3355 = EDGE_LOOP('',(#3356));
#3356 = ORIENTED_EDGE('',*,*,#3357,.T.);
#3357 = EDGE_CURVE('',#3358,#3358,#3360,.T.);
#3358 = VERTEX_POINT('',#3359);
#3359 = CARTESIAN_POINT('',(4.95,-24.91299861518,-1.425E+03));
#3360 = SURFACE_CURVE('',#3361,(#3412,#3466),.PCURVE_S1.);
#3361 = B_SPLINE_CURVE_WITH_KNOTS('',7,(#3362,#3363,#3364,#3365,#3366,
    #3367,#3368,#3369,#3370,#3371,#3372,#3373,#3374,#3375,#3376,#3377,
    #3378,#3379,#3380,#3381,#3382,#3383,#3384,#3385,#3386,#3387,#3388,
    #3389,#3390,#3391,#3392,#3393,#3394,#3395,#3396,#3397,#3398,#3399,
    #3400,#3401,#3402,#3403,#3404,#3405,#3406,#3407,#3408,#3409,#3410,
    #3411),.UNSPECIFIED.,.T.,.F.,(8,6,6,6,6,6,6,6,8),(0.,0.135658879338,
    0.252998198275,0.365968825031,0.501055889574,0.636143011632,
    0.752987785473,0.865482279676,1.),.UNSPECIFIED.);
#3362 = CARTESIAN_POINT('',(4.95,-24.91299861518,-1.425E+03));
#3363 = CARTESIAN_POINT('',(4.95,-24.91299861518,-1.424483237316E+03));
#3364 = CARTESIAN_POINT('',(4.887060147745,-24.9255040302,
    -1.423967349895E+03));
#3365 = CARTESIAN_POINT('',(4.761566454318,-24.95043950934,
    -1.423456497E+03));
#3366 = CARTESIAN_POINT('',(4.571889757983,-24.9870831961,
    -1.422955159597E+03));
#3367 = CARTESIAN_POINT('',(4.314974840919,-25.0340025611,
    -1.422469453555E+03));
#3368 = CARTESIAN_POINT('',(3.986604879489,-25.08851550782,
    -1.42200793921E+03));
#3369 = CARTESIAN_POINT('',(3.232935202476,-25.19588843293,
    -1.421217513201E+03));
#3370 = CARTESIAN_POINT('',(2.815934727619,-25.24951254527,
    -1.420867806165E+03));
#3371 = CARTESIAN_POINT('',(2.332399075996,-25.30286665389,
    -1.420557335093E+03));
#3372 = CARTESIAN_POINT('',(1.788623415406,-25.35006828397,
    -1.420305511039E+03));
#3373 = CARTESIAN_POINT('',(1.195519365407,-25.38465732926,
    -1.420128757165E+03));
#3374 = CARTESIAN_POINT('',(0.567319469029,-25.40187557185,
    -1.42004037465E+03));
#3375 = CARTESIAN_POINT('',(-0.700346470509,-25.39795594395,
    -1.420060489924E+03));
#3376 = CARTESIAN_POINT('',(-1.301130967412,-25.37833807763,
    -1.42016118668E+03));
#3377 = CARTESIAN_POINT('',(-1.866105924482,-25.34323125731,
    -1.420342144421E+03));
#3378 = CARTESIAN_POINT('',(-2.383550102948,-25.29715898516,
    -1.420590760775E+03));
#3379 = CARTESIAN_POINT('',(-2.844679728466,-25.24579489205,
    -1.420892236811E+03));
#3380 = CARTESIAN_POINT('',(-3.244528937658,-25.1942367103,
    -1.421229672361E+03));
#3381 = CARTESIAN_POINT('',(-3.986599935074,-25.08851621223,
    -1.422007934024E+03));
#3382 = CARTESIAN_POINT('',(-4.314975683353,-25.03400262261,
    -1.422469451591E+03));
#3383 = CARTESIAN_POINT('',(-4.571892540456,-24.98708260368,
    -1.422955163739E+03));
#3384 = CARTESIAN_POINT('',(-4.761568520802,-24.95043911974,
    -1.423456503516E+03));
#3385 = CARTESIAN_POINT('',(-4.887060203805,-24.92550401388,
    -1.423967354724E+03));
#3386 = CARTESIAN_POINT('',(-4.95,-24.91299861518,-1.424483237541E+03));
#3387 = CARTESIAN_POINT('',(-4.95,-24.91299861518,-1.425516762679E+03));
#3388 = CARTESIAN_POINT('',(-4.887060143662,-24.92550403083,
    -1.426032650127E+03));
#3389 = CARTESIAN_POINT('',(-4.761566467593,-24.95043950732,
    -1.426543502962E+03));
#3390 = CARTESIAN_POINT('',(-4.571889739199,-24.98708319892,
    -1.42704484044E+03));
#3391 = CARTESIAN_POINT('',(-4.314974854557,-25.0340025591,
    -1.427530546426E+03));
#3392 = CARTESIAN_POINT('',(-3.986604874995,-25.08851550846,
    -1.427992060795E+03));
#3393 = CARTESIAN_POINT('',(-3.232935202477,-25.19588843293,
    -1.428782486799E+03));
#3394 = CARTESIAN_POINT('',(-2.815934727616,-25.24951254527,
    -1.429132193835E+03));
#3395 = CARTESIAN_POINT('',(-2.332399075999,-25.30286665389,
    -1.429442664907E+03));
#3396 = CARTESIAN_POINT('',(-1.788623415404,-25.35006828397,
    -1.429694488961E+03));
#3397 = CARTESIAN_POINT('',(-1.195519365408,-25.38465732926,
    -1.429871242835E+03));
#3398 = CARTESIAN_POINT('',(-0.567319469029,-25.40187557185,
    -1.42995962535E+03));
#3399 = CARTESIAN_POINT('',(0.700346470509,-25.39795594395,
    -1.429939510076E+03));
#3400 = CARTESIAN_POINT('',(1.301130967413,-25.37833807763,
    -1.42983881332E+03));
#3401 = CARTESIAN_POINT('',(1.866105924482,-25.34323125731,
    -1.429657855579E+03));
#3402 = CARTESIAN_POINT('',(2.383550102948,-25.29715898516,
    -1.429409239225E+03));
#3403 = CARTESIAN_POINT('',(2.844679728466,-25.24579489205,
    -1.429107763189E+03));
#3404 = CARTESIAN_POINT('',(3.244528937658,-25.1942367103,
    -1.428770327639E+03));
#3405 = CARTESIAN_POINT('',(3.986599939746,-25.08851621157,
    -1.427992065971E+03));
#3406 = CARTESIAN_POINT('',(4.314975669173,-25.03400262469,
    -1.427530548429E+03));
#3407 = CARTESIAN_POINT('',(4.571892559961,-24.98708260075,
    -1.427044836224E+03));
#3408 = CARTESIAN_POINT('',(4.76156850705,-24.95043912184,
    -1.426543496522E+03));
#3409 = CARTESIAN_POINT('',(4.887060208021,-24.92550401323,
    -1.426032645255E+03));
#3410 = CARTESIAN_POINT('',(4.95,-24.91299861518,-1.425516762464E+03));
#3411 = CARTESIAN_POINT('',(4.95,-24.91299861518,-1.425E+03));
#3412 = PCURVE('',#32,#3413);
#3413 = DEFINITIONAL_REPRESENTATION('',(#3414),#3465);
#3414 = B_SPLINE_CURVE_WITH_KNOTS('',7,(#3415,#3416,#3417,#3418,#3419,
    #3420,#3421,#3422,#3423,#3424,#3425,#3426,#3427,#3428,#3429,#3430,
    #3431,#3432,#3433,#3434,#3435,#3436,#3437,#3438,#3439,#3440,#3441,
    #3442,#3443,#3444,#3445,#3446,#3447,#3448,#3449,#3450,#3451,#3452,
    #3453,#3454,#3455,#3456,#3457,#3458,#3459,#3460,#3461,#3462,#3463,
    #3464),.UNSPECIFIED.,.T.,.F.,(8,6,6,6,6,6,6,6,8),(0.,0.135658879338,
    0.252998198275,0.365968825031,0.501055889574,0.636143011632,
    0.752987785473,0.865482279676,1.),.UNSPECIFIED.);
#3415 = CARTESIAN_POINT('',(-4.908526010042,-75.));
#3416 = CARTESIAN_POINT('',(-4.908526010042,-75.51676268423));
#3417 = CARTESIAN_POINT('',(-4.90599962835,-76.03265010532));
#3418 = CARTESIAN_POINT('',(-4.900962326963,-76.54350300026));
#3419 = CARTESIAN_POINT('',(-4.893356820354,-77.04484040275));
#3420 = CARTESIAN_POINT('',(-4.883075867755,-77.53054644541));
#3421 = CARTESIAN_POINT('',(-4.86997444532,-77.99206078997));
#3422 = CARTESIAN_POINT('',(-4.840002799826,-78.78248679868));
#3423 = CARTESIAN_POINT('',(-4.823451827206,-79.13219383541));
#3424 = CARTESIAN_POINT('',(-4.80430452954,-79.4426649071));
#3425 = CARTESIAN_POINT('',(-4.78282754074,-79.69448896149));
#3426 = CARTESIAN_POINT('',(-4.759454600192,-79.87124283542));
#3427 = CARTESIAN_POINT('',(-4.734724509173,-79.95962534975));
#3428 = CARTESIAN_POINT('',(-4.684816162745,-79.93951007585));
#3429 = CARTESIAN_POINT('',(-4.661160939427,-79.8388133201));
#3430 = CARTESIAN_POINT('',(-4.638889785016,-79.65785557863));
#3431 = CARTESIAN_POINT('',(-4.618447587992,-79.4092392247));
#3432 = CARTESIAN_POINT('',(-4.600185118917,-79.10776318912));
#3433 = CARTESIAN_POINT('',(-4.584314105747,-78.77032763916));
#3434 = CARTESIAN_POINT('',(-4.554803712077,-77.99206597552));
#3435 = CARTESIAN_POINT('',(-4.541702060559,-77.53054840853));
#3436 = CARTESIAN_POINT('',(-4.531421028722,-77.04483626146));
#3437 = CARTESIAN_POINT('',(-4.523815550866,-76.54349648395));
#3438 = CARTESIAN_POINT('',(-4.51877833017,-76.03264527592));
#3439 = CARTESIAN_POINT('',(-4.516251950727,-75.51676245859));
#3440 = CARTESIAN_POINT('',(-4.516251950727,-74.48323732138));
#3441 = CARTESIAN_POINT('',(-4.518778332583,-73.96734987317));
#3442 = CARTESIAN_POINT('',(-4.523815633277,-73.45649703762));
#3443 = CARTESIAN_POINT('',(-4.531421141163,-72.95515956045));
#3444 = CARTESIAN_POINT('',(-4.541702092471,-72.46945357418));
#3445 = CARTESIAN_POINT('',(-4.554803515628,-72.00793920531));
#3446 = CARTESIAN_POINT('',(-4.584775160943,-71.21751320131));
#3447 = CARTESIAN_POINT('',(-4.601326133564,-70.86780616458));
#3448 = CARTESIAN_POINT('',(-4.620473431229,-70.5573350929));
#3449 = CARTESIAN_POINT('',(-4.641950420029,-70.3055110385));
#3450 = CARTESIAN_POINT('',(-4.665323360577,-70.12875716458));
#3451 = CARTESIAN_POINT('',(-4.690053451596,-70.04037465024));
#3452 = CARTESIAN_POINT('',(-4.739961798024,-70.06048992415));
#3453 = CARTESIAN_POINT('',(-4.763617021342,-70.16118667989));
#3454 = CARTESIAN_POINT('',(-4.785888175753,-70.34214442136));
#3455 = CARTESIAN_POINT('',(-4.806330372777,-70.59076077529));
#3456 = CARTESIAN_POINT('',(-4.824592841852,-70.89223681087));
#3457 = CARTESIAN_POINT('',(-4.840463855023,-71.22967236083));
#3458 = CARTESIAN_POINT('',(-4.869974248878,-72.00793402937));
#3459 = CARTESIAN_POINT('',(-4.883075899646,-72.46945157132));
#3460 = CARTESIAN_POINT('',(-4.893356932824,-72.95516377582));
#3461 = CARTESIAN_POINT('',(-4.900962409356,-73.45650347837));
#3462 = CARTESIAN_POINT('',(-4.905999630767,-73.96735474483));
#3463 = CARTESIAN_POINT('',(-4.908526010042,-74.48323753625));
#3464 = CARTESIAN_POINT('',(-4.908526010042,-75.));
#3465 = ( GEOMETRIC_REPRESENTATION_CONTEXT(2) 
PARAMETRIC_REPRESENTATION_CONTEXT() REPRESENTATION_CONTEXT('2D SPACE',''
  ) );
#3466 = PCURVE('',#3467,#3472);
#3467 = CYLINDRICAL_SURFACE('',#3468,4.95);
#3468 = AXIS2_PLACEMENT_3D('',#3469,#3470,#3471);
#3469 = CARTESIAN_POINT('',(0.,0.,-1.425E+03));
#3470 = DIRECTION('',(-0.,1.,-0.));
#3471 = DIRECTION('',(1.,0.,0.));
#3472 = DEFINITIONAL_REPRESENTATION('',(#3473),#3524);
#3473 = B_SPLINE_CURVE_WITH_KNOTS('',7,(#3474,#3475,#3476,#3477,#3478,
    #3479,#3480,#3481,#3482,#3483,#3484,#3485,#3486,#3487,#3488,#3489,
    #3490,#3491,#3492,#3493,#3494,#3495,#3496,#3497,#3498,#3499,#3500,
    #3501,#3502,#3503,#3504,#3505,#3506,#3507,#3508,#3509,#3510,#3511,
    #3512,#3513,#3514,#3515,#3516,#3517,#3518,#3519,#3520,#3521,#3522,
    #3523),.UNSPECIFIED.,.F.,.F.,(8,6,6,6,6,6,6,6,8),(0.,0.135658879338,
    0.252998198275,0.365968825031,0.501055889574,0.636143011632,
    0.752987785473,0.865482279676,1.),.UNSPECIFIED.);
#3474 = CARTESIAN_POINT('',(0.,-24.91299861518));
#3475 = CARTESIAN_POINT('',(-0.104396501866,-24.91299861518));
#3476 = CARTESIAN_POINT('',(-0.208615957226,-24.9255040302));
#3477 = CARTESIAN_POINT('',(-0.313678032176,-24.95043950934));
#3478 = CARTESIAN_POINT('',(-0.420502581531,-24.9870831961));
#3479 = CARTESIAN_POINT('',(-0.530036046687,-25.0340025611));
#3480 = CARTESIAN_POINT('',(-0.643291932865,-25.08851550782));
#3481 = CARTESIAN_POINT('',(-0.863928262725,-25.19588843293));
#3482 = CARTESIAN_POINT('',(-0.973192726427,-25.24951254527));
#3483 = CARTESIAN_POINT('',(-1.087745041745,-25.30286665389));
#3484 = CARTESIAN_POINT('',(-1.206693832427,-25.35006828397));
#3485 = CARTESIAN_POINT('',(-1.329560838444,-25.38465732926));
#3486 = CARTESIAN_POINT('',(-1.456170573401,-25.40187557185));
#3487 = CARTESIAN_POINT('',(-1.712296941822,-25.39795594395));
#3488 = CARTESIAN_POINT('',(-1.833975045276,-25.37833807763));
#3489 = CARTESIAN_POINT('',(-1.951915739961,-25.34323125731));
#3490 = CARTESIAN_POINT('',(-2.066033554388,-25.29715898516));
#3491 = CARTESIAN_POINT('',(-2.175979366408,-25.24579489205));
#3492 = CARTESIAN_POINT('',(-2.281058449639,-25.1942367103));
#3493 = CARTESIAN_POINT('',(-2.49829927325,-25.08851621223));
#3494 = CARTESIAN_POINT('',(-2.611556431239,-25.03400262261));
#3495 = CARTESIAN_POINT('',(-2.721090995125,-24.98708260368));
#3496 = CARTESIAN_POINT('',(-2.827915967755,-24.95043911974));
#3497 = CARTESIAN_POINT('',(-2.932977665392,-24.92550401388));
#3498 = CARTESIAN_POINT('',(-3.037196197308,-24.91299861518));
#3499 = CARTESIAN_POINT('',(-3.245989154319,-24.91299861518));
#3500 = CARTESIAN_POINT('',(-3.350208615439,-24.92550403083));
#3501 = CARTESIAN_POINT('',(-3.455270677179,-24.95043950732));
#3502 = CARTESIAN_POINT('',(-3.56209524393,-24.98708319892));
#3503 = CARTESIAN_POINT('',(-3.671628695269,-25.0340025591));
#3504 = CARTESIAN_POINT('',(-3.78488458777,-25.08851550846));
#3505 = CARTESIAN_POINT('',(-4.005520916314,-25.19588843293));
#3506 = CARTESIAN_POINT('',(-4.114785380017,-25.24951254527));
#3507 = CARTESIAN_POINT('',(-4.229337695334,-25.30286665389));
#3508 = CARTESIAN_POINT('',(-4.348286486017,-25.35006828397));
#3509 = CARTESIAN_POINT('',(-4.471153492034,-25.38465732926));
#3510 = CARTESIAN_POINT('',(-4.59776322699,-25.40187557185));
#3511 = CARTESIAN_POINT('',(-4.853889595412,-25.39795594395));
#3512 = CARTESIAN_POINT('',(-4.975567698866,-25.37833807763));
#3513 = CARTESIAN_POINT('',(-5.09350839355,-25.34323125731));
#3514 = CARTESIAN_POINT('',(-5.207626207978,-25.29715898516));
#3515 = CARTESIAN_POINT('',(-5.317572019997,-25.24579489205));
#3516 = CARTESIAN_POINT('',(-5.422651103229,-25.1942367103));
#3517 = CARTESIAN_POINT('',(-5.639891928208,-25.08851621157));
#3518 = CARTESIAN_POINT('',(-5.753149079671,-25.03400262469));
#3519 = CARTESIAN_POINT('',(-5.862683657675,-24.98708260075));
#3520 = CARTESIAN_POINT('',(-5.969508612771,-24.95043912184));
#3521 = CARTESIAN_POINT('',(-6.074570323463,-24.92550401323));
#3522 = CARTESIAN_POINT('',(-6.178788849857,-24.91299861518));
#3523 = CARTESIAN_POINT('',(-6.28318530718,-24.91299861518));
#3524 = ( GEOMETRIC_REPRESENTATION_CONTEXT(2) 
PARAMETRIC_REPRESENTATION_CONTEXT() REPRESENTATION_CONTEXT('2D SPACE',''
  ) );
#3525 = ADVANCED_FACE('',(#3526,#3529),#94,.T.);
#3526 = FACE_BOUND('',#3527,.T.);
#3527 = EDGE_LOOP('',(#3528));
#3528 = ORIENTED_EDGE('',*,*,#79,.T.);
#3529 = FACE_BOUND('',#3530,.T.);
#3530 = EDGE_LOOP('',(#3531));
#3531 = ORIENTED_EDGE('',*,*,#3532,.F.);
#3532 = EDGE_CURVE('',#3533,#3533,#3535,.T.);
#3533 = VERTEX_POINT('',#3534);
#3534 = CARTESIAN_POINT('',(19.05,1.118964938205E-15,0.));
#3535 = SURFACE_CURVE('',#3536,(#3541,#3548),.PCURVE_S1.);
#3536 = CIRCLE('',#3537,19.05);
#3537 = AXIS2_PLACEMENT_3D('',#3538,#3539,#3540);
#3538 = CARTESIAN_POINT('',(1.197292483879E-13,1.118964938205E-15,0.));
#3539 = DIRECTION('',(0.,0.,1.));
#3540 = DIRECTION('',(1.,0.,0.));
#3541 = PCURVE('',#94,#3542);
#3542 = DEFINITIONAL_REPRESENTATION('',(#3543),#3547);
#3543 = CIRCLE('',#3544,19.05);
#3544 = AXIS2_PLACEMENT_2D('',#3545,#3546);
#3545 = CARTESIAN_POINT('',(1.197292483879E-13,-1.289685882711E-15));
#3546 = DIRECTION('',(1.,0.));
#3547 = ( GEOMETRIC_REPRESENTATION_CONTEXT(2) 
PARAMETRIC_REPRESENTATION_CONTEXT() REPRESENTATION_CONTEXT('2D SPACE',''
  ) );
#3548 = PCURVE('',#3549,#3554);
#3549 = CYLINDRICAL_SURFACE('',#3550,19.05);
#3550 = AXIS2_PLACEMENT_3D('',#3551,#3552,#3553);
#3551 = CARTESIAN_POINT('',(1.197292483879E-13,1.118964938205E-15,
    -1.5E+03));
#3552 = DIRECTION('',(-0.,-0.,-1.));
#3553 = DIRECTION('',(1.,0.,0.));
#3554 = DEFINITIONAL_REPRESENTATION('',(#3555),#3559);
#3555 = LINE('',#3556,#3557);
#3556 = CARTESIAN_POINT('',(-0.,-1.5E+03));
#3557 = VECTOR('',#3558,1.);
#3558 = DIRECTION('',(-1.,0.));
#3559 = ( GEOMETRIC_REPRESENTATION_CONTEXT(2) 
PARAMETRIC_REPRESENTATION_CONTEXT() REPRESENTATION_CONTEXT('2D SPACE',''
  ) );
#3560 = ADVANCED_FACE('',(#3561,#3564),#66,.F.);
#3561 = FACE_BOUND('',#3562,.F.);
#3562 = EDGE_LOOP('',(#3563));
#3563 = ORIENTED_EDGE('',*,*,#51,.T.);
#3564 = FACE_BOUND('',#3565,.F.);
#3565 = EDGE_LOOP('',(#3566));
#3566 = ORIENTED_EDGE('',*,*,#3567,.F.);
#3567 = EDGE_CURVE('',#3568,#3568,#3570,.T.);
#3568 = VERTEX_POINT('',#3569);
#3569 = CARTESIAN_POINT('',(19.05,1.118964938205E-15,-1.5E+03));
#3570 = SURFACE_CURVE('',#3571,(#3576,#3583),.PCURVE_S1.);
#3571 = CIRCLE('',#3572,19.05);
#3572 = AXIS2_PLACEMENT_3D('',#3573,#3574,#3575);
#3573 = CARTESIAN_POINT('',(1.197292483879E-13,1.118964938205E-15,
    -1.5E+03));
#3574 = DIRECTION('',(0.,0.,1.));
#3575 = DIRECTION('',(1.,0.,0.));
#3576 = PCURVE('',#66,#3577);
#3577 = DEFINITIONAL_REPRESENTATION('',(#3578),#3582);
#3578 = CIRCLE('',#3579,19.05);
#3579 = AXIS2_PLACEMENT_2D('',#3580,#3581);
#3580 = CARTESIAN_POINT('',(1.197292483879E-13,-1.289685882711E-15));
#3581 = DIRECTION('',(1.,0.));
#3582 = ( GEOMETRIC_REPRESENTATION_CONTEXT(2) 
PARAMETRIC_REPRESENTATION_CONTEXT() REPRESENTATION_CONTEXT('2D SPACE',''
  ) );
#3583 = PCURVE('',#3549,#3584);
#3584 = DEFINITIONAL_REPRESENTATION('',(#3585),#3589);
#3585 = LINE('',#3586,#3587);
#3586 = CARTESIAN_POINT('',(-0.,0.));
#3587 = VECTOR('',#3588,1.);
#3588 = DIRECTION('',(-1.,0.));
#3589 = ( GEOMETRIC_REPRESENTATION_CONTEXT(2) 
PARAMETRIC_REPRESENTATION_CONTEXT() REPRESENTATION_CONTEXT('2D SPACE',''
  ) );
#3590 = ADVANCED_FACE('',(#3591),#218,.F.);
#3591 = FACE_BOUND('',#3592,.F.);
#3592 = EDGE_LOOP('',(#3593,#3757,#3778,#3779));
#3593 = ORIENTED_EDGE('',*,*,#3594,.F.);
#3594 = EDGE_CURVE('',#3595,#3595,#3597,.T.);
#3595 = VERTEX_POINT('',#3596);
#3596 = CARTESIAN_POINT('',(4.95,18.395651660107,-75.));
#3597 = SURFACE_CURVE('',#3598,(#3649,#3703),.PCURVE_S1.);
#3598 = B_SPLINE_CURVE_WITH_KNOTS('',7,(#3599,#3600,#3601,#3602,#3603,
    #3604,#3605,#3606,#3607,#3608,#3609,#3610,#3611,#3612,#3613,#3614,
    #3615,#3616,#3617,#3618,#3619,#3620,#3621,#3622,#3623,#3624,#3625,
    #3626,#3627,#3628,#3629,#3630,#3631,#3632,#3633,#3634,#3635,#3636,
    #3637,#3638,#3639,#3640,#3641,#3642,#3643,#3644,#3645,#3646,#3647,
    #3648),.UNSPECIFIED.,.T.,.F.,(8,6,6,6,6,6,6,6,8),(0.,0.140667475548,
    0.253002167743,0.360985427347,0.50105843227,0.641131617868,
    0.752991720053,0.860518773515,1.),.UNSPECIFIED.);
#3599 = CARTESIAN_POINT('',(4.95,18.395651660107,-75.));
#3600 = CARTESIAN_POINT('',(4.95,18.395651660107,-74.46213846554));
#3601 = CARTESIAN_POINT('',(4.881815595296,18.413998784843,
    -73.92551624832));
#3602 = CARTESIAN_POINT('',(4.746015601437,18.450542001947,
    -73.39496322701));
#3603 = CARTESIAN_POINT('',(4.540906665161,18.504023261901,
    -72.87564343759));
#3604 = CARTESIAN_POINT('',(4.263259734921,18.571985717408,
    -72.37457509242));
#3605 = CARTESIAN_POINT('',(3.908541812432,18.65000394434,
    -71.90153763043));
#3606 = CARTESIAN_POINT('',(3.123925836668,18.79545485322,
    -71.12927313663));
#3607 = CARTESIAN_POINT('',(2.713019635634,18.863807665356,
    -70.80385245778));
#3608 = CARTESIAN_POINT('',(2.241190804331,18.930703708476,
    -70.51629657618));
#3609 = CARTESIAN_POINT('',(1.714663042248,18.989033519809,
    -70.28403537246));
#3610 = CARTESIAN_POINT('',(1.143533866802,19.031395302575,
    -70.12162476332));
#3611 = CARTESIAN_POINT('',(0.5406416368,19.052390787715,-70.04079797304
    ));
#3612 = CARTESIAN_POINT('',(-0.673729995462,19.047384313506,
    -70.06006757495));
#3613 = CARTESIAN_POINT('',(-1.249509756775,19.023313715531,
    -70.15273002532));
#3614 = CARTESIAN_POINT('',(-1.792847634834,18.980222316111,
    -70.31926539981));
#3615 = CARTESIAN_POINT('',(-2.293235207815,18.923238271784,
    -70.54857172473));
#3616 = CARTESIAN_POINT('',(-2.742586426968,18.858859782226,
    -70.82757013452));
#3617 = CARTESIAN_POINT('',(-3.13600390715,18.793215838998,
    -71.14116107324));
#3618 = CARTESIAN_POINT('',(-3.908535918697,18.650005036912,
    -71.90153182947));
#3619 = CARTESIAN_POINT('',(-4.263260643527,18.571985867044,
    -72.37457265572));
#3620 = CARTESIAN_POINT('',(-4.54090981158,18.504022348522,
    -72.87564793091));
#3621 = CARTESIAN_POINT('',(-4.746018004127,18.450541393186,
    -73.39497029893));
#3622 = CARTESIAN_POINT('',(-4.881815778986,18.413998726109,
    -73.92552185924));
#3623 = CARTESIAN_POINT('',(-4.95,18.395651660107,-74.4621391593));
#3624 = CARTESIAN_POINT('',(-4.95,18.395651660107,-75.53786153445));
#3625 = CARTESIAN_POINT('',(-4.881815595297,18.413998784843,
    -76.07448375167));
#3626 = CARTESIAN_POINT('',(-4.746015601436,18.450542001946,
    -76.60503677298));
#3627 = CARTESIAN_POINT('',(-4.540906665161,18.504023261901,
    -77.1243565624));
#3628 = CARTESIAN_POINT('',(-4.263259734921,18.571985717408,
    -77.62542490757));
#3629 = CARTESIAN_POINT('',(-3.908541812432,18.65000394434,
    -78.09846236956));
#3630 = CARTESIAN_POINT('',(-3.123925836671,18.79545485322,
    -78.87072686336));
#3631 = CARTESIAN_POINT('',(-2.713019635632,18.863807665357,
    -79.19614754222));
#3632 = CARTESIAN_POINT('',(-2.241190804327,18.930703708477,
    -79.48370342381));
#3633 = CARTESIAN_POINT('',(-1.714663042252,18.989033519808,
    -79.71596462753));
#3634 = CARTESIAN_POINT('',(-1.143533866806,19.031395302575,
    -79.87837523668));
#3635 = CARTESIAN_POINT('',(-0.540641636795,19.052390787715,
    -79.95920202695));
#3636 = CARTESIAN_POINT('',(0.673729995448,19.047384313506,
    -79.93993242504));
#3637 = CARTESIAN_POINT('',(1.249509756787,19.023313715532,
    -79.84726997468));
#3638 = CARTESIAN_POINT('',(1.792847634847,18.980222316108,
    -79.68073460017));
#3639 = CARTESIAN_POINT('',(2.293235207801,18.923238271785,
    -79.45142827526));
#3640 = CARTESIAN_POINT('',(2.742586426959,18.858859782228,
    -79.17242986549));
#3641 = CARTESIAN_POINT('',(3.13600390716,18.793215838996,
    -78.85883892674));
#3642 = CARTESIAN_POINT('',(3.908535918696,18.650005036912,
    -78.09846817052));
#3643 = CARTESIAN_POINT('',(4.263260643529,18.571985867044,
    -77.62542734427));
#3644 = CARTESIAN_POINT('',(4.540909811578,18.504022348523,
    -77.12435206909));
#3645 = CARTESIAN_POINT('',(4.746018004128,18.450541393186,
    -76.60502970106));
#3646 = CARTESIAN_POINT('',(4.881815778986,18.413998726109,
    -76.07447814075));
#3647 = CARTESIAN_POINT('',(4.95,18.395651660107,-75.53786084069));
#3648 = CARTESIAN_POINT('',(4.95,18.395651660107,-75.));
#3649 = PCURVE('',#218,#3650);
#3650 = DEFINITIONAL_REPRESENTATION('',(#3651),#3702);
#3651 = B_SPLINE_CURVE_WITH_KNOTS('',7,(#3652,#3653,#3654,#3655,#3656,
    #3657,#3658,#3659,#3660,#3661,#3662,#3663,#3664,#3665,#3666,#3667,
    #3668,#3669,#3670,#3671,#3672,#3673,#3674,#3675,#3676,#3677,#3678,
    #3679,#3680,#3681,#3682,#3683,#3684,#3685,#3686,#3687,#3688,#3689,
    #3690,#3691,#3692,#3693,#3694,#3695,#3696,#3697,#3698,#3699,#3700,
    #3701),.UNSPECIFIED.,.F.,.F.,(8,6,6,6,6,6,6,6,8),(0.,0.140667475548,
    0.253002167743,0.360985427347,0.50105843227,0.641131617868,
    0.752991720053,0.860518773515,1.),.UNSPECIFIED.);
#3652 = CARTESIAN_POINT('',(0.,-18.3956516601));
#3653 = CARTESIAN_POINT('',(0.10865889585,-18.3956516601));
#3654 = CARTESIAN_POINT('',(0.217067129709,-18.41399878484));
#3655 = CARTESIAN_POINT('',(0.326346401907,-18.45054200194));
#3656 = CARTESIAN_POINT('',(0.437499064792,-18.5040232619));
#3657 = CARTESIAN_POINT('',(0.551567210235,-18.5719857174));
#3658 = CARTESIAN_POINT('',(0.669674624532,-18.65000394434));
#3659 = CARTESIAN_POINT('',(0.892081772363,-18.79545485322));
#3660 = CARTESIAN_POINT('',(0.997359698798,-18.86380766535));
#3661 = CARTESIAN_POINT('',(1.10761492281,-18.93070370847));
#3662 = CARTESIAN_POINT('',(1.221995935549,-18.9890335198));
#3663 = CARTESIAN_POINT('',(1.340038793488,-19.03139530257));
#3664 = CARTESIAN_POINT('',(1.461560712927,-19.05239078771));
#3665 = CARTESIAN_POINT('',(1.706919199247,-19.0473843135));
#3666 = CARTESIAN_POINT('',(1.823520702707,-19.02331371553));
#3667 = CARTESIAN_POINT('',(1.936646359714,-18.98022231611));
#3668 = CARTESIAN_POINT('',(2.046202254965,-18.92323827178));
#3669 = CARTESIAN_POINT('',(2.1518511323,-18.85885978222));
#3670 = CARTESIAN_POINT('',(2.252934529598,-18.79321583899));
#3671 = CARTESIAN_POINT('',(2.471916358421,-18.65000503691));
#3672 = CARTESIAN_POINT('',(2.590025220486,-18.57198586704));
#3673 = CARTESIAN_POINT('',(2.704094592844,-18.50402234852));
#3674 = CARTESIAN_POINT('',(2.815247723361,-18.45054139318));
#3675 = CARTESIAN_POINT('',(2.924526649094,-18.4139987261));
#3676 = CARTESIAN_POINT('',(3.032933897894,-18.3956516601));
#3677 = CARTESIAN_POINT('',(3.25025154944,-18.3956516601));
#3678 = CARTESIAN_POINT('',(3.358659783299,-18.41399878484));
#3679 = CARTESIAN_POINT('',(3.467939055496,-18.45054200194));
#3680 = CARTESIAN_POINT('',(3.579091718382,-18.5040232619));
#3681 = CARTESIAN_POINT('',(3.693159863824,-18.5719857174));
#3682 = CARTESIAN_POINT('',(3.811267278122,-18.65000394434));
#3683 = CARTESIAN_POINT('',(4.033674425952,-18.79545485322));
#3684 = CARTESIAN_POINT('',(4.138952352389,-18.86380766535));
#3685 = CARTESIAN_POINT('',(4.2492075764,-18.93070370847));
#3686 = CARTESIAN_POINT('',(4.363588589139,-18.9890335198));
#3687 = CARTESIAN_POINT('',(4.481631447077,-19.03139530257));
#3688 = CARTESIAN_POINT('',(4.603153366517,-19.05239078771));
#3689 = CARTESIAN_POINT('',(4.848511852834,-19.0473843135));
#3690 = CARTESIAN_POINT('',(4.965113356299,-19.02331371553));
#3691 = CARTESIAN_POINT('',(5.078239013307,-18.9802223161));
#3692 = CARTESIAN_POINT('',(5.187794908552,-18.92323827178));
#3693 = CARTESIAN_POINT('',(5.293443785886,-18.85885978222));
#3694 = CARTESIAN_POINT('',(5.394527183191,-18.79321583899));
#3695 = CARTESIAN_POINT('',(5.61350901201,-18.65000503691));
#3696 = CARTESIAN_POINT('',(5.731617874077,-18.57198586704));
#3697 = CARTESIAN_POINT('',(5.845687246433,-18.50402234852));
#3698 = CARTESIAN_POINT('',(5.956840376951,-18.45054139318));
#3699 = CARTESIAN_POINT('',(6.066119302683,-18.4139987261));
#3700 = CARTESIAN_POINT('',(6.174526551484,-18.3956516601));
#3701 = CARTESIAN_POINT('',(6.28318530718,-18.3956516601));
#3702 = ( GEOMETRIC_REPRESENTATION_CONTEXT(2) 
PARAMETRIC_REPRESENTATION_CONTEXT() REPRESENTATION_CONTEXT('2D SPACE',''
  ) );
#3703 = PCURVE('',#3549,#3704);
#3704 = DEFINITIONAL_REPRESENTATION('',(#3705),#3756);
#3705 = B_SPLINE_CURVE_WITH_KNOTS('',7,(#3706,#3707,#3708,#3709,#3710,
    #3711,#3712,#3713,#3714,#3715,#3716,#3717,#3718,#3719,#3720,#3721,
    #3722,#3723,#3724,#3725,#3726,#3727,#3728,#3729,#3730,#3731,#3732,
    #3733,#3734,#3735,#3736,#3737,#3738,#3739,#3740,#3741,#3742,#3743,
    #3744,#3745,#3746,#3747,#3748,#3749,#3750,#3751,#3752,#3753,#3754,
    #3755),.UNSPECIFIED.,.T.,.F.,(8,6,6,6,6,6,6,6,8),(0.,0.140667475548,
    0.253002167743,0.360985427347,0.50105843227,0.641131617868,
    0.752991720053,0.860518773515,1.),.UNSPECIFIED.);
#3706 = CARTESIAN_POINT('',(-1.307937209484,-1.425E+03));
#3707 = CARTESIAN_POINT('',(-1.307937209484,-1.425537861534E+03));
#3708 = CARTESIAN_POINT('',(-1.311643749032,-1.426074483752E+03));
#3709 = CARTESIAN_POINT('',(-1.319025985492,-1.426605036773E+03));
#3710 = CARTESIAN_POINT('',(-1.330152390805,-1.427124356562E+03));
#3711 = CARTESIAN_POINT('',(-1.345153761257,-1.427625424908E+03));
#3712 = CARTESIAN_POINT('',(-1.36420868974,-1.42809846237E+03));
#3713 = CARTESIAN_POINT('',(-1.406097604812,-1.428870726863E+03));
#3714 = CARTESIAN_POINT('',(-1.427960119772,-1.429196147542E+03));
#3715 = CARTESIAN_POINT('',(-1.452963884942,-1.429483703424E+03));
#3716 = CARTESIAN_POINT('',(-1.480745846301,-1.429715964628E+03));
#3717 = CARTESIAN_POINT('',(-1.510772806836,-1.429878375237E+03));
#3718 = CARTESIAN_POINT('',(-1.542415923842,-1.429959202027E+03));
#3719 = CARTESIAN_POINT('',(-1.606163007951,-1.429939932425E+03));
#3720 = CARTESIAN_POINT('',(-1.636392645498,-1.429847269975E+03));
#3721 = CARTESIAN_POINT('',(-1.664973078247,-1.4296807346E+03));
#3722 = CARTESIAN_POINT('',(-1.691387542603,-1.429451428275E+03));
#3723 = CARTESIAN_POINT('',(-1.715205923298,-1.429172429865E+03));
#3724 = CARTESIAN_POINT('',(-1.736139870301,-1.428858838927E+03));
#3725 = CARTESIAN_POINT('',(-1.777383649196,-1.428098468171E+03));
#3726 = CARTESIAN_POINT('',(-1.796438937669,-1.427625427344E+03));
#3727 = CARTESIAN_POINT('',(-1.81144043376,-1.427124352069E+03));
#3728 = CARTESIAN_POINT('',(-1.822566798691,-1.426605029701E+03));
#3729 = CARTESIAN_POINT('',(-1.829948914542,-1.426074478141E+03));
#3730 = CARTESIAN_POINT('',(-1.833655444106,-1.425537860841E+03));
#3731 = CARTESIAN_POINT('',(-1.833655444106,-1.424462138466E+03));
#3732 = CARTESIAN_POINT('',(-1.829948904558,-1.423925516248E+03));
#3733 = CARTESIAN_POINT('',(-1.822566668098,-1.423394963227E+03));
#3734 = CARTESIAN_POINT('',(-1.811440262785,-1.422875643438E+03));
#3735 = CARTESIAN_POINT('',(-1.796438892333,-1.422374575092E+03));
#3736 = CARTESIAN_POINT('',(-1.777383963849,-1.42190153763E+03));
#3737 = CARTESIAN_POINT('',(-1.735495048778,-1.421129273137E+03));
#3738 = CARTESIAN_POINT('',(-1.713632533818,-1.420803852458E+03));
#3739 = CARTESIAN_POINT('',(-1.688628768648,-1.420516296576E+03));
#3740 = CARTESIAN_POINT('',(-1.660846807289,-1.420284035372E+03));
#3741 = CARTESIAN_POINT('',(-1.630819846754,-1.420121624763E+03));
#3742 = CARTESIAN_POINT('',(-1.599176729747,-1.420040797973E+03));
#3743 = CARTESIAN_POINT('',(-1.535429645639,-1.420060067575E+03));
#3744 = CARTESIAN_POINT('',(-1.505200008091,-1.420152730025E+03));
#3745 = CARTESIAN_POINT('',(-1.476619575342,-1.4203192654E+03));
#3746 = CARTESIAN_POINT('',(-1.450205110988,-1.420548571725E+03));
#3747 = CARTESIAN_POINT('',(-1.426386730292,-1.420827570135E+03));
#3748 = CARTESIAN_POINT('',(-1.405452783288,-1.421141161073E+03));
#3749 = CARTESIAN_POINT('',(-1.364209004394,-1.421901531829E+03));
#3750 = CARTESIAN_POINT('',(-1.345153715921,-1.422374572656E+03));
#3751 = CARTESIAN_POINT('',(-1.33015221983,-1.422875647931E+03));
#3752 = CARTESIAN_POINT('',(-1.319025854899,-1.423394970299E+03));
#3753 = CARTESIAN_POINT('',(-1.311643739048,-1.423925521859E+03));
#3754 = CARTESIAN_POINT('',(-1.307937209484,-1.424462139159E+03));
#3755 = CARTESIAN_POINT('',(-1.307937209484,-1.425E+03));
#3756 = ( GEOMETRIC_REPRESENTATION_CONTEXT(2) 
PARAMETRIC_REPRESENTATION_CONTEXT() REPRESENTATION_CONTEXT('2D SPACE',''
  ) );
#3757 = ORIENTED_EDGE('',*,*,#3758,.T.);
#3758 = EDGE_CURVE('',#3595,#109,#3759,.T.);
#3759 = SEAM_CURVE('',#3760,(#3764,#3771),.PCURVE_S1.);
#3760 = LINE('',#3761,#3762);
#3761 = CARTESIAN_POINT('',(4.95,0.,-75.));
#3762 = VECTOR('',#3763,1.);
#3763 = DIRECTION('',(-0.,1.,-0.));
#3764 = PCURVE('',#218,#3765);
#3765 = DEFINITIONAL_REPRESENTATION('',(#3766),#3770);
#3766 = LINE('',#3767,#3768);
#3767 = CARTESIAN_POINT('',(6.28318530718,0.));
#3768 = VECTOR('',#3769,1.);
#3769 = DIRECTION('',(0.,-1.));
#3770 = ( GEOMETRIC_REPRESENTATION_CONTEXT(2) 
PARAMETRIC_REPRESENTATION_CONTEXT() REPRESENTATION_CONTEXT('2D SPACE',''
  ) );
#3771 = PCURVE('',#218,#3772);
#3772 = DEFINITIONAL_REPRESENTATION('',(#3773),#3777);
#3773 = LINE('',#3774,#3775);
#3774 = CARTESIAN_POINT('',(0.,0.));
#3775 = VECTOR('',#3776,1.);
#3776 = DIRECTION('',(0.,-1.));
#3777 = ( GEOMETRIC_REPRESENTATION_CONTEXT(2) 
PARAMETRIC_REPRESENTATION_CONTEXT() REPRESENTATION_CONTEXT('2D SPACE',''
  ) );
#3778 = ORIENTED_EDGE('',*,*,#108,.T.);
#3779 = ORIENTED_EDGE('',*,*,#3758,.F.);
#3780 = ADVANCED_FACE('',(#3781),#389,.F.);
#3781 = FACE_BOUND('',#3782,.F.);
#3782 = EDGE_LOOP('',(#3783,#3947,#3968,#3969));
#3783 = ORIENTED_EDGE('',*,*,#3784,.F.);
#3784 = EDGE_CURVE('',#3785,#3785,#3787,.T.);
#3785 = VERTEX_POINT('',#3786);
#3786 = CARTESIAN_POINT('',(4.95,18.395651660107,-225.));
#3787 = SURFACE_CURVE('',#3788,(#3839,#3893),.PCURVE_S1.);
#3788 = B_SPLINE_CURVE_WITH_KNOTS('',7,(#3789,#3790,#3791,#3792,#3793,
    #3794,#3795,#3796,#3797,#3798,#3799,#3800,#3801,#3802,#3803,#3804,
    #3805,#3806,#3807,#3808,#3809,#3810,#3811,#3812,#3813,#3814,#3815,
    #3816,#3817,#3818,#3819,#3820,#3821,#3822,#3823,#3824,#3825,#3826,
    #3827,#3828,#3829,#3830,#3831,#3832,#3833,#3834,#3835,#3836,#3837,
    #3838),.UNSPECIFIED.,.T.,.F.,(8,6,6,6,6,6,6,6,8),(0.,0.140667474838,
    0.25300216798,0.360985428493,0.50105843264,0.641131617317,
    0.752991720287,0.8605187745,1.),.UNSPECIFIED.);
#3789 = CARTESIAN_POINT('',(4.95,18.395651660107,-225.));
#3790 = CARTESIAN_POINT('',(4.95,18.395651660107,-224.4621384726));
#3791 = CARTESIAN_POINT('',(4.881815589921,18.413998785937,
    -223.9255162211));
#3792 = CARTESIAN_POINT('',(4.746015618891,18.450541998443,
    -223.3949632746));
#3793 = CARTESIAN_POINT('',(4.540906640498,18.504023266754,
    -222.8756433915));
#3794 = CARTESIAN_POINT('',(4.263259752793,18.571985713983,
    -222.3745751167));
#3795 = CARTESIAN_POINT('',(3.908541806558,18.650003945429,
    -221.9015376246));
#3796 = CARTESIAN_POINT('',(3.123925836669,18.79545485322,
    -221.1292731366));
#3797 = CARTESIAN_POINT('',(2.713019635634,18.863807665356,
    -220.8038524577));
#3798 = CARTESIAN_POINT('',(2.24119080433,18.930703708476,
    -220.5162965761));
#3799 = CARTESIAN_POINT('',(1.71466304225,18.989033519809,
    -220.2840353724));
#3800 = CARTESIAN_POINT('',(1.1435338668,19.031395302575,-220.1216247633
    ));
#3801 = CARTESIAN_POINT('',(0.5406416368,19.052390787715,-220.040797973)
  );
#3802 = CARTESIAN_POINT('',(-0.673729995462,19.047384313506,
    -220.0600675749));
#3803 = CARTESIAN_POINT('',(-1.249509756775,19.023313715531,
    -220.1527300253));
#3804 = CARTESIAN_POINT('',(-1.792847634834,18.980222316111,
    -220.3192653998));
#3805 = CARTESIAN_POINT('',(-2.293235207815,18.923238271784,
    -220.5485717247));
#3806 = CARTESIAN_POINT('',(-2.742586426968,18.858859782226,
    -220.8275701345));
#3807 = CARTESIAN_POINT('',(-3.13600390715,18.793215838998,
    -221.1411610732));
#3808 = CARTESIAN_POINT('',(-3.908535912603,18.650005038041,
    -221.9015318234));
#3809 = CARTESIAN_POINT('',(-4.263260662067,18.571985863489,
    -222.3745726806));
#3810 = CARTESIAN_POINT('',(-4.540909786027,18.504022353553,
    -222.8756478842));
#3811 = CARTESIAN_POINT('',(-4.746018022172,18.450541389562,
    -223.3949703463));
#3812 = CARTESIAN_POINT('',(-4.881815773446,18.413998727236,
    -223.9255218329));
#3813 = CARTESIAN_POINT('',(-4.95,18.395651660107,-224.4621391658));
#3814 = CARTESIAN_POINT('',(-4.95,18.395651660107,-225.5378615273));
#3815 = CARTESIAN_POINT('',(-4.881815589921,18.413998785937,
    -226.0744837788));
#3816 = CARTESIAN_POINT('',(-4.746015618892,18.450541998443,
    -226.6050367253));
#3817 = CARTESIAN_POINT('',(-4.540906640496,18.504023266754,
    -227.1243566084));
#3818 = CARTESIAN_POINT('',(-4.263259752795,18.571985713983,
    -227.6254248832));
#3819 = CARTESIAN_POINT('',(-3.908541806557,18.650003945429,
    -228.0984623753));
#3820 = CARTESIAN_POINT('',(-3.123925836628,18.795454853228,
    -228.8707268634));
#3821 = CARTESIAN_POINT('',(-2.713019635672,18.863807665347,
    -229.1961475421));
#3822 = CARTESIAN_POINT('',(-2.24119080438,18.930703708472,
    -229.4837034238));
#3823 = CARTESIAN_POINT('',(-1.714663042201,18.98903351982,
    -229.7159646275));
#3824 = CARTESIAN_POINT('',(-1.143533866748,19.03139530257,
    -229.8783752366));
#3825 = CARTESIAN_POINT('',(-0.540641636856,19.052390787715,
    -229.9592020269));
#3826 = CARTESIAN_POINT('',(0.673729995489,19.047384313506,
    -229.939932425));
#3827 = CARTESIAN_POINT('',(1.249509756749,19.023313715529,
    -229.8472699746));
#3828 = CARTESIAN_POINT('',(1.792847634812,18.980222316117,
    -229.6807346002));
#3829 = CARTESIAN_POINT('',(2.293235207838,18.923238271782,
    -229.4514282752));
#3830 = CARTESIAN_POINT('',(2.742586426987,18.858859782221,
    -229.1724298654));
#3831 = CARTESIAN_POINT('',(3.13600390713,18.793215839001,
    -228.8588389267));
#3832 = CARTESIAN_POINT('',(3.908535912603,18.650005038041,
    -228.0984681765));
#3833 = CARTESIAN_POINT('',(4.263260662067,18.571985863489,
    -227.6254273193));
#3834 = CARTESIAN_POINT('',(4.540909786028,18.504022353553,
    -227.1243521157));
#3835 = CARTESIAN_POINT('',(4.746018022171,18.450541389563,
    -226.6050296536));
#3836 = CARTESIAN_POINT('',(4.881815773447,18.413998727236,
    -226.074478167));
#3837 = CARTESIAN_POINT('',(4.95,18.395651660107,-225.5378608341));
#3838 = CARTESIAN_POINT('',(4.95,18.395651660107,-225.));
#3839 = PCURVE('',#389,#3840);
#3840 = DEFINITIONAL_REPRESENTATION('',(#3841),#3892);
#3841 = B_SPLINE_CURVE_WITH_KNOTS('',7,(#3842,#3843,#3844,#3845,#3846,
    #3847,#3848,#3849,#3850,#3851,#3852,#3853,#3854,#3855,#3856,#3857,
    #3858,#3859,#3860,#3861,#3862,#3863,#3864,#3865,#3866,#3867,#3868,
    #3869,#3870,#3871,#3872,#3873,#3874,#3875,#3876,#3877,#3878,#3879,
    #3880,#3881,#3882,#3883,#3884,#3885,#3886,#3887,#3888,#3889,#3890,
    #3891),.UNSPECIFIED.,.F.,.F.,(8,6,6,6,6,6,6,6,8),(0.,0.140667474838,
    0.25300216798,0.360985428493,0.50105843264,0.641131617317,
    0.752991720287,0.8605187745,1.),.UNSPECIFIED.);
#3842 = CARTESIAN_POINT('',(0.,-18.3956516601));
#3843 = CARTESIAN_POINT('',(0.108658894409,-18.3956516601));
#3844 = CARTESIAN_POINT('',(0.21706713558,-18.41399878593));
#3845 = CARTESIAN_POINT('',(0.326346390996,-18.45054199844));
#3846 = CARTESIAN_POINT('',(0.437499075981,-18.50402326675));
#3847 = CARTESIAN_POINT('',(0.551567203884,-18.57198571398));
#3848 = CARTESIAN_POINT('',(0.669674626197,-18.65000394542));
#3849 = CARTESIAN_POINT('',(0.892081772363,-18.79545485322));
#3850 = CARTESIAN_POINT('',(0.997359698798,-18.86380766535));
#3851 = CARTESIAN_POINT('',(1.10761492281,-18.93070370847));
#3852 = CARTESIAN_POINT('',(1.221995935549,-18.9890335198));
#3853 = CARTESIAN_POINT('',(1.340038793488,-19.03139530257));
#3854 = CARTESIAN_POINT('',(1.461560712926,-19.05239078771));
#3855 = CARTESIAN_POINT('',(1.706919199247,-19.0473843135));
#3856 = CARTESIAN_POINT('',(1.823520702707,-19.02331371553));
#3857 = CARTESIAN_POINT('',(1.936646359714,-18.98022231611));
#3858 = CARTESIAN_POINT('',(2.046202254965,-18.92323827178));
#3859 = CARTESIAN_POINT('',(2.1518511323,-18.85885978222));
#3860 = CARTESIAN_POINT('',(2.252934529598,-18.79321583899));
#3861 = CARTESIAN_POINT('',(2.471916356693,-18.65000503804));
#3862 = CARTESIAN_POINT('',(2.590025227018,-18.57198586348));
#3863 = CARTESIAN_POINT('',(2.704094581471,-18.50402235355));
#3864 = CARTESIAN_POINT('',(2.815247734264,-18.45054138956));
#3865 = CARTESIAN_POINT('',(2.924526643386,-18.41399872723));
#3866 = CARTESIAN_POINT('',(3.032933899223,-18.3956516601));
#3867 = CARTESIAN_POINT('',(3.250251547999,-18.3956516601));
#3868 = CARTESIAN_POINT('',(3.358659789169,-18.41399878593));
#3869 = CARTESIAN_POINT('',(3.467939044586,-18.45054199844));
#3870 = CARTESIAN_POINT('',(3.579091729571,-18.50402326675));
#3871 = CARTESIAN_POINT('',(3.693159857473,-18.57198571398));
#3872 = CARTESIAN_POINT('',(3.811267279787,-18.65000394542));
#3873 = CARTESIAN_POINT('',(4.033674425964,-18.79545485322));
#3874 = CARTESIAN_POINT('',(4.138952352375,-18.86380766534));
#3875 = CARTESIAN_POINT('',(4.249207576393,-18.93070370847));
#3876 = CARTESIAN_POINT('',(4.363588589148,-18.98903351982));
#3877 = CARTESIAN_POINT('',(4.481631447088,-19.03139530257));
#3878 = CARTESIAN_POINT('',(4.603153366505,-19.05239078771));
#3879 = CARTESIAN_POINT('',(4.848511852842,-19.0473843135));
#3880 = CARTESIAN_POINT('',(4.965113356291,-19.02331371552));
#3881 = CARTESIAN_POINT('',(5.0782390133,-18.98022231611));
#3882 = CARTESIAN_POINT('',(5.187794908557,-18.92323827178));
#3883 = CARTESIAN_POINT('',(5.293443785896,-18.85885978222));
#3884 = CARTESIAN_POINT('',(5.394527183182,-18.793215839));
#3885 = CARTESIAN_POINT('',(5.613509010283,-18.65000503804));
#3886 = CARTESIAN_POINT('',(5.731617880607,-18.57198586348));
#3887 = CARTESIAN_POINT('',(5.845687235062,-18.50402235355));
#3888 = CARTESIAN_POINT('',(5.956840387853,-18.45054138956));
#3889 = CARTESIAN_POINT('',(6.066119296976,-18.41399872723));
#3890 = CARTESIAN_POINT('',(6.174526552813,-18.3956516601));
#3891 = CARTESIAN_POINT('',(6.28318530718,-18.3956516601));
#3892 = ( GEOMETRIC_REPRESENTATION_CONTEXT(2) 
PARAMETRIC_REPRESENTATION_CONTEXT() REPRESENTATION_CONTEXT('2D SPACE',''
  ) );
#3893 = PCURVE('',#3549,#3894);
#3894 = DEFINITIONAL_REPRESENTATION('',(#3895),#3946);
#3895 = B_SPLINE_CURVE_WITH_KNOTS('',7,(#3896,#3897,#3898,#3899,#3900,
    #3901,#3902,#3903,#3904,#3905,#3906,#3907,#3908,#3909,#3910,#3911,
    #3912,#3913,#3914,#3915,#3916,#3917,#3918,#3919,#3920,#3921,#3922,
    #3923,#3924,#3925,#3926,#3927,#3928,#3929,#3930,#3931,#3932,#3933,
    #3934,#3935,#3936,#3937,#3938,#3939,#3940,#3941,#3942,#3943,#3944,
    #3945),.UNSPECIFIED.,.T.,.F.,(8,6,6,6,6,6,6,6,8),(0.,0.140667474838,
    0.25300216798,0.360985428493,0.50105843264,0.641131617317,
    0.752991720287,0.8605187745,1.),.UNSPECIFIED.);
#3896 = CARTESIAN_POINT('',(-1.307937209484,-1.275E+03));
#3897 = CARTESIAN_POINT('',(-1.307937209484,-1.275537861527E+03));
#3898 = CARTESIAN_POINT('',(-1.31164374932,-1.276074483779E+03));
#3899 = CARTESIAN_POINT('',(-1.319025984557,-1.276605036725E+03));
#3900 = CARTESIAN_POINT('',(-1.330152392125,-1.277124356608E+03));
#3901 = CARTESIAN_POINT('',(-1.345153760302,-1.277625424883E+03));
#3902 = CARTESIAN_POINT('',(-1.364208690054,-1.278098462375E+03));
#3903 = CARTESIAN_POINT('',(-1.406097604812,-1.278870726863E+03));
#3904 = CARTESIAN_POINT('',(-1.427960119772,-1.279196147542E+03));
#3905 = CARTESIAN_POINT('',(-1.452963884942,-1.279483703424E+03));
#3906 = CARTESIAN_POINT('',(-1.4807458463,-1.279715964628E+03));
#3907 = CARTESIAN_POINT('',(-1.510772806836,-1.279878375237E+03));
#3908 = CARTESIAN_POINT('',(-1.542415923842,-1.279959202027E+03));
#3909 = CARTESIAN_POINT('',(-1.606163007951,-1.279939932425E+03));
#3910 = CARTESIAN_POINT('',(-1.636392645498,-1.279847269975E+03));
#3911 = CARTESIAN_POINT('',(-1.664973078247,-1.2796807346E+03));
#3912 = CARTESIAN_POINT('',(-1.691387542603,-1.279451428275E+03));
#3913 = CARTESIAN_POINT('',(-1.715205923298,-1.279172429865E+03));
#3914 = CARTESIAN_POINT('',(-1.736139870301,-1.278858838927E+03));
#3915 = CARTESIAN_POINT('',(-1.777383648871,-1.278098468177E+03));
#3916 = CARTESIAN_POINT('',(-1.79643893866,-1.277625427319E+03));
#3917 = CARTESIAN_POINT('',(-1.811440432392,-1.277124352116E+03));
#3918 = CARTESIAN_POINT('',(-1.822566799657,-1.276605029654E+03));
#3919 = CARTESIAN_POINT('',(-1.829948914245,-1.276074478167E+03));
#3920 = CARTESIAN_POINT('',(-1.833655444106,-1.275537860834E+03));
#3921 = CARTESIAN_POINT('',(-1.833655444106,-1.274462138473E+03));
#3922 = CARTESIAN_POINT('',(-1.82994890427,-1.273925516221E+03));
#3923 = CARTESIAN_POINT('',(-1.822566669033,-1.273394963275E+03));
#3924 = CARTESIAN_POINT('',(-1.811440261465,-1.272875643392E+03));
#3925 = CARTESIAN_POINT('',(-1.796438893288,-1.272374575117E+03));
#3926 = CARTESIAN_POINT('',(-1.777383963536,-1.271901537625E+03));
#3927 = CARTESIAN_POINT('',(-1.735495048776,-1.271129273137E+03));
#3928 = CARTESIAN_POINT('',(-1.71363253382,-1.270803852458E+03));
#3929 = CARTESIAN_POINT('',(-1.68862876865,-1.270516296576E+03));
#3930 = CARTESIAN_POINT('',(-1.660846807287,-1.270284035372E+03));
#3931 = CARTESIAN_POINT('',(-1.630819846751,-1.270121624763E+03));
#3932 = CARTESIAN_POINT('',(-1.599176729751,-1.270040797973E+03));
#3933 = CARTESIAN_POINT('',(-1.535429645637,-1.270060067575E+03));
#3934 = CARTESIAN_POINT('',(-1.505200008093,-1.270152730025E+03));
#3935 = CARTESIAN_POINT('',(-1.476619575344,-1.2703192654E+03));
#3936 = CARTESIAN_POINT('',(-1.450205110986,-1.270548571725E+03));
#3937 = CARTESIAN_POINT('',(-1.426386730291,-1.270827570135E+03));
#3938 = CARTESIAN_POINT('',(-1.40545278329,-1.271141161073E+03));
#3939 = CARTESIAN_POINT('',(-1.364209004719,-1.271901531823E+03));
#3940 = CARTESIAN_POINT('',(-1.34515371493,-1.272374572681E+03));
#3941 = CARTESIAN_POINT('',(-1.330152221198,-1.272875647884E+03));
#3942 = CARTESIAN_POINT('',(-1.319025853933,-1.273394970346E+03));
#3943 = CARTESIAN_POINT('',(-1.311643739345,-1.273925521833E+03));
#3944 = CARTESIAN_POINT('',(-1.307937209484,-1.274462139166E+03));
#3945 = CARTESIAN_POINT('',(-1.307937209484,-1.275E+03));
#3946 = ( GEOMETRIC_REPRESENTATION_CONTEXT(2) 
PARAMETRIC_REPRESENTATION_CONTEXT() REPRESENTATION_CONTEXT('2D SPACE',''
  ) );
#3947 = ORIENTED_EDGE('',*,*,#3948,.T.);
#3948 = EDGE_CURVE('',#3785,#280,#3949,.T.);
#3949 = SEAM_CURVE('',#3950,(#3954,#3961),.PCURVE_S1.);
#3950 = LINE('',#3951,#3952);
#3951 = CARTESIAN_POINT('',(4.95,0.,-225.));
#3952 = VECTOR('',#3953,1.);
#3953 = DIRECTION('',(-0.,1.,-0.));
#3954 = PCURVE('',#389,#3955);
#3955 = DEFINITIONAL_REPRESENTATION('',(#3956),#3960);
#3956 = LINE('',#3957,#3958);
#3957 = CARTESIAN_POINT('',(6.28318530718,0.));
#3958 = VECTOR('',#3959,1.);
#3959 = DIRECTION('',(0.,-1.));
#3960 = ( GEOMETRIC_REPRESENTATION_CONTEXT(2) 
PARAMETRIC_REPRESENTATION_CONTEXT() REPRESENTATION_CONTEXT('2D SPACE',''
  ) );
#3961 = PCURVE('',#389,#3962);
#3962 = DEFINITIONAL_REPRESENTATION('',(#3963),#3967);
#3963 = LINE('',#3964,#3965);
#3964 = CARTESIAN_POINT('',(0.,0.));
#3965 = VECTOR('',#3966,1.);
#3966 = DIRECTION('',(0.,-1.));
#3967 = ( GEOMETRIC_REPRESENTATION_CONTEXT(2) 
PARAMETRIC_REPRESENTATION_CONTEXT() REPRESENTATION_CONTEXT('2D SPACE',''
  ) );
#3968 = ORIENTED_EDGE('',*,*,#279,.T.);
#3969 = ORIENTED_EDGE('',*,*,#3948,.F.);
#3970 = ADVANCED_FACE('',(#3971),#560,.F.);
#3971 = FACE_BOUND('',#3972,.F.);
#3972 = EDGE_LOOP('',(#3973,#4137,#4158,#4159));
#3973 = ORIENTED_EDGE('',*,*,#3974,.F.);
#3974 = EDGE_CURVE('',#3975,#3975,#3977,.T.);
#3975 = VERTEX_POINT('',#3976);
#3976 = CARTESIAN_POINT('',(4.95,18.395651660107,-375.));
#3977 = SURFACE_CURVE('',#3978,(#4029,#4083),.PCURVE_S1.);
#3978 = B_SPLINE_CURVE_WITH_KNOTS('',7,(#3979,#3980,#3981,#3982,#3983,
    #3984,#3985,#3986,#3987,#3988,#3989,#3990,#3991,#3992,#3993,#3994,
    #3995,#3996,#3997,#3998,#3999,#4000,#4001,#4002,#4003,#4004,#4005,
    #4006,#4007,#4008,#4009,#4010,#4011,#4012,#4013,#4014,#4015,#4016,
    #4017,#4018,#4019,#4020,#4021,#4022,#4023,#4024,#4025,#4026,#4027,
    #4028),.UNSPECIFIED.,.T.,.F.,(8,6,6,6,6,6,6,6,8),(0.,0.140667474546,
    0.253002168056,0.360985428364,0.50105843222,0.641131616608,
    0.752991719334,0.860518772841,1.),.UNSPECIFIED.);
#3979 = CARTESIAN_POINT('',(4.95,18.395651660107,-375.));
#3980 = CARTESIAN_POINT('',(4.95,18.395651660107,-374.4621384726));
#3981 = CARTESIAN_POINT('',(4.881815589922,18.413998785937,
    -373.9255162211));
#3982 = CARTESIAN_POINT('',(4.74601561889,18.450541998443,
    -373.3949632746));
#3983 = CARTESIAN_POINT('',(4.5409066405,18.504023266754,-372.8756433915
    ));
#3984 = CARTESIAN_POINT('',(4.263259752792,18.571985713983,
    -372.3745751167));
#3985 = CARTESIAN_POINT('',(3.908541806558,18.650003945429,
    -371.9015376246));
#3986 = CARTESIAN_POINT('',(3.123925834803,18.795454853566,
    -371.1292731347));
#3987 = CARTESIAN_POINT('',(2.713019644698,18.863807664232,
    -370.8038524635));
#3988 = CARTESIAN_POINT('',(2.241190785718,18.930703710107,
    -370.516296568));
#3989 = CARTESIAN_POINT('',(1.714663062638,18.989033518624,
    -370.2840353782));
#3990 = CARTESIAN_POINT('',(1.143533854676,19.031395302929,
    -370.1216247616));
#3991 = CARTESIAN_POINT('',(0.540641640087,19.052390787728,
    -370.0407979729));
#3992 = CARTESIAN_POINT('',(-0.673729995544,19.047384313506,
    -370.0600675749));
#3993 = CARTESIAN_POINT('',(-1.249509756697,19.023313715525,
    -370.1527300253));
#3994 = CARTESIAN_POINT('',(-1.792847634769,18.980222316127,
    -370.3192653997));
#3995 = CARTESIAN_POINT('',(-2.293235207883,18.923238271778,
    -370.5485717247));
#3996 = CARTESIAN_POINT('',(-2.742586427025,18.858859782213,
    -370.8275701346));
#3997 = CARTESIAN_POINT('',(-3.136003907091,18.793215839009,
    -371.1411610731));
#3998 = CARTESIAN_POINT('',(-3.908535912603,18.650005038041,
    -371.9015318234));
#3999 = CARTESIAN_POINT('',(-4.263260662067,18.571985863489,
    -372.3745726806));
#4000 = CARTESIAN_POINT('',(-4.540909786027,18.504022353553,
    -372.8756478842));
#4001 = CARTESIAN_POINT('',(-4.746018022172,18.450541389562,
    -373.3949703463));
#4002 = CARTESIAN_POINT('',(-4.881815773446,18.413998727236,
    -373.9255218329));
#4003 = CARTESIAN_POINT('',(-4.95,18.395651660107,-374.4621391658));
#4004 = CARTESIAN_POINT('',(-4.95,18.395651660107,-375.5378615273));
#4005 = CARTESIAN_POINT('',(-4.881815589921,18.413998785937,
    -376.0744837788));
#4006 = CARTESIAN_POINT('',(-4.746015618891,18.450541998443,
    -376.6050367253));
#4007 = CARTESIAN_POINT('',(-4.540906640498,18.504023266754,
    -377.1243566084));
#4008 = CARTESIAN_POINT('',(-4.263259752793,18.571985713983,
    -377.6254248832));
#4009 = CARTESIAN_POINT('',(-3.908541806558,18.650003945429,
    -378.0984623753));
#4010 = CARTESIAN_POINT('',(-3.123925836663,18.795454853221,
    -378.8707268633));
#4011 = CARTESIAN_POINT('',(-2.713019635639,18.863807665355,
    -379.1961475422));
#4012 = CARTESIAN_POINT('',(-2.241190804336,18.930703708476,
    -379.4837034238));
#4013 = CARTESIAN_POINT('',(-1.714663042243,18.98903351981,
    -379.7159646275));
#4014 = CARTESIAN_POINT('',(-1.143533866796,19.031395302574,
    -379.8783752366));
#4015 = CARTESIAN_POINT('',(-0.540641636806,19.052390787715,
    -379.9592020269));
#4016 = CARTESIAN_POINT('',(0.673729992826,19.047384313517,
    -379.939932425));
#4017 = CARTESIAN_POINT('',(1.249509766439,19.023313715186,
    -379.847269973));
#4018 = CARTESIAN_POINT('',(1.792847618637,18.980222317137,
    -379.6807346051));
#4019 = CARTESIAN_POINT('',(2.293235222584,18.92323827043,
    -379.4514282685));
#4020 = CARTESIAN_POINT('',(2.742586419765,18.858859783139,
    -379.1724298701));
#4021 = CARTESIAN_POINT('',(3.136003908642,18.793215838721,
    -378.8588389252));
#4022 = CARTESIAN_POINT('',(3.908535918696,18.650005036912,
    -378.0984681705));
#4023 = CARTESIAN_POINT('',(4.263260643529,18.571985867044,
    -377.6254273442));
#4024 = CARTESIAN_POINT('',(4.540909811578,18.504022348523,
    -377.124352069));
#4025 = CARTESIAN_POINT('',(4.746018004128,18.450541393186,
    -376.605029701));
#4026 = CARTESIAN_POINT('',(4.881815778986,18.413998726109,
    -376.0744781407));
#4027 = CARTESIAN_POINT('',(4.95,18.395651660107,-375.5378608406));
#4028 = CARTESIAN_POINT('',(4.95,18.395651660107,-375.));
#4029 = PCURVE('',#560,#4030);
#4030 = DEFINITIONAL_REPRESENTATION('',(#4031),#4082);
#4031 = B_SPLINE_CURVE_WITH_KNOTS('',7,(#4032,#4033,#4034,#4035,#4036,
    #4037,#4038,#4039,#4040,#4041,#4042,#4043,#4044,#4045,#4046,#4047,
    #4048,#4049,#4050,#4051,#4052,#4053,#4054,#4055,#4056,#4057,#4058,
    #4059,#4060,#4061,#4062,#4063,#4064,#4065,#4066,#4067,#4068,#4069,
    #4070,#4071,#4072,#4073,#4074,#4075,#4076,#4077,#4078,#4079,#4080,
    #4081),.UNSPECIFIED.,.F.,.F.,(8,6,6,6,6,6,6,6,8),(0.,0.140667474546,
    0.253002168056,0.360985428364,0.50105843222,0.641131616608,
    0.752991719334,0.860518772841,1.),.UNSPECIFIED.);
#4032 = CARTESIAN_POINT('',(0.,-18.3956516601));
#4033 = CARTESIAN_POINT('',(0.108658894409,-18.3956516601));
#4034 = CARTESIAN_POINT('',(0.21706713558,-18.41399878593));
#4035 = CARTESIAN_POINT('',(0.326346390996,-18.45054199844));
#4036 = CARTESIAN_POINT('',(0.437499075981,-18.50402326675));
#4037 = CARTESIAN_POINT('',(0.551567203884,-18.57198571398));
#4038 = CARTESIAN_POINT('',(0.669674626197,-18.65000394542));
#4039 = CARTESIAN_POINT('',(0.892081772891,-18.79545485356));
#4040 = CARTESIAN_POINT('',(0.99735969652,-18.86380766423));
#4041 = CARTESIAN_POINT('',(1.107614927165,-18.9307037101));
#4042 = CARTESIAN_POINT('',(1.221995931026,-18.98903351862));
#4043 = CARTESIAN_POINT('',(1.340038796057,-19.03139530292));
#4044 = CARTESIAN_POINT('',(1.461560712262,-19.05239078772));
#4045 = CARTESIAN_POINT('',(1.706919199264,-19.0473843135));
#4046 = CARTESIAN_POINT('',(1.823520702691,-19.02331371552));
#4047 = CARTESIAN_POINT('',(1.936646359702,-18.98022231612));
#4048 = CARTESIAN_POINT('',(2.046202254973,-18.92323827177));
#4049 = CARTESIAN_POINT('',(2.15185113232,-18.85885978221));
#4050 = CARTESIAN_POINT('',(2.252934529581,-18.793215839));
#4051 = CARTESIAN_POINT('',(2.471916356693,-18.65000503804));
#4052 = CARTESIAN_POINT('',(2.590025227018,-18.57198586348));
#4053 = CARTESIAN_POINT('',(2.704094581471,-18.50402235355));
#4054 = CARTESIAN_POINT('',(2.815247734265,-18.45054138956));
#4055 = CARTESIAN_POINT('',(2.924526643386,-18.41399872723));
#4056 = CARTESIAN_POINT('',(3.032933899223,-18.3956516601));
#4057 = CARTESIAN_POINT('',(3.250251547999,-18.3956516601));
#4058 = CARTESIAN_POINT('',(3.35865978917,-18.41399878593));
#4059 = CARTESIAN_POINT('',(3.467939044586,-18.45054199844));
#4060 = CARTESIAN_POINT('',(3.57909172957,-18.50402326675));
#4061 = CARTESIAN_POINT('',(3.693159857473,-18.57198571398));
#4062 = CARTESIAN_POINT('',(3.811267279787,-18.65000394542));
#4063 = CARTESIAN_POINT('',(4.033674425954,-18.79545485322));
#4064 = CARTESIAN_POINT('',(4.138952352386,-18.86380766535));
#4065 = CARTESIAN_POINT('',(4.2492075764,-18.93070370847));
#4066 = CARTESIAN_POINT('',(4.36358858914,-18.98903351981));
#4067 = CARTESIAN_POINT('',(4.481631447079,-19.03139530257));
#4068 = CARTESIAN_POINT('',(4.603153366515,-19.05239078771));
#4069 = CARTESIAN_POINT('',(4.848511852304,-19.04738431351));
#4070 = CARTESIAN_POINT('',(4.965113358346,-19.02331371518));
#4071 = CARTESIAN_POINT('',(5.078239009705,-18.98022231713));
#4072 = CARTESIAN_POINT('',(5.187794912017,-18.92323827043));
#4073 = CARTESIAN_POINT('',(5.293443784076,-18.85885978313));
#4074 = CARTESIAN_POINT('',(5.394527183611,-18.79321583872));
#4075 = CARTESIAN_POINT('',(5.61350901201,-18.65000503691));
#4076 = CARTESIAN_POINT('',(5.731617874077,-18.57198586704));
#4077 = CARTESIAN_POINT('',(5.845687246433,-18.50402234852));
#4078 = CARTESIAN_POINT('',(5.95684037695,-18.45054139318));
#4079 = CARTESIAN_POINT('',(6.066119302684,-18.4139987261));
#4080 = CARTESIAN_POINT('',(6.174526551484,-18.3956516601));
#4081 = CARTESIAN_POINT('',(6.28318530718,-18.3956516601));
#4082 = ( GEOMETRIC_REPRESENTATION_CONTEXT(2) 
PARAMETRIC_REPRESENTATION_CONTEXT() REPRESENTATION_CONTEXT('2D SPACE',''
  ) );
#4083 = PCURVE('',#3549,#4084);
#4084 = DEFINITIONAL_REPRESENTATION('',(#4085),#4136);
#4085 = B_SPLINE_CURVE_WITH_KNOTS('',7,(#4086,#4087,#4088,#4089,#4090,
    #4091,#4092,#4093,#4094,#4095,#4096,#4097,#4098,#4099,#4100,#4101,
    #4102,#4103,#4104,#4105,#4106,#4107,#4108,#4109,#4110,#4111,#4112,
    #4113,#4114,#4115,#4116,#4117,#4118,#4119,#4120,#4121,#4122,#4123,
    #4124,#4125,#4126,#4127,#4128,#4129,#4130,#4131,#4132,#4133,#4134,
    #4135),.UNSPECIFIED.,.T.,.F.,(8,6,6,6,6,6,6,6,8),(0.,0.140667474546,
    0.253002168056,0.360985428364,0.50105843222,0.641131616608,
    0.752991719334,0.860518772841,1.),.UNSPECIFIED.);
#4086 = CARTESIAN_POINT('',(-1.307937209484,-1.125E+03));
#4087 = CARTESIAN_POINT('',(-1.307937209484,-1.125537861527E+03));
#4088 = CARTESIAN_POINT('',(-1.31164374932,-1.126074483779E+03));
#4089 = CARTESIAN_POINT('',(-1.319025984557,-1.126605036725E+03));
#4090 = CARTESIAN_POINT('',(-1.330152392125,-1.127124356608E+03));
#4091 = CARTESIAN_POINT('',(-1.345153760302,-1.127625424883E+03));
#4092 = CARTESIAN_POINT('',(-1.364208690054,-1.128098462375E+03));
#4093 = CARTESIAN_POINT('',(-1.406097604912,-1.128870726865E+03));
#4094 = CARTESIAN_POINT('',(-1.427960119291,-1.129196147536E+03));
#4095 = CARTESIAN_POINT('',(-1.452963885926,-1.129483703432E+03));
#4096 = CARTESIAN_POINT('',(-1.480745845226,-1.129715964622E+03));
#4097 = CARTESIAN_POINT('',(-1.510772807474,-1.129878375238E+03));
#4098 = CARTESIAN_POINT('',(-1.54241592367,-1.129959202027E+03));
#4099 = CARTESIAN_POINT('',(-1.606163007956,-1.129939932425E+03));
#4100 = CARTESIAN_POINT('',(-1.636392645494,-1.129847269975E+03));
#4101 = CARTESIAN_POINT('',(-1.664973078243,-1.1296807346E+03));
#4102 = CARTESIAN_POINT('',(-1.691387542606,-1.129451428275E+03));
#4103 = CARTESIAN_POINT('',(-1.715205923301,-1.129172429865E+03));
#4104 = CARTESIAN_POINT('',(-1.736139870298,-1.128858838927E+03));
#4105 = CARTESIAN_POINT('',(-1.777383648871,-1.128098468177E+03));
#4106 = CARTESIAN_POINT('',(-1.79643893866,-1.127625427319E+03));
#4107 = CARTESIAN_POINT('',(-1.811440432392,-1.127124352116E+03));
#4108 = CARTESIAN_POINT('',(-1.822566799657,-1.126605029654E+03));
#4109 = CARTESIAN_POINT('',(-1.829948914245,-1.126074478167E+03));
#4110 = CARTESIAN_POINT('',(-1.833655444106,-1.125537860834E+03));
#4111 = CARTESIAN_POINT('',(-1.833655444106,-1.124462138473E+03));
#4112 = CARTESIAN_POINT('',(-1.82994890427,-1.123925516221E+03));
#4113 = CARTESIAN_POINT('',(-1.822566669033,-1.123394963275E+03));
#4114 = CARTESIAN_POINT('',(-1.811440261465,-1.122875643392E+03));
#4115 = CARTESIAN_POINT('',(-1.796438893288,-1.122374575117E+03));
#4116 = CARTESIAN_POINT('',(-1.777383963536,-1.121901537625E+03));
#4117 = CARTESIAN_POINT('',(-1.735495048778,-1.121129273137E+03));
#4118 = CARTESIAN_POINT('',(-1.713632533818,-1.120803852458E+03));
#4119 = CARTESIAN_POINT('',(-1.688628768648,-1.120516296576E+03));
#4120 = CARTESIAN_POINT('',(-1.660846807289,-1.120284035372E+03));
#4121 = CARTESIAN_POINT('',(-1.630819846754,-1.120121624763E+03));
#4122 = CARTESIAN_POINT('',(-1.599176729748,-1.120040797973E+03));
#4123 = CARTESIAN_POINT('',(-1.535429645777,-1.120060067575E+03));
#4124 = CARTESIAN_POINT('',(-1.505200007583,-1.120152730027E+03));
#4125 = CARTESIAN_POINT('',(-1.476619576197,-1.120319265395E+03));
#4126 = CARTESIAN_POINT('',(-1.450205110206,-1.120548571731E+03));
#4127 = CARTESIAN_POINT('',(-1.426386730674,-1.12082757013E+03));
#4128 = CARTESIAN_POINT('',(-1.405452783209,-1.121141161075E+03));
#4129 = CARTESIAN_POINT('',(-1.364209004394,-1.121901531829E+03));
#4130 = CARTESIAN_POINT('',(-1.345153715921,-1.122374572656E+03));
#4131 = CARTESIAN_POINT('',(-1.33015221983,-1.122875647931E+03));
#4132 = CARTESIAN_POINT('',(-1.319025854899,-1.123394970299E+03));
#4133 = CARTESIAN_POINT('',(-1.311643739048,-1.123925521859E+03));
#4134 = CARTESIAN_POINT('',(-1.307937209484,-1.124462139159E+03));
#4135 = CARTESIAN_POINT('',(-1.307937209484,-1.125E+03));
#4136 = ( GEOMETRIC_REPRESENTATION_CONTEXT(2) 
PARAMETRIC_REPRESENTATION_CONTEXT() REPRESENTATION_CONTEXT('2D SPACE',''
  ) );
#4137 = ORIENTED_EDGE('',*,*,#4138,.T.);
#4138 = EDGE_CURVE('',#3975,#451,#4139,.T.);
#4139 = SEAM_CURVE('',#4140,(#4144,#4151),.PCURVE_S1.);
#4140 = LINE('',#4141,#4142);
#4141 = CARTESIAN_POINT('',(4.95,0.,-375.));
#4142 = VECTOR('',#4143,1.);
#4143 = DIRECTION('',(-0.,1.,-0.));
#4144 = PCURVE('',#560,#4145);
#4145 = DEFINITIONAL_REPRESENTATION('',(#4146),#4150);
#4146 = LINE('',#4147,#4148);
#4147 = CARTESIAN_POINT('',(6.28318530718,0.));
#4148 = VECTOR('',#4149,1.);
#4149 = DIRECTION('',(0.,-1.));
#4150 = ( GEOMETRIC_REPRESENTATION_CONTEXT(2) 
PARAMETRIC_REPRESENTATION_CONTEXT() REPRESENTATION_CONTEXT('2D SPACE',''
  ) );
#4151 = PCURVE('',#560,#4152);
#4152 = DEFINITIONAL_REPRESENTATION('',(#4153),#4157);
#4153 = LINE('',#4154,#4155);
#4154 = CARTESIAN_POINT('',(0.,0.));
#4155 = VECTOR('',#4156,1.);
#4156 = DIRECTION('',(0.,-1.));
#4157 = ( GEOMETRIC_REPRESENTATION_CONTEXT(2) 
PARAMETRIC_REPRESENTATION_CONTEXT() REPRESENTATION_CONTEXT('2D SPACE',''
  ) );
#4158 = ORIENTED_EDGE('',*,*,#450,.T.);
#4159 = ORIENTED_EDGE('',*,*,#4138,.F.);
#4160 = ADVANCED_FACE('',(#4161),#731,.F.);
#4161 = FACE_BOUND('',#4162,.F.);
#4162 = EDGE_LOOP('',(#4163,#4327,#4348,#4349));
#4163 = ORIENTED_EDGE('',*,*,#4164,.F.);
#4164 = EDGE_CURVE('',#4165,#4165,#4167,.T.);
#4165 = VERTEX_POINT('',#4166);
#4166 = CARTESIAN_POINT('',(4.95,18.395651660107,-525.));
#4167 = SURFACE_CURVE('',#4168,(#4219,#4273),.PCURVE_S1.);
#4168 = B_SPLINE_CURVE_WITH_KNOTS('',7,(#4169,#4170,#4171,#4172,#4173,
    #4174,#4175,#4176,#4177,#4178,#4179,#4180,#4181,#4182,#4183,#4184,
    #4185,#4186,#4187,#4188,#4189,#4190,#4191,#4192,#4193,#4194,#4195,
    #4196,#4197,#4198,#4199,#4200,#4201,#4202,#4203,#4204,#4205,#4206,
    #4207,#4208,#4209,#4210,#4211,#4212,#4213,#4214,#4215,#4216,#4217,
    #4218),.UNSPECIFIED.,.T.,.F.,(8,6,6,6,6,6,6,6,8),(0.,0.140667476193,
    0.253002168905,0.360985429004,0.501058432614,0.641131616754,
    0.752991719291,0.860518773086,1.),.UNSPECIFIED.);
#4169 = CARTESIAN_POINT('',(4.95,18.395651660107,-525.));
#4170 = CARTESIAN_POINT('',(4.95,18.395651660107,-524.4621384655));
#4171 = CARTESIAN_POINT('',(4.881815595296,18.413998784843,
    -523.9255162483));
#4172 = CARTESIAN_POINT('',(4.746015601437,18.450542001946,
    -523.394963227));
#4173 = CARTESIAN_POINT('',(4.54090666516,18.504023261901,
    -522.8756434375));
#4174 = CARTESIAN_POINT('',(4.263259734921,18.571985717408,
    -522.3745750924));
#4175 = CARTESIAN_POINT('',(3.908541812432,18.65000394434,
    -521.9015376304));
#4176 = CARTESIAN_POINT('',(3.123925836668,18.795454853221,
    -521.1292731366));
#4177 = CARTESIAN_POINT('',(2.713019635636,18.863807665356,
    -520.8038524577));
#4178 = CARTESIAN_POINT('',(2.241190804326,18.930703708477,
    -520.5162965761));
#4179 = CARTESIAN_POINT('',(1.714663042253,18.989033519809,
    -520.2840353724));
#4180 = CARTESIAN_POINT('',(1.143533866799,19.031395302575,
    -520.1216247633));
#4181 = CARTESIAN_POINT('',(0.540641636801,19.052390787715,
    -520.040797973));
#4182 = CARTESIAN_POINT('',(-0.673729995463,19.047384313506,
    -520.0600675749));
#4183 = CARTESIAN_POINT('',(-1.249509756774,19.023313715531,
    -520.1527300253));
#4184 = CARTESIAN_POINT('',(-1.792847634835,18.980222316111,
    -520.3192653998));
#4185 = CARTESIAN_POINT('',(-2.293235207814,18.923238271784,
    -520.5485717247));
#4186 = CARTESIAN_POINT('',(-2.742586426968,18.858859782226,
    -520.8275701345));
#4187 = CARTESIAN_POINT('',(-3.13600390715,18.793215838998,
    -521.1411610732));
#4188 = CARTESIAN_POINT('',(-3.908535912603,18.650005038041,
    -521.9015318234));
#4189 = CARTESIAN_POINT('',(-4.263260662066,18.57198586349,
    -522.3745726806));
#4190 = CARTESIAN_POINT('',(-4.540909786029,18.504022353553,
    -522.8756478842));
#4191 = CARTESIAN_POINT('',(-4.746018022171,18.450541389563,
    -523.3949703463));
#4192 = CARTESIAN_POINT('',(-4.881815773447,18.413998727236,
    -523.9255218329));
#4193 = CARTESIAN_POINT('',(-4.95,18.395651660107,-524.4621391658));
#4194 = CARTESIAN_POINT('',(-4.95,18.395651660107,-525.5378615273));
#4195 = CARTESIAN_POINT('',(-4.881815589921,18.413998785937,
    -526.0744837788));
#4196 = CARTESIAN_POINT('',(-4.746015618892,18.450541998443,
    -526.6050367253));
#4197 = CARTESIAN_POINT('',(-4.540906640496,18.504023266754,
    -527.1243566084));
#4198 = CARTESIAN_POINT('',(-4.263259752794,18.571985713983,
    -527.6254248832));
#4199 = CARTESIAN_POINT('',(-3.908541806558,18.650003945429,
    -528.0984623753));
#4200 = CARTESIAN_POINT('',(-3.123925836641,18.795454853226,
    -528.8707268633));
#4201 = CARTESIAN_POINT('',(-2.71301963566,18.86380766535,
    -529.1961475421));
#4202 = CARTESIAN_POINT('',(-2.241190804363,18.930703708473,
    -529.4837034238));
#4203 = CARTESIAN_POINT('',(-1.714663042219,18.989033519817,
    -529.7159646275));
#4204 = CARTESIAN_POINT('',(-1.143533866764,19.031395302571,
    -529.8783752366));
#4205 = CARTESIAN_POINT('',(-0.540641636839,19.052390787715,
    -529.9592020269));
#4206 = CARTESIAN_POINT('',(0.673729995463,19.047384313506,
    -529.939932425));
#4207 = CARTESIAN_POINT('',(1.249509756775,19.023313715531,
    -529.8472699746));
#4208 = CARTESIAN_POINT('',(1.792847634834,18.980222316111,
    -529.6807346001));
#4209 = CARTESIAN_POINT('',(2.293235207816,18.923238271784,
    -529.4514282752));
#4210 = CARTESIAN_POINT('',(2.742586426967,18.858859782226,
    -529.1724298654));
#4211 = CARTESIAN_POINT('',(3.13600390715,18.793215838998,
    -528.8588389267));
#4212 = CARTESIAN_POINT('',(3.908535918696,18.650005036912,
    -528.0984681705));
#4213 = CARTESIAN_POINT('',(4.263260643528,18.571985867044,
    -527.6254273442));
#4214 = CARTESIAN_POINT('',(4.54090981158,18.504022348522,-527.124352069
    ));
#4215 = CARTESIAN_POINT('',(4.746018004126,18.450541393186,
    -526.605029701));
#4216 = CARTESIAN_POINT('',(4.881815778986,18.413998726109,
    -526.0744781407));
#4217 = CARTESIAN_POINT('',(4.95,18.395651660107,-525.5378608406));
#4218 = CARTESIAN_POINT('',(4.95,18.395651660107,-525.));
#4219 = PCURVE('',#731,#4220);
#4220 = DEFINITIONAL_REPRESENTATION('',(#4221),#4272);
#4221 = B_SPLINE_CURVE_WITH_KNOTS('',7,(#4222,#4223,#4224,#4225,#4226,
    #4227,#4228,#4229,#4230,#4231,#4232,#4233,#4234,#4235,#4236,#4237,
    #4238,#4239,#4240,#4241,#4242,#4243,#4244,#4245,#4246,#4247,#4248,
    #4249,#4250,#4251,#4252,#4253,#4254,#4255,#4256,#4257,#4258,#4259,
    #4260,#4261,#4262,#4263,#4264,#4265,#4266,#4267,#4268,#4269,#4270,
    #4271),.UNSPECIFIED.,.F.,.F.,(8,6,6,6,6,6,6,6,8),(0.,0.140667476193,
    0.253002168905,0.360985429004,0.501058432614,0.641131616754,
    0.752991719291,0.860518773086,1.),.UNSPECIFIED.);
#4222 = CARTESIAN_POINT('',(0.,-18.3956516601));
#4223 = CARTESIAN_POINT('',(0.10865889585,-18.3956516601));
#4224 = CARTESIAN_POINT('',(0.217067129709,-18.41399878484));
#4225 = CARTESIAN_POINT('',(0.326346401906,-18.45054200194));
#4226 = CARTESIAN_POINT('',(0.437499064793,-18.5040232619));
#4227 = CARTESIAN_POINT('',(0.551567210235,-18.5719857174));
#4228 = CARTESIAN_POINT('',(0.669674624532,-18.65000394434));
#4229 = CARTESIAN_POINT('',(0.892081772363,-18.79545485322));
#4230 = CARTESIAN_POINT('',(0.997359698798,-18.86380766535));
#4231 = CARTESIAN_POINT('',(1.107614922811,-18.93070370847));
#4232 = CARTESIAN_POINT('',(1.221995935548,-18.9890335198));
#4233 = CARTESIAN_POINT('',(1.340038793488,-19.03139530257));
#4234 = CARTESIAN_POINT('',(1.461560712926,-19.05239078771));
#4235 = CARTESIAN_POINT('',(1.706919199247,-19.0473843135));
#4236 = CARTESIAN_POINT('',(1.823520702706,-19.02331371553));
#4237 = CARTESIAN_POINT('',(1.936646359714,-18.98022231611));
#4238 = CARTESIAN_POINT('',(2.046202254964,-18.92323827178));
#4239 = CARTESIAN_POINT('',(2.1518511323,-18.85885978222));
#4240 = CARTESIAN_POINT('',(2.252934529598,-18.79321583899));
#4241 = CARTESIAN_POINT('',(2.471916356693,-18.65000503804));
#4242 = CARTESIAN_POINT('',(2.590025227017,-18.57198586349));
#4243 = CARTESIAN_POINT('',(2.704094581472,-18.50402235355));
#4244 = CARTESIAN_POINT('',(2.815247734263,-18.45054138956));
#4245 = CARTESIAN_POINT('',(2.924526643386,-18.41399872723));
#4246 = CARTESIAN_POINT('',(3.032933899223,-18.3956516601));
#4247 = CARTESIAN_POINT('',(3.250251547999,-18.3956516601));
#4248 = CARTESIAN_POINT('',(3.35865978917,-18.41399878593));
#4249 = CARTESIAN_POINT('',(3.467939044586,-18.45054199844));
#4250 = CARTESIAN_POINT('',(3.579091729571,-18.50402326675));
#4251 = CARTESIAN_POINT('',(3.693159857473,-18.57198571398));
#4252 = CARTESIAN_POINT('',(3.811267279787,-18.65000394542));
#4253 = CARTESIAN_POINT('',(4.03367442596,-18.79545485322));
#4254 = CARTESIAN_POINT('',(4.138952352379,-18.86380766535));
#4255 = CARTESIAN_POINT('',(4.249207576396,-18.93070370847));
#4256 = CARTESIAN_POINT('',(4.363588589145,-18.98903351981));
#4257 = CARTESIAN_POINT('',(4.481631447085,-19.03139530257));
#4258 = CARTESIAN_POINT('',(4.603153366508,-19.05239078771));
#4259 = CARTESIAN_POINT('',(4.848511852837,-19.0473843135));
#4260 = CARTESIAN_POINT('',(4.965113356296,-19.02331371553));
#4261 = CARTESIAN_POINT('',(5.078239013304,-18.98022231611));
#4262 = CARTESIAN_POINT('',(5.187794908555,-18.92323827178));
#4263 = CARTESIAN_POINT('',(5.293443785889,-18.85885978222));
#4264 = CARTESIAN_POINT('',(5.394527183188,-18.79321583899));
#4265 = CARTESIAN_POINT('',(5.61350901201,-18.65000503691));
#4266 = CARTESIAN_POINT('',(5.731617874077,-18.57198586704));
#4267 = CARTESIAN_POINT('',(5.845687246433,-18.50402234852));
#4268 = CARTESIAN_POINT('',(5.956840376951,-18.45054139318));
#4269 = CARTESIAN_POINT('',(6.066119302684,-18.4139987261));
#4270 = CARTESIAN_POINT('',(6.174526551484,-18.3956516601));
#4271 = CARTESIAN_POINT('',(6.28318530718,-18.3956516601));
#4272 = ( GEOMETRIC_REPRESENTATION_CONTEXT(2) 
PARAMETRIC_REPRESENTATION_CONTEXT() REPRESENTATION_CONTEXT('2D SPACE',''
  ) );
#4273 = PCURVE('',#3549,#4274);
#4274 = DEFINITIONAL_REPRESENTATION('',(#4275),#4326);
#4275 = B_SPLINE_CURVE_WITH_KNOTS('',7,(#4276,#4277,#4278,#4279,#4280,
    #4281,#4282,#4283,#4284,#4285,#4286,#4287,#4288,#4289,#4290,#4291,
    #4292,#4293,#4294,#4295,#4296,#4297,#4298,#4299,#4300,#4301,#4302,
    #4303,#4304,#4305,#4306,#4307,#4308,#4309,#4310,#4311,#4312,#4313,
    #4314,#4315,#4316,#4317,#4318,#4319,#4320,#4321,#4322,#4323,#4324,
    #4325),.UNSPECIFIED.,.T.,.F.,(8,6,6,6,6,6,6,6,8),(0.,0.140667476193,
    0.253002168905,0.360985429004,0.501058432614,0.641131616754,
    0.752991719291,0.860518773086,1.),.UNSPECIFIED.);
#4276 = CARTESIAN_POINT('',(-1.307937209484,-975.));
#4277 = CARTESIAN_POINT('',(-1.307937209484,-975.5378615344));
#4278 = CARTESIAN_POINT('',(-1.311643749032,-976.0744837516));
#4279 = CARTESIAN_POINT('',(-1.319025985492,-976.6050367729));
#4280 = CARTESIAN_POINT('',(-1.330152390805,-977.1243565624));
#4281 = CARTESIAN_POINT('',(-1.345153761257,-977.6254249075));
#4282 = CARTESIAN_POINT('',(-1.36420868974,-978.0984623695));
#4283 = CARTESIAN_POINT('',(-1.406097604812,-978.8707268633));
#4284 = CARTESIAN_POINT('',(-1.427960119772,-979.1961475422));
#4285 = CARTESIAN_POINT('',(-1.452963884942,-979.4837034238));
#4286 = CARTESIAN_POINT('',(-1.4807458463,-979.7159646275));
#4287 = CARTESIAN_POINT('',(-1.510772806836,-979.8783752366));
#4288 = CARTESIAN_POINT('',(-1.542415923842,-979.9592020269));
#4289 = CARTESIAN_POINT('',(-1.606163007951,-979.939932425));
#4290 = CARTESIAN_POINT('',(-1.636392645498,-979.8472699746));
#4291 = CARTESIAN_POINT('',(-1.664973078247,-979.6807346001));
#4292 = CARTESIAN_POINT('',(-1.691387542603,-979.4514282752));
#4293 = CARTESIAN_POINT('',(-1.715205923298,-979.1724298654));
#4294 = CARTESIAN_POINT('',(-1.736139870301,-978.8588389267));
#4295 = CARTESIAN_POINT('',(-1.777383648871,-978.0984681765));
#4296 = CARTESIAN_POINT('',(-1.79643893866,-977.6254273193));
#4297 = CARTESIAN_POINT('',(-1.811440432392,-977.1243521157));
#4298 = CARTESIAN_POINT('',(-1.822566799657,-976.6050296536));
#4299 = CARTESIAN_POINT('',(-1.829948914245,-976.074478167));
#4300 = CARTESIAN_POINT('',(-1.833655444106,-975.5378608341));
#4301 = CARTESIAN_POINT('',(-1.833655444106,-974.4621384726));
#4302 = CARTESIAN_POINT('',(-1.82994890427,-973.9255162211));
#4303 = CARTESIAN_POINT('',(-1.822566669033,-973.3949632746));
#4304 = CARTESIAN_POINT('',(-1.811440261465,-972.8756433915));
#4305 = CARTESIAN_POINT('',(-1.796438893288,-972.3745751167));
#4306 = CARTESIAN_POINT('',(-1.777383963536,-971.9015376246));
#4307 = CARTESIAN_POINT('',(-1.735495048776,-971.1292731366));
#4308 = CARTESIAN_POINT('',(-1.713632533819,-970.8038524578));
#4309 = CARTESIAN_POINT('',(-1.688628768649,-970.5162965761));
#4310 = CARTESIAN_POINT('',(-1.660846807288,-970.2840353724));
#4311 = CARTESIAN_POINT('',(-1.630819846752,-970.1216247633));
#4312 = CARTESIAN_POINT('',(-1.59917672975,-970.040797973));
#4313 = CARTESIAN_POINT('',(-1.535429645638,-970.0600675749));
#4314 = CARTESIAN_POINT('',(-1.505200008092,-970.1527300253));
#4315 = CARTESIAN_POINT('',(-1.476619575343,-970.3192653998));
#4316 = CARTESIAN_POINT('',(-1.450205110987,-970.5485717247));
#4317 = CARTESIAN_POINT('',(-1.426386730292,-970.8275701345));
#4318 = CARTESIAN_POINT('',(-1.405452783289,-971.1411610732));
#4319 = CARTESIAN_POINT('',(-1.364209004394,-971.9015318294));
#4320 = CARTESIAN_POINT('',(-1.345153715921,-972.3745726557));
#4321 = CARTESIAN_POINT('',(-1.33015221983,-972.8756479309));
#4322 = CARTESIAN_POINT('',(-1.319025854899,-973.3949702989));
#4323 = CARTESIAN_POINT('',(-1.311643739048,-973.9255218592));
#4324 = CARTESIAN_POINT('',(-1.307937209484,-974.4621391593));
#4325 = CARTESIAN_POINT('',(-1.307937209484,-975.));
#4326 = ( GEOMETRIC_REPRESENTATION_CONTEXT(2) 
PARAMETRIC_REPRESENTATION_CONTEXT() REPRESENTATION_CONTEXT('2D SPACE',''
  ) );
#4327 = ORIENTED_EDGE('',*,*,#4328,.T.);
#4328 = EDGE_CURVE('',#4165,#622,#4329,.T.);
#4329 = SEAM_CURVE('',#4330,(#4334,#4341),.PCURVE_S1.);
#4330 = LINE('',#4331,#4332);
#4331 = CARTESIAN_POINT('',(4.95,0.,-525.));
#4332 = VECTOR('',#4333,1.);
#4333 = DIRECTION('',(-0.,1.,-0.));
#4334 = PCURVE('',#731,#4335);
#4335 = DEFINITIONAL_REPRESENTATION('',(#4336),#4340);
#4336 = LINE('',#4337,#4338);
#4337 = CARTESIAN_POINT('',(6.28318530718,0.));
#4338 = VECTOR('',#4339,1.);
#4339 = DIRECTION('',(0.,-1.));
#4340 = ( GEOMETRIC_REPRESENTATION_CONTEXT(2) 
PARAMETRIC_REPRESENTATION_CONTEXT() REPRESENTATION_CONTEXT('2D SPACE',''
  ) );
#4341 = PCURVE('',#731,#4342);
#4342 = DEFINITIONAL_REPRESENTATION('',(#4343),#4347);
#4343 = LINE('',#4344,#4345);
#4344 = CARTESIAN_POINT('',(0.,0.));
#4345 = VECTOR('',#4346,1.);
#4346 = DIRECTION('',(0.,-1.));
#4347 = ( GEOMETRIC_REPRESENTATION_CONTEXT(2) 
PARAMETRIC_REPRESENTATION_CONTEXT() REPRESENTATION_CONTEXT('2D SPACE',''
  ) );
#4348 = ORIENTED_EDGE('',*,*,#621,.T.);
#4349 = ORIENTED_EDGE('',*,*,#4328,.F.);
#4350 = ADVANCED_FACE('',(#4351),#902,.F.);
#4351 = FACE_BOUND('',#4352,.F.);
#4352 = EDGE_LOOP('',(#4353,#4517,#4538,#4539));
#4353 = ORIENTED_EDGE('',*,*,#4354,.F.);
#4354 = EDGE_CURVE('',#4355,#4355,#4357,.T.);
#4355 = VERTEX_POINT('',#4356);
#4356 = CARTESIAN_POINT('',(4.95,18.395651660107,-675.));
#4357 = SURFACE_CURVE('',#4358,(#4409,#4463),.PCURVE_S1.);
#4358 = B_SPLINE_CURVE_WITH_KNOTS('',7,(#4359,#4360,#4361,#4362,#4363,
    #4364,#4365,#4366,#4367,#4368,#4369,#4370,#4371,#4372,#4373,#4374,
    #4375,#4376,#4377,#4378,#4379,#4380,#4381,#4382,#4383,#4384,#4385,
    #4386,#4387,#4388,#4389,#4390,#4391,#4392,#4393,#4394,#4395,#4396,
    #4397,#4398,#4399,#4400,#4401,#4402,#4403,#4404,#4405,#4406,#4407,
    #4408),.UNSPECIFIED.,.T.,.F.,(8,6,6,6,6,6,6,6,8),(0.,0.140667474568,
    0.253002167494,0.36098542781,0.501058431684,0.641131616089,
    0.752991718828,0.860518772825,1.),.UNSPECIFIED.);
#4359 = CARTESIAN_POINT('',(4.95,18.395651660107,-675.));
#4360 = CARTESIAN_POINT('',(4.95,18.395651660107,-674.4621384726));
#4361 = CARTESIAN_POINT('',(4.881815589921,18.413998785937,
    -673.9255162211));
#4362 = CARTESIAN_POINT('',(4.746015618892,18.450541998443,
    -673.3949632746));
#4363 = CARTESIAN_POINT('',(4.540906640496,18.504023266754,
    -672.8756433915));
#4364 = CARTESIAN_POINT('',(4.263259752794,18.571985713983,
    -672.3745751167));
#4365 = CARTESIAN_POINT('',(3.908541806557,18.650003945429,
    -671.9015376246));
#4366 = CARTESIAN_POINT('',(3.123925836668,18.795454853221,
    -671.1292731366));
#4367 = CARTESIAN_POINT('',(2.713019635637,18.863807665356,
    -670.8038524577));
#4368 = CARTESIAN_POINT('',(2.241190804324,18.930703708477,
    -670.5162965761));
#4369 = CARTESIAN_POINT('',(1.714663042255,18.989033519809,
    -670.2840353724));
#4370 = CARTESIAN_POINT('',(1.143533866798,19.031395302575,
    -670.1216247633));
#4371 = CARTESIAN_POINT('',(0.540641636801,19.052390787715,
    -670.040797973));
#4372 = CARTESIAN_POINT('',(-0.67372999552,19.047384313506,
    -670.0600675749));
#4373 = CARTESIAN_POINT('',(-1.249509756719,19.023313715527,
    -670.1527300253));
#4374 = CARTESIAN_POINT('',(-1.792847634788,18.980222316123,
    -670.3192653997));
#4375 = CARTESIAN_POINT('',(-2.293235207864,18.923238271779,
    -670.5485717247));
#4376 = CARTESIAN_POINT('',(-2.742586427006,18.858859782217,
    -670.8275701345));
#4377 = CARTESIAN_POINT('',(-3.136003907109,18.793215839005,
    -671.1411610732));
#4378 = CARTESIAN_POINT('',(-3.908535912603,18.650005038041,
    -671.9015318234));
#4379 = CARTESIAN_POINT('',(-4.263260662066,18.57198586349,
    -672.3745726806));
#4380 = CARTESIAN_POINT('',(-4.540909786029,18.504022353553,
    -672.8756478842));
#4381 = CARTESIAN_POINT('',(-4.746018022171,18.450541389563,
    -673.3949703463));
#4382 = CARTESIAN_POINT('',(-4.881815773447,18.413998727236,
    -673.9255218329));
#4383 = CARTESIAN_POINT('',(-4.95,18.395651660107,-674.4621391658));
#4384 = CARTESIAN_POINT('',(-4.95,18.395651660107,-675.5378615273));
#4385 = CARTESIAN_POINT('',(-4.881815589921,18.413998785937,
    -676.0744837788));
#4386 = CARTESIAN_POINT('',(-4.746015618892,18.450541998443,
    -676.6050367253));
#4387 = CARTESIAN_POINT('',(-4.540906640496,18.504023266754,
    -677.1243566084));
#4388 = CARTESIAN_POINT('',(-4.263259752794,18.571985713983,
    -677.6254248832));
#4389 = CARTESIAN_POINT('',(-3.908541806558,18.650003945429,
    -678.0984623753));
#4390 = CARTESIAN_POINT('',(-3.123925836668,18.795454853221,
    -678.8707268633));
#4391 = CARTESIAN_POINT('',(-2.713019635636,18.863807665356,
    -679.1961475422));
#4392 = CARTESIAN_POINT('',(-2.241190804328,18.930703708477,
    -679.4837034238));
#4393 = CARTESIAN_POINT('',(-1.714663042251,18.989033519809,
    -679.7159646275));
#4394 = CARTESIAN_POINT('',(-1.1435338668,19.031395302575,
    -679.8783752366));
#4395 = CARTESIAN_POINT('',(-0.5406416368,19.052390787715,
    -679.9592020269));
#4396 = CARTESIAN_POINT('',(0.673729995463,19.047384313506,
    -679.939932425));
#4397 = CARTESIAN_POINT('',(1.249509756774,19.023313715531,
    -679.8472699746));
#4398 = CARTESIAN_POINT('',(1.792847634834,18.980222316111,
    -679.6807346001));
#4399 = CARTESIAN_POINT('',(2.293235207816,18.923238271784,
    -679.4514282752));
#4400 = CARTESIAN_POINT('',(2.742586426968,18.858859782226,
    -679.1724298654));
#4401 = CARTESIAN_POINT('',(3.13600390715,18.793215838998,
    -678.8588389267));
#4402 = CARTESIAN_POINT('',(3.908535918696,18.650005036912,
    -678.0984681705));
#4403 = CARTESIAN_POINT('',(4.263260643528,18.571985867044,
    -677.6254273442));
#4404 = CARTESIAN_POINT('',(4.54090981158,18.504022348522,-677.124352069
    ));
#4405 = CARTESIAN_POINT('',(4.746018004126,18.450541393186,
    -676.605029701));
#4406 = CARTESIAN_POINT('',(4.881815778986,18.413998726109,
    -676.0744781407));
#4407 = CARTESIAN_POINT('',(4.95,18.395651660107,-675.5378608406));
#4408 = CARTESIAN_POINT('',(4.95,18.395651660107,-675.));
#4409 = PCURVE('',#902,#4410);
#4410 = DEFINITIONAL_REPRESENTATION('',(#4411),#4462);
#4411 = B_SPLINE_CURVE_WITH_KNOTS('',7,(#4412,#4413,#4414,#4415,#4416,
    #4417,#4418,#4419,#4420,#4421,#4422,#4423,#4424,#4425,#4426,#4427,
    #4428,#4429,#4430,#4431,#4432,#4433,#4434,#4435,#4436,#4437,#4438,
    #4439,#4440,#4441,#4442,#4443,#4444,#4445,#4446,#4447,#4448,#4449,
    #4450,#4451,#4452,#4453,#4454,#4455,#4456,#4457,#4458,#4459,#4460,
    #4461),.UNSPECIFIED.,.F.,.F.,(8,6,6,6,6,6,6,6,8),(0.,0.140667474568,
    0.253002167494,0.36098542781,0.501058431684,0.641131616089,
    0.752991718828,0.860518772825,1.),.UNSPECIFIED.);
#4412 = CARTESIAN_POINT('',(0.,-18.3956516601));
#4413 = CARTESIAN_POINT('',(0.108658894409,-18.3956516601));
#4414 = CARTESIAN_POINT('',(0.21706713558,-18.41399878593));
#4415 = CARTESIAN_POINT('',(0.326346390996,-18.45054199844));
#4416 = CARTESIAN_POINT('',(0.437499075981,-18.50402326675));
#4417 = CARTESIAN_POINT('',(0.551567203883,-18.57198571398));
#4418 = CARTESIAN_POINT('',(0.669674626197,-18.65000394542));
#4419 = CARTESIAN_POINT('',(0.892081772363,-18.79545485322));
#4420 = CARTESIAN_POINT('',(0.997359698797,-18.86380766535));
#4421 = CARTESIAN_POINT('',(1.107614922812,-18.93070370847));
#4422 = CARTESIAN_POINT('',(1.221995935548,-18.9890335198));
#4423 = CARTESIAN_POINT('',(1.340038793488,-19.03139530257));
#4424 = CARTESIAN_POINT('',(1.461560712926,-19.05239078771));
#4425 = CARTESIAN_POINT('',(1.706919199259,-19.0473843135));
#4426 = CARTESIAN_POINT('',(1.823520702696,-19.02331371552));
#4427 = CARTESIAN_POINT('',(1.936646359705,-18.98022231612));
#4428 = CARTESIAN_POINT('',(2.046202254971,-18.92323827177));
#4429 = CARTESIAN_POINT('',(2.151851132313,-18.85885978221));
#4430 = CARTESIAN_POINT('',(2.252934529586,-18.793215839));
#4431 = CARTESIAN_POINT('',(2.471916356693,-18.65000503804));
#4432 = CARTESIAN_POINT('',(2.590025227017,-18.57198586349));
#4433 = CARTESIAN_POINT('',(2.704094581472,-18.50402235355));
#4434 = CARTESIAN_POINT('',(2.815247734263,-18.45054138956));
#4435 = CARTESIAN_POINT('',(2.924526643386,-18.41399872723));
#4436 = CARTESIAN_POINT('',(3.032933899223,-18.3956516601));
#4437 = CARTESIAN_POINT('',(3.250251547999,-18.3956516601));
#4438 = CARTESIAN_POINT('',(3.35865978917,-18.41399878593));
#4439 = CARTESIAN_POINT('',(3.467939044586,-18.45054199844));
#4440 = CARTESIAN_POINT('',(3.579091729571,-18.50402326675));
#4441 = CARTESIAN_POINT('',(3.693159857473,-18.57198571398));
#4442 = CARTESIAN_POINT('',(3.811267279787,-18.65000394542));
#4443 = CARTESIAN_POINT('',(4.033674425953,-18.79545485322));
#4444 = CARTESIAN_POINT('',(4.138952352387,-18.86380766535));
#4445 = CARTESIAN_POINT('',(4.249207576401,-18.93070370847));
#4446 = CARTESIAN_POINT('',(4.363588589138,-18.9890335198));
#4447 = CARTESIAN_POINT('',(4.481631447078,-19.03139530257));
#4448 = CARTESIAN_POINT('',(4.603153366516,-19.05239078771));
#4449 = CARTESIAN_POINT('',(4.848511852837,-19.0473843135));
#4450 = CARTESIAN_POINT('',(4.965113356296,-19.02331371553));
#4451 = CARTESIAN_POINT('',(5.078239013304,-18.98022231611));
#4452 = CARTESIAN_POINT('',(5.187794908555,-18.92323827178));
#4453 = CARTESIAN_POINT('',(5.293443785889,-18.85885978222));
#4454 = CARTESIAN_POINT('',(5.394527183188,-18.79321583899));
#4455 = CARTESIAN_POINT('',(5.61350901201,-18.65000503691));
#4456 = CARTESIAN_POINT('',(5.731617874077,-18.57198586704));
#4457 = CARTESIAN_POINT('',(5.845687246433,-18.50402234852));
#4458 = CARTESIAN_POINT('',(5.956840376951,-18.45054139318));
#4459 = CARTESIAN_POINT('',(6.066119302684,-18.4139987261));
#4460 = CARTESIAN_POINT('',(6.174526551484,-18.3956516601));
#4461 = CARTESIAN_POINT('',(6.28318530718,-18.3956516601));
#4462 = ( GEOMETRIC_REPRESENTATION_CONTEXT(2) 
PARAMETRIC_REPRESENTATION_CONTEXT() REPRESENTATION_CONTEXT('2D SPACE',''
  ) );
#4463 = PCURVE('',#3549,#4464);
#4464 = DEFINITIONAL_REPRESENTATION('',(#4465),#4516);
#4465 = B_SPLINE_CURVE_WITH_KNOTS('',7,(#4466,#4467,#4468,#4469,#4470,
    #4471,#4472,#4473,#4474,#4475,#4476,#4477,#4478,#4479,#4480,#4481,
    #4482,#4483,#4484,#4485,#4486,#4487,#4488,#4489,#4490,#4491,#4492,
    #4493,#4494,#4495,#4496,#4497,#4498,#4499,#4500,#4501,#4502,#4503,
    #4504,#4505,#4506,#4507,#4508,#4509,#4510,#4511,#4512,#4513,#4514,
    #4515),.UNSPECIFIED.,.T.,.F.,(8,6,6,6,6,6,6,6,8),(0.,0.140667474568,
    0.253002167494,0.36098542781,0.501058431684,0.641131616089,
    0.752991718828,0.860518772825,1.),.UNSPECIFIED.);
#4466 = CARTESIAN_POINT('',(-1.307937209484,-825.));
#4467 = CARTESIAN_POINT('',(-1.307937209484,-825.5378615273));
#4468 = CARTESIAN_POINT('',(-1.31164374932,-826.0744837788));
#4469 = CARTESIAN_POINT('',(-1.319025984557,-826.6050367253));
#4470 = CARTESIAN_POINT('',(-1.330152392125,-827.1243566084));
#4471 = CARTESIAN_POINT('',(-1.345153760302,-827.6254248832));
#4472 = CARTESIAN_POINT('',(-1.364208690054,-828.0984623753));
#4473 = CARTESIAN_POINT('',(-1.406097604812,-828.8707268633));
#4474 = CARTESIAN_POINT('',(-1.427960119772,-829.1961475422));
#4475 = CARTESIAN_POINT('',(-1.452963884942,-829.4837034238));
#4476 = CARTESIAN_POINT('',(-1.4807458463,-829.7159646275));
#4477 = CARTESIAN_POINT('',(-1.510772806836,-829.8783752366));
#4478 = CARTESIAN_POINT('',(-1.542415923842,-829.9592020269));
#4479 = CARTESIAN_POINT('',(-1.606163007954,-829.939932425));
#4480 = CARTESIAN_POINT('',(-1.636392645495,-829.8472699746));
#4481 = CARTESIAN_POINT('',(-1.664973078244,-829.6807346002));
#4482 = CARTESIAN_POINT('',(-1.691387542605,-829.4514282752));
#4483 = CARTESIAN_POINT('',(-1.7152059233,-829.1724298654));
#4484 = CARTESIAN_POINT('',(-1.736139870299,-828.8588389267));
#4485 = CARTESIAN_POINT('',(-1.777383648871,-828.0984681765));
#4486 = CARTESIAN_POINT('',(-1.79643893866,-827.6254273193));
#4487 = CARTESIAN_POINT('',(-1.811440432392,-827.1243521157));
#4488 = CARTESIAN_POINT('',(-1.822566799657,-826.6050296536));
#4489 = CARTESIAN_POINT('',(-1.829948914245,-826.074478167));
#4490 = CARTESIAN_POINT('',(-1.833655444106,-825.5378608341));
#4491 = CARTESIAN_POINT('',(-1.833655444106,-824.4621384726));
#4492 = CARTESIAN_POINT('',(-1.82994890427,-823.9255162211));
#4493 = CARTESIAN_POINT('',(-1.822566669033,-823.3949632746));
#4494 = CARTESIAN_POINT('',(-1.811440261465,-822.8756433915));
#4495 = CARTESIAN_POINT('',(-1.796438893288,-822.3745751167));
#4496 = CARTESIAN_POINT('',(-1.777383963536,-821.9015376246));
#4497 = CARTESIAN_POINT('',(-1.735495048778,-821.1292731366));
#4498 = CARTESIAN_POINT('',(-1.713632533818,-820.8038524577));
#4499 = CARTESIAN_POINT('',(-1.688628768648,-820.5162965761));
#4500 = CARTESIAN_POINT('',(-1.660846807289,-820.2840353724));
#4501 = CARTESIAN_POINT('',(-1.630819846754,-820.1216247633));
#4502 = CARTESIAN_POINT('',(-1.599176729748,-820.040797973));
#4503 = CARTESIAN_POINT('',(-1.535429645638,-820.0600675749));
#4504 = CARTESIAN_POINT('',(-1.505200008092,-820.1527300253));
#4505 = CARTESIAN_POINT('',(-1.476619575343,-820.3192653998));
#4506 = CARTESIAN_POINT('',(-1.450205110987,-820.5485717247));
#4507 = CARTESIAN_POINT('',(-1.426386730292,-820.8275701345));
#4508 = CARTESIAN_POINT('',(-1.405452783289,-821.1411610732));
#4509 = CARTESIAN_POINT('',(-1.364209004394,-821.9015318294));
#4510 = CARTESIAN_POINT('',(-1.345153715921,-822.3745726557));
#4511 = CARTESIAN_POINT('',(-1.33015221983,-822.8756479309));
#4512 = CARTESIAN_POINT('',(-1.319025854899,-823.3949702989));
#4513 = CARTESIAN_POINT('',(-1.311643739048,-823.9255218592));
#4514 = CARTESIAN_POINT('',(-1.307937209484,-824.4621391593));
#4515 = CARTESIAN_POINT('',(-1.307937209484,-825.));
#4516 = ( GEOMETRIC_REPRESENTATION_CONTEXT(2) 
PARAMETRIC_REPRESENTATION_CONTEXT() REPRESENTATION_CONTEXT('2D SPACE',''
  ) );
#4517 = ORIENTED_EDGE('',*,*,#4518,.T.);
#4518 = EDGE_CURVE('',#4355,#793,#4519,.T.);
#4519 = SEAM_CURVE('',#4520,(#4524,#4531),.PCURVE_S1.);
#4520 = LINE('',#4521,#4522);
#4521 = CARTESIAN_POINT('',(4.95,0.,-675.));
#4522 = VECTOR('',#4523,1.);
#4523 = DIRECTION('',(-0.,1.,-0.));
#4524 = PCURVE('',#902,#4525);
#4525 = DEFINITIONAL_REPRESENTATION('',(#4526),#4530);
#4526 = LINE('',#4527,#4528);
#4527 = CARTESIAN_POINT('',(6.28318530718,0.));
#4528 = VECTOR('',#4529,1.);
#4529 = DIRECTION('',(0.,-1.));
#4530 = ( GEOMETRIC_REPRESENTATION_CONTEXT(2) 
PARAMETRIC_REPRESENTATION_CONTEXT() REPRESENTATION_CONTEXT('2D SPACE',''
  ) );
#4531 = PCURVE('',#902,#4532);
#4532 = DEFINITIONAL_REPRESENTATION('',(#4533),#4537);
#4533 = LINE('',#4534,#4535);
#4534 = CARTESIAN_POINT('',(0.,0.));
#4535 = VECTOR('',#4536,1.);
#4536 = DIRECTION('',(0.,-1.));
#4537 = ( GEOMETRIC_REPRESENTATION_CONTEXT(2) 
PARAMETRIC_REPRESENTATION_CONTEXT() REPRESENTATION_CONTEXT('2D SPACE',''
  ) );
#4538 = ORIENTED_EDGE('',*,*,#792,.T.);
#4539 = ORIENTED_EDGE('',*,*,#4518,.F.);
#4540 = ADVANCED_FACE('',(#4541),#1073,.F.);
#4541 = FACE_BOUND('',#4542,.T.);
#4542 = EDGE_LOOP('',(#4543,#4707,#4728,#4729));
#4543 = ORIENTED_EDGE('',*,*,#4544,.F.);
#4544 = EDGE_CURVE('',#4545,#4545,#4547,.T.);
#4545 = VERTEX_POINT('',#4546);
#4546 = CARTESIAN_POINT('',(4.95,-18.3956516601,-75.));
#4547 = SURFACE_CURVE('',#4548,(#4599,#4653),.PCURVE_S1.);
#4548 = B_SPLINE_CURVE_WITH_KNOTS('',7,(#4549,#4550,#4551,#4552,#4553,
    #4554,#4555,#4556,#4557,#4558,#4559,#4560,#4561,#4562,#4563,#4564,
    #4565,#4566,#4567,#4568,#4569,#4570,#4571,#4572,#4573,#4574,#4575,
    #4576,#4577,#4578,#4579,#4580,#4581,#4582,#4583,#4584,#4585,#4586,
    #4587,#4588,#4589,#4590,#4591,#4592,#4593,#4594,#4595,#4596,#4597,
    #4598),.UNSPECIFIED.,.T.,.F.,(8,6,6,6,6,6,6,6,8),(0.,0.140667474297,
    0.253002167007,0.360985426626,0.501058430235,0.641131616232,
    0.752991719336,0.860518773111,1.),.UNSPECIFIED.);
#4549 = CARTESIAN_POINT('',(4.95,-18.3956516601,-75.));
#4550 = CARTESIAN_POINT('',(4.95,-18.3956516601,-74.46213847267));
#4551 = CARTESIAN_POINT('',(4.881815589921,-18.41399878593,
    -73.92551622114));
#4552 = CARTESIAN_POINT('',(4.746015618892,-18.45054199844,
    -73.39496327468));
#4553 = CARTESIAN_POINT('',(4.540906640497,-18.50402326675,
    -72.87564339155));
#4554 = CARTESIAN_POINT('',(4.263259752793,-18.57198571398,
    -72.37457511676));
#4555 = CARTESIAN_POINT('',(3.908541806558,-18.65000394542,
    -71.90153762464));
#4556 = CARTESIAN_POINT('',(3.123925836668,-18.79545485322,
    -71.12927313663));
#4557 = CARTESIAN_POINT('',(2.713019635634,-18.86380766535,
    -70.80385245777));
#4558 = CARTESIAN_POINT('',(2.241190804329,-18.93070370847,
    -70.51629657618));
#4559 = CARTESIAN_POINT('',(1.714663042251,-18.9890335198,
    -70.28403537246));
#4560 = CARTESIAN_POINT('',(1.1435338668,-19.03139530257,-70.12162476332
    ));
#4561 = CARTESIAN_POINT('',(0.5406416368,-19.05239078771,-70.04079797304
    ));
#4562 = CARTESIAN_POINT('',(-0.673729992827,-19.04738431351,
    -70.06006757491));
#4563 = CARTESIAN_POINT('',(-1.249509766437,-19.02331371518,
    -70.15273002693));
#4564 = CARTESIAN_POINT('',(-1.792847618638,-18.98022231713,
    -70.31926539487));
#4565 = CARTESIAN_POINT('',(-2.293235222585,-18.92323827043,
    -70.54857173143));
#4566 = CARTESIAN_POINT('',(-2.742586419764,-18.85885978313,
    -70.82757012985));
#4567 = CARTESIAN_POINT('',(-3.136003908642,-18.79321583872,
    -71.14116107471));
#4568 = CARTESIAN_POINT('',(-3.908535912603,-18.65000503804,
    -71.90153182347));
#4569 = CARTESIAN_POINT('',(-4.263260662066,-18.57198586348,
    -72.37457268069));
#4570 = CARTESIAN_POINT('',(-4.540909786028,-18.50402235355,
    -72.87564788427));
#4571 = CARTESIAN_POINT('',(-4.746018022172,-18.45054138956,
    -73.39497034636));
#4572 = CARTESIAN_POINT('',(-4.881815773446,-18.41399872723,
    -73.92552183293));
#4573 = CARTESIAN_POINT('',(-4.95,-18.3956516601,-74.46213916588));
#4574 = CARTESIAN_POINT('',(-4.95,-18.3956516601,-75.53786153445));
#4575 = CARTESIAN_POINT('',(-4.881815595296,-18.41399878484,
    -76.07448375168));
#4576 = CARTESIAN_POINT('',(-4.746015601436,-18.45054200194,
    -76.60503677298));
#4577 = CARTESIAN_POINT('',(-4.540906665161,-18.5040232619,
    -77.1243565624));
#4578 = CARTESIAN_POINT('',(-4.263259734921,-18.5719857174,
    -77.62542490757));
#4579 = CARTESIAN_POINT('',(-3.908541812432,-18.65000394434,
    -78.09846236956));
#4580 = CARTESIAN_POINT('',(-3.123925834803,-18.79545485356,
    -78.8707268652));
#4581 = CARTESIAN_POINT('',(-2.713019644697,-18.86380766423,
    -79.19614753646));
#4582 = CARTESIAN_POINT('',(-2.24119078572,-18.9307037101,
    -79.48370343193));
#4583 = CARTESIAN_POINT('',(-1.714663062636,-18.98903351862,
    -79.71596462175));
#4584 = CARTESIAN_POINT('',(-1.143533854677,-19.03139530292,
    -79.87837523839));
#4585 = CARTESIAN_POINT('',(-0.540641640087,-19.05239078772,
    -79.959202027));
#4586 = CARTESIAN_POINT('',(0.673729995463,-19.0473843135,
    -79.93993242504));
#4587 = CARTESIAN_POINT('',(1.249509756773,-19.02331371553,
    -79.84726997467));
#4588 = CARTESIAN_POINT('',(1.792847634835,-18.98022231611,
    -79.68073460018));
#4589 = CARTESIAN_POINT('',(2.293235207816,-18.92323827178,
    -79.45142827526));
#4590 = CARTESIAN_POINT('',(2.742586426967,-18.85885978222,
    -79.17242986548));
#4591 = CARTESIAN_POINT('',(3.13600390715,-18.79321583899,
    -78.85883892675));
#4592 = CARTESIAN_POINT('',(3.908535918697,-18.65000503691,
    -78.09846817052));
#4593 = CARTESIAN_POINT('',(4.263260643527,-18.57198586704,
    -77.62542734427));
#4594 = CARTESIAN_POINT('',(4.54090981158,-18.50402234852,
    -77.12435206908));
#4595 = CARTESIAN_POINT('',(4.746018004127,-18.45054139318,
    -76.60502970107));
#4596 = CARTESIAN_POINT('',(4.881815778986,-18.4139987261,
    -76.07447814075));
#4597 = CARTESIAN_POINT('',(4.95,-18.3956516601,-75.53786084069));
#4598 = CARTESIAN_POINT('',(4.95,-18.3956516601,-75.));
#4599 = PCURVE('',#1073,#4600);
#4600 = DEFINITIONAL_REPRESENTATION('',(#4601),#4652);
#4601 = B_SPLINE_CURVE_WITH_KNOTS('',7,(#4602,#4603,#4604,#4605,#4606,
    #4607,#4608,#4609,#4610,#4611,#4612,#4613,#4614,#4615,#4616,#4617,
    #4618,#4619,#4620,#4621,#4622,#4623,#4624,#4625,#4626,#4627,#4628,
    #4629,#4630,#4631,#4632,#4633,#4634,#4635,#4636,#4637,#4638,#4639,
    #4640,#4641,#4642,#4643,#4644,#4645,#4646,#4647,#4648,#4649,#4650,
    #4651),.UNSPECIFIED.,.F.,.F.,(8,6,6,6,6,6,6,6,8),(0.,0.140667474297,
    0.253002167007,0.360985426626,0.501058430235,0.641131616232,
    0.752991719336,0.860518773111,1.),.UNSPECIFIED.);
#4602 = CARTESIAN_POINT('',(0.,-18.3956516601));
#4603 = CARTESIAN_POINT('',(-0.108658894409,-18.3956516601));
#4604 = CARTESIAN_POINT('',(-0.21706713558,-18.41399878593));
#4605 = CARTESIAN_POINT('',(-0.326346390996,-18.45054199844));
#4606 = CARTESIAN_POINT('',(-0.437499075981,-18.50402326675));
#4607 = CARTESIAN_POINT('',(-0.551567203884,-18.57198571398));
#4608 = CARTESIAN_POINT('',(-0.669674626197,-18.65000394542));
#4609 = CARTESIAN_POINT('',(-0.892081772363,-18.79545485322));
#4610 = CARTESIAN_POINT('',(-0.997359698798,-18.86380766535));
#4611 = CARTESIAN_POINT('',(-1.107614922811,-18.93070370847));
#4612 = CARTESIAN_POINT('',(-1.221995935549,-18.9890335198));
#4613 = CARTESIAN_POINT('',(-1.340038793488,-19.03139530257));
#4614 = CARTESIAN_POINT('',(-1.461560712926,-19.05239078771));
#4615 = CARTESIAN_POINT('',(-1.706919198715,-19.04738431351));
#4616 = CARTESIAN_POINT('',(-1.823520704756,-19.02331371518));
#4617 = CARTESIAN_POINT('',(-1.936646356115,-18.98022231713));
#4618 = CARTESIAN_POINT('',(-2.046202258427,-18.92323827043));
#4619 = CARTESIAN_POINT('',(-2.151851130486,-18.85885978313));
#4620 = CARTESIAN_POINT('',(-2.252934530021,-18.79321583872));
#4621 = CARTESIAN_POINT('',(-2.471916356693,-18.65000503804));
#4622 = CARTESIAN_POINT('',(-2.590025227018,-18.57198586348));
#4623 = CARTESIAN_POINT('',(-2.704094581471,-18.50402235355));
#4624 = CARTESIAN_POINT('',(-2.815247734265,-18.45054138956));
#4625 = CARTESIAN_POINT('',(-2.924526643385,-18.41399872723));
#4626 = CARTESIAN_POINT('',(-3.032933899224,-18.3956516601));
#4627 = CARTESIAN_POINT('',(-3.25025154944,-18.3956516601));
#4628 = CARTESIAN_POINT('',(-3.358659783299,-18.41399878484));
#4629 = CARTESIAN_POINT('',(-3.467939055496,-18.45054200194));
#4630 = CARTESIAN_POINT('',(-3.579091718382,-18.5040232619));
#4631 = CARTESIAN_POINT('',(-3.693159863825,-18.5719857174));
#4632 = CARTESIAN_POINT('',(-3.811267278122,-18.65000394434));
#4633 = CARTESIAN_POINT('',(-4.033674426481,-18.79545485356));
#4634 = CARTESIAN_POINT('',(-4.13895235011,-18.86380766423));
#4635 = CARTESIAN_POINT('',(-4.249207580754,-18.9307037101));
#4636 = CARTESIAN_POINT('',(-4.363588584617,-18.98903351862));
#4637 = CARTESIAN_POINT('',(-4.481631449646,-19.03139530292));
#4638 = CARTESIAN_POINT('',(-4.603153365852,-19.05239078772));
#4639 = CARTESIAN_POINT('',(-4.848511852837,-19.0473843135));
#4640 = CARTESIAN_POINT('',(-4.965113356296,-19.02331371553));
#4641 = CARTESIAN_POINT('',(-5.078239013304,-18.98022231611));
#4642 = CARTESIAN_POINT('',(-5.187794908555,-18.92323827178));
#4643 = CARTESIAN_POINT('',(-5.293443785889,-18.85885978222));
#4644 = CARTESIAN_POINT('',(-5.394527183188,-18.79321583899));
#4645 = CARTESIAN_POINT('',(-5.61350901201,-18.65000503691));
#4646 = CARTESIAN_POINT('',(-5.731617874076,-18.57198586704));
#4647 = CARTESIAN_POINT('',(-5.845687246434,-18.50402234852));
#4648 = CARTESIAN_POINT('',(-5.956840376951,-18.45054139318));
#4649 = CARTESIAN_POINT('',(-6.066119302684,-18.4139987261));
#4650 = CARTESIAN_POINT('',(-6.174526551484,-18.3956516601));
#4651 = CARTESIAN_POINT('',(-6.28318530718,-18.3956516601));
#4652 = ( GEOMETRIC_REPRESENTATION_CONTEXT(2) 
PARAMETRIC_REPRESENTATION_CONTEXT() REPRESENTATION_CONTEXT('2D SPACE',''
  ) );
#4653 = PCURVE('',#3549,#4654);
#4654 = DEFINITIONAL_REPRESENTATION('',(#4655),#4706);
#4655 = B_SPLINE_CURVE_WITH_KNOTS('',7,(#4656,#4657,#4658,#4659,#4660,
    #4661,#4662,#4663,#4664,#4665,#4666,#4667,#4668,#4669,#4670,#4671,
    #4672,#4673,#4674,#4675,#4676,#4677,#4678,#4679,#4680,#4681,#4682,
    #4683,#4684,#4685,#4686,#4687,#4688,#4689,#4690,#4691,#4692,#4693,
    #4694,#4695,#4696,#4697,#4698,#4699,#4700,#4701,#4702,#4703,#4704,
    #4705),.UNSPECIFIED.,.T.,.F.,(8,6,6,6,6,6,6,6,8),(0.,0.140667474297,
    0.253002167007,0.360985426626,0.501058430235,0.641131616232,
    0.752991719336,0.860518773111,1.),.UNSPECIFIED.);
#4656 = CARTESIAN_POINT('',(-4.975248097696,-1.425E+03));
#4657 = CARTESIAN_POINT('',(-4.975248097696,-1.425537861527E+03));
#4658 = CARTESIAN_POINT('',(-4.97154155786,-1.426074483779E+03));
#4659 = CARTESIAN_POINT('',(-4.964159322623,-1.426605036725E+03));
#4660 = CARTESIAN_POINT('',(-4.953032915055,-1.427124356608E+03));
#4661 = CARTESIAN_POINT('',(-4.938031546878,-1.427625424883E+03));
#4662 = CARTESIAN_POINT('',(-4.918976617126,-1.428098462375E+03));
#4663 = CARTESIAN_POINT('',(-4.877087702368,-1.428870726863E+03));
#4664 = CARTESIAN_POINT('',(-4.855225187408,-1.429196147542E+03));
#4665 = CARTESIAN_POINT('',(-4.830221422238,-1.429483703424E+03));
#4666 = CARTESIAN_POINT('',(-4.802439460879,-1.429715964628E+03));
#4667 = CARTESIAN_POINT('',(-4.772412500344,-1.429878375237E+03));
#4668 = CARTESIAN_POINT('',(-4.740769383337,-1.429959202027E+03));
#4669 = CARTESIAN_POINT('',(-4.677022299367,-1.429939932425E+03));
#4670 = CARTESIAN_POINT('',(-4.646792661173,-1.429847269973E+03));
#4671 = CARTESIAN_POINT('',(-4.618212229787,-1.429680734605E+03));
#4672 = CARTESIAN_POINT('',(-4.591797763796,-1.429451428269E+03));
#4673 = CARTESIAN_POINT('',(-4.567979384264,-1.42917242987E+03));
#4674 = CARTESIAN_POINT('',(-4.547045436799,-1.428858838925E+03));
#4675 = CARTESIAN_POINT('',(-4.505801658309,-1.428098468177E+03));
#4676 = CARTESIAN_POINT('',(-4.48674636852,-1.427625427319E+03));
#4677 = CARTESIAN_POINT('',(-4.471744874788,-1.427124352116E+03));
#4678 = CARTESIAN_POINT('',(-4.460618507522,-1.426605029654E+03));
#4679 = CARTESIAN_POINT('',(-4.453236392935,-1.426074478167E+03));
#4680 = CARTESIAN_POINT('',(-4.449529863074,-1.425537860834E+03));
#4681 = CARTESIAN_POINT('',(-4.449529863074,-1.424462138466E+03));
#4682 = CARTESIAN_POINT('',(-4.453236402622,-1.423925516248E+03));
#4683 = CARTESIAN_POINT('',(-4.460618639082,-1.423394963227E+03));
#4684 = CARTESIAN_POINT('',(-4.471745044395,-1.422875643438E+03));
#4685 = CARTESIAN_POINT('',(-4.486746414847,-1.422374575092E+03));
#4686 = CARTESIAN_POINT('',(-4.50580134333,-1.42190153763E+03));
#4687 = CARTESIAN_POINT('',(-4.547690258501,-1.421129273135E+03));
#4688 = CARTESIAN_POINT('',(-4.569552772881,-1.420803852464E+03));
#4689 = CARTESIAN_POINT('',(-4.594556539516,-1.420516296568E+03));
#4690 = CARTESIAN_POINT('',(-4.622338498815,-1.420284035378E+03));
#4691 = CARTESIAN_POINT('',(-4.652365461064,-1.420121624762E+03));
#4692 = CARTESIAN_POINT('',(-4.684008577259,-1.420040797973E+03));
#4693 = CARTESIAN_POINT('',(-4.747755661541,-1.420060067575E+03));
#4694 = CARTESIAN_POINT('',(-4.777985299088,-1.420152730025E+03));
#4695 = CARTESIAN_POINT('',(-4.806565731837,-1.4203192654E+03));
#4696 = CARTESIAN_POINT('',(-4.832980196192,-1.420548571725E+03));
#4697 = CARTESIAN_POINT('',(-4.856798576888,-1.420827570135E+03));
#4698 = CARTESIAN_POINT('',(-4.877732523891,-1.421141161073E+03));
#4699 = CARTESIAN_POINT('',(-4.918976302786,-1.421901531829E+03));
#4700 = CARTESIAN_POINT('',(-4.938031591258,-1.422374572656E+03));
#4701 = CARTESIAN_POINT('',(-4.953033087349,-1.422875647931E+03));
#4702 = CARTESIAN_POINT('',(-4.964159452281,-1.423394970299E+03));
#4703 = CARTESIAN_POINT('',(-4.971541568132,-1.423925521859E+03));
#4704 = CARTESIAN_POINT('',(-4.975248097696,-1.424462139159E+03));
#4705 = CARTESIAN_POINT('',(-4.975248097696,-1.425E+03));
#4706 = ( GEOMETRIC_REPRESENTATION_CONTEXT(2) 
PARAMETRIC_REPRESENTATION_CONTEXT() REPRESENTATION_CONTEXT('2D SPACE',''
  ) );
#4707 = ORIENTED_EDGE('',*,*,#4708,.T.);
#4708 = EDGE_CURVE('',#4545,#964,#4709,.T.);
#4709 = SEAM_CURVE('',#4710,(#4714,#4721),.PCURVE_S1.);
#4710 = LINE('',#4711,#4712);
#4711 = CARTESIAN_POINT('',(4.95,0.,-75.));
#4712 = VECTOR('',#4713,1.);
#4713 = DIRECTION('',(0.,-1.,0.));
#4714 = PCURVE('',#1073,#4715);
#4715 = DEFINITIONAL_REPRESENTATION('',(#4716),#4720);
#4716 = LINE('',#4717,#4718);
#4717 = CARTESIAN_POINT('',(-6.28318530718,0.));
#4718 = VECTOR('',#4719,1.);
#4719 = DIRECTION('',(-0.,-1.));
#4720 = ( GEOMETRIC_REPRESENTATION_CONTEXT(2) 
PARAMETRIC_REPRESENTATION_CONTEXT() REPRESENTATION_CONTEXT('2D SPACE',''
  ) );
#4721 = PCURVE('',#1073,#4722);
#4722 = DEFINITIONAL_REPRESENTATION('',(#4723),#4727);
#4723 = LINE('',#4724,#4725);
#4724 = CARTESIAN_POINT('',(-0.,0.));
#4725 = VECTOR('',#4726,1.);
#4726 = DIRECTION('',(-0.,-1.));
#4727 = ( GEOMETRIC_REPRESENTATION_CONTEXT(2) 
PARAMETRIC_REPRESENTATION_CONTEXT() REPRESENTATION_CONTEXT('2D SPACE',''
  ) );
#4728 = ORIENTED_EDGE('',*,*,#963,.T.);
#4729 = ORIENTED_EDGE('',*,*,#4708,.F.);
#4730 = ADVANCED_FACE('',(#4731),#1244,.F.);
#4731 = FACE_BOUND('',#4732,.T.);
#4732 = EDGE_LOOP('',(#4733,#4897,#4918,#4919));
#4733 = ORIENTED_EDGE('',*,*,#4734,.F.);
#4734 = EDGE_CURVE('',#4735,#4735,#4737,.T.);
#4735 = VERTEX_POINT('',#4736);
#4736 = CARTESIAN_POINT('',(4.95,-18.3956516601,-225.));
#4737 = SURFACE_CURVE('',#4738,(#4789,#4843),.PCURVE_S1.);
#4738 = B_SPLINE_CURVE_WITH_KNOTS('',7,(#4739,#4740,#4741,#4742,#4743,
    #4744,#4745,#4746,#4747,#4748,#4749,#4750,#4751,#4752,#4753,#4754,
    #4755,#4756,#4757,#4758,#4759,#4760,#4761,#4762,#4763,#4764,#4765,
    #4766,#4767,#4768,#4769,#4770,#4771,#4772,#4773,#4774,#4775,#4776,
    #4777,#4778,#4779,#4780,#4781,#4782,#4783,#4784,#4785,#4786,#4787,
    #4788),.UNSPECIFIED.,.T.,.F.,(8,6,6,6,6,6,6,6,8),(0.,0.140667476193,
    0.253002168922,0.360985429025,0.50105843264,0.641131618642,
    0.75299172175,0.860518775053,1.),.UNSPECIFIED.);
#4739 = CARTESIAN_POINT('',(4.95,-18.3956516601,-225.));
#4740 = CARTESIAN_POINT('',(4.95,-18.3956516601,-224.4621384655));
#4741 = CARTESIAN_POINT('',(4.881815595296,-18.41399878484,
    -223.9255162483));
#4742 = CARTESIAN_POINT('',(4.746015601437,-18.45054200194,
    -223.394963227));
#4743 = CARTESIAN_POINT('',(4.54090666516,-18.5040232619,-222.8756434375
    ));
#4744 = CARTESIAN_POINT('',(4.263259734921,-18.5719857174,
    -222.3745750924));
#4745 = CARTESIAN_POINT('',(3.908541812432,-18.65000394434,
    -221.9015376304));
#4746 = CARTESIAN_POINT('',(3.123925836615,-18.79545485323,
    -221.1292731365));
#4747 = CARTESIAN_POINT('',(2.713019635684,-18.86380766534,
    -220.8038524578));
#4748 = CARTESIAN_POINT('',(2.241190804395,-18.93070370847,
    -220.5162965761));
#4749 = CARTESIAN_POINT('',(1.714663042187,-18.98903351982,
    -220.2840353724));
#4750 = CARTESIAN_POINT('',(1.143533866731,-19.03139530256,
    -220.1216247633));
#4751 = CARTESIAN_POINT('',(0.540641636874,-19.05239078771,
    -220.040797973));
#4752 = CARTESIAN_POINT('',(-0.673729995462,-19.0473843135,
    -220.0600675749));
#4753 = CARTESIAN_POINT('',(-1.249509756775,-19.02331371553,
    -220.1527300253));
#4754 = CARTESIAN_POINT('',(-1.792847634834,-18.98022231611,
    -220.3192653998));
#4755 = CARTESIAN_POINT('',(-2.293235207815,-18.92323827178,
    -220.5485717247));
#4756 = CARTESIAN_POINT('',(-2.742586426968,-18.85885978222,
    -220.8275701345));
#4757 = CARTESIAN_POINT('',(-3.13600390715,-18.79321583899,
    -221.1411610732));
#4758 = CARTESIAN_POINT('',(-3.908535912603,-18.65000503804,
    -221.9015318234));
#4759 = CARTESIAN_POINT('',(-4.263260662066,-18.57198586348,
    -222.3745726806));
#4760 = CARTESIAN_POINT('',(-4.540909786029,-18.50402235355,
    -222.8756478842));
#4761 = CARTESIAN_POINT('',(-4.746018022171,-18.45054138956,
    -223.3949703463));
#4762 = CARTESIAN_POINT('',(-4.881815773447,-18.41399872723,
    -223.9255218329));
#4763 = CARTESIAN_POINT('',(-4.95,-18.3956516601,-224.4621391658));
#4764 = CARTESIAN_POINT('',(-4.95,-18.3956516601,-225.5378615344));
#4765 = CARTESIAN_POINT('',(-4.881815595297,-18.41399878484,
    -226.0744837516));
#4766 = CARTESIAN_POINT('',(-4.746015601436,-18.45054200194,
    -226.6050367729));
#4767 = CARTESIAN_POINT('',(-4.540906665161,-18.5040232619,
    -227.1243565624));
#4768 = CARTESIAN_POINT('',(-4.263259734921,-18.5719857174,
    -227.6254249075));
#4769 = CARTESIAN_POINT('',(-3.908541812432,-18.65000394434,
    -228.0984623695));
#4770 = CARTESIAN_POINT('',(-3.123925834804,-18.79545485356,
    -228.8707268652));
#4771 = CARTESIAN_POINT('',(-2.713019644697,-18.86380766423,
    -229.1961475364));
#4772 = CARTESIAN_POINT('',(-2.241190785719,-18.9307037101,
    -229.4837034319));
#4773 = CARTESIAN_POINT('',(-1.714663062637,-18.98903351862,
    -229.7159646217));
#4774 = CARTESIAN_POINT('',(-1.143533854676,-19.03139530292,
    -229.8783752383));
#4775 = CARTESIAN_POINT('',(-0.540641640087,-19.05239078772,
    -229.959202027));
#4776 = CARTESIAN_POINT('',(0.673729992827,-19.04738431351,
    -229.939932425));
#4777 = CARTESIAN_POINT('',(1.249509766437,-19.02331371518,
    -229.847269973));
#4778 = CARTESIAN_POINT('',(1.792847618639,-18.98022231713,
    -229.6807346051));
#4779 = CARTESIAN_POINT('',(2.293235222584,-18.92323827043,
    -229.4514282685));
#4780 = CARTESIAN_POINT('',(2.742586419765,-18.85885978313,
    -229.1724298701));
#4781 = CARTESIAN_POINT('',(3.136003908642,-18.79321583872,
    -228.8588389252));
#4782 = CARTESIAN_POINT('',(3.908535912603,-18.65000503804,
    -228.0984681765));
#4783 = CARTESIAN_POINT('',(4.263260662066,-18.57198586349,
    -227.6254273193));
#4784 = CARTESIAN_POINT('',(4.540909786029,-18.50402235355,
    -227.1243521157));
#4785 = CARTESIAN_POINT('',(4.746018022171,-18.45054138956,
    -226.6050296536));
#4786 = CARTESIAN_POINT('',(4.881815773447,-18.41399872723,
    -226.074478167));
#4787 = CARTESIAN_POINT('',(4.95,-18.3956516601,-225.5378608341));
#4788 = CARTESIAN_POINT('',(4.95,-18.3956516601,-225.));
#4789 = PCURVE('',#1244,#4790);
#4790 = DEFINITIONAL_REPRESENTATION('',(#4791),#4842);
#4791 = B_SPLINE_CURVE_WITH_KNOTS('',7,(#4792,#4793,#4794,#4795,#4796,
    #4797,#4798,#4799,#4800,#4801,#4802,#4803,#4804,#4805,#4806,#4807,
    #4808,#4809,#4810,#4811,#4812,#4813,#4814,#4815,#4816,#4817,#4818,
    #4819,#4820,#4821,#4822,#4823,#4824,#4825,#4826,#4827,#4828,#4829,
    #4830,#4831,#4832,#4833,#4834,#4835,#4836,#4837,#4838,#4839,#4840,
    #4841),.UNSPECIFIED.,.F.,.F.,(8,6,6,6,6,6,6,6,8),(0.,0.140667476193,
    0.253002168922,0.360985429025,0.50105843264,0.641131618642,
    0.75299172175,0.860518775053,1.),.UNSPECIFIED.);
#4792 = CARTESIAN_POINT('',(0.,-18.3956516601));
#4793 = CARTESIAN_POINT('',(-0.10865889585,-18.3956516601));
#4794 = CARTESIAN_POINT('',(-0.217067129709,-18.41399878484));
#4795 = CARTESIAN_POINT('',(-0.326346401907,-18.45054200194));
#4796 = CARTESIAN_POINT('',(-0.437499064792,-18.5040232619));
#4797 = CARTESIAN_POINT('',(-0.551567210235,-18.5719857174));
#4798 = CARTESIAN_POINT('',(-0.669674624532,-18.65000394434));
#4799 = CARTESIAN_POINT('',(-0.892081772378,-18.79545485323));
#4800 = CARTESIAN_POINT('',(-0.997359698781,-18.86380766534));
#4801 = CARTESIAN_POINT('',(-1.107614922802,-18.93070370847));
#4802 = CARTESIAN_POINT('',(-1.221995935561,-18.98903351982));
#4803 = CARTESIAN_POINT('',(-1.340038793502,-19.03139530256));
#4804 = CARTESIAN_POINT('',(-1.461560712911,-19.05239078771));
#4805 = CARTESIAN_POINT('',(-1.706919199247,-19.0473843135));
#4806 = CARTESIAN_POINT('',(-1.823520702707,-19.02331371553));
#4807 = CARTESIAN_POINT('',(-1.936646359714,-18.98022231611));
#4808 = CARTESIAN_POINT('',(-2.046202254965,-18.92323827178));
#4809 = CARTESIAN_POINT('',(-2.1518511323,-18.85885978222));
#4810 = CARTESIAN_POINT('',(-2.252934529598,-18.79321583899));
#4811 = CARTESIAN_POINT('',(-2.471916356693,-18.65000503804));
#4812 = CARTESIAN_POINT('',(-2.590025227017,-18.57198586348));
#4813 = CARTESIAN_POINT('',(-2.704094581472,-18.50402235355));
#4814 = CARTESIAN_POINT('',(-2.815247734264,-18.45054138956));
#4815 = CARTESIAN_POINT('',(-2.924526643386,-18.41399872723));
#4816 = CARTESIAN_POINT('',(-3.032933899223,-18.3956516601));
#4817 = CARTESIAN_POINT('',(-3.25025154944,-18.3956516601));
#4818 = CARTESIAN_POINT('',(-3.358659783299,-18.41399878484));
#4819 = CARTESIAN_POINT('',(-3.467939055497,-18.45054200194));
#4820 = CARTESIAN_POINT('',(-3.579091718382,-18.5040232619));
#4821 = CARTESIAN_POINT('',(-3.693159863825,-18.5719857174));
#4822 = CARTESIAN_POINT('',(-3.811267278122,-18.65000394434));
#4823 = CARTESIAN_POINT('',(-4.033674426481,-18.79545485356));
#4824 = CARTESIAN_POINT('',(-4.13895235011,-18.86380766423));
#4825 = CARTESIAN_POINT('',(-4.249207580754,-18.9307037101));
#4826 = CARTESIAN_POINT('',(-4.363588584616,-18.98903351862));
#4827 = CARTESIAN_POINT('',(-4.481631449647,-19.03139530292));
#4828 = CARTESIAN_POINT('',(-4.603153365852,-19.05239078772));
#4829 = CARTESIAN_POINT('',(-4.848511852304,-19.04738431351));
#4830 = CARTESIAN_POINT('',(-4.965113358346,-19.02331371518));
#4831 = CARTESIAN_POINT('',(-5.078239009705,-18.98022231713));
#4832 = CARTESIAN_POINT('',(-5.187794912017,-18.92323827043));
#4833 = CARTESIAN_POINT('',(-5.293443784076,-18.85885978313));
#4834 = CARTESIAN_POINT('',(-5.394527183611,-18.79321583872));
#4835 = CARTESIAN_POINT('',(-5.613509010283,-18.65000503804));
#4836 = CARTESIAN_POINT('',(-5.731617880607,-18.57198586349));
#4837 = CARTESIAN_POINT('',(-5.845687235061,-18.50402235355));
#4838 = CARTESIAN_POINT('',(-5.956840387854,-18.45054138956));
#4839 = CARTESIAN_POINT('',(-6.066119296976,-18.41399872723));
#4840 = CARTESIAN_POINT('',(-6.174526552813,-18.3956516601));
#4841 = CARTESIAN_POINT('',(-6.28318530718,-18.3956516601));
#4842 = ( GEOMETRIC_REPRESENTATION_CONTEXT(2) 
PARAMETRIC_REPRESENTATION_CONTEXT() REPRESENTATION_CONTEXT('2D SPACE',''
  ) );
#4843 = PCURVE('',#3549,#4844);
#4844 = DEFINITIONAL_REPRESENTATION('',(#4845),#4896);
#4845 = B_SPLINE_CURVE_WITH_KNOTS('',7,(#4846,#4847,#4848,#4849,#4850,
    #4851,#4852,#4853,#4854,#4855,#4856,#4857,#4858,#4859,#4860,#4861,
    #4862,#4863,#4864,#4865,#4866,#4867,#4868,#4869,#4870,#4871,#4872,
    #4873,#4874,#4875,#4876,#4877,#4878,#4879,#4880,#4881,#4882,#4883,
    #4884,#4885,#4886,#4887,#4888,#4889,#4890,#4891,#4892,#4893,#4894,
    #4895),.UNSPECIFIED.,.T.,.F.,(8,6,6,6,6,6,6,6,8),(0.,0.140667476193,
    0.253002168922,0.360985429025,0.50105843264,0.641131618642,
    0.75299172175,0.860518775053,1.),.UNSPECIFIED.);
#4846 = CARTESIAN_POINT('',(-4.975248097696,-1.275E+03));
#4847 = CARTESIAN_POINT('',(-4.975248097696,-1.275537861534E+03));
#4848 = CARTESIAN_POINT('',(-4.971541558148,-1.276074483752E+03));
#4849 = CARTESIAN_POINT('',(-4.964159321688,-1.276605036773E+03));
#4850 = CARTESIAN_POINT('',(-4.953032916375,-1.277124356562E+03));
#4851 = CARTESIAN_POINT('',(-4.938031545923,-1.277625424908E+03));
#4852 = CARTESIAN_POINT('',(-4.918976617439,-1.27809846237E+03));
#4853 = CARTESIAN_POINT('',(-4.877087702365,-1.278870726863E+03));
#4854 = CARTESIAN_POINT('',(-4.85522518741,-1.279196147542E+03));
#4855 = CARTESIAN_POINT('',(-4.830221422241,-1.279483703424E+03));
#4856 = CARTESIAN_POINT('',(-4.802439460876,-1.279715964628E+03));
#4857 = CARTESIAN_POINT('',(-4.77241250034,-1.279878375237E+03));
#4858 = CARTESIAN_POINT('',(-4.740769383341,-1.279959202027E+03));
#4859 = CARTESIAN_POINT('',(-4.677022299228,-1.279939932425E+03));
#4860 = CARTESIAN_POINT('',(-4.646792661682,-1.279847269975E+03));
#4861 = CARTESIAN_POINT('',(-4.618212228933,-1.2796807346E+03));
#4862 = CARTESIAN_POINT('',(-4.591797764577,-1.279451428275E+03));
#4863 = CARTESIAN_POINT('',(-4.567979383882,-1.279172429865E+03));
#4864 = CARTESIAN_POINT('',(-4.547045436879,-1.278858838927E+03));
#4865 = CARTESIAN_POINT('',(-4.505801658309,-1.278098468177E+03));
#4866 = CARTESIAN_POINT('',(-4.48674636852,-1.277625427319E+03));
#4867 = CARTESIAN_POINT('',(-4.471744874787,-1.277124352116E+03));
#4868 = CARTESIAN_POINT('',(-4.460618507522,-1.276605029654E+03));
#4869 = CARTESIAN_POINT('',(-4.453236392935,-1.276074478167E+03));
#4870 = CARTESIAN_POINT('',(-4.449529863074,-1.275537860834E+03));
#4871 = CARTESIAN_POINT('',(-4.449529863074,-1.274462138466E+03));
#4872 = CARTESIAN_POINT('',(-4.453236402622,-1.273925516248E+03));
#4873 = CARTESIAN_POINT('',(-4.460618639082,-1.273394963227E+03));
#4874 = CARTESIAN_POINT('',(-4.471745044395,-1.272875643438E+03));
#4875 = CARTESIAN_POINT('',(-4.486746414847,-1.272374575092E+03));
#4876 = CARTESIAN_POINT('',(-4.50580134333,-1.27190153763E+03));
#4877 = CARTESIAN_POINT('',(-4.547690258501,-1.271129273135E+03));
#4878 = CARTESIAN_POINT('',(-4.569552772881,-1.270803852464E+03));
#4879 = CARTESIAN_POINT('',(-4.594556539516,-1.270516296568E+03));
#4880 = CARTESIAN_POINT('',(-4.622338498815,-1.270284035378E+03));
#4881 = CARTESIAN_POINT('',(-4.652365461064,-1.270121624762E+03));
#4882 = CARTESIAN_POINT('',(-4.684008577259,-1.270040797973E+03));
#4883 = CARTESIAN_POINT('',(-4.747755661403,-1.270060067575E+03));
#4884 = CARTESIAN_POINT('',(-4.777985299596,-1.270152730027E+03));
#4885 = CARTESIAN_POINT('',(-4.806565730983,-1.270319265395E+03));
#4886 = CARTESIAN_POINT('',(-4.832980196973,-1.270548571731E+03));
#4887 = CARTESIAN_POINT('',(-4.856798576506,-1.27082757013E+03));
#4888 = CARTESIAN_POINT('',(-4.87773252397,-1.271141161075E+03));
#4889 = CARTESIAN_POINT('',(-4.91897630246,-1.271901531823E+03));
#4890 = CARTESIAN_POINT('',(-4.938031592249,-1.272374572681E+03));
#4891 = CARTESIAN_POINT('',(-4.953033085982,-1.272875647884E+03));
#4892 = CARTESIAN_POINT('',(-4.964159453247,-1.273394970346E+03));
#4893 = CARTESIAN_POINT('',(-4.971541567835,-1.273925521833E+03));
#4894 = CARTESIAN_POINT('',(-4.975248097696,-1.274462139166E+03));
#4895 = CARTESIAN_POINT('',(-4.975248097696,-1.275E+03));
#4896 = ( GEOMETRIC_REPRESENTATION_CONTEXT(2) 
PARAMETRIC_REPRESENTATION_CONTEXT() REPRESENTATION_CONTEXT('2D SPACE',''
  ) );
#4897 = ORIENTED_EDGE('',*,*,#4898,.T.);
#4898 = EDGE_CURVE('',#4735,#1135,#4899,.T.);
#4899 = SEAM_CURVE('',#4900,(#4904,#4911),.PCURVE_S1.);
#4900 = LINE('',#4901,#4902);
#4901 = CARTESIAN_POINT('',(4.95,0.,-225.));
#4902 = VECTOR('',#4903,1.);
#4903 = DIRECTION('',(0.,-1.,0.));
#4904 = PCURVE('',#1244,#4905);
#4905 = DEFINITIONAL_REPRESENTATION('',(#4906),#4910);
#4906 = LINE('',#4907,#4908);
#4907 = CARTESIAN_POINT('',(-6.28318530718,0.));
#4908 = VECTOR('',#4909,1.);
#4909 = DIRECTION('',(-0.,-1.));
#4910 = ( GEOMETRIC_REPRESENTATION_CONTEXT(2) 
PARAMETRIC_REPRESENTATION_CONTEXT() REPRESENTATION_CONTEXT('2D SPACE',''
  ) );
#4911 = PCURVE('',#1244,#4912);
#4912 = DEFINITIONAL_REPRESENTATION('',(#4913),#4917);
#4913 = LINE('',#4914,#4915);
#4914 = CARTESIAN_POINT('',(-0.,0.));
#4915 = VECTOR('',#4916,1.);
#4916 = DIRECTION('',(-0.,-1.));
#4917 = ( GEOMETRIC_REPRESENTATION_CONTEXT(2) 
PARAMETRIC_REPRESENTATION_CONTEXT() REPRESENTATION_CONTEXT('2D SPACE',''
  ) );
#4918 = ORIENTED_EDGE('',*,*,#1134,.T.);
#4919 = ORIENTED_EDGE('',*,*,#4898,.F.);
#4920 = ADVANCED_FACE('',(#4921),#1415,.F.);
#4921 = FACE_BOUND('',#4922,.T.);
#4922 = EDGE_LOOP('',(#4923,#5087,#5108,#5109));
#4923 = ORIENTED_EDGE('',*,*,#4924,.F.);
#4924 = EDGE_CURVE('',#4925,#4925,#4927,.T.);
#4925 = VERTEX_POINT('',#4926);
#4926 = CARTESIAN_POINT('',(4.95,-18.3956516601,-375.));
#4927 = SURFACE_CURVE('',#4928,(#4979,#5033),.PCURVE_S1.);
#4928 = B_SPLINE_CURVE_WITH_KNOTS('',7,(#4929,#4930,#4931,#4932,#4933,
    #4934,#4935,#4936,#4937,#4938,#4939,#4940,#4941,#4942,#4943,#4944,
    #4945,#4946,#4947,#4948,#4949,#4950,#4951,#4952,#4953,#4954,#4955,
    #4956,#4957,#4958,#4959,#4960,#4961,#4962,#4963,#4964,#4965,#4966,
    #4967,#4968,#4969,#4970,#4971,#4972,#4973,#4974,#4975,#4976,#4977,
    #4978),.UNSPECIFIED.,.T.,.F.,(8,6,6,6,6,6,6,6,8),(0.,0.140667474659,
    0.253002167657,0.360985428032,0.501058432,0.641131618356,
    0.752991721156,0.860518774694,1.),.UNSPECIFIED.);
#4929 = CARTESIAN_POINT('',(4.95,-18.3956516601,-375.));
#4930 = CARTESIAN_POINT('',(4.95,-18.3956516601,-374.4621384726));
#4931 = CARTESIAN_POINT('',(4.881815589921,-18.41399878593,
    -373.9255162211));
#4932 = CARTESIAN_POINT('',(4.746015618892,-18.45054199844,
    -373.3949632746));
#4933 = CARTESIAN_POINT('',(4.540906640497,-18.50402326675,
    -372.8756433915));
#4934 = CARTESIAN_POINT('',(4.263259752793,-18.57198571398,
    -372.3745751167));
#4935 = CARTESIAN_POINT('',(3.908541806558,-18.65000394542,
    -371.9015376246));
#4936 = CARTESIAN_POINT('',(3.123925836668,-18.79545485322,
    -371.1292731366));
#4937 = CARTESIAN_POINT('',(2.713019635634,-18.86380766535,
    -370.8038524577));
#4938 = CARTESIAN_POINT('',(2.241190804331,-18.93070370847,
    -370.5162965761));
#4939 = CARTESIAN_POINT('',(1.714663042248,-18.9890335198,
    -370.2840353724));
#4940 = CARTESIAN_POINT('',(1.143533866802,-19.03139530257,
    -370.1216247633));
#4941 = CARTESIAN_POINT('',(0.540641636799,-19.05239078771,
    -370.040797973));
#4942 = CARTESIAN_POINT('',(-0.673729995462,-19.0473843135,
    -370.0600675749));
#4943 = CARTESIAN_POINT('',(-1.249509756774,-19.02331371553,
    -370.1527300253));
#4944 = CARTESIAN_POINT('',(-1.792847634836,-18.98022231611,
    -370.3192653998));
#4945 = CARTESIAN_POINT('',(-2.293235207813,-18.92323827178,
    -370.5485717247));
#4946 = CARTESIAN_POINT('',(-2.742586426969,-18.85885978222,
    -370.8275701345));
#4947 = CARTESIAN_POINT('',(-3.13600390715,-18.79321583899,
    -371.1411610732));
#4948 = CARTESIAN_POINT('',(-3.908535912603,-18.65000503804,
    -371.9015318234));
#4949 = CARTESIAN_POINT('',(-4.263260662067,-18.57198586348,
    -372.3745726806));
#4950 = CARTESIAN_POINT('',(-4.540909786027,-18.50402235355,
    -372.8756478842));
#4951 = CARTESIAN_POINT('',(-4.746018022172,-18.45054138956,
    -373.3949703463));
#4952 = CARTESIAN_POINT('',(-4.881815773446,-18.41399872723,
    -373.9255218329));
#4953 = CARTESIAN_POINT('',(-4.95,-18.3956516601,-374.4621391658));
#4954 = CARTESIAN_POINT('',(-4.95,-18.3956516601,-375.5378615344));
#4955 = CARTESIAN_POINT('',(-4.881815595296,-18.41399878484,
    -376.0744837516));
#4956 = CARTESIAN_POINT('',(-4.746015601436,-18.45054200194,
    -376.6050367729));
#4957 = CARTESIAN_POINT('',(-4.540906665161,-18.5040232619,
    -377.1243565624));
#4958 = CARTESIAN_POINT('',(-4.263259734921,-18.5719857174,
    -377.6254249075));
#4959 = CARTESIAN_POINT('',(-3.908541812432,-18.65000394434,
    -378.0984623695));
#4960 = CARTESIAN_POINT('',(-3.123925836641,-18.79545485322,
    -378.8707268633));
#4961 = CARTESIAN_POINT('',(-2.713019635661,-18.86380766535,
    -379.1961475421));
#4962 = CARTESIAN_POINT('',(-2.241190804361,-18.93070370847,
    -379.4837034238));
#4963 = CARTESIAN_POINT('',(-1.714663042219,-18.98903351981,
    -379.7159646275));
#4964 = CARTESIAN_POINT('',(-1.143533866766,-19.03139530257,
    -379.8783752366));
#4965 = CARTESIAN_POINT('',(-0.540641636837,-19.05239078771,
    -379.9592020269));
#4966 = CARTESIAN_POINT('',(0.673729992641,-19.04738431351,
    -379.939932425));
#4967 = CARTESIAN_POINT('',(1.249509766613,-19.0233137152,
    -379.8472699731));
#4968 = CARTESIAN_POINT('',(1.79284761879,-18.98022231709,
    -379.6807346049));
#4969 = CARTESIAN_POINT('',(2.293235222425,-18.92323827044,
    -379.4514282685));
#4970 = CARTESIAN_POINT('',(2.74258641964,-18.85885978316,
    -379.1724298703));
#4971 = CARTESIAN_POINT('',(3.136003908774,-18.79321583869,
    -378.8588389251));
#4972 = CARTESIAN_POINT('',(3.908535912602,-18.65000503804,
    -378.0984681765));
#4973 = CARTESIAN_POINT('',(4.263260662068,-18.57198586348,
    -377.6254273193));
#4974 = CARTESIAN_POINT('',(4.540909786026,-18.50402235355,
    -377.1243521157));
#4975 = CARTESIAN_POINT('',(4.746018022173,-18.45054138956,
    -376.6050296536));
#4976 = CARTESIAN_POINT('',(4.881815773446,-18.41399872723,
    -376.074478167));
#4977 = CARTESIAN_POINT('',(4.95,-18.3956516601,-375.5378608341));
#4978 = CARTESIAN_POINT('',(4.95,-18.3956516601,-375.));
#4979 = PCURVE('',#1415,#4980);
#4980 = DEFINITIONAL_REPRESENTATION('',(#4981),#5032);
#4981 = B_SPLINE_CURVE_WITH_KNOTS('',7,(#4982,#4983,#4984,#4985,#4986,
    #4987,#4988,#4989,#4990,#4991,#4992,#4993,#4994,#4995,#4996,#4997,
    #4998,#4999,#5000,#5001,#5002,#5003,#5004,#5005,#5006,#5007,#5008,
    #5009,#5010,#5011,#5012,#5013,#5014,#5015,#5016,#5017,#5018,#5019,
    #5020,#5021,#5022,#5023,#5024,#5025,#5026,#5027,#5028,#5029,#5030,
    #5031),.UNSPECIFIED.,.F.,.F.,(8,6,6,6,6,6,6,6,8),(0.,0.140667474659,
    0.253002167657,0.360985428032,0.501058432,0.641131618356,
    0.752991721156,0.860518774694,1.),.UNSPECIFIED.);
#4982 = CARTESIAN_POINT('',(0.,-18.3956516601));
#4983 = CARTESIAN_POINT('',(-0.108658894409,-18.3956516601));
#4984 = CARTESIAN_POINT('',(-0.21706713558,-18.41399878593));
#4985 = CARTESIAN_POINT('',(-0.326346390996,-18.45054199844));
#4986 = CARTESIAN_POINT('',(-0.437499075981,-18.50402326675));
#4987 = CARTESIAN_POINT('',(-0.551567203884,-18.57198571398));
#4988 = CARTESIAN_POINT('',(-0.669674626197,-18.65000394542));
#4989 = CARTESIAN_POINT('',(-0.892081772363,-18.79545485322));
#4990 = CARTESIAN_POINT('',(-0.997359698798,-18.86380766535));
#4991 = CARTESIAN_POINT('',(-1.10761492281,-18.93070370847));
#4992 = CARTESIAN_POINT('',(-1.221995935549,-18.9890335198));
#4993 = CARTESIAN_POINT('',(-1.340038793488,-19.03139530257));
#4994 = CARTESIAN_POINT('',(-1.461560712927,-19.05239078771));
#4995 = CARTESIAN_POINT('',(-1.706919199247,-19.0473843135));
#4996 = CARTESIAN_POINT('',(-1.823520702706,-19.02331371553));
#4997 = CARTESIAN_POINT('',(-1.936646359714,-18.98022231611));
#4998 = CARTESIAN_POINT('',(-2.046202254964,-18.92323827178));
#4999 = CARTESIAN_POINT('',(-2.1518511323,-18.85885978222));
#5000 = CARTESIAN_POINT('',(-2.252934529598,-18.79321583899));
#5001 = CARTESIAN_POINT('',(-2.471916356693,-18.65000503804));
#5002 = CARTESIAN_POINT('',(-2.590025227018,-18.57198586348));
#5003 = CARTESIAN_POINT('',(-2.704094581471,-18.50402235355));
#5004 = CARTESIAN_POINT('',(-2.815247734265,-18.45054138956));
#5005 = CARTESIAN_POINT('',(-2.924526643385,-18.41399872723));
#5006 = CARTESIAN_POINT('',(-3.032933899223,-18.3956516601));
#5007 = CARTESIAN_POINT('',(-3.25025154944,-18.3956516601));
#5008 = CARTESIAN_POINT('',(-3.358659783299,-18.41399878484));
#5009 = CARTESIAN_POINT('',(-3.467939055496,-18.45054200194));
#5010 = CARTESIAN_POINT('',(-3.579091718382,-18.5040232619));
#5011 = CARTESIAN_POINT('',(-3.693159863824,-18.5719857174));
#5012 = CARTESIAN_POINT('',(-3.811267278122,-18.65000394434));
#5013 = CARTESIAN_POINT('',(-4.03367442596,-18.79545485322));
#5014 = CARTESIAN_POINT('',(-4.138952352379,-18.86380766535));
#5015 = CARTESIAN_POINT('',(-4.249207576397,-18.93070370847));
#5016 = CARTESIAN_POINT('',(-4.363588589144,-18.98903351981));
#5017 = CARTESIAN_POINT('',(-4.481631447085,-19.03139530257));
#5018 = CARTESIAN_POINT('',(-4.603153366509,-19.05239078771));
#5019 = CARTESIAN_POINT('',(-4.848511852267,-19.04738431351));
#5020 = CARTESIAN_POINT('',(-4.965113358381,-19.0233137152));
#5021 = CARTESIAN_POINT('',(-5.078239009734,-18.98022231709));
#5022 = CARTESIAN_POINT('',(-5.187794911996,-18.92323827044));
#5023 = CARTESIAN_POINT('',(-5.293443784032,-18.85885978316));
#5024 = CARTESIAN_POINT('',(-5.394527183648,-18.79321583869));
#5025 = CARTESIAN_POINT('',(-5.613509010283,-18.65000503804));
#5026 = CARTESIAN_POINT('',(-5.731617880608,-18.57198586348));
#5027 = CARTESIAN_POINT('',(-5.845687235061,-18.50402235355));
#5028 = CARTESIAN_POINT('',(-5.956840387854,-18.45054138956));
#5029 = CARTESIAN_POINT('',(-6.066119296976,-18.41399872723));
#5030 = CARTESIAN_POINT('',(-6.174526552813,-18.3956516601));
#5031 = CARTESIAN_POINT('',(-6.28318530718,-18.3956516601));
#5032 = ( GEOMETRIC_REPRESENTATION_CONTEXT(2) 
PARAMETRIC_REPRESENTATION_CONTEXT() REPRESENTATION_CONTEXT('2D SPACE',''
  ) );
#5033 = PCURVE('',#3549,#5034);
#5034 = DEFINITIONAL_REPRESENTATION('',(#5035),#5086);
#5035 = B_SPLINE_CURVE_WITH_KNOTS('',7,(#5036,#5037,#5038,#5039,#5040,
    #5041,#5042,#5043,#5044,#5045,#5046,#5047,#5048,#5049,#5050,#5051,
    #5052,#5053,#5054,#5055,#5056,#5057,#5058,#5059,#5060,#5061,#5062,
    #5063,#5064,#5065,#5066,#5067,#5068,#5069,#5070,#5071,#5072,#5073,
    #5074,#5075,#5076,#5077,#5078,#5079,#5080,#5081,#5082,#5083,#5084,
    #5085),.UNSPECIFIED.,.T.,.F.,(8,6,6,6,6,6,6,6,8),(0.,0.140667474659,
    0.253002167657,0.360985428032,0.501058432,0.641131618356,
    0.752991721156,0.860518774694,1.),.UNSPECIFIED.);
#5036 = CARTESIAN_POINT('',(-4.975248097696,-1.125E+03));
#5037 = CARTESIAN_POINT('',(-4.975248097696,-1.125537861527E+03));
#5038 = CARTESIAN_POINT('',(-4.97154155786,-1.126074483779E+03));
#5039 = CARTESIAN_POINT('',(-4.964159322623,-1.126605036725E+03));
#5040 = CARTESIAN_POINT('',(-4.953032915055,-1.127124356608E+03));
#5041 = CARTESIAN_POINT('',(-4.938031546878,-1.127625424883E+03));
#5042 = CARTESIAN_POINT('',(-4.918976617126,-1.128098462375E+03));
#5043 = CARTESIAN_POINT('',(-4.877087702368,-1.128870726863E+03));
#5044 = CARTESIAN_POINT('',(-4.855225187408,-1.129196147542E+03));
#5045 = CARTESIAN_POINT('',(-4.830221422238,-1.129483703424E+03));
#5046 = CARTESIAN_POINT('',(-4.802439460879,-1.129715964628E+03));
#5047 = CARTESIAN_POINT('',(-4.772412500344,-1.129878375237E+03));
#5048 = CARTESIAN_POINT('',(-4.740769383337,-1.129959202027E+03));
#5049 = CARTESIAN_POINT('',(-4.677022299228,-1.129939932425E+03));
#5050 = CARTESIAN_POINT('',(-4.646792661682,-1.129847269975E+03));
#5051 = CARTESIAN_POINT('',(-4.618212228933,-1.1296807346E+03));
#5052 = CARTESIAN_POINT('',(-4.591797764577,-1.129451428275E+03));
#5053 = CARTESIAN_POINT('',(-4.567979383881,-1.129172429865E+03));
#5054 = CARTESIAN_POINT('',(-4.547045436879,-1.128858838927E+03));
#5055 = CARTESIAN_POINT('',(-4.505801658309,-1.128098468177E+03));
#5056 = CARTESIAN_POINT('',(-4.48674636852,-1.127625427319E+03));
#5057 = CARTESIAN_POINT('',(-4.471744874788,-1.127124352116E+03));
#5058 = CARTESIAN_POINT('',(-4.460618507522,-1.126605029654E+03));
#5059 = CARTESIAN_POINT('',(-4.453236392935,-1.126074478167E+03));
#5060 = CARTESIAN_POINT('',(-4.449529863074,-1.125537860834E+03));
#5061 = CARTESIAN_POINT('',(-4.449529863074,-1.124462138466E+03));
#5062 = CARTESIAN_POINT('',(-4.453236402622,-1.123925516248E+03));
#5063 = CARTESIAN_POINT('',(-4.460618639082,-1.123394963227E+03));
#5064 = CARTESIAN_POINT('',(-4.471745044395,-1.122875643438E+03));
#5065 = CARTESIAN_POINT('',(-4.486746414847,-1.122374575092E+03));
#5066 = CARTESIAN_POINT('',(-4.50580134333,-1.12190153763E+03));
#5067 = CARTESIAN_POINT('',(-4.547690258403,-1.121129273137E+03));
#5068 = CARTESIAN_POINT('',(-4.56955277336,-1.120803852458E+03));
#5069 = CARTESIAN_POINT('',(-4.59455653853,-1.120516296576E+03));
#5070 = CARTESIAN_POINT('',(-4.622338499892,-1.120284035372E+03));
#5071 = CARTESIAN_POINT('',(-4.652365460427,-1.120121624763E+03));
#5072 = CARTESIAN_POINT('',(-4.68400857743,-1.120040797973E+03));
#5073 = CARTESIAN_POINT('',(-4.747755661393,-1.120060067575E+03));
#5074 = CARTESIAN_POINT('',(-4.777985299605,-1.120152730027E+03));
#5075 = CARTESIAN_POINT('',(-4.806565730991,-1.120319265395E+03));
#5076 = CARTESIAN_POINT('',(-4.832980196965,-1.120548571731E+03));
#5077 = CARTESIAN_POINT('',(-4.856798576499,-1.12082757013E+03));
#5078 = CARTESIAN_POINT('',(-4.877732523978,-1.121141161075E+03));
#5079 = CARTESIAN_POINT('',(-4.91897630246,-1.121901531823E+03));
#5080 = CARTESIAN_POINT('',(-4.93803159225,-1.122374572681E+03));
#5081 = CARTESIAN_POINT('',(-4.953033085982,-1.122875647884E+03));
#5082 = CARTESIAN_POINT('',(-4.964159453247,-1.123394970346E+03));
#5083 = CARTESIAN_POINT('',(-4.971541567835,-1.123925521833E+03));
#5084 = CARTESIAN_POINT('',(-4.975248097696,-1.124462139166E+03));
#5085 = CARTESIAN_POINT('',(-4.975248097696,-1.125E+03));
#5086 = ( GEOMETRIC_REPRESENTATION_CONTEXT(2) 
PARAMETRIC_REPRESENTATION_CONTEXT() REPRESENTATION_CONTEXT('2D SPACE',''
  ) );
#5087 = ORIENTED_EDGE('',*,*,#5088,.T.);
#5088 = EDGE_CURVE('',#4925,#1306,#5089,.T.);
#5089 = SEAM_CURVE('',#5090,(#5094,#5101),.PCURVE_S1.);
#5090 = LINE('',#5091,#5092);
#5091 = CARTESIAN_POINT('',(4.95,0.,-375.));
#5092 = VECTOR('',#5093,1.);
#5093 = DIRECTION('',(0.,-1.,0.));
#5094 = PCURVE('',#1415,#5095);
#5095 = DEFINITIONAL_REPRESENTATION('',(#5096),#5100);
#5096 = LINE('',#5097,#5098);
#5097 = CARTESIAN_POINT('',(-6.28318530718,0.));
#5098 = VECTOR('',#5099,1.);
#5099 = DIRECTION('',(-0.,-1.));
#5100 = ( GEOMETRIC_REPRESENTATION_CONTEXT(2) 
PARAMETRIC_REPRESENTATION_CONTEXT() REPRESENTATION_CONTEXT('2D SPACE',''
  ) );
#5101 = PCURVE('',#1415,#5102);
#5102 = DEFINITIONAL_REPRESENTATION('',(#5103),#5107);
#5103 = LINE('',#5104,#5105);
#5104 = CARTESIAN_POINT('',(-0.,0.));
#5105 = VECTOR('',#5106,1.);
#5106 = DIRECTION('',(-0.,-1.));
#5107 = ( GEOMETRIC_REPRESENTATION_CONTEXT(2) 
PARAMETRIC_REPRESENTATION_CONTEXT() REPRESENTATION_CONTEXT('2D SPACE',''
  ) );
#5108 = ORIENTED_EDGE('',*,*,#1305,.T.);
#5109 = ORIENTED_EDGE('',*,*,#5088,.F.);
#5110 = ADVANCED_FACE('',(#5111),#1586,.F.);
#5111 = FACE_BOUND('',#5112,.T.);
#5112 = EDGE_LOOP('',(#5113,#5277,#5298,#5299));
#5113 = ORIENTED_EDGE('',*,*,#5114,.F.);
#5114 = EDGE_CURVE('',#5115,#5115,#5117,.T.);
#5115 = VERTEX_POINT('',#5116);
#5116 = CARTESIAN_POINT('',(4.95,-18.3956516601,-525.));
#5117 = SURFACE_CURVE('',#5118,(#5169,#5223),.PCURVE_S1.);
#5118 = B_SPLINE_CURVE_WITH_KNOTS('',7,(#5119,#5120,#5121,#5122,#5123,
    #5124,#5125,#5126,#5127,#5128,#5129,#5130,#5131,#5132,#5133,#5134,
    #5135,#5136,#5137,#5138,#5139,#5140,#5141,#5142,#5143,#5144,#5145,
    #5146,#5147,#5148,#5149,#5150,#5151,#5152,#5153,#5154,#5155,#5156,
    #5157,#5158,#5159,#5160,#5161,#5162,#5163,#5164,#5165,#5166,#5167,
    #5168),.UNSPECIFIED.,.T.,.F.,(8,6,6,6,6,6,6,6,8),(0.,0.140667473895,
    0.253002166299,0.360985426091,0.50105843126,0.641131617102,
    0.752991720082,0.860518773265,1.),.UNSPECIFIED.);
#5119 = CARTESIAN_POINT('',(4.95,-18.3956516601,-525.));
#5120 = CARTESIAN_POINT('',(4.95,-18.3956516601,-524.4621384726));
#5121 = CARTESIAN_POINT('',(4.88181558992,-18.41399878593,
    -523.9255162211));
#5122 = CARTESIAN_POINT('',(4.746015618894,-18.45054199844,
    -523.3949632746));
#5123 = CARTESIAN_POINT('',(4.540906640494,-18.50402326675,
    -522.8756433915));
#5124 = CARTESIAN_POINT('',(4.263259752796,-18.57198571398,
    -522.3745751167));
#5125 = CARTESIAN_POINT('',(3.908541806557,-18.65000394542,
    -521.9015376246));
#5126 = CARTESIAN_POINT('',(3.123925836624,-18.79545485322,
    -521.1292731365));
#5127 = CARTESIAN_POINT('',(2.713019635677,-18.86380766534,
    -520.8038524578));
#5128 = CARTESIAN_POINT('',(2.241190804381,-18.93070370847,
    -520.5162965761));
#5129 = CARTESIAN_POINT('',(1.714663042202,-18.98903351982,
    -520.2840353724));
#5130 = CARTESIAN_POINT('',(1.143533866741,-19.03139530257,
    -520.1216247633));
#5131 = CARTESIAN_POINT('',(0.540641636862,-19.05239078771,
    -520.040797973));
#5132 = CARTESIAN_POINT('',(-0.673729995463,-19.0473843135,
    -520.0600675749));
#5133 = CARTESIAN_POINT('',(-1.249509756774,-19.02331371553,
    -520.1527300253));
#5134 = CARTESIAN_POINT('',(-1.792847634835,-18.98022231611,
    -520.3192653998));
#5135 = CARTESIAN_POINT('',(-2.293235207815,-18.92323827178,
    -520.5485717247));
#5136 = CARTESIAN_POINT('',(-2.742586426968,-18.85885978222,
    -520.8275701345));
#5137 = CARTESIAN_POINT('',(-3.13600390715,-18.79321583899,
    -521.1411610732));
#5138 = CARTESIAN_POINT('',(-3.908535918697,-18.65000503691,
    -521.9015318294));
#5139 = CARTESIAN_POINT('',(-4.263260643527,-18.57198586704,
    -522.3745726557));
#5140 = CARTESIAN_POINT('',(-4.540909811581,-18.50402234852,
    -522.8756479309));
#5141 = CARTESIAN_POINT('',(-4.746018004126,-18.45054139318,
    -523.3949702989));
#5142 = CARTESIAN_POINT('',(-4.881815778986,-18.4139987261,
    -523.9255218592));
#5143 = CARTESIAN_POINT('',(-4.95,-18.3956516601,-524.4621391593));
#5144 = CARTESIAN_POINT('',(-4.95,-18.3956516601,-525.5378615344));
#5145 = CARTESIAN_POINT('',(-4.881815595297,-18.41399878484,
    -526.0744837516));
#5146 = CARTESIAN_POINT('',(-4.746015601436,-18.45054200194,
    -526.6050367729));
#5147 = CARTESIAN_POINT('',(-4.540906665161,-18.5040232619,
    -527.1243565624));
#5148 = CARTESIAN_POINT('',(-4.263259734921,-18.5719857174,
    -527.6254249075));
#5149 = CARTESIAN_POINT('',(-3.908541812432,-18.65000394434,
    -528.0984623695));
#5150 = CARTESIAN_POINT('',(-3.123925834803,-18.79545485356,
    -528.8707268652));
#5151 = CARTESIAN_POINT('',(-2.713019644697,-18.86380766423,
    -529.1961475364));
#5152 = CARTESIAN_POINT('',(-2.241190785718,-18.9307037101,
    -529.4837034319));
#5153 = CARTESIAN_POINT('',(-1.714663062638,-18.98903351862,
    -529.7159646217));
#5154 = CARTESIAN_POINT('',(-1.143533854675,-19.03139530292,
    -529.8783752383));
#5155 = CARTESIAN_POINT('',(-0.540641640087,-19.05239078772,
    -529.959202027));
#5156 = CARTESIAN_POINT('',(0.673729992839,-19.04738431351,
    -529.939932425));
#5157 = CARTESIAN_POINT('',(1.249509766427,-19.02331371518,
    -529.847269973));
#5158 = CARTESIAN_POINT('',(1.792847618629,-18.98022231713,
    -529.6807346051));
#5159 = CARTESIAN_POINT('',(2.293235222594,-18.92323827042,
    -529.4514282685));
#5160 = CARTESIAN_POINT('',(2.742586419774,-18.85885978313,
    -529.1724298701));
#5161 = CARTESIAN_POINT('',(3.136003908633,-18.79321583872,
    -528.8588389252));
#5162 = CARTESIAN_POINT('',(3.908535918697,-18.65000503691,
    -528.0984681705));
#5163 = CARTESIAN_POINT('',(4.263260643527,-18.57198586704,
    -527.6254273442));
#5164 = CARTESIAN_POINT('',(4.540909811581,-18.50402234852,
    -527.124352069));
#5165 = CARTESIAN_POINT('',(4.746018004127,-18.45054139318,
    -526.605029701));
#5166 = CARTESIAN_POINT('',(4.881815778986,-18.4139987261,
    -526.0744781407));
#5167 = CARTESIAN_POINT('',(4.95,-18.3956516601,-525.5378608406));
#5168 = CARTESIAN_POINT('',(4.95,-18.3956516601,-525.));
#5169 = PCURVE('',#1586,#5170);
#5170 = DEFINITIONAL_REPRESENTATION('',(#5171),#5222);
#5171 = B_SPLINE_CURVE_WITH_KNOTS('',7,(#5172,#5173,#5174,#5175,#5176,
    #5177,#5178,#5179,#5180,#5181,#5182,#5183,#5184,#5185,#5186,#5187,
    #5188,#5189,#5190,#5191,#5192,#5193,#5194,#5195,#5196,#5197,#5198,
    #5199,#5200,#5201,#5202,#5203,#5204,#5205,#5206,#5207,#5208,#5209,
    #5210,#5211,#5212,#5213,#5214,#5215,#5216,#5217,#5218,#5219,#5220,
    #5221),.UNSPECIFIED.,.F.,.F.,(8,6,6,6,6,6,6,6,8),(0.,0.140667473895,
    0.253002166299,0.360985426091,0.50105843126,0.641131617102,
    0.752991720082,0.860518773265,1.),.UNSPECIFIED.);
#5172 = CARTESIAN_POINT('',(0.,-18.3956516601));
#5173 = CARTESIAN_POINT('',(-0.108658894409,-18.3956516601));
#5174 = CARTESIAN_POINT('',(-0.21706713558,-18.41399878593));
#5175 = CARTESIAN_POINT('',(-0.326346390996,-18.45054199844));
#5176 = CARTESIAN_POINT('',(-0.437499075982,-18.50402326675));
#5177 = CARTESIAN_POINT('',(-0.551567203883,-18.57198571398));
#5178 = CARTESIAN_POINT('',(-0.669674626197,-18.65000394542));
#5179 = CARTESIAN_POINT('',(-0.892081772375,-18.79545485322));
#5180 = CARTESIAN_POINT('',(-0.997359698783,-18.86380766534));
#5181 = CARTESIAN_POINT('',(-1.107614922804,-18.93070370847));
#5182 = CARTESIAN_POINT('',(-1.221995935558,-18.98903351982));
#5183 = CARTESIAN_POINT('',(-1.3400387935,-19.03139530257));
#5184 = CARTESIAN_POINT('',(-1.461560712914,-19.05239078771));
#5185 = CARTESIAN_POINT('',(-1.706919199247,-19.0473843135));
#5186 = CARTESIAN_POINT('',(-1.823520702706,-19.02331371553));
#5187 = CARTESIAN_POINT('',(-1.936646359714,-18.98022231611));
#5188 = CARTESIAN_POINT('',(-2.046202254965,-18.92323827178));
#5189 = CARTESIAN_POINT('',(-2.1518511323,-18.85885978222));
#5190 = CARTESIAN_POINT('',(-2.252934529598,-18.79321583899));
#5191 = CARTESIAN_POINT('',(-2.471916358421,-18.65000503691));
#5192 = CARTESIAN_POINT('',(-2.590025220486,-18.57198586704));
#5193 = CARTESIAN_POINT('',(-2.704094592844,-18.50402234852));
#5194 = CARTESIAN_POINT('',(-2.81524772336,-18.45054139318));
#5195 = CARTESIAN_POINT('',(-2.924526649094,-18.4139987261));
#5196 = CARTESIAN_POINT('',(-3.032933897894,-18.3956516601));
#5197 = CARTESIAN_POINT('',(-3.25025154944,-18.3956516601));
#5198 = CARTESIAN_POINT('',(-3.358659783299,-18.41399878484));
#5199 = CARTESIAN_POINT('',(-3.467939055497,-18.45054200194));
#5200 = CARTESIAN_POINT('',(-3.579091718382,-18.5040232619));
#5201 = CARTESIAN_POINT('',(-3.693159863825,-18.5719857174));
#5202 = CARTESIAN_POINT('',(-3.811267278122,-18.65000394434));
#5203 = CARTESIAN_POINT('',(-4.033674426481,-18.79545485356));
#5204 = CARTESIAN_POINT('',(-4.13895235011,-18.86380766423));
#5205 = CARTESIAN_POINT('',(-4.249207580754,-18.9307037101));
#5206 = CARTESIAN_POINT('',(-4.363588584616,-18.98903351862));
#5207 = CARTESIAN_POINT('',(-4.481631449647,-19.03139530292));
#5208 = CARTESIAN_POINT('',(-4.603153365852,-19.05239078772));
#5209 = CARTESIAN_POINT('',(-4.848511852307,-19.04738431351));
#5210 = CARTESIAN_POINT('',(-4.965113358343,-19.02331371518));
#5211 = CARTESIAN_POINT('',(-5.078239009704,-18.98022231713));
#5212 = CARTESIAN_POINT('',(-5.187794912017,-18.92323827042));
#5213 = CARTESIAN_POINT('',(-5.293443784079,-18.85885978313));
#5214 = CARTESIAN_POINT('',(-5.394527183608,-18.79321583872));
#5215 = CARTESIAN_POINT('',(-5.61350901201,-18.65000503691));
#5216 = CARTESIAN_POINT('',(-5.731617874076,-18.57198586704));
#5217 = CARTESIAN_POINT('',(-5.845687246434,-18.50402234852));
#5218 = CARTESIAN_POINT('',(-5.956840376951,-18.45054139318));
#5219 = CARTESIAN_POINT('',(-6.066119302683,-18.4139987261));
#5220 = CARTESIAN_POINT('',(-6.174526551484,-18.3956516601));
#5221 = CARTESIAN_POINT('',(-6.28318530718,-18.3956516601));
#5222 = ( GEOMETRIC_REPRESENTATION_CONTEXT(2) 
PARAMETRIC_REPRESENTATION_CONTEXT() REPRESENTATION_CONTEXT('2D SPACE',''
  ) );
#5223 = PCURVE('',#3549,#5224);
#5224 = DEFINITIONAL_REPRESENTATION('',(#5225),#5276);
#5225 = B_SPLINE_CURVE_WITH_KNOTS('',7,(#5226,#5227,#5228,#5229,#5230,
    #5231,#5232,#5233,#5234,#5235,#5236,#5237,#5238,#5239,#5240,#5241,
    #5242,#5243,#5244,#5245,#5246,#5247,#5248,#5249,#5250,#5251,#5252,
    #5253,#5254,#5255,#5256,#5257,#5258,#5259,#5260,#5261,#5262,#5263,
    #5264,#5265,#5266,#5267,#5268,#5269,#5270,#5271,#5272,#5273,#5274,
    #5275),.UNSPECIFIED.,.T.,.F.,(8,6,6,6,6,6,6,6,8),(0.,0.140667473895,
    0.253002166299,0.360985426091,0.50105843126,0.641131617102,
    0.752991720082,0.860518773265,1.),.UNSPECIFIED.);
#5226 = CARTESIAN_POINT('',(-4.975248097696,-975.));
#5227 = CARTESIAN_POINT('',(-4.975248097696,-975.5378615273));
#5228 = CARTESIAN_POINT('',(-4.97154155786,-976.0744837788));
#5229 = CARTESIAN_POINT('',(-4.964159322623,-976.6050367253));
#5230 = CARTESIAN_POINT('',(-4.953032915055,-977.1243566084));
#5231 = CARTESIAN_POINT('',(-4.938031546878,-977.6254248832));
#5232 = CARTESIAN_POINT('',(-4.918976617126,-978.0984623753));
#5233 = CARTESIAN_POINT('',(-4.877087702365,-978.8707268634));
#5234 = CARTESIAN_POINT('',(-4.85522518741,-979.1961475421));
#5235 = CARTESIAN_POINT('',(-4.83022142224,-979.4837034238));
#5236 = CARTESIAN_POINT('',(-4.802439460877,-979.7159646275));
#5237 = CARTESIAN_POINT('',(-4.772412500341,-979.8783752366));
#5238 = CARTESIAN_POINT('',(-4.740769383341,-979.9592020269));
#5239 = CARTESIAN_POINT('',(-4.677022299228,-979.939932425));
#5240 = CARTESIAN_POINT('',(-4.646792661682,-979.8472699746));
#5241 = CARTESIAN_POINT('',(-4.618212228933,-979.6807346001));
#5242 = CARTESIAN_POINT('',(-4.591797764577,-979.4514282752));
#5243 = CARTESIAN_POINT('',(-4.567979383882,-979.1724298654));
#5244 = CARTESIAN_POINT('',(-4.547045436879,-978.8588389267));
#5245 = CARTESIAN_POINT('',(-4.505801657984,-978.0984681705));
#5246 = CARTESIAN_POINT('',(-4.486746369511,-977.6254273442));
#5247 = CARTESIAN_POINT('',(-4.47174487342,-977.124352069));
#5248 = CARTESIAN_POINT('',(-4.460618508489,-976.605029701));
#5249 = CARTESIAN_POINT('',(-4.453236392638,-976.0744781407));
#5250 = CARTESIAN_POINT('',(-4.449529863074,-975.5378608406));
#5251 = CARTESIAN_POINT('',(-4.449529863074,-974.4621384655));
#5252 = CARTESIAN_POINT('',(-4.453236402622,-973.9255162483));
#5253 = CARTESIAN_POINT('',(-4.460618639082,-973.394963227));
#5254 = CARTESIAN_POINT('',(-4.471745044395,-972.8756434375));
#5255 = CARTESIAN_POINT('',(-4.486746414847,-972.3745750924));
#5256 = CARTESIAN_POINT('',(-4.50580134333,-971.9015376304));
#5257 = CARTESIAN_POINT('',(-4.547690258501,-971.1292731347));
#5258 = CARTESIAN_POINT('',(-4.569552772881,-970.8038524635));
#5259 = CARTESIAN_POINT('',(-4.594556539516,-970.516296568));
#5260 = CARTESIAN_POINT('',(-4.622338498815,-970.2840353782));
#5261 = CARTESIAN_POINT('',(-4.652365461064,-970.1216247616));
#5262 = CARTESIAN_POINT('',(-4.684008577259,-970.0407979729));
#5263 = CARTESIAN_POINT('',(-4.747755661403,-970.0600675749));
#5264 = CARTESIAN_POINT('',(-4.777985299596,-970.1527300269));
#5265 = CARTESIAN_POINT('',(-4.806565730982,-970.3192653948));
#5266 = CARTESIAN_POINT('',(-4.832980196974,-970.5485717314));
#5267 = CARTESIAN_POINT('',(-4.856798576506,-970.8275701298));
#5268 = CARTESIAN_POINT('',(-4.87773252397,-971.1411610747));
#5269 = CARTESIAN_POINT('',(-4.918976302786,-971.9015318294));
#5270 = CARTESIAN_POINT('',(-4.938031591258,-972.3745726557));
#5271 = CARTESIAN_POINT('',(-4.953033087349,-972.8756479309));
#5272 = CARTESIAN_POINT('',(-4.964159452281,-973.3949702989));
#5273 = CARTESIAN_POINT('',(-4.971541568132,-973.9255218592));
#5274 = CARTESIAN_POINT('',(-4.975248097696,-974.4621391593));
#5275 = CARTESIAN_POINT('',(-4.975248097696,-975.));
#5276 = ( GEOMETRIC_REPRESENTATION_CONTEXT(2) 
PARAMETRIC_REPRESENTATION_CONTEXT() REPRESENTATION_CONTEXT('2D SPACE',''
  ) );
#5277 = ORIENTED_EDGE('',*,*,#5278,.T.);
#5278 = EDGE_CURVE('',#5115,#1477,#5279,.T.);
#5279 = SEAM_CURVE('',#5280,(#5284,#5291),.PCURVE_S1.);
#5280 = LINE('',#5281,#5282);
#5281 = CARTESIAN_POINT('',(4.95,0.,-525.));
#5282 = VECTOR('',#5283,1.);
#5283 = DIRECTION('',(0.,-1.,0.));
#5284 = PCURVE('',#1586,#5285);
#5285 = DEFINITIONAL_REPRESENTATION('',(#5286),#5290);
#5286 = LINE('',#5287,#5288);
#5287 = CARTESIAN_POINT('',(-6.28318530718,0.));
#5288 = VECTOR('',#5289,1.);
#5289 = DIRECTION('',(-0.,-1.));
#5290 = ( GEOMETRIC_REPRESENTATION_CONTEXT(2) 
PARAMETRIC_REPRESENTATION_CONTEXT() REPRESENTATION_CONTEXT('2D SPACE',''
  ) );
#5291 = PCURVE('',#1586,#5292);
#5292 = DEFINITIONAL_REPRESENTATION('',(#5293),#5297);
#5293 = LINE('',#5294,#5295);
#5294 = CARTESIAN_POINT('',(-0.,0.));
#5295 = VECTOR('',#5296,1.);
#5296 = DIRECTION('',(-0.,-1.));
#5297 = ( GEOMETRIC_REPRESENTATION_CONTEXT(2) 
PARAMETRIC_REPRESENTATION_CONTEXT() REPRESENTATION_CONTEXT('2D SPACE',''
  ) );
#5298 = ORIENTED_EDGE('',*,*,#1476,.T.);
#5299 = ORIENTED_EDGE('',*,*,#5278,.F.);
#5300 = ADVANCED_FACE('',(#5301),#1757,.F.);
#5301 = FACE_BOUND('',#5302,.T.);
#5302 = EDGE_LOOP('',(#5303,#5467,#5488,#5489));
#5303 = ORIENTED_EDGE('',*,*,#5304,.F.);
#5304 = EDGE_CURVE('',#5305,#5305,#5307,.T.);
#5305 = VERTEX_POINT('',#5306);
#5306 = CARTESIAN_POINT('',(4.95,-18.3956516601,-675.));
#5307 = SURFACE_CURVE('',#5308,(#5359,#5413),.PCURVE_S1.);
#5308 = B_SPLINE_CURVE_WITH_KNOTS('',7,(#5309,#5310,#5311,#5312,#5313,
    #5314,#5315,#5316,#5317,#5318,#5319,#5320,#5321,#5322,#5323,#5324,
    #5325,#5326,#5327,#5328,#5329,#5330,#5331,#5332,#5333,#5334,#5335,
    #5336,#5337,#5338,#5339,#5340,#5341,#5342,#5343,#5344,#5345,#5346,
    #5347,#5348,#5349,#5350,#5351,#5352,#5353,#5354,#5355,#5356,#5357,
    #5358),.UNSPECIFIED.,.T.,.F.,(8,6,6,6,6,6,6,6,8),(0.,0.140667475548,
    0.253002167744,0.360985427353,0.501058432275,0.64113161787,
    0.752991720054,0.860518773517,1.),.UNSPECIFIED.);
#5309 = CARTESIAN_POINT('',(4.95,-18.3956516601,-675.));
#5310 = CARTESIAN_POINT('',(4.95,-18.3956516601,-674.4621384655));
#5311 = CARTESIAN_POINT('',(4.881815595297,-18.41399878484,
    -673.9255162483));
#5312 = CARTESIAN_POINT('',(4.746015601435,-18.45054200194,
    -673.394963227));
#5313 = CARTESIAN_POINT('',(4.540906665162,-18.5040232619,
    -672.8756434375));
#5314 = CARTESIAN_POINT('',(4.26325973492,-18.5719857174,-672.3745750924
    ));
#5315 = CARTESIAN_POINT('',(3.908541812432,-18.65000394434,
    -671.9015376304));
#5316 = CARTESIAN_POINT('',(3.123925836668,-18.79545485322,
    -671.1292731366));
#5317 = CARTESIAN_POINT('',(2.713019635636,-18.86380766535,
    -670.8038524577));
#5318 = CARTESIAN_POINT('',(2.241190804327,-18.93070370847,
    -670.5162965761));
#5319 = CARTESIAN_POINT('',(1.714663042253,-18.9890335198,
    -670.2840353724));
#5320 = CARTESIAN_POINT('',(1.143533866799,-19.03139530257,
    -670.1216247633));
#5321 = CARTESIAN_POINT('',(0.540641636801,-19.05239078771,
    -670.040797973));
#5322 = CARTESIAN_POINT('',(-0.673729995496,-19.0473843135,
    -670.0600675749));
#5323 = CARTESIAN_POINT('',(-1.249509756742,-19.02331371552,
    -670.1527300253));
#5324 = CARTESIAN_POINT('',(-1.792847634808,-18.98022231611,
    -670.3192653997));
#5325 = CARTESIAN_POINT('',(-2.293235207843,-18.92323827178,
    -670.5485717247));
#5326 = CARTESIAN_POINT('',(-2.742586426991,-18.85885978222,
    -670.8275701345));
#5327 = CARTESIAN_POINT('',(-3.136003907126,-18.793215839,
    -671.1411610732));
#5328 = CARTESIAN_POINT('',(-3.908535918697,-18.65000503691,
    -671.9015318294));
#5329 = CARTESIAN_POINT('',(-4.263260643527,-18.57198586704,
    -672.3745726557));
#5330 = CARTESIAN_POINT('',(-4.540909811581,-18.50402234852,
    -672.8756479309));
#5331 = CARTESIAN_POINT('',(-4.746018004126,-18.45054139318,
    -673.3949702989));
#5332 = CARTESIAN_POINT('',(-4.881815778986,-18.4139987261,
    -673.9255218592));
#5333 = CARTESIAN_POINT('',(-4.95,-18.3956516601,-674.4621391593));
#5334 = CARTESIAN_POINT('',(-4.95,-18.3956516601,-675.5378615344));
#5335 = CARTESIAN_POINT('',(-4.881815595297,-18.41399878484,
    -676.0744837516));
#5336 = CARTESIAN_POINT('',(-4.746015601436,-18.45054200194,
    -676.6050367729));
#5337 = CARTESIAN_POINT('',(-4.540906665161,-18.5040232619,
    -677.1243565624));
#5338 = CARTESIAN_POINT('',(-4.263259734921,-18.5719857174,
    -677.6254249075));
#5339 = CARTESIAN_POINT('',(-3.908541812432,-18.65000394434,
    -678.0984623695));
#5340 = CARTESIAN_POINT('',(-3.123925836668,-18.79545485322,
    -678.8707268633));
#5341 = CARTESIAN_POINT('',(-2.713019635636,-18.86380766535,
    -679.1961475422));
#5342 = CARTESIAN_POINT('',(-2.241190804328,-18.93070370847,
    -679.4837034238));
#5343 = CARTESIAN_POINT('',(-1.714663042251,-18.9890335198,
    -679.7159646275));
#5344 = CARTESIAN_POINT('',(-1.1435338668,-19.03139530257,
    -679.8783752366));
#5345 = CARTESIAN_POINT('',(-0.5406416368,-19.05239078771,
    -679.9592020269));
#5346 = CARTESIAN_POINT('',(0.673729995465,-19.0473843135,-679.939932425
    ));
#5347 = CARTESIAN_POINT('',(1.249509756772,-19.02331371553,
    -679.8472699746));
#5348 = CARTESIAN_POINT('',(1.792847634835,-18.98022231611,
    -679.6807346001));
#5349 = CARTESIAN_POINT('',(2.293235207814,-18.92323827178,
    -679.4514282752));
#5350 = CARTESIAN_POINT('',(2.742586426971,-18.85885978222,
    -679.1724298654));
#5351 = CARTESIAN_POINT('',(3.136003907148,-18.79321583899,
    -678.8588389267));
#5352 = CARTESIAN_POINT('',(3.908535918697,-18.65000503691,
    -678.0984681705));
#5353 = CARTESIAN_POINT('',(4.263260643527,-18.57198586704,
    -677.6254273442));
#5354 = CARTESIAN_POINT('',(4.540909811581,-18.50402234852,
    -677.124352069));
#5355 = CARTESIAN_POINT('',(4.746018004127,-18.45054139318,
    -676.605029701));
#5356 = CARTESIAN_POINT('',(4.881815778986,-18.4139987261,
    -676.0744781407));
#5357 = CARTESIAN_POINT('',(4.95,-18.3956516601,-675.5378608406));
#5358 = CARTESIAN_POINT('',(4.95,-18.3956516601,-675.));
#5359 = PCURVE('',#1757,#5360);
#5360 = DEFINITIONAL_REPRESENTATION('',(#5361),#5412);
#5361 = B_SPLINE_CURVE_WITH_KNOTS('',7,(#5362,#5363,#5364,#5365,#5366,
    #5367,#5368,#5369,#5370,#5371,#5372,#5373,#5374,#5375,#5376,#5377,
    #5378,#5379,#5380,#5381,#5382,#5383,#5384,#5385,#5386,#5387,#5388,
    #5389,#5390,#5391,#5392,#5393,#5394,#5395,#5396,#5397,#5398,#5399,
    #5400,#5401,#5402,#5403,#5404,#5405,#5406,#5407,#5408,#5409,#5410,
    #5411),.UNSPECIFIED.,.F.,.F.,(8,6,6,6,6,6,6,6,8),(0.,0.140667475548,
    0.253002167744,0.360985427353,0.501058432275,0.64113161787,
    0.752991720054,0.860518773517,1.),.UNSPECIFIED.);
#5362 = CARTESIAN_POINT('',(0.,-18.3956516601));
#5363 = CARTESIAN_POINT('',(-0.10865889585,-18.3956516601));
#5364 = CARTESIAN_POINT('',(-0.217067129709,-18.41399878484));
#5365 = CARTESIAN_POINT('',(-0.326346401906,-18.45054200194));
#5366 = CARTESIAN_POINT('',(-0.437499064792,-18.5040232619));
#5367 = CARTESIAN_POINT('',(-0.551567210235,-18.5719857174));
#5368 = CARTESIAN_POINT('',(-0.669674624532,-18.65000394434));
#5369 = CARTESIAN_POINT('',(-0.892081772363,-18.79545485322));
#5370 = CARTESIAN_POINT('',(-0.997359698798,-18.86380766535));
#5371 = CARTESIAN_POINT('',(-1.107614922811,-18.93070370847));
#5372 = CARTESIAN_POINT('',(-1.221995935548,-18.9890335198));
#5373 = CARTESIAN_POINT('',(-1.340038793488,-19.03139530257));
#5374 = CARTESIAN_POINT('',(-1.461560712926,-19.05239078771));
#5375 = CARTESIAN_POINT('',(-1.706919199254,-19.0473843135));
#5376 = CARTESIAN_POINT('',(-1.8235207027,-19.02331371552));
#5377 = CARTESIAN_POINT('',(-1.936646359709,-18.98022231611));
#5378 = CARTESIAN_POINT('',(-2.046202254968,-18.92323827178));
#5379 = CARTESIAN_POINT('',(-2.151851132308,-18.85885978222));
#5380 = CARTESIAN_POINT('',(-2.252934529591,-18.793215839));
#5381 = CARTESIAN_POINT('',(-2.471916358421,-18.65000503691));
#5382 = CARTESIAN_POINT('',(-2.590025220486,-18.57198586704));
#5383 = CARTESIAN_POINT('',(-2.704094592844,-18.50402234852));
#5384 = CARTESIAN_POINT('',(-2.81524772336,-18.45054139318));
#5385 = CARTESIAN_POINT('',(-2.924526649094,-18.4139987261));
#5386 = CARTESIAN_POINT('',(-3.032933897894,-18.3956516601));
#5387 = CARTESIAN_POINT('',(-3.25025154944,-18.3956516601));
#5388 = CARTESIAN_POINT('',(-3.358659783299,-18.41399878484));
#5389 = CARTESIAN_POINT('',(-3.467939055497,-18.45054200194));
#5390 = CARTESIAN_POINT('',(-3.579091718382,-18.5040232619));
#5391 = CARTESIAN_POINT('',(-3.693159863825,-18.5719857174));
#5392 = CARTESIAN_POINT('',(-3.811267278122,-18.65000394434));
#5393 = CARTESIAN_POINT('',(-4.033674425953,-18.79545485322));
#5394 = CARTESIAN_POINT('',(-4.138952352387,-18.86380766535));
#5395 = CARTESIAN_POINT('',(-4.249207576401,-18.93070370847));
#5396 = CARTESIAN_POINT('',(-4.363588589138,-18.9890335198));
#5397 = CARTESIAN_POINT('',(-4.481631447078,-19.03139530257));
#5398 = CARTESIAN_POINT('',(-4.603153366516,-19.05239078771));
#5399 = CARTESIAN_POINT('',(-4.848511852837,-19.0473843135));
#5400 = CARTESIAN_POINT('',(-4.965113356296,-19.02331371553));
#5401 = CARTESIAN_POINT('',(-5.078239013305,-18.98022231611));
#5402 = CARTESIAN_POINT('',(-5.187794908554,-18.92323827178));
#5403 = CARTESIAN_POINT('',(-5.293443785891,-18.85885978222));
#5404 = CARTESIAN_POINT('',(-5.394527183187,-18.79321583899));
#5405 = CARTESIAN_POINT('',(-5.61350901201,-18.65000503691));
#5406 = CARTESIAN_POINT('',(-5.731617874076,-18.57198586704));
#5407 = CARTESIAN_POINT('',(-5.845687246434,-18.50402234852));
#5408 = CARTESIAN_POINT('',(-5.956840376951,-18.45054139318));
#5409 = CARTESIAN_POINT('',(-6.066119302683,-18.4139987261));
#5410 = CARTESIAN_POINT('',(-6.174526551484,-18.3956516601));
#5411 = CARTESIAN_POINT('',(-6.28318530718,-18.3956516601));
#5412 = ( GEOMETRIC_REPRESENTATION_CONTEXT(2) 
PARAMETRIC_REPRESENTATION_CONTEXT() REPRESENTATION_CONTEXT('2D SPACE',''
  ) );
#5413 = PCURVE('',#3549,#5414);
#5414 = DEFINITIONAL_REPRESENTATION('',(#5415),#5466);
#5415 = B_SPLINE_CURVE_WITH_KNOTS('',7,(#5416,#5417,#5418,#5419,#5420,
    #5421,#5422,#5423,#5424,#5425,#5426,#5427,#5428,#5429,#5430,#5431,
    #5432,#5433,#5434,#5435,#5436,#5437,#5438,#5439,#5440,#5441,#5442,
    #5443,#5444,#5445,#5446,#5447,#5448,#5449,#5450,#5451,#5452,#5453,
    #5454,#5455,#5456,#5457,#5458,#5459,#5460,#5461,#5462,#5463,#5464,
    #5465),.UNSPECIFIED.,.T.,.F.,(8,6,6,6,6,6,6,6,8),(0.,0.140667475548,
    0.253002167744,0.360985427353,0.501058432275,0.64113161787,
    0.752991720054,0.860518773517,1.),.UNSPECIFIED.);
#5416 = CARTESIAN_POINT('',(-4.975248097696,-825.));
#5417 = CARTESIAN_POINT('',(-4.975248097696,-825.5378615344));
#5418 = CARTESIAN_POINT('',(-4.971541558148,-826.0744837516));
#5419 = CARTESIAN_POINT('',(-4.964159321688,-826.6050367729));
#5420 = CARTESIAN_POINT('',(-4.953032916375,-827.1243565624));
#5421 = CARTESIAN_POINT('',(-4.938031545923,-827.6254249075));
#5422 = CARTESIAN_POINT('',(-4.918976617439,-828.0984623695));
#5423 = CARTESIAN_POINT('',(-4.877087702368,-828.8707268633));
#5424 = CARTESIAN_POINT('',(-4.855225187408,-829.1961475422));
#5425 = CARTESIAN_POINT('',(-4.830221422237,-829.4837034238));
#5426 = CARTESIAN_POINT('',(-4.802439460879,-829.7159646275));
#5427 = CARTESIAN_POINT('',(-4.772412500344,-829.8783752366));
#5428 = CARTESIAN_POINT('',(-4.740769383337,-829.9592020269));
#5429 = CARTESIAN_POINT('',(-4.677022299226,-829.939932425));
#5430 = CARTESIAN_POINT('',(-4.646792661683,-829.8472699746));
#5431 = CARTESIAN_POINT('',(-4.618212228934,-829.6807346002));
#5432 = CARTESIAN_POINT('',(-4.591797764576,-829.4514282752));
#5433 = CARTESIAN_POINT('',(-4.56797938388,-829.1724298654));
#5434 = CARTESIAN_POINT('',(-4.54704543688,-828.8588389267));
#5435 = CARTESIAN_POINT('',(-4.505801657984,-828.0984681705));
#5436 = CARTESIAN_POINT('',(-4.486746369511,-827.6254273442));
#5437 = CARTESIAN_POINT('',(-4.47174487342,-827.124352069));
#5438 = CARTESIAN_POINT('',(-4.460618508489,-826.605029701));
#5439 = CARTESIAN_POINT('',(-4.453236392638,-826.0744781407));
#5440 = CARTESIAN_POINT('',(-4.449529863074,-825.5378608406));
#5441 = CARTESIAN_POINT('',(-4.449529863074,-824.4621384655));
#5442 = CARTESIAN_POINT('',(-4.453236402622,-823.9255162483));
#5443 = CARTESIAN_POINT('',(-4.460618639082,-823.394963227));
#5444 = CARTESIAN_POINT('',(-4.471745044395,-822.8756434375));
#5445 = CARTESIAN_POINT('',(-4.486746414847,-822.3745750924));
#5446 = CARTESIAN_POINT('',(-4.50580134333,-821.9015376304));
#5447 = CARTESIAN_POINT('',(-4.547690258402,-821.1292731366));
#5448 = CARTESIAN_POINT('',(-4.569552773362,-820.8038524577));
#5449 = CARTESIAN_POINT('',(-4.594556538532,-820.5162965761));
#5450 = CARTESIAN_POINT('',(-4.62233849989,-820.2840353724));
#5451 = CARTESIAN_POINT('',(-4.652365460426,-820.1216247633));
#5452 = CARTESIAN_POINT('',(-4.684008577432,-820.040797973));
#5453 = CARTESIAN_POINT('',(-4.747755661541,-820.0600675749));
#5454 = CARTESIAN_POINT('',(-4.777985299087,-820.1527300253));
#5455 = CARTESIAN_POINT('',(-4.806565731837,-820.3192653998));
#5456 = CARTESIAN_POINT('',(-4.832980196192,-820.5485717247));
#5457 = CARTESIAN_POINT('',(-4.856798576888,-820.8275701345));
#5458 = CARTESIAN_POINT('',(-4.877732523891,-821.1411610732));
#5459 = CARTESIAN_POINT('',(-4.918976302786,-821.9015318294));
#5460 = CARTESIAN_POINT('',(-4.938031591258,-822.3745726557));
#5461 = CARTESIAN_POINT('',(-4.953033087349,-822.8756479309));
#5462 = CARTESIAN_POINT('',(-4.964159452281,-823.3949702989));
#5463 = CARTESIAN_POINT('',(-4.971541568132,-823.9255218592));
#5464 = CARTESIAN_POINT('',(-4.975248097696,-824.4621391593));
#5465 = CARTESIAN_POINT('',(-4.975248097696,-825.));
#5466 = ( GEOMETRIC_REPRESENTATION_CONTEXT(2) 
PARAMETRIC_REPRESENTATION_CONTEXT() REPRESENTATION_CONTEXT('2D SPACE',''
  ) );
#5467 = ORIENTED_EDGE('',*,*,#5468,.T.);
#5468 = EDGE_CURVE('',#5305,#1648,#5469,.T.);
#5469 = SEAM_CURVE('',#5470,(#5474,#5481),.PCURVE_S1.);
#5470 = LINE('',#5471,#5472);
#5471 = CARTESIAN_POINT('',(4.95,0.,-675.));
#5472 = VECTOR('',#5473,1.);
#5473 = DIRECTION('',(0.,-1.,0.));
#5474 = PCURVE('',#1757,#5475);
#5475 = DEFINITIONAL_REPRESENTATION('',(#5476),#5480);
#5476 = LINE('',#5477,#5478);
#5477 = CARTESIAN_POINT('',(-6.28318530718,0.));
#5478 = VECTOR('',#5479,1.);
#5479 = DIRECTION('',(-0.,-1.));
#5480 = ( GEOMETRIC_REPRESENTATION_CONTEXT(2) 
PARAMETRIC_REPRESENTATION_CONTEXT() REPRESENTATION_CONTEXT('2D SPACE',''
  ) );
#5481 = PCURVE('',#1757,#5482);
#5482 = DEFINITIONAL_REPRESENTATION('',(#5483),#5487);
#5483 = LINE('',#5484,#5485);
#5484 = CARTESIAN_POINT('',(-0.,0.));
#5485 = VECTOR('',#5486,1.);
#5486 = DIRECTION('',(-0.,-1.));
#5487 = ( GEOMETRIC_REPRESENTATION_CONTEXT(2) 
PARAMETRIC_REPRESENTATION_CONTEXT() REPRESENTATION_CONTEXT('2D SPACE',''
  ) );
#5488 = ORIENTED_EDGE('',*,*,#1647,.T.);
#5489 = ORIENTED_EDGE('',*,*,#5468,.F.);
#5490 = ADVANCED_FACE('',(#5491),#1928,.F.);
#5491 = FACE_BOUND('',#5492,.F.);
#5492 = EDGE_LOOP('',(#5493,#5657,#5678,#5679));
#5493 = ORIENTED_EDGE('',*,*,#5494,.F.);
#5494 = EDGE_CURVE('',#5495,#5495,#5497,.T.);
#5495 = VERTEX_POINT('',#5496);
#5496 = CARTESIAN_POINT('',(4.95,18.395651660107,-825.));
#5497 = SURFACE_CURVE('',#5498,(#5549,#5603),.PCURVE_S1.);
#5498 = B_SPLINE_CURVE_WITH_KNOTS('',7,(#5499,#5500,#5501,#5502,#5503,
    #5504,#5505,#5506,#5507,#5508,#5509,#5510,#5511,#5512,#5513,#5514,
    #5515,#5516,#5517,#5518,#5519,#5520,#5521,#5522,#5523,#5524,#5525,
    #5526,#5527,#5528,#5529,#5530,#5531,#5532,#5533,#5534,#5535,#5536,
    #5537,#5538,#5539,#5540,#5541,#5542,#5543,#5544,#5545,#5546,#5547,
    #5548),.UNSPECIFIED.,.T.,.F.,(8,6,6,6,6,6,6,6,8),(0.,0.140667476194,
    0.253002168906,0.360985429016,0.501058432623,0.641131616761,
    0.752991719296,0.860518773089,1.),.UNSPECIFIED.);
#5499 = CARTESIAN_POINT('',(4.95,18.395651660107,-825.));
#5500 = CARTESIAN_POINT('',(4.95,18.395651660107,-824.4621384655));
#5501 = CARTESIAN_POINT('',(4.881815595296,18.413998784843,
    -823.9255162483));
#5502 = CARTESIAN_POINT('',(4.746015601437,18.450542001946,
    -823.394963227));
#5503 = CARTESIAN_POINT('',(4.54090666516,18.504023261901,
    -822.8756434375));
#5504 = CARTESIAN_POINT('',(4.263259734921,18.571985717408,
    -822.3745750924));
#5505 = CARTESIAN_POINT('',(3.908541812432,18.65000394434,
    -821.9015376304));
#5506 = CARTESIAN_POINT('',(3.123925836668,18.795454853221,
    -821.1292731366));
#5507 = CARTESIAN_POINT('',(2.713019635635,18.863807665356,
    -820.8038524577));
#5508 = CARTESIAN_POINT('',(2.241190804328,18.930703708477,
    -820.5162965761));
#5509 = CARTESIAN_POINT('',(1.714663042252,18.989033519809,
    -820.2840353724));
#5510 = CARTESIAN_POINT('',(1.1435338668,19.031395302575,-820.1216247633
    ));
#5511 = CARTESIAN_POINT('',(0.5406416368,19.052390787715,-820.040797973)
  );
#5512 = CARTESIAN_POINT('',(-0.67372999552,19.047384313506,
    -820.0600675749));
#5513 = CARTESIAN_POINT('',(-1.249509756719,19.023313715527,
    -820.1527300253));
#5514 = CARTESIAN_POINT('',(-1.792847634788,18.980222316123,
    -820.3192653997));
#5515 = CARTESIAN_POINT('',(-2.293235207864,18.923238271779,
    -820.5485717247));
#5516 = CARTESIAN_POINT('',(-2.742586427006,18.858859782217,
    -820.8275701345));
#5517 = CARTESIAN_POINT('',(-3.136003907109,18.793215839005,
    -821.1411610732));
#5518 = CARTESIAN_POINT('',(-3.908535912603,18.650005038041,
    -821.9015318234));
#5519 = CARTESIAN_POINT('',(-4.263260662066,18.57198586349,
    -822.3745726806));
#5520 = CARTESIAN_POINT('',(-4.540909786029,18.504022353553,
    -822.8756478842));
#5521 = CARTESIAN_POINT('',(-4.746018022171,18.450541389563,
    -823.3949703463));
#5522 = CARTESIAN_POINT('',(-4.881815773447,18.413998727236,
    -823.9255218329));
#5523 = CARTESIAN_POINT('',(-4.95,18.395651660107,-824.4621391658));
#5524 = CARTESIAN_POINT('',(-4.95,18.395651660107,-825.5378615273));
#5525 = CARTESIAN_POINT('',(-4.881815589921,18.413998785937,
    -826.0744837788));
#5526 = CARTESIAN_POINT('',(-4.746015618892,18.450541998443,
    -826.6050367253));
#5527 = CARTESIAN_POINT('',(-4.540906640496,18.504023266754,
    -827.1243566084));
#5528 = CARTESIAN_POINT('',(-4.263259752794,18.571985713983,
    -827.6254248832));
#5529 = CARTESIAN_POINT('',(-3.908541806558,18.650003945429,
    -828.0984623753));
#5530 = CARTESIAN_POINT('',(-3.123925836641,18.795454853226,
    -828.8707268633));
#5531 = CARTESIAN_POINT('',(-2.71301963566,18.86380766535,
    -829.1961475421));
#5532 = CARTESIAN_POINT('',(-2.241190804363,18.930703708473,
    -829.4837034238));
#5533 = CARTESIAN_POINT('',(-1.714663042219,18.989033519817,
    -829.7159646275));
#5534 = CARTESIAN_POINT('',(-1.143533866764,19.031395302571,
    -829.8783752366));
#5535 = CARTESIAN_POINT('',(-0.540641636839,19.052390787715,
    -829.9592020269));
#5536 = CARTESIAN_POINT('',(0.673729995463,19.047384313506,
    -829.939932425));
#5537 = CARTESIAN_POINT('',(1.249509756775,19.023313715531,
    -829.8472699746));
#5538 = CARTESIAN_POINT('',(1.792847634834,18.980222316111,
    -829.6807346001));
#5539 = CARTESIAN_POINT('',(2.293235207816,18.923238271784,
    -829.4514282752));
#5540 = CARTESIAN_POINT('',(2.742586426967,18.858859782226,
    -829.1724298654));
#5541 = CARTESIAN_POINT('',(3.13600390715,18.793215838998,
    -828.8588389267));
#5542 = CARTESIAN_POINT('',(3.908535918696,18.650005036912,
    -828.0984681705));
#5543 = CARTESIAN_POINT('',(4.263260643528,18.571985867044,
    -827.6254273442));
#5544 = CARTESIAN_POINT('',(4.54090981158,18.504022348522,-827.124352069
    ));
#5545 = CARTESIAN_POINT('',(4.746018004126,18.450541393186,
    -826.605029701));
#5546 = CARTESIAN_POINT('',(4.881815778986,18.413998726109,
    -826.0744781407));
#5547 = CARTESIAN_POINT('',(4.95,18.395651660107,-825.5378608406));
#5548 = CARTESIAN_POINT('',(4.95,18.395651660107,-825.));
#5549 = PCURVE('',#1928,#5550);
#5550 = DEFINITIONAL_REPRESENTATION('',(#5551),#5602);
#5551 = B_SPLINE_CURVE_WITH_KNOTS('',7,(#5552,#5553,#5554,#5555,#5556,
    #5557,#5558,#5559,#5560,#5561,#5562,#5563,#5564,#5565,#5566,#5567,
    #5568,#5569,#5570,#5571,#5572,#5573,#5574,#5575,#5576,#5577,#5578,
    #5579,#5580,#5581,#5582,#5583,#5584,#5585,#5586,#5587,#5588,#5589,
    #5590,#5591,#5592,#5593,#5594,#5595,#5596,#5597,#5598,#5599,#5600,
    #5601),.UNSPECIFIED.,.F.,.F.,(8,6,6,6,6,6,6,6,8),(0.,0.140667476194,
    0.253002168906,0.360985429016,0.501058432623,0.641131616761,
    0.752991719296,0.860518773089,1.),.UNSPECIFIED.);
#5552 = CARTESIAN_POINT('',(0.,-18.3956516601));
#5553 = CARTESIAN_POINT('',(0.10865889585,-18.3956516601));
#5554 = CARTESIAN_POINT('',(0.217067129709,-18.41399878484));
#5555 = CARTESIAN_POINT('',(0.326346401906,-18.45054200194));
#5556 = CARTESIAN_POINT('',(0.437499064793,-18.5040232619));
#5557 = CARTESIAN_POINT('',(0.551567210235,-18.5719857174));
#5558 = CARTESIAN_POINT('',(0.669674624532,-18.65000394434));
#5559 = CARTESIAN_POINT('',(0.892081772363,-18.79545485322));
#5560 = CARTESIAN_POINT('',(0.997359698798,-18.86380766535));
#5561 = CARTESIAN_POINT('',(1.107614922811,-18.93070370847));
#5562 = CARTESIAN_POINT('',(1.221995935548,-18.9890335198));
#5563 = CARTESIAN_POINT('',(1.340038793488,-19.03139530257));
#5564 = CARTESIAN_POINT('',(1.461560712926,-19.05239078771));
#5565 = CARTESIAN_POINT('',(1.706919199259,-19.0473843135));
#5566 = CARTESIAN_POINT('',(1.823520702696,-19.02331371552));
#5567 = CARTESIAN_POINT('',(1.936646359705,-18.98022231612));
#5568 = CARTESIAN_POINT('',(2.046202254971,-18.92323827177));
#5569 = CARTESIAN_POINT('',(2.151851132313,-18.85885978221));
#5570 = CARTESIAN_POINT('',(2.252934529586,-18.793215839));
#5571 = CARTESIAN_POINT('',(2.471916356693,-18.65000503804));
#5572 = CARTESIAN_POINT('',(2.590025227017,-18.57198586349));
#5573 = CARTESIAN_POINT('',(2.704094581472,-18.50402235355));
#5574 = CARTESIAN_POINT('',(2.815247734263,-18.45054138956));
#5575 = CARTESIAN_POINT('',(2.924526643386,-18.41399872723));
#5576 = CARTESIAN_POINT('',(3.032933899223,-18.3956516601));
#5577 = CARTESIAN_POINT('',(3.250251547999,-18.3956516601));
#5578 = CARTESIAN_POINT('',(3.35865978917,-18.41399878593));
#5579 = CARTESIAN_POINT('',(3.467939044586,-18.45054199844));
#5580 = CARTESIAN_POINT('',(3.579091729571,-18.50402326675));
#5581 = CARTESIAN_POINT('',(3.693159857473,-18.57198571398));
#5582 = CARTESIAN_POINT('',(3.811267279787,-18.65000394542));
#5583 = CARTESIAN_POINT('',(4.03367442596,-18.79545485322));
#5584 = CARTESIAN_POINT('',(4.138952352379,-18.86380766535));
#5585 = CARTESIAN_POINT('',(4.249207576396,-18.93070370847));
#5586 = CARTESIAN_POINT('',(4.363588589145,-18.98903351981));
#5587 = CARTESIAN_POINT('',(4.481631447085,-19.03139530257));
#5588 = CARTESIAN_POINT('',(4.603153366508,-19.05239078771));
#5589 = CARTESIAN_POINT('',(4.848511852837,-19.0473843135));
#5590 = CARTESIAN_POINT('',(4.965113356296,-19.02331371553));
#5591 = CARTESIAN_POINT('',(5.078239013304,-18.98022231611));
#5592 = CARTESIAN_POINT('',(5.187794908555,-18.92323827178));
#5593 = CARTESIAN_POINT('',(5.293443785889,-18.85885978222));
#5594 = CARTESIAN_POINT('',(5.394527183188,-18.79321583899));
#5595 = CARTESIAN_POINT('',(5.61350901201,-18.65000503691));
#5596 = CARTESIAN_POINT('',(5.731617874077,-18.57198586704));
#5597 = CARTESIAN_POINT('',(5.845687246433,-18.50402234852));
#5598 = CARTESIAN_POINT('',(5.956840376951,-18.45054139318));
#5599 = CARTESIAN_POINT('',(6.066119302684,-18.4139987261));
#5600 = CARTESIAN_POINT('',(6.174526551484,-18.3956516601));
#5601 = CARTESIAN_POINT('',(6.28318530718,-18.3956516601));
#5602 = ( GEOMETRIC_REPRESENTATION_CONTEXT(2) 
PARAMETRIC_REPRESENTATION_CONTEXT() REPRESENTATION_CONTEXT('2D SPACE',''
  ) );
#5603 = PCURVE('',#3549,#5604);
#5604 = DEFINITIONAL_REPRESENTATION('',(#5605),#5656);
#5605 = B_SPLINE_CURVE_WITH_KNOTS('',7,(#5606,#5607,#5608,#5609,#5610,
    #5611,#5612,#5613,#5614,#5615,#5616,#5617,#5618,#5619,#5620,#5621,
    #5622,#5623,#5624,#5625,#5626,#5627,#5628,#5629,#5630,#5631,#5632,
    #5633,#5634,#5635,#5636,#5637,#5638,#5639,#5640,#5641,#5642,#5643,
    #5644,#5645,#5646,#5647,#5648,#5649,#5650,#5651,#5652,#5653,#5654,
    #5655),.UNSPECIFIED.,.T.,.F.,(8,6,6,6,6,6,6,6,8),(0.,0.140667476194,
    0.253002168906,0.360985429016,0.501058432623,0.641131616761,
    0.752991719296,0.860518773089,1.),.UNSPECIFIED.);
#5606 = CARTESIAN_POINT('',(-1.307937209484,-675.));
#5607 = CARTESIAN_POINT('',(-1.307937209484,-675.5378615344));
#5608 = CARTESIAN_POINT('',(-1.311643749032,-676.0744837516));
#5609 = CARTESIAN_POINT('',(-1.319025985492,-676.6050367729));
#5610 = CARTESIAN_POINT('',(-1.330152390805,-677.1243565624));
#5611 = CARTESIAN_POINT('',(-1.345153761257,-677.6254249075));
#5612 = CARTESIAN_POINT('',(-1.36420868974,-678.0984623695));
#5613 = CARTESIAN_POINT('',(-1.406097604812,-678.8707268633));
#5614 = CARTESIAN_POINT('',(-1.427960119772,-679.1961475422));
#5615 = CARTESIAN_POINT('',(-1.452963884942,-679.4837034238));
#5616 = CARTESIAN_POINT('',(-1.4807458463,-679.7159646275));
#5617 = CARTESIAN_POINT('',(-1.510772806836,-679.8783752366));
#5618 = CARTESIAN_POINT('',(-1.542415923842,-679.9592020269));
#5619 = CARTESIAN_POINT('',(-1.606163007954,-679.939932425));
#5620 = CARTESIAN_POINT('',(-1.636392645495,-679.8472699746));
#5621 = CARTESIAN_POINT('',(-1.664973078244,-679.6807346002));
#5622 = CARTESIAN_POINT('',(-1.691387542605,-679.4514282752));
#5623 = CARTESIAN_POINT('',(-1.7152059233,-679.1724298654));
#5624 = CARTESIAN_POINT('',(-1.736139870299,-678.8588389267));
#5625 = CARTESIAN_POINT('',(-1.777383648871,-678.0984681765));
#5626 = CARTESIAN_POINT('',(-1.79643893866,-677.6254273193));
#5627 = CARTESIAN_POINT('',(-1.811440432392,-677.1243521157));
#5628 = CARTESIAN_POINT('',(-1.822566799657,-676.6050296536));
#5629 = CARTESIAN_POINT('',(-1.829948914245,-676.074478167));
#5630 = CARTESIAN_POINT('',(-1.833655444106,-675.5378608341));
#5631 = CARTESIAN_POINT('',(-1.833655444106,-674.4621384726));
#5632 = CARTESIAN_POINT('',(-1.82994890427,-673.9255162211));
#5633 = CARTESIAN_POINT('',(-1.822566669033,-673.3949632746));
#5634 = CARTESIAN_POINT('',(-1.811440261465,-672.8756433915));
#5635 = CARTESIAN_POINT('',(-1.796438893288,-672.3745751167));
#5636 = CARTESIAN_POINT('',(-1.777383963536,-671.9015376246));
#5637 = CARTESIAN_POINT('',(-1.735495048776,-671.1292731366));
#5638 = CARTESIAN_POINT('',(-1.713632533819,-670.8038524578));
#5639 = CARTESIAN_POINT('',(-1.688628768649,-670.5162965761));
#5640 = CARTESIAN_POINT('',(-1.660846807288,-670.2840353724));
#5641 = CARTESIAN_POINT('',(-1.630819846752,-670.1216247633));
#5642 = CARTESIAN_POINT('',(-1.59917672975,-670.040797973));
#5643 = CARTESIAN_POINT('',(-1.535429645638,-670.0600675749));
#5644 = CARTESIAN_POINT('',(-1.505200008092,-670.1527300253));
#5645 = CARTESIAN_POINT('',(-1.476619575343,-670.3192653998));
#5646 = CARTESIAN_POINT('',(-1.450205110987,-670.5485717247));
#5647 = CARTESIAN_POINT('',(-1.426386730292,-670.8275701345));
#5648 = CARTESIAN_POINT('',(-1.405452783289,-671.1411610732));
#5649 = CARTESIAN_POINT('',(-1.364209004394,-671.9015318294));
#5650 = CARTESIAN_POINT('',(-1.345153715921,-672.3745726557));
#5651 = CARTESIAN_POINT('',(-1.33015221983,-672.8756479309));
#5652 = CARTESIAN_POINT('',(-1.319025854899,-673.3949702989));
#5653 = CARTESIAN_POINT('',(-1.311643739048,-673.9255218592));
#5654 = CARTESIAN_POINT('',(-1.307937209484,-674.4621391593));
#5655 = CARTESIAN_POINT('',(-1.307937209484,-675.));
#5656 = ( GEOMETRIC_REPRESENTATION_CONTEXT(2) 
PARAMETRIC_REPRESENTATION_CONTEXT() REPRESENTATION_CONTEXT('2D SPACE',''
  ) );
#5657 = ORIENTED_EDGE('',*,*,#5658,.T.);
#5658 = EDGE_CURVE('',#5495,#1819,#5659,.T.);
#5659 = SEAM_CURVE('',#5660,(#5664,#5671),.PCURVE_S1.);
#5660 = LINE('',#5661,#5662);
#5661 = CARTESIAN_POINT('',(4.95,0.,-825.));
#5662 = VECTOR('',#5663,1.);
#5663 = DIRECTION('',(-0.,1.,-0.));
#5664 = PCURVE('',#1928,#5665);
#5665 = DEFINITIONAL_REPRESENTATION('',(#5666),#5670);
#5666 = LINE('',#5667,#5668);
#5667 = CARTESIAN_POINT('',(6.28318530718,0.));
#5668 = VECTOR('',#5669,1.);
#5669 = DIRECTION('',(0.,-1.));
#5670 = ( GEOMETRIC_REPRESENTATION_CONTEXT(2) 
PARAMETRIC_REPRESENTATION_CONTEXT() REPRESENTATION_CONTEXT('2D SPACE',''
  ) );
#5671 = PCURVE('',#1928,#5672);
#5672 = DEFINITIONAL_REPRESENTATION('',(#5673),#5677);
#5673 = LINE('',#5674,#5675);
#5674 = CARTESIAN_POINT('',(0.,0.));
#5675 = VECTOR('',#5676,1.);
#5676 = DIRECTION('',(0.,-1.));
#5677 = ( GEOMETRIC_REPRESENTATION_CONTEXT(2) 
PARAMETRIC_REPRESENTATION_CONTEXT() REPRESENTATION_CONTEXT('2D SPACE',''
  ) );
#5678 = ORIENTED_EDGE('',*,*,#1818,.T.);
#5679 = ORIENTED_EDGE('',*,*,#5658,.F.);
#5680 = ADVANCED_FACE('',(#5681),#2099,.F.);
#5681 = FACE_BOUND('',#5682,.F.);
#5682 = EDGE_LOOP('',(#5683,#5847,#5868,#5869));
#5683 = ORIENTED_EDGE('',*,*,#5684,.F.);
#5684 = EDGE_CURVE('',#5685,#5685,#5687,.T.);
#5685 = VERTEX_POINT('',#5686);
#5686 = CARTESIAN_POINT('',(4.95,18.395651660107,-975.));
#5687 = SURFACE_CURVE('',#5688,(#5739,#5793),.PCURVE_S1.);
#5688 = B_SPLINE_CURVE_WITH_KNOTS('',7,(#5689,#5690,#5691,#5692,#5693,
    #5694,#5695,#5696,#5697,#5698,#5699,#5700,#5701,#5702,#5703,#5704,
    #5705,#5706,#5707,#5708,#5709,#5710,#5711,#5712,#5713,#5714,#5715,
    #5716,#5717,#5718,#5719,#5720,#5721,#5722,#5723,#5724,#5725,#5726,
    #5727,#5728,#5729,#5730,#5731,#5732,#5733,#5734,#5735,#5736,#5737,
    #5738),.UNSPECIFIED.,.T.,.F.,(8,6,6,6,6,6,6,6,8),(0.,0.140667474297,
    0.253002167007,0.360985426622,0.501058430233,0.64113161623,
    0.752991719335,0.860518773111,1.),.UNSPECIFIED.);
#5689 = CARTESIAN_POINT('',(4.95,18.395651660107,-975.));
#5690 = CARTESIAN_POINT('',(4.95,18.395651660107,-974.4621384726));
#5691 = CARTESIAN_POINT('',(4.881815589921,18.413998785937,
    -973.9255162211));
#5692 = CARTESIAN_POINT('',(4.746015618892,18.450541998443,
    -973.3949632746));
#5693 = CARTESIAN_POINT('',(4.540906640496,18.504023266754,
    -972.8756433915));
#5694 = CARTESIAN_POINT('',(4.263259752794,18.571985713983,
    -972.3745751167));
#5695 = CARTESIAN_POINT('',(3.908541806557,18.650003945429,
    -971.9015376246));
#5696 = CARTESIAN_POINT('',(3.123925836668,18.795454853221,
    -971.1292731366));
#5697 = CARTESIAN_POINT('',(2.713019635637,18.863807665356,
    -970.8038524577));
#5698 = CARTESIAN_POINT('',(2.241190804324,18.930703708477,
    -970.5162965761));
#5699 = CARTESIAN_POINT('',(1.714663042255,18.989033519809,
    -970.2840353724));
#5700 = CARTESIAN_POINT('',(1.143533866798,19.031395302575,
    -970.1216247633));
#5701 = CARTESIAN_POINT('',(0.540641636801,19.052390787715,
    -970.040797973));
#5702 = CARTESIAN_POINT('',(-0.673729992805,19.047384313517,
    -970.0600675749));
#5703 = CARTESIAN_POINT('',(-1.249509766458,19.023313715188,
    -970.1527300269));
#5704 = CARTESIAN_POINT('',(-1.792847618656,18.980222317132,
    -970.3192653948));
#5705 = CARTESIAN_POINT('',(-2.293235222565,18.923238270432,
    -970.5485717314));
#5706 = CARTESIAN_POINT('',(-2.742586419751,18.858859783142,
    -970.8275701298));
#5707 = CARTESIAN_POINT('',(-3.136003908657,18.793215838718,
    -971.1411610747));
#5708 = CARTESIAN_POINT('',(-3.908535912603,18.650005038041,
    -971.9015318234));
#5709 = CARTESIAN_POINT('',(-4.263260662067,18.571985863489,
    -972.3745726806));
#5710 = CARTESIAN_POINT('',(-4.540909786028,18.504022353553,
    -972.8756478842));
#5711 = CARTESIAN_POINT('',(-4.746018022172,18.450541389563,
    -973.3949703463));
#5712 = CARTESIAN_POINT('',(-4.881815773447,18.413998727236,
    -973.9255218329));
#5713 = CARTESIAN_POINT('',(-4.95,18.395651660107,-974.4621391658));
#5714 = CARTESIAN_POINT('',(-4.95,18.395651660107,-975.5378615344));
#5715 = CARTESIAN_POINT('',(-4.881815595296,18.413998784843,
    -976.0744837516));
#5716 = CARTESIAN_POINT('',(-4.746015601436,18.450542001946,
    -976.6050367729));
#5717 = CARTESIAN_POINT('',(-4.540906665161,18.504023261901,
    -977.1243565624));
#5718 = CARTESIAN_POINT('',(-4.263259734921,18.571985717408,
    -977.6254249075));
#5719 = CARTESIAN_POINT('',(-3.908541812432,18.65000394434,
    -978.0984623695));
#5720 = CARTESIAN_POINT('',(-3.123925834803,18.795454853566,
    -978.8707268652));
#5721 = CARTESIAN_POINT('',(-2.713019644698,18.863807664232,
    -979.1961475364));
#5722 = CARTESIAN_POINT('',(-2.241190785718,18.930703710106,
    -979.4837034319));
#5723 = CARTESIAN_POINT('',(-1.714663062639,18.989033518624,
    -979.7159646217));
#5724 = CARTESIAN_POINT('',(-1.143533854675,19.031395302929,
    -979.8783752383));
#5725 = CARTESIAN_POINT('',(-0.540641640087,19.052390787728,
    -979.959202027));
#5726 = CARTESIAN_POINT('',(0.673729995463,19.047384313506,
    -979.939932425));
#5727 = CARTESIAN_POINT('',(1.249509756774,19.023313715531,
    -979.8472699746));
#5728 = CARTESIAN_POINT('',(1.792847634834,18.980222316111,
    -979.6807346001));
#5729 = CARTESIAN_POINT('',(2.293235207816,18.923238271784,
    -979.4514282752));
#5730 = CARTESIAN_POINT('',(2.742586426968,18.858859782226,
    -979.1724298654));
#5731 = CARTESIAN_POINT('',(3.13600390715,18.793215838998,
    -978.8588389267));
#5732 = CARTESIAN_POINT('',(3.908535918696,18.650005036912,
    -978.0984681705));
#5733 = CARTESIAN_POINT('',(4.263260643528,18.571985867044,
    -977.6254273442));
#5734 = CARTESIAN_POINT('',(4.54090981158,18.504022348522,-977.124352069
    ));
#5735 = CARTESIAN_POINT('',(4.746018004126,18.450541393186,
    -976.605029701));
#5736 = CARTESIAN_POINT('',(4.881815778986,18.413998726109,
    -976.0744781407));
#5737 = CARTESIAN_POINT('',(4.95,18.395651660107,-975.5378608406));
#5738 = CARTESIAN_POINT('',(4.95,18.395651660107,-975.));
#5739 = PCURVE('',#2099,#5740);
#5740 = DEFINITIONAL_REPRESENTATION('',(#5741),#5792);
#5741 = B_SPLINE_CURVE_WITH_KNOTS('',7,(#5742,#5743,#5744,#5745,#5746,
    #5747,#5748,#5749,#5750,#5751,#5752,#5753,#5754,#5755,#5756,#5757,
    #5758,#5759,#5760,#5761,#5762,#5763,#5764,#5765,#5766,#5767,#5768,
    #5769,#5770,#5771,#5772,#5773,#5774,#5775,#5776,#5777,#5778,#5779,
    #5780,#5781,#5782,#5783,#5784,#5785,#5786,#5787,#5788,#5789,#5790,
    #5791),.UNSPECIFIED.,.F.,.F.,(8,6,6,6,6,6,6,6,8),(0.,0.140667474297,
    0.253002167007,0.360985426622,0.501058430233,0.64113161623,
    0.752991719335,0.860518773111,1.),.UNSPECIFIED.);
#5742 = CARTESIAN_POINT('',(0.,-18.3956516601));
#5743 = CARTESIAN_POINT('',(0.108658894409,-18.3956516601));
#5744 = CARTESIAN_POINT('',(0.21706713558,-18.41399878593));
#5745 = CARTESIAN_POINT('',(0.326346390996,-18.45054199844));
#5746 = CARTESIAN_POINT('',(0.437499075981,-18.50402326675));
#5747 = CARTESIAN_POINT('',(0.551567203883,-18.57198571398));
#5748 = CARTESIAN_POINT('',(0.669674626197,-18.65000394542));
#5749 = CARTESIAN_POINT('',(0.892081772363,-18.79545485322));
#5750 = CARTESIAN_POINT('',(0.997359698797,-18.86380766535));
#5751 = CARTESIAN_POINT('',(1.107614922812,-18.93070370847));
#5752 = CARTESIAN_POINT('',(1.221995935548,-18.9890335198));
#5753 = CARTESIAN_POINT('',(1.340038793488,-19.03139530257));
#5754 = CARTESIAN_POINT('',(1.461560712926,-19.05239078771));
#5755 = CARTESIAN_POINT('',(1.70691919871,-19.04738431351));
#5756 = CARTESIAN_POINT('',(1.82352070476,-19.02331371518));
#5757 = CARTESIAN_POINT('',(1.936646356119,-18.98022231713));
#5758 = CARTESIAN_POINT('',(2.046202258424,-18.92323827043));
#5759 = CARTESIAN_POINT('',(2.151851130481,-18.85885978314));
#5760 = CARTESIAN_POINT('',(2.252934530025,-18.79321583871));
#5761 = CARTESIAN_POINT('',(2.471916356693,-18.65000503804));
#5762 = CARTESIAN_POINT('',(2.590025227018,-18.57198586348));
#5763 = CARTESIAN_POINT('',(2.704094581472,-18.50402235355));
#5764 = CARTESIAN_POINT('',(2.815247734264,-18.45054138956));
#5765 = CARTESIAN_POINT('',(2.924526643386,-18.41399872723));
#5766 = CARTESIAN_POINT('',(3.032933899223,-18.3956516601));
#5767 = CARTESIAN_POINT('',(3.25025154944,-18.3956516601));
#5768 = CARTESIAN_POINT('',(3.358659783299,-18.41399878484));
#5769 = CARTESIAN_POINT('',(3.467939055497,-18.45054200194));
#5770 = CARTESIAN_POINT('',(3.579091718382,-18.5040232619));
#5771 = CARTESIAN_POINT('',(3.693159863825,-18.5719857174));
#5772 = CARTESIAN_POINT('',(3.811267278122,-18.65000394434));
#5773 = CARTESIAN_POINT('',(4.033674426481,-18.79545485356));
#5774 = CARTESIAN_POINT('',(4.13895235011,-18.86380766423));
#5775 = CARTESIAN_POINT('',(4.249207580755,-18.9307037101));
#5776 = CARTESIAN_POINT('',(4.363588584616,-18.98903351862));
#5777 = CARTESIAN_POINT('',(4.481631449647,-19.03139530292));
#5778 = CARTESIAN_POINT('',(4.603153365852,-19.05239078772));
#5779 = CARTESIAN_POINT('',(4.848511852837,-19.0473843135));
#5780 = CARTESIAN_POINT('',(4.965113356296,-19.02331371553));
#5781 = CARTESIAN_POINT('',(5.078239013304,-18.98022231611));
#5782 = CARTESIAN_POINT('',(5.187794908555,-18.92323827178));
#5783 = CARTESIAN_POINT('',(5.293443785889,-18.85885978222));
#5784 = CARTESIAN_POINT('',(5.394527183188,-18.79321583899));
#5785 = CARTESIAN_POINT('',(5.61350901201,-18.65000503691));
#5786 = CARTESIAN_POINT('',(5.731617874077,-18.57198586704));
#5787 = CARTESIAN_POINT('',(5.845687246433,-18.50402234852));
#5788 = CARTESIAN_POINT('',(5.956840376951,-18.45054139318));
#5789 = CARTESIAN_POINT('',(6.066119302684,-18.4139987261));
#5790 = CARTESIAN_POINT('',(6.174526551484,-18.3956516601));
#5791 = CARTESIAN_POINT('',(6.28318530718,-18.3956516601));
#5792 = ( GEOMETRIC_REPRESENTATION_CONTEXT(2) 
PARAMETRIC_REPRESENTATION_CONTEXT() REPRESENTATION_CONTEXT('2D SPACE',''
  ) );
#5793 = PCURVE('',#3549,#5794);
#5794 = DEFINITIONAL_REPRESENTATION('',(#5795),#5846);
#5795 = B_SPLINE_CURVE_WITH_KNOTS('',7,(#5796,#5797,#5798,#5799,#5800,
    #5801,#5802,#5803,#5804,#5805,#5806,#5807,#5808,#5809,#5810,#5811,
    #5812,#5813,#5814,#5815,#5816,#5817,#5818,#5819,#5820,#5821,#5822,
    #5823,#5824,#5825,#5826,#5827,#5828,#5829,#5830,#5831,#5832,#5833,
    #5834,#5835,#5836,#5837,#5838,#5839,#5840,#5841,#5842,#5843,#5844,
    #5845),.UNSPECIFIED.,.T.,.F.,(8,6,6,6,6,6,6,6,8),(0.,0.140667474297,
    0.253002167007,0.360985426622,0.501058430233,0.64113161623,
    0.752991719335,0.860518773111,1.),.UNSPECIFIED.);
#5796 = CARTESIAN_POINT('',(-1.307937209484,-525.));
#5797 = CARTESIAN_POINT('',(-1.307937209484,-525.5378615273));
#5798 = CARTESIAN_POINT('',(-1.31164374932,-526.0744837788));
#5799 = CARTESIAN_POINT('',(-1.319025984557,-526.6050367253));
#5800 = CARTESIAN_POINT('',(-1.330152392125,-527.1243566084));
#5801 = CARTESIAN_POINT('',(-1.345153760302,-527.6254248832));
#5802 = CARTESIAN_POINT('',(-1.364208690054,-528.0984623753));
#5803 = CARTESIAN_POINT('',(-1.406097604812,-528.8707268633));
#5804 = CARTESIAN_POINT('',(-1.427960119772,-529.1961475422));
#5805 = CARTESIAN_POINT('',(-1.452963884942,-529.4837034238));
#5806 = CARTESIAN_POINT('',(-1.4807458463,-529.7159646275));
#5807 = CARTESIAN_POINT('',(-1.510772806836,-529.8783752366));
#5808 = CARTESIAN_POINT('',(-1.542415923842,-529.9592020269));
#5809 = CARTESIAN_POINT('',(-1.606163007812,-529.939932425));
#5810 = CARTESIAN_POINT('',(-1.636392646007,-529.847269973));
#5811 = CARTESIAN_POINT('',(-1.664973077394,-529.6807346051));
#5812 = CARTESIAN_POINT('',(-1.691387543383,-529.4514282685));
#5813 = CARTESIAN_POINT('',(-1.715205922915,-529.1724298701));
#5814 = CARTESIAN_POINT('',(-1.736139870381,-528.8588389252));
#5815 = CARTESIAN_POINT('',(-1.777383648871,-528.0984681765));
#5816 = CARTESIAN_POINT('',(-1.79643893866,-527.6254273193));
#5817 = CARTESIAN_POINT('',(-1.811440432392,-527.1243521157));
#5818 = CARTESIAN_POINT('',(-1.822566799657,-526.6050296536));
#5819 = CARTESIAN_POINT('',(-1.829948914245,-526.074478167));
#5820 = CARTESIAN_POINT('',(-1.833655444106,-525.5378608341));
#5821 = CARTESIAN_POINT('',(-1.833655444106,-524.4621384655));
#5822 = CARTESIAN_POINT('',(-1.829948904558,-523.9255162483));
#5823 = CARTESIAN_POINT('',(-1.822566668098,-523.394963227));
#5824 = CARTESIAN_POINT('',(-1.811440262785,-522.8756434375));
#5825 = CARTESIAN_POINT('',(-1.796438892333,-522.3745750924));
#5826 = CARTESIAN_POINT('',(-1.777383963849,-521.9015376304));
#5827 = CARTESIAN_POINT('',(-1.735495048678,-521.1292731347));
#5828 = CARTESIAN_POINT('',(-1.713632534299,-520.8038524635));
#5829 = CARTESIAN_POINT('',(-1.688628767664,-520.516296568));
#5830 = CARTESIAN_POINT('',(-1.660846808364,-520.2840353782));
#5831 = CARTESIAN_POINT('',(-1.630819846116,-520.1216247616));
#5832 = CARTESIAN_POINT('',(-1.59917672992,-520.0407979729));
#5833 = CARTESIAN_POINT('',(-1.535429645638,-520.0600675749));
#5834 = CARTESIAN_POINT('',(-1.505200008092,-520.1527300253));
#5835 = CARTESIAN_POINT('',(-1.476619575343,-520.3192653998));
#5836 = CARTESIAN_POINT('',(-1.450205110987,-520.5485717247));
#5837 = CARTESIAN_POINT('',(-1.426386730292,-520.8275701345));
#5838 = CARTESIAN_POINT('',(-1.405452783289,-521.1411610732));
#5839 = CARTESIAN_POINT('',(-1.364209004394,-521.9015318294));
#5840 = CARTESIAN_POINT('',(-1.345153715921,-522.3745726557));
#5841 = CARTESIAN_POINT('',(-1.33015221983,-522.8756479309));
#5842 = CARTESIAN_POINT('',(-1.319025854899,-523.3949702989));
#5843 = CARTESIAN_POINT('',(-1.311643739048,-523.9255218592));
#5844 = CARTESIAN_POINT('',(-1.307937209484,-524.4621391593));
#5845 = CARTESIAN_POINT('',(-1.307937209484,-525.));
#5846 = ( GEOMETRIC_REPRESENTATION_CONTEXT(2) 
PARAMETRIC_REPRESENTATION_CONTEXT() REPRESENTATION_CONTEXT('2D SPACE',''
  ) );
#5847 = ORIENTED_EDGE('',*,*,#5848,.T.);
#5848 = EDGE_CURVE('',#5685,#1990,#5849,.T.);
#5849 = SEAM_CURVE('',#5850,(#5854,#5861),.PCURVE_S1.);
#5850 = LINE('',#5851,#5852);
#5851 = CARTESIAN_POINT('',(4.95,0.,-975.));
#5852 = VECTOR('',#5853,1.);
#5853 = DIRECTION('',(-0.,1.,-0.));
#5854 = PCURVE('',#2099,#5855);
#5855 = DEFINITIONAL_REPRESENTATION('',(#5856),#5860);
#5856 = LINE('',#5857,#5858);
#5857 = CARTESIAN_POINT('',(6.28318530718,0.));
#5858 = VECTOR('',#5859,1.);
#5859 = DIRECTION('',(0.,-1.));
#5860 = ( GEOMETRIC_REPRESENTATION_CONTEXT(2) 
PARAMETRIC_REPRESENTATION_CONTEXT() REPRESENTATION_CONTEXT('2D SPACE',''
  ) );
#5861 = PCURVE('',#2099,#5862);
#5862 = DEFINITIONAL_REPRESENTATION('',(#5863),#5867);
#5863 = LINE('',#5864,#5865);
#5864 = CARTESIAN_POINT('',(0.,0.));
#5865 = VECTOR('',#5866,1.);
#5866 = DIRECTION('',(0.,-1.));
#5867 = ( GEOMETRIC_REPRESENTATION_CONTEXT(2) 
PARAMETRIC_REPRESENTATION_CONTEXT() REPRESENTATION_CONTEXT('2D SPACE',''
  ) );
#5868 = ORIENTED_EDGE('',*,*,#1989,.T.);
#5869 = ORIENTED_EDGE('',*,*,#5848,.F.);
#5870 = ADVANCED_FACE('',(#5871),#2270,.F.);
#5871 = FACE_BOUND('',#5872,.F.);
#5872 = EDGE_LOOP('',(#5873,#6037,#6058,#6059));
#5873 = ORIENTED_EDGE('',*,*,#5874,.F.);
#5874 = EDGE_CURVE('',#5875,#5875,#5877,.T.);
#5875 = VERTEX_POINT('',#5876);
#5876 = CARTESIAN_POINT('',(4.95,18.395651660107,-1.125E+03));
#5877 = SURFACE_CURVE('',#5878,(#5929,#5983),.PCURVE_S1.);
#5878 = B_SPLINE_CURVE_WITH_KNOTS('',7,(#5879,#5880,#5881,#5882,#5883,
    #5884,#5885,#5886,#5887,#5888,#5889,#5890,#5891,#5892,#5893,#5894,
    #5895,#5896,#5897,#5898,#5899,#5900,#5901,#5902,#5903,#5904,#5905,
    #5906,#5907,#5908,#5909,#5910,#5911,#5912,#5913,#5914,#5915,#5916,
    #5917,#5918,#5919,#5920,#5921,#5922,#5923,#5924,#5925,#5926,#5927,
    #5928),.UNSPECIFIED.,.T.,.F.,(8,6,6,6,6,6,6,6,8),(0.,0.140667475986,
    0.253002168532,0.360985428473,0.501058433833,0.641131618011,
    0.752991721167,0.860518774994,1.),.UNSPECIFIED.);
#5879 = CARTESIAN_POINT('',(4.95,18.395651660107,-1.125E+03));
#5880 = CARTESIAN_POINT('',(4.95,18.395651660107,-1.124462138466E+03));
#5881 = CARTESIAN_POINT('',(4.881815595297,18.413998784843,
    -1.123925516248E+03));
#5882 = CARTESIAN_POINT('',(4.746015601435,18.450542001947,
    -1.123394963227E+03));
#5883 = CARTESIAN_POINT('',(4.540906665162,18.504023261901,
    -1.122875643438E+03));
#5884 = CARTESIAN_POINT('',(4.26325973492,18.571985717408,
    -1.122374575092E+03));
#5885 = CARTESIAN_POINT('',(3.908541812432,18.65000394434,
    -1.12190153763E+03));
#5886 = CARTESIAN_POINT('',(3.123925836668,18.79545485322,
    -1.121129273137E+03));
#5887 = CARTESIAN_POINT('',(2.713019635634,18.863807665356,
    -1.120803852458E+03));
#5888 = CARTESIAN_POINT('',(2.241190804332,18.930703708476,
    -1.120516296576E+03));
#5889 = CARTESIAN_POINT('',(1.714663042245,18.989033519809,
    -1.120284035372E+03));
#5890 = CARTESIAN_POINT('',(1.143533866806,19.031395302575,
    -1.120121624763E+03));
#5891 = CARTESIAN_POINT('',(0.540641636798,19.052390787715,
    -1.120040797973E+03));
#5892 = CARTESIAN_POINT('',(-0.673729995462,19.047384313506,
    -1.120060067575E+03));
#5893 = CARTESIAN_POINT('',(-1.249509756774,19.023313715531,
    -1.120152730025E+03));
#5894 = CARTESIAN_POINT('',(-1.792847634836,18.980222316111,
    -1.1203192654E+03));
#5895 = CARTESIAN_POINT('',(-2.293235207813,18.923238271784,
    -1.120548571725E+03));
#5896 = CARTESIAN_POINT('',(-2.742586426969,18.858859782226,
    -1.120827570135E+03));
#5897 = CARTESIAN_POINT('',(-3.13600390715,18.793215838998,
    -1.121141161073E+03));
#5898 = CARTESIAN_POINT('',(-3.908535918696,18.650005036912,
    -1.121901531829E+03));
#5899 = CARTESIAN_POINT('',(-4.263260643527,18.571985867044,
    -1.122374572656E+03));
#5900 = CARTESIAN_POINT('',(-4.54090981158,18.504022348522,
    -1.122875647931E+03));
#5901 = CARTESIAN_POINT('',(-4.746018004127,18.450541393186,
    -1.123394970299E+03));
#5902 = CARTESIAN_POINT('',(-4.881815778986,18.413998726109,
    -1.123925521859E+03));
#5903 = CARTESIAN_POINT('',(-4.95,18.395651660107,-1.124462139159E+03));
#5904 = CARTESIAN_POINT('',(-4.95,18.395651660107,-1.125537861527E+03));
#5905 = CARTESIAN_POINT('',(-4.881815589921,18.413998785937,
    -1.126074483779E+03));
#5906 = CARTESIAN_POINT('',(-4.746015618892,18.450541998443,
    -1.126605036725E+03));
#5907 = CARTESIAN_POINT('',(-4.540906640496,18.504023266754,
    -1.127124356608E+03));
#5908 = CARTESIAN_POINT('',(-4.263259752794,18.571985713983,
    -1.127625424883E+03));
#5909 = CARTESIAN_POINT('',(-3.908541806557,18.650003945429,
    -1.128098462375E+03));
#5910 = CARTESIAN_POINT('',(-3.123925834804,18.795454853566,
    -1.128870726865E+03));
#5911 = CARTESIAN_POINT('',(-2.713019644697,18.863807664232,
    -1.129196147536E+03));
#5912 = CARTESIAN_POINT('',(-2.241190785718,18.930703710106,
    -1.129483703432E+03));
#5913 = CARTESIAN_POINT('',(-1.714663062639,18.989033518624,
    -1.129715964622E+03));
#5914 = CARTESIAN_POINT('',(-1.143533854675,19.031395302929,
    -1.129878375238E+03));
#5915 = CARTESIAN_POINT('',(-0.540641640088,19.052390787728,
    -1.129959202027E+03));
#5916 = CARTESIAN_POINT('',(0.673729995462,19.047384313506,
    -1.129939932425E+03));
#5917 = CARTESIAN_POINT('',(1.249509756775,19.023313715531,
    -1.129847269975E+03));
#5918 = CARTESIAN_POINT('',(1.792847634833,18.980222316111,
    -1.1296807346E+03));
#5919 = CARTESIAN_POINT('',(2.293235207816,18.923238271784,
    -1.129451428275E+03));
#5920 = CARTESIAN_POINT('',(2.742586426967,18.858859782226,
    -1.129172429865E+03));
#5921 = CARTESIAN_POINT('',(3.13600390715,18.793215838998,
    -1.128858838927E+03));
#5922 = CARTESIAN_POINT('',(3.908535912603,18.650005038041,
    -1.128098468177E+03));
#5923 = CARTESIAN_POINT('',(4.263260662067,18.571985863489,
    -1.127625427319E+03));
#5924 = CARTESIAN_POINT('',(4.540909786029,18.504022353553,
    -1.127124352116E+03));
#5925 = CARTESIAN_POINT('',(4.746018022171,18.450541389563,
    -1.126605029654E+03));
#5926 = CARTESIAN_POINT('',(4.881815773447,18.413998727236,
    -1.126074478167E+03));
#5927 = CARTESIAN_POINT('',(4.95,18.395651660107,-1.125537860834E+03));
#5928 = CARTESIAN_POINT('',(4.95,18.395651660107,-1.125E+03));
#5929 = PCURVE('',#2270,#5930);
#5930 = DEFINITIONAL_REPRESENTATION('',(#5931),#5982);
#5931 = B_SPLINE_CURVE_WITH_KNOTS('',7,(#5932,#5933,#5934,#5935,#5936,
    #5937,#5938,#5939,#5940,#5941,#5942,#5943,#5944,#5945,#5946,#5947,
    #5948,#5949,#5950,#5951,#5952,#5953,#5954,#5955,#5956,#5957,#5958,
    #5959,#5960,#5961,#5962,#5963,#5964,#5965,#5966,#5967,#5968,#5969,
    #5970,#5971,#5972,#5973,#5974,#5975,#5976,#5977,#5978,#5979,#5980,
    #5981),.UNSPECIFIED.,.F.,.F.,(8,6,6,6,6,6,6,6,8),(0.,0.140667475986,
    0.253002168532,0.360985428473,0.501058433833,0.641131618011,
    0.752991721167,0.860518774994,1.),.UNSPECIFIED.);
#5932 = CARTESIAN_POINT('',(0.,-18.3956516601));
#5933 = CARTESIAN_POINT('',(0.10865889585,-18.3956516601));
#5934 = CARTESIAN_POINT('',(0.217067129709,-18.41399878484));
#5935 = CARTESIAN_POINT('',(0.326346401907,-18.45054200194));
#5936 = CARTESIAN_POINT('',(0.437499064792,-18.5040232619));
#5937 = CARTESIAN_POINT('',(0.551567210235,-18.5719857174));
#5938 = CARTESIAN_POINT('',(0.669674624532,-18.65000394434));
#5939 = CARTESIAN_POINT('',(0.892081772363,-18.79545485322));
#5940 = CARTESIAN_POINT('',(0.997359698798,-18.86380766535));
#5941 = CARTESIAN_POINT('',(1.10761492281,-18.93070370847));
#5942 = CARTESIAN_POINT('',(1.22199593555,-18.9890335198));
#5943 = CARTESIAN_POINT('',(1.340038793487,-19.03139530257));
#5944 = CARTESIAN_POINT('',(1.461560712927,-19.05239078771));
#5945 = CARTESIAN_POINT('',(1.706919199247,-19.0473843135));
#5946 = CARTESIAN_POINT('',(1.823520702706,-19.02331371553));
#5947 = CARTESIAN_POINT('',(1.936646359714,-18.98022231611));
#5948 = CARTESIAN_POINT('',(2.046202254964,-18.92323827178));
#5949 = CARTESIAN_POINT('',(2.1518511323,-18.85885978222));
#5950 = CARTESIAN_POINT('',(2.252934529598,-18.79321583899));
#5951 = CARTESIAN_POINT('',(2.47191635842,-18.65000503691));
#5952 = CARTESIAN_POINT('',(2.590025220487,-18.57198586704));
#5953 = CARTESIAN_POINT('',(2.704094592844,-18.50402234852));
#5954 = CARTESIAN_POINT('',(2.81524772336,-18.45054139318));
#5955 = CARTESIAN_POINT('',(2.924526649094,-18.4139987261));
#5956 = CARTESIAN_POINT('',(3.032933897894,-18.3956516601));
#5957 = CARTESIAN_POINT('',(3.250251547999,-18.3956516601));
#5958 = CARTESIAN_POINT('',(3.358659789169,-18.41399878593));
#5959 = CARTESIAN_POINT('',(3.467939044586,-18.45054199844));
#5960 = CARTESIAN_POINT('',(3.579091729571,-18.50402326675));
#5961 = CARTESIAN_POINT('',(3.693159857473,-18.57198571398));
#5962 = CARTESIAN_POINT('',(3.811267279787,-18.65000394542));
#5963 = CARTESIAN_POINT('',(4.033674426481,-18.79545485356));
#5964 = CARTESIAN_POINT('',(4.13895235011,-18.86380766423));
#5965 = CARTESIAN_POINT('',(4.249207580754,-18.9307037101));
#5966 = CARTESIAN_POINT('',(4.363588584616,-18.98903351862));
#5967 = CARTESIAN_POINT('',(4.481631449647,-19.03139530292));
#5968 = CARTESIAN_POINT('',(4.603153365852,-19.05239078772));
#5969 = CARTESIAN_POINT('',(4.848511852837,-19.0473843135));
#5970 = CARTESIAN_POINT('',(4.965113356296,-19.02331371553));
#5971 = CARTESIAN_POINT('',(5.078239013304,-18.98022231611));
#5972 = CARTESIAN_POINT('',(5.187794908555,-18.92323827178));
#5973 = CARTESIAN_POINT('',(5.293443785889,-18.85885978222));
#5974 = CARTESIAN_POINT('',(5.394527183188,-18.79321583899));
#5975 = CARTESIAN_POINT('',(5.613509010283,-18.65000503804));
#5976 = CARTESIAN_POINT('',(5.731617880607,-18.57198586348));
#5977 = CARTESIAN_POINT('',(5.845687235062,-18.50402235355));
#5978 = CARTESIAN_POINT('',(5.956840387854,-18.45054138956));
#5979 = CARTESIAN_POINT('',(6.066119296976,-18.41399872723));
#5980 = CARTESIAN_POINT('',(6.174526552813,-18.3956516601));
#5981 = CARTESIAN_POINT('',(6.28318530718,-18.3956516601));
#5982 = ( GEOMETRIC_REPRESENTATION_CONTEXT(2) 
PARAMETRIC_REPRESENTATION_CONTEXT() REPRESENTATION_CONTEXT('2D SPACE',''
  ) );
#5983 = PCURVE('',#3549,#5984);
#5984 = DEFINITIONAL_REPRESENTATION('',(#5985),#6036);
#5985 = B_SPLINE_CURVE_WITH_KNOTS('',7,(#5986,#5987,#5988,#5989,#5990,
    #5991,#5992,#5993,#5994,#5995,#5996,#5997,#5998,#5999,#6000,#6001,
    #6002,#6003,#6004,#6005,#6006,#6007,#6008,#6009,#6010,#6011,#6012,
    #6013,#6014,#6015,#6016,#6017,#6018,#6019,#6020,#6021,#6022,#6023,
    #6024,#6025,#6026,#6027,#6028,#6029,#6030,#6031,#6032,#6033,#6034,
    #6035),.UNSPECIFIED.,.T.,.F.,(8,6,6,6,6,6,6,6,8),(0.,0.140667475986,
    0.253002168532,0.360985428473,0.501058433833,0.641131618011,
    0.752991721167,0.860518774994,1.),.UNSPECIFIED.);
#5986 = CARTESIAN_POINT('',(-1.307937209484,-375.));
#5987 = CARTESIAN_POINT('',(-1.307937209484,-375.5378615344));
#5988 = CARTESIAN_POINT('',(-1.311643749032,-376.0744837516));
#5989 = CARTESIAN_POINT('',(-1.319025985492,-376.6050367729));
#5990 = CARTESIAN_POINT('',(-1.330152390805,-377.1243565624));
#5991 = CARTESIAN_POINT('',(-1.345153761257,-377.6254249075));
#5992 = CARTESIAN_POINT('',(-1.36420868974,-378.0984623695));
#5993 = CARTESIAN_POINT('',(-1.406097604812,-378.8707268633));
#5994 = CARTESIAN_POINT('',(-1.427960119772,-379.1961475422));
#5995 = CARTESIAN_POINT('',(-1.452963884942,-379.4837034238));
#5996 = CARTESIAN_POINT('',(-1.480745846301,-379.7159646275));
#5997 = CARTESIAN_POINT('',(-1.510772806836,-379.8783752366));
#5998 = CARTESIAN_POINT('',(-1.542415923842,-379.9592020269));
#5999 = CARTESIAN_POINT('',(-1.606163007951,-379.939932425));
#6000 = CARTESIAN_POINT('',(-1.636392645498,-379.8472699746));
#6001 = CARTESIAN_POINT('',(-1.664973078247,-379.6807346001));
#6002 = CARTESIAN_POINT('',(-1.691387542603,-379.4514282752));
#6003 = CARTESIAN_POINT('',(-1.715205923298,-379.1724298654));
#6004 = CARTESIAN_POINT('',(-1.736139870301,-378.8588389267));
#6005 = CARTESIAN_POINT('',(-1.777383649196,-378.0984681705));
#6006 = CARTESIAN_POINT('',(-1.796438937669,-377.6254273442));
#6007 = CARTESIAN_POINT('',(-1.811440433759,-377.124352069));
#6008 = CARTESIAN_POINT('',(-1.822566798691,-376.605029701));
#6009 = CARTESIAN_POINT('',(-1.829948914542,-376.0744781407));
#6010 = CARTESIAN_POINT('',(-1.833655444106,-375.5378608406));
#6011 = CARTESIAN_POINT('',(-1.833655444106,-374.4621384726));
#6012 = CARTESIAN_POINT('',(-1.82994890427,-373.9255162211));
#6013 = CARTESIAN_POINT('',(-1.822566669033,-373.3949632746));
#6014 = CARTESIAN_POINT('',(-1.811440261465,-372.8756433915));
#6015 = CARTESIAN_POINT('',(-1.796438893288,-372.3745751167));
#6016 = CARTESIAN_POINT('',(-1.777383963536,-371.9015376246));
#6017 = CARTESIAN_POINT('',(-1.735495048678,-371.1292731347));
#6018 = CARTESIAN_POINT('',(-1.713632534299,-370.8038524635));
#6019 = CARTESIAN_POINT('',(-1.688628767664,-370.516296568));
#6020 = CARTESIAN_POINT('',(-1.660846808364,-370.2840353782));
#6021 = CARTESIAN_POINT('',(-1.630819846116,-370.1216247616));
#6022 = CARTESIAN_POINT('',(-1.59917672992,-370.0407979729));
#6023 = CARTESIAN_POINT('',(-1.535429645638,-370.0600675749));
#6024 = CARTESIAN_POINT('',(-1.505200008092,-370.1527300253));
#6025 = CARTESIAN_POINT('',(-1.476619575343,-370.3192653998));
#6026 = CARTESIAN_POINT('',(-1.450205110987,-370.5485717247));
#6027 = CARTESIAN_POINT('',(-1.426386730292,-370.8275701345));
#6028 = CARTESIAN_POINT('',(-1.405452783289,-371.1411610732));
#6029 = CARTESIAN_POINT('',(-1.364209004719,-371.9015318234));
#6030 = CARTESIAN_POINT('',(-1.34515371493,-372.3745726806));
#6031 = CARTESIAN_POINT('',(-1.330152221198,-372.8756478842));
#6032 = CARTESIAN_POINT('',(-1.319025853933,-373.3949703463));
#6033 = CARTESIAN_POINT('',(-1.311643739345,-373.9255218329));
#6034 = CARTESIAN_POINT('',(-1.307937209484,-374.4621391658));
#6035 = CARTESIAN_POINT('',(-1.307937209484,-375.));
#6036 = ( GEOMETRIC_REPRESENTATION_CONTEXT(2) 
PARAMETRIC_REPRESENTATION_CONTEXT() REPRESENTATION_CONTEXT('2D SPACE',''
  ) );
#6037 = ORIENTED_EDGE('',*,*,#6038,.T.);
#6038 = EDGE_CURVE('',#5875,#2161,#6039,.T.);
#6039 = SEAM_CURVE('',#6040,(#6044,#6051),.PCURVE_S1.);
#6040 = LINE('',#6041,#6042);
#6041 = CARTESIAN_POINT('',(4.95,0.,-1.125E+03));
#6042 = VECTOR('',#6043,1.);
#6043 = DIRECTION('',(-0.,1.,-0.));
#6044 = PCURVE('',#2270,#6045);
#6045 = DEFINITIONAL_REPRESENTATION('',(#6046),#6050);
#6046 = LINE('',#6047,#6048);
#6047 = CARTESIAN_POINT('',(6.28318530718,0.));
#6048 = VECTOR('',#6049,1.);
#6049 = DIRECTION('',(0.,-1.));
#6050 = ( GEOMETRIC_REPRESENTATION_CONTEXT(2) 
PARAMETRIC_REPRESENTATION_CONTEXT() REPRESENTATION_CONTEXT('2D SPACE',''
  ) );
#6051 = PCURVE('',#2270,#6052);
#6052 = DEFINITIONAL_REPRESENTATION('',(#6053),#6057);
#6053 = LINE('',#6054,#6055);
#6054 = CARTESIAN_POINT('',(0.,0.));
#6055 = VECTOR('',#6056,1.);
#6056 = DIRECTION('',(0.,-1.));
#6057 = ( GEOMETRIC_REPRESENTATION_CONTEXT(2) 
PARAMETRIC_REPRESENTATION_CONTEXT() REPRESENTATION_CONTEXT('2D SPACE',''
  ) );
#6058 = ORIENTED_EDGE('',*,*,#2160,.T.);
#6059 = ORIENTED_EDGE('',*,*,#6038,.F.);
#6060 = ADVANCED_FACE('',(#6061),#2441,.F.);
#6061 = FACE_BOUND('',#6062,.F.);
#6062 = EDGE_LOOP('',(#6063,#6227,#6248,#6249));
#6063 = ORIENTED_EDGE('',*,*,#6064,.F.);
#6064 = EDGE_CURVE('',#6065,#6065,#6067,.T.);
#6065 = VERTEX_POINT('',#6066);
#6066 = CARTESIAN_POINT('',(4.95,18.395651660107,-1.275E+03));
#6067 = SURFACE_CURVE('',#6068,(#6119,#6173),.PCURVE_S1.);
#6068 = B_SPLINE_CURVE_WITH_KNOTS('',7,(#6069,#6070,#6071,#6072,#6073,
    #6074,#6075,#6076,#6077,#6078,#6079,#6080,#6081,#6082,#6083,#6084,
    #6085,#6086,#6087,#6088,#6089,#6090,#6091,#6092,#6093,#6094,#6095,
    #6096,#6097,#6098,#6099,#6100,#6101,#6102,#6103,#6104,#6105,#6106,
    #6107,#6108,#6109,#6110,#6111,#6112,#6113,#6114,#6115,#6116,#6117,
    #6118),.UNSPECIFIED.,.T.,.F.,(8,6,6,6,6,6,6,6,8),(0.,0.140667476137,
    0.253002168803,0.36098542886,0.50105843437,0.641131618697,
    0.752991721384,0.860518774847,1.),.UNSPECIFIED.);
#6069 = CARTESIAN_POINT('',(4.95,18.395651660107,-1.275E+03));
#6070 = CARTESIAN_POINT('',(4.95,18.395651660107,-1.274462138466E+03));
#6071 = CARTESIAN_POINT('',(4.881815595296,18.413998784843,
    -1.273925516248E+03));
#6072 = CARTESIAN_POINT('',(4.746015601436,18.450542001947,
    -1.273394963227E+03));
#6073 = CARTESIAN_POINT('',(4.540906665162,18.504023261901,
    -1.272875643438E+03));
#6074 = CARTESIAN_POINT('',(4.26325973492,18.571985717409,
    -1.272374575092E+03));
#6075 = CARTESIAN_POINT('',(3.908541812432,18.65000394434,
    -1.27190153763E+03));
#6076 = CARTESIAN_POINT('',(3.123925836668,18.795454853221,
    -1.271129273137E+03));
#6077 = CARTESIAN_POINT('',(2.713019635636,18.863807665356,
    -1.270803852458E+03));
#6078 = CARTESIAN_POINT('',(2.241190804329,18.930703708477,
    -1.270516296576E+03));
#6079 = CARTESIAN_POINT('',(1.71466304225,18.989033519809,
    -1.270284035372E+03));
#6080 = CARTESIAN_POINT('',(1.143533866801,19.031395302575,
    -1.270121624763E+03));
#6081 = CARTESIAN_POINT('',(0.5406416368,19.052390787715,
    -1.270040797973E+03));
#6082 = CARTESIAN_POINT('',(-0.673729995468,19.047384313506,
    -1.270060067575E+03));
#6083 = CARTESIAN_POINT('',(-1.249509756769,19.023313715531,
    -1.270152730025E+03));
#6084 = CARTESIAN_POINT('',(-1.79284763483,18.980222316112,
    -1.2703192654E+03));
#6085 = CARTESIAN_POINT('',(-2.293235207819,18.923238271784,
    -1.270548571725E+03));
#6086 = CARTESIAN_POINT('',(-2.742586426973,18.858859782225,
    -1.270827570135E+03));
#6087 = CARTESIAN_POINT('',(-3.136003907145,18.793215838999,
    -1.271141161073E+03));
#6088 = CARTESIAN_POINT('',(-3.908535918697,18.650005036912,
    -1.271901531829E+03));
#6089 = CARTESIAN_POINT('',(-4.263260643527,18.571985867044,
    -1.272374572656E+03));
#6090 = CARTESIAN_POINT('',(-4.54090981158,18.504022348522,
    -1.272875647931E+03));
#6091 = CARTESIAN_POINT('',(-4.746018004127,18.450541393186,
    -1.273394970299E+03));
#6092 = CARTESIAN_POINT('',(-4.881815778986,18.413998726109,
    -1.273925521859E+03));
#6093 = CARTESIAN_POINT('',(-4.95,18.395651660107,-1.274462139159E+03));
#6094 = CARTESIAN_POINT('',(-4.95,18.395651660107,-1.275537861527E+03));
#6095 = CARTESIAN_POINT('',(-4.881815589921,18.413998785937,
    -1.276074483779E+03));
#6096 = CARTESIAN_POINT('',(-4.746015618892,18.450541998443,
    -1.276605036725E+03));
#6097 = CARTESIAN_POINT('',(-4.540906640497,18.504023266754,
    -1.277124356608E+03));
#6098 = CARTESIAN_POINT('',(-4.263259752794,18.571985713983,
    -1.277625424883E+03));
#6099 = CARTESIAN_POINT('',(-3.908541806558,18.650003945429,
    -1.278098462375E+03));
#6100 = CARTESIAN_POINT('',(-3.123925836637,18.795454853226,
    -1.278870726863E+03));
#6101 = CARTESIAN_POINT('',(-2.713019635664,18.863807665349,
    -1.279196147542E+03));
#6102 = CARTESIAN_POINT('',(-2.241190804366,18.930703708473,
    -1.279483703424E+03));
#6103 = CARTESIAN_POINT('',(-1.714663042214,18.989033519817,
    -1.279715964628E+03));
#6104 = CARTESIAN_POINT('',(-1.143533866761,19.031395302571,
    -1.279878375237E+03));
#6105 = CARTESIAN_POINT('',(-0.540641636842,19.052390787715,
    -1.279959202027E+03));
#6106 = CARTESIAN_POINT('',(0.673729992827,19.047384313517,
    -1.279939932425E+03));
#6107 = CARTESIAN_POINT('',(1.249509766437,19.023313715186,
    -1.279847269973E+03));
#6108 = CARTESIAN_POINT('',(1.792847618639,18.980222317137,
    -1.279680734605E+03));
#6109 = CARTESIAN_POINT('',(2.293235222583,18.92323827043,
    -1.279451428269E+03));
#6110 = CARTESIAN_POINT('',(2.742586419765,18.858859783139,
    -1.27917242987E+03));
#6111 = CARTESIAN_POINT('',(3.136003908642,18.793215838721,
    -1.278858838925E+03));
#6112 = CARTESIAN_POINT('',(3.908535912602,18.650005038041,
    -1.278098468177E+03));
#6113 = CARTESIAN_POINT('',(4.263260662068,18.571985863489,
    -1.277625427319E+03));
#6114 = CARTESIAN_POINT('',(4.540909786026,18.504022353553,
    -1.277124352116E+03));
#6115 = CARTESIAN_POINT('',(4.746018022173,18.450541389562,
    -1.276605029654E+03));
#6116 = CARTESIAN_POINT('',(4.881815773446,18.413998727236,
    -1.276074478167E+03));
#6117 = CARTESIAN_POINT('',(4.95,18.395651660107,-1.275537860834E+03));
#6118 = CARTESIAN_POINT('',(4.95,18.395651660107,-1.275E+03));
#6119 = PCURVE('',#2441,#6120);
#6120 = DEFINITIONAL_REPRESENTATION('',(#6121),#6172);
#6121 = B_SPLINE_CURVE_WITH_KNOTS('',7,(#6122,#6123,#6124,#6125,#6126,
    #6127,#6128,#6129,#6130,#6131,#6132,#6133,#6134,#6135,#6136,#6137,
    #6138,#6139,#6140,#6141,#6142,#6143,#6144,#6145,#6146,#6147,#6148,
    #6149,#6150,#6151,#6152,#6153,#6154,#6155,#6156,#6157,#6158,#6159,
    #6160,#6161,#6162,#6163,#6164,#6165,#6166,#6167,#6168,#6169,#6170,
    #6171),.UNSPECIFIED.,.F.,.F.,(8,6,6,6,6,6,6,6,8),(0.,0.140667476137,
    0.253002168803,0.36098542886,0.50105843437,0.641131618697,
    0.752991721384,0.860518774847,1.),.UNSPECIFIED.);
#6122 = CARTESIAN_POINT('',(0.,-18.3956516601));
#6123 = CARTESIAN_POINT('',(0.10865889585,-18.3956516601));
#6124 = CARTESIAN_POINT('',(0.217067129709,-18.41399878484));
#6125 = CARTESIAN_POINT('',(0.326346401907,-18.45054200194));
#6126 = CARTESIAN_POINT('',(0.437499064792,-18.5040232619));
#6127 = CARTESIAN_POINT('',(0.551567210235,-18.5719857174));
#6128 = CARTESIAN_POINT('',(0.669674624532,-18.65000394434));
#6129 = CARTESIAN_POINT('',(0.892081772363,-18.79545485322));
#6130 = CARTESIAN_POINT('',(0.997359698798,-18.86380766535));
#6131 = CARTESIAN_POINT('',(1.107614922811,-18.93070370847));
#6132 = CARTESIAN_POINT('',(1.221995935549,-18.9890335198));
#6133 = CARTESIAN_POINT('',(1.340038793488,-19.03139530257));
#6134 = CARTESIAN_POINT('',(1.461560712926,-19.05239078771));
#6135 = CARTESIAN_POINT('',(1.706919199248,-19.0473843135));
#6136 = CARTESIAN_POINT('',(1.823520702705,-19.02331371553));
#6137 = CARTESIAN_POINT('',(1.936646359713,-18.98022231611));
#6138 = CARTESIAN_POINT('',(2.046202254965,-18.92323827178));
#6139 = CARTESIAN_POINT('',(2.151851132302,-18.85885978222));
#6140 = CARTESIAN_POINT('',(2.252934529597,-18.79321583899));
#6141 = CARTESIAN_POINT('',(2.471916358421,-18.65000503691));
#6142 = CARTESIAN_POINT('',(2.590025220487,-18.57198586704));
#6143 = CARTESIAN_POINT('',(2.704094592844,-18.50402234852));
#6144 = CARTESIAN_POINT('',(2.815247723361,-18.45054139318));
#6145 = CARTESIAN_POINT('',(2.924526649094,-18.4139987261));
#6146 = CARTESIAN_POINT('',(3.032933897894,-18.3956516601));
#6147 = CARTESIAN_POINT('',(3.250251547999,-18.3956516601));
#6148 = CARTESIAN_POINT('',(3.358659789169,-18.41399878593));
#6149 = CARTESIAN_POINT('',(3.467939044586,-18.45054199844));
#6150 = CARTESIAN_POINT('',(3.579091729571,-18.50402326675));
#6151 = CARTESIAN_POINT('',(3.693159857473,-18.57198571398));
#6152 = CARTESIAN_POINT('',(3.811267279787,-18.65000394542));
#6153 = CARTESIAN_POINT('',(4.033674425961,-18.79545485322));
#6154 = CARTESIAN_POINT('',(4.138952352377,-18.86380766534));
#6155 = CARTESIAN_POINT('',(4.249207576396,-18.93070370847));
#6156 = CARTESIAN_POINT('',(4.363588589145,-18.98903351981));
#6157 = CARTESIAN_POINT('',(4.481631447086,-19.03139530257));
#6158 = CARTESIAN_POINT('',(4.603153366508,-19.05239078771));
#6159 = CARTESIAN_POINT('',(4.848511852304,-19.04738431351));
#6160 = CARTESIAN_POINT('',(4.965113358345,-19.02331371518));
#6161 = CARTESIAN_POINT('',(5.078239009706,-18.98022231713));
#6162 = CARTESIAN_POINT('',(5.187794912016,-18.92323827043));
#6163 = CARTESIAN_POINT('',(5.293443784076,-18.85885978313));
#6164 = CARTESIAN_POINT('',(5.394527183611,-18.79321583872));
#6165 = CARTESIAN_POINT('',(5.613509010283,-18.65000503804));
#6166 = CARTESIAN_POINT('',(5.731617880608,-18.57198586348));
#6167 = CARTESIAN_POINT('',(5.845687235061,-18.50402235355));
#6168 = CARTESIAN_POINT('',(5.956840387854,-18.45054138956));
#6169 = CARTESIAN_POINT('',(6.066119296976,-18.41399872723));
#6170 = CARTESIAN_POINT('',(6.174526552813,-18.3956516601));
#6171 = CARTESIAN_POINT('',(6.28318530718,-18.3956516601));
#6172 = ( GEOMETRIC_REPRESENTATION_CONTEXT(2) 
PARAMETRIC_REPRESENTATION_CONTEXT() REPRESENTATION_CONTEXT('2D SPACE',''
  ) );
#6173 = PCURVE('',#3549,#6174);
#6174 = DEFINITIONAL_REPRESENTATION('',(#6175),#6226);
#6175 = B_SPLINE_CURVE_WITH_KNOTS('',7,(#6176,#6177,#6178,#6179,#6180,
    #6181,#6182,#6183,#6184,#6185,#6186,#6187,#6188,#6189,#6190,#6191,
    #6192,#6193,#6194,#6195,#6196,#6197,#6198,#6199,#6200,#6201,#6202,
    #6203,#6204,#6205,#6206,#6207,#6208,#6209,#6210,#6211,#6212,#6213,
    #6214,#6215,#6216,#6217,#6218,#6219,#6220,#6221,#6222,#6223,#6224,
    #6225),.UNSPECIFIED.,.T.,.F.,(8,6,6,6,6,6,6,6,8),(0.,0.140667476137,
    0.253002168803,0.36098542886,0.50105843437,0.641131618697,
    0.752991721384,0.860518774847,1.),.UNSPECIFIED.);
#6176 = CARTESIAN_POINT('',(-1.307937209484,-225.));
#6177 = CARTESIAN_POINT('',(-1.307937209484,-225.5378615344));
#6178 = CARTESIAN_POINT('',(-1.311643749032,-226.0744837516));
#6179 = CARTESIAN_POINT('',(-1.319025985492,-226.6050367729));
#6180 = CARTESIAN_POINT('',(-1.330152390805,-227.1243565624));
#6181 = CARTESIAN_POINT('',(-1.345153761257,-227.6254249075));
#6182 = CARTESIAN_POINT('',(-1.36420868974,-228.0984623695));
#6183 = CARTESIAN_POINT('',(-1.406097604812,-228.8707268633));
#6184 = CARTESIAN_POINT('',(-1.427960119772,-229.1961475422));
#6185 = CARTESIAN_POINT('',(-1.452963884942,-229.4837034238));
#6186 = CARTESIAN_POINT('',(-1.480745846301,-229.7159646275));
#6187 = CARTESIAN_POINT('',(-1.510772806836,-229.8783752366));
#6188 = CARTESIAN_POINT('',(-1.542415923842,-229.9592020269));
#6189 = CARTESIAN_POINT('',(-1.606163007952,-229.939932425));
#6190 = CARTESIAN_POINT('',(-1.636392645498,-229.8472699746));
#6191 = CARTESIAN_POINT('',(-1.664973078247,-229.6807346001));
#6192 = CARTESIAN_POINT('',(-1.691387542603,-229.4514282752));
#6193 = CARTESIAN_POINT('',(-1.715205923298,-229.1724298654));
#6194 = CARTESIAN_POINT('',(-1.736139870301,-228.8588389267));
#6195 = CARTESIAN_POINT('',(-1.777383649196,-228.0984681705));
#6196 = CARTESIAN_POINT('',(-1.796438937669,-227.6254273442));
#6197 = CARTESIAN_POINT('',(-1.811440433759,-227.124352069));
#6198 = CARTESIAN_POINT('',(-1.822566798691,-226.605029701));
#6199 = CARTESIAN_POINT('',(-1.829948914542,-226.0744781407));
#6200 = CARTESIAN_POINT('',(-1.833655444106,-225.5378608406));
#6201 = CARTESIAN_POINT('',(-1.833655444106,-224.4621384726));
#6202 = CARTESIAN_POINT('',(-1.82994890427,-223.9255162211));
#6203 = CARTESIAN_POINT('',(-1.822566669033,-223.3949632746));
#6204 = CARTESIAN_POINT('',(-1.811440261465,-222.8756433915));
#6205 = CARTESIAN_POINT('',(-1.796438893288,-222.3745751167));
#6206 = CARTESIAN_POINT('',(-1.777383963536,-221.9015376246));
#6207 = CARTESIAN_POINT('',(-1.735495048776,-221.1292731366));
#6208 = CARTESIAN_POINT('',(-1.71363253382,-220.8038524578));
#6209 = CARTESIAN_POINT('',(-1.68862876865,-220.5162965761));
#6210 = CARTESIAN_POINT('',(-1.660846807287,-220.2840353724));
#6211 = CARTESIAN_POINT('',(-1.630819846752,-220.1216247633));
#6212 = CARTESIAN_POINT('',(-1.59917672975,-220.040797973));
#6213 = CARTESIAN_POINT('',(-1.535429645777,-220.0600675749));
#6214 = CARTESIAN_POINT('',(-1.505200007584,-220.1527300269));
#6215 = CARTESIAN_POINT('',(-1.476619576197,-220.3192653948));
#6216 = CARTESIAN_POINT('',(-1.450205110206,-220.5485717314));
#6217 = CARTESIAN_POINT('',(-1.426386730674,-220.8275701298));
#6218 = CARTESIAN_POINT('',(-1.405452783209,-221.1411610747));
#6219 = CARTESIAN_POINT('',(-1.364209004719,-221.9015318234));
#6220 = CARTESIAN_POINT('',(-1.34515371493,-222.3745726806));
#6221 = CARTESIAN_POINT('',(-1.330152221198,-222.8756478842));
#6222 = CARTESIAN_POINT('',(-1.319025853932,-223.3949703463));
#6223 = CARTESIAN_POINT('',(-1.311643739345,-223.9255218329));
#6224 = CARTESIAN_POINT('',(-1.307937209484,-224.4621391658));
#6225 = CARTESIAN_POINT('',(-1.307937209484,-225.));
#6226 = ( GEOMETRIC_REPRESENTATION_CONTEXT(2) 
PARAMETRIC_REPRESENTATION_CONTEXT() REPRESENTATION_CONTEXT('2D SPACE',''
  ) );
#6227 = ORIENTED_EDGE('',*,*,#6228,.T.);
#6228 = EDGE_CURVE('',#6065,#2332,#6229,.T.);
#6229 = SEAM_CURVE('',#6230,(#6234,#6241),.PCURVE_S1.);
#6230 = LINE('',#6231,#6232);
#6231 = CARTESIAN_POINT('',(4.95,0.,-1.275E+03));
#6232 = VECTOR('',#6233,1.);
#6233 = DIRECTION('',(-0.,1.,-0.));
#6234 = PCURVE('',#2441,#6235);
#6235 = DEFINITIONAL_REPRESENTATION('',(#6236),#6240);
#6236 = LINE('',#6237,#6238);
#6237 = CARTESIAN_POINT('',(6.28318530718,0.));
#6238 = VECTOR('',#6239,1.);
#6239 = DIRECTION('',(0.,-1.));
#6240 = ( GEOMETRIC_REPRESENTATION_CONTEXT(2) 
PARAMETRIC_REPRESENTATION_CONTEXT() REPRESENTATION_CONTEXT('2D SPACE',''
  ) );
#6241 = PCURVE('',#2441,#6242);
#6242 = DEFINITIONAL_REPRESENTATION('',(#6243),#6247);
#6243 = LINE('',#6244,#6245);
#6244 = CARTESIAN_POINT('',(0.,0.));
#6245 = VECTOR('',#6246,1.);
#6246 = DIRECTION('',(0.,-1.));
#6247 = ( GEOMETRIC_REPRESENTATION_CONTEXT(2) 
PARAMETRIC_REPRESENTATION_CONTEXT() REPRESENTATION_CONTEXT('2D SPACE',''
  ) );
#6248 = ORIENTED_EDGE('',*,*,#2331,.T.);
#6249 = ORIENTED_EDGE('',*,*,#6228,.F.);
#6250 = ADVANCED_FACE('',(#6251),#2612,.F.);
#6251 = FACE_BOUND('',#6252,.F.);
#6252 = EDGE_LOOP('',(#6253,#6417,#6438,#6439));
#6253 = ORIENTED_EDGE('',*,*,#6254,.F.);
#6254 = EDGE_CURVE('',#6255,#6255,#6257,.T.);
#6255 = VERTEX_POINT('',#6256);
#6256 = CARTESIAN_POINT('',(4.95,18.395651660107,-1.425E+03));
#6257 = SURFACE_CURVE('',#6258,(#6309,#6363),.PCURVE_S1.);
#6258 = B_SPLINE_CURVE_WITH_KNOTS('',7,(#6259,#6260,#6261,#6262,#6263,
    #6264,#6265,#6266,#6267,#6268,#6269,#6270,#6271,#6272,#6273,#6274,
    #6275,#6276,#6277,#6278,#6279,#6280,#6281,#6282,#6283,#6284,#6285,
    #6286,#6287,#6288,#6289,#6290,#6291,#6292,#6293,#6294,#6295,#6296,
    #6297,#6298,#6299,#6300,#6301,#6302,#6303,#6304,#6305,#6306,#6307,
    #6308),.UNSPECIFIED.,.T.,.F.,(8,6,6,6,6,6,6,6,8),(0.,0.140667474174,
    0.253002166786,0.360985426311,0.501058431755,0.641131617873,
    0.752991721072,0.86051877494,1.),.UNSPECIFIED.);
#6259 = CARTESIAN_POINT('',(4.95,18.395651660107,-1.425E+03));
#6260 = CARTESIAN_POINT('',(4.95,18.395651660107,-1.424462138473E+03));
#6261 = CARTESIAN_POINT('',(4.881815589921,18.413998785937,
    -1.423925516221E+03));
#6262 = CARTESIAN_POINT('',(4.746015618891,18.450541998443,
    -1.423394963275E+03));
#6263 = CARTESIAN_POINT('',(4.540906640498,18.504023266754,
    -1.422875643392E+03));
#6264 = CARTESIAN_POINT('',(4.263259752793,18.571985713983,
    -1.422374575117E+03));
#6265 = CARTESIAN_POINT('',(3.908541806558,18.650003945429,
    -1.421901537625E+03));
#6266 = CARTESIAN_POINT('',(3.123925836668,18.795454853221,
    -1.421129273137E+03));
#6267 = CARTESIAN_POINT('',(2.713019635635,18.863807665356,
    -1.420803852458E+03));
#6268 = CARTESIAN_POINT('',(2.24119080433,18.930703708476,
    -1.420516296576E+03));
#6269 = CARTESIAN_POINT('',(1.714663042248,18.989033519809,
    -1.420284035372E+03));
#6270 = CARTESIAN_POINT('',(1.143533866802,19.031395302575,
    -1.420121624763E+03));
#6271 = CARTESIAN_POINT('',(0.5406416368,19.052390787715,
    -1.420040797973E+03));
#6272 = CARTESIAN_POINT('',(-0.673729992827,19.047384313517,
    -1.420060067575E+03));
#6273 = CARTESIAN_POINT('',(-1.249509766438,19.023313715186,
    -1.420152730027E+03));
#6274 = CARTESIAN_POINT('',(-1.792847618637,18.980222317137,
    -1.420319265395E+03));
#6275 = CARTESIAN_POINT('',(-2.293235222585,18.92323827043,
    -1.420548571731E+03));
#6276 = CARTESIAN_POINT('',(-2.742586419764,18.858859783139,
    -1.42082757013E+03));
#6277 = CARTESIAN_POINT('',(-3.136003908642,18.793215838721,
    -1.421141161075E+03));
#6278 = CARTESIAN_POINT('',(-3.908535918696,18.650005036912,
    -1.421901531829E+03));
#6279 = CARTESIAN_POINT('',(-4.263260643527,18.571985867044,
    -1.422374572656E+03));
#6280 = CARTESIAN_POINT('',(-4.54090981158,18.504022348522,
    -1.422875647931E+03));
#6281 = CARTESIAN_POINT('',(-4.746018004127,18.450541393186,
    -1.423394970299E+03));
#6282 = CARTESIAN_POINT('',(-4.881815778986,18.413998726109,
    -1.423925521859E+03));
#6283 = CARTESIAN_POINT('',(-4.95,18.395651660107,-1.424462139159E+03));
#6284 = CARTESIAN_POINT('',(-4.95,18.395651660107,-1.425537861534E+03));
#6285 = CARTESIAN_POINT('',(-4.881815595297,18.413998784843,
    -1.426074483752E+03));
#6286 = CARTESIAN_POINT('',(-4.746015601435,18.450542001947,
    -1.426605036773E+03));
#6287 = CARTESIAN_POINT('',(-4.540906665162,18.504023261901,
    -1.427124356562E+03));
#6288 = CARTESIAN_POINT('',(-4.26325973492,18.571985717408,
    -1.427625424908E+03));
#6289 = CARTESIAN_POINT('',(-3.908541812432,18.65000394434,
    -1.42809846237E+03));
#6290 = CARTESIAN_POINT('',(-3.123925834805,18.795454853566,
    -1.428870726865E+03));
#6291 = CARTESIAN_POINT('',(-2.713019644694,18.863807664232,
    -1.429196147536E+03));
#6292 = CARTESIAN_POINT('',(-2.241190785722,18.930703710106,
    -1.429483703432E+03));
#6293 = CARTESIAN_POINT('',(-1.714663062636,18.989033518625,
    -1.429715964622E+03));
#6294 = CARTESIAN_POINT('',(-1.143533854676,19.031395302929,
    -1.429878375238E+03));
#6295 = CARTESIAN_POINT('',(-0.540641640087,19.052390787728,
    -1.429959202027E+03));
#6296 = CARTESIAN_POINT('',(0.673729995463,19.047384313506,
    -1.429939932425E+03));
#6297 = CARTESIAN_POINT('',(1.249509756774,19.023313715531,
    -1.429847269975E+03));
#6298 = CARTESIAN_POINT('',(1.792847634834,18.980222316111,
    -1.4296807346E+03));
#6299 = CARTESIAN_POINT('',(2.293235207817,18.923238271783,
    -1.429451428275E+03));
#6300 = CARTESIAN_POINT('',(2.742586426966,18.858859782226,
    -1.429172429865E+03));
#6301 = CARTESIAN_POINT('',(3.13600390715,18.793215838998,
    -1.428858838927E+03));
#6302 = CARTESIAN_POINT('',(3.908535912603,18.650005038041,
    -1.428098468177E+03));
#6303 = CARTESIAN_POINT('',(4.263260662066,18.571985863489,
    -1.427625427319E+03));
#6304 = CARTESIAN_POINT('',(4.540909786028,18.504022353553,
    -1.427124352116E+03));
#6305 = CARTESIAN_POINT('',(4.746018022171,18.450541389563,
    -1.426605029654E+03));
#6306 = CARTESIAN_POINT('',(4.881815773447,18.413998727236,
    -1.426074478167E+03));
#6307 = CARTESIAN_POINT('',(4.95,18.395651660107,-1.425537860834E+03));
#6308 = CARTESIAN_POINT('',(4.95,18.395651660107,-1.425E+03));
#6309 = PCURVE('',#2612,#6310);
#6310 = DEFINITIONAL_REPRESENTATION('',(#6311),#6362);
#6311 = B_SPLINE_CURVE_WITH_KNOTS('',7,(#6312,#6313,#6314,#6315,#6316,
    #6317,#6318,#6319,#6320,#6321,#6322,#6323,#6324,#6325,#6326,#6327,
    #6328,#6329,#6330,#6331,#6332,#6333,#6334,#6335,#6336,#6337,#6338,
    #6339,#6340,#6341,#6342,#6343,#6344,#6345,#6346,#6347,#6348,#6349,
    #6350,#6351,#6352,#6353,#6354,#6355,#6356,#6357,#6358,#6359,#6360,
    #6361),.UNSPECIFIED.,.F.,.F.,(8,6,6,6,6,6,6,6,8),(0.,0.140667474174,
    0.253002166786,0.360985426311,0.501058431755,0.641131617873,
    0.752991721072,0.86051877494,1.),.UNSPECIFIED.);
#6312 = CARTESIAN_POINT('',(0.,-18.3956516601));
#6313 = CARTESIAN_POINT('',(0.108658894409,-18.3956516601));
#6314 = CARTESIAN_POINT('',(0.21706713558,-18.41399878593));
#6315 = CARTESIAN_POINT('',(0.326346390996,-18.45054199844));
#6316 = CARTESIAN_POINT('',(0.437499075981,-18.50402326675));
#6317 = CARTESIAN_POINT('',(0.551567203884,-18.57198571398));
#6318 = CARTESIAN_POINT('',(0.669674626197,-18.65000394542));
#6319 = CARTESIAN_POINT('',(0.892081772363,-18.79545485322));
#6320 = CARTESIAN_POINT('',(0.997359698798,-18.86380766535));
#6321 = CARTESIAN_POINT('',(1.10761492281,-18.93070370847));
#6322 = CARTESIAN_POINT('',(1.221995935549,-18.9890335198));
#6323 = CARTESIAN_POINT('',(1.340038793488,-19.03139530257));
#6324 = CARTESIAN_POINT('',(1.461560712926,-19.05239078771));
#6325 = CARTESIAN_POINT('',(1.706919198715,-19.04738431351));
#6326 = CARTESIAN_POINT('',(1.823520704756,-19.02331371518));
#6327 = CARTESIAN_POINT('',(1.936646356115,-18.98022231713));
#6328 = CARTESIAN_POINT('',(2.046202258427,-18.92323827043));
#6329 = CARTESIAN_POINT('',(2.151851130486,-18.85885978313));
#6330 = CARTESIAN_POINT('',(2.252934530021,-18.79321583872));
#6331 = CARTESIAN_POINT('',(2.47191635842,-18.65000503691));
#6332 = CARTESIAN_POINT('',(2.590025220487,-18.57198586704));
#6333 = CARTESIAN_POINT('',(2.704094592844,-18.50402234852));
#6334 = CARTESIAN_POINT('',(2.815247723361,-18.45054139318));
#6335 = CARTESIAN_POINT('',(2.924526649094,-18.4139987261));
#6336 = CARTESIAN_POINT('',(3.032933897894,-18.3956516601));
#6337 = CARTESIAN_POINT('',(3.25025154944,-18.3956516601));
#6338 = CARTESIAN_POINT('',(3.358659783299,-18.41399878484));
#6339 = CARTESIAN_POINT('',(3.467939055497,-18.45054200194));
#6340 = CARTESIAN_POINT('',(3.579091718382,-18.5040232619));
#6341 = CARTESIAN_POINT('',(3.693159863825,-18.5719857174));
#6342 = CARTESIAN_POINT('',(3.811267278122,-18.65000394434));
#6343 = CARTESIAN_POINT('',(4.033674426481,-18.79545485356));
#6344 = CARTESIAN_POINT('',(4.138952350111,-18.86380766423));
#6345 = CARTESIAN_POINT('',(4.249207580753,-18.9307037101));
#6346 = CARTESIAN_POINT('',(4.363588584617,-18.98903351862));
#6347 = CARTESIAN_POINT('',(4.481631449646,-19.03139530292));
#6348 = CARTESIAN_POINT('',(4.603153365852,-19.05239078772));
#6349 = CARTESIAN_POINT('',(4.848511852837,-19.0473843135));
#6350 = CARTESIAN_POINT('',(4.965113356296,-19.02331371553));
#6351 = CARTESIAN_POINT('',(5.078239013304,-18.98022231611));
#6352 = CARTESIAN_POINT('',(5.187794908555,-18.92323827178));
#6353 = CARTESIAN_POINT('',(5.293443785889,-18.85885978222));
#6354 = CARTESIAN_POINT('',(5.394527183188,-18.79321583899));
#6355 = CARTESIAN_POINT('',(5.613509010283,-18.65000503804));
#6356 = CARTESIAN_POINT('',(5.731617880607,-18.57198586348));
#6357 = CARTESIAN_POINT('',(5.845687235061,-18.50402235355));
#6358 = CARTESIAN_POINT('',(5.956840387854,-18.45054138956));
#6359 = CARTESIAN_POINT('',(6.066119296976,-18.41399872723));
#6360 = CARTESIAN_POINT('',(6.174526552813,-18.3956516601));
#6361 = CARTESIAN_POINT('',(6.28318530718,-18.3956516601));
#6362 = ( GEOMETRIC_REPRESENTATION_CONTEXT(2) 
PARAMETRIC_REPRESENTATION_CONTEXT() REPRESENTATION_CONTEXT('2D SPACE',''
  ) );
#6363 = PCURVE('',#3549,#6364);
#6364 = DEFINITIONAL_REPRESENTATION('',(#6365),#6416);
#6365 = B_SPLINE_CURVE_WITH_KNOTS('',7,(#6366,#6367,#6368,#6369,#6370,
    #6371,#6372,#6373,#6374,#6375,#6376,#6377,#6378,#6379,#6380,#6381,
    #6382,#6383,#6384,#6385,#6386,#6387,#6388,#6389,#6390,#6391,#6392,
    #6393,#6394,#6395,#6396,#6397,#6398,#6399,#6400,#6401,#6402,#6403,
    #6404,#6405,#6406,#6407,#6408,#6409,#6410,#6411,#6412,#6413,#6414,
    #6415),.UNSPECIFIED.,.T.,.F.,(8,6,6,6,6,6,6,6,8),(0.,0.140667474174,
    0.253002166786,0.360985426311,0.501058431755,0.641131617873,
    0.752991721072,0.86051877494,1.),.UNSPECIFIED.);
#6366 = CARTESIAN_POINT('',(-1.307937209484,-75.));
#6367 = CARTESIAN_POINT('',(-1.307937209484,-75.53786152732));
#6368 = CARTESIAN_POINT('',(-1.31164374932,-76.07448377885));
#6369 = CARTESIAN_POINT('',(-1.319025984557,-76.60503672531));
#6370 = CARTESIAN_POINT('',(-1.330152392125,-77.12435660844));
#6371 = CARTESIAN_POINT('',(-1.345153760302,-77.62542488324));
#6372 = CARTESIAN_POINT('',(-1.364208690054,-78.09846237535));
#6373 = CARTESIAN_POINT('',(-1.406097604812,-78.87072686336));
#6374 = CARTESIAN_POINT('',(-1.427960119772,-79.19614754222));
#6375 = CARTESIAN_POINT('',(-1.452963884942,-79.48370342381));
#6376 = CARTESIAN_POINT('',(-1.480745846301,-79.71596462753));
#6377 = CARTESIAN_POINT('',(-1.510772806836,-79.87837523667));
#6378 = CARTESIAN_POINT('',(-1.542415923842,-79.95920202695));
#6379 = CARTESIAN_POINT('',(-1.606163007813,-79.93993242508));
#6380 = CARTESIAN_POINT('',(-1.636392646006,-79.84726997306));
#6381 = CARTESIAN_POINT('',(-1.664973077393,-79.68073460512));
#6382 = CARTESIAN_POINT('',(-1.691387543384,-79.45142826856));
#6383 = CARTESIAN_POINT('',(-1.715205922916,-79.17242987014));
#6384 = CARTESIAN_POINT('',(-1.736139870381,-78.85883892528));
#6385 = CARTESIAN_POINT('',(-1.777383649196,-78.09846817052));
#6386 = CARTESIAN_POINT('',(-1.796438937669,-77.62542734427));
#6387 = CARTESIAN_POINT('',(-1.811440433759,-77.12435206908));
#6388 = CARTESIAN_POINT('',(-1.822566798691,-76.60502970107));
#6389 = CARTESIAN_POINT('',(-1.829948914542,-76.07447814075));
#6390 = CARTESIAN_POINT('',(-1.833655444106,-75.53786084069));
#6391 = CARTESIAN_POINT('',(-1.833655444106,-74.46213846554));
#6392 = CARTESIAN_POINT('',(-1.829948904558,-73.92551624832));
#6393 = CARTESIAN_POINT('',(-1.822566668098,-73.39496322701));
#6394 = CARTESIAN_POINT('',(-1.811440262785,-72.87564343759));
#6395 = CARTESIAN_POINT('',(-1.796438892333,-72.37457509242));
#6396 = CARTESIAN_POINT('',(-1.777383963849,-71.90153763043));
#6397 = CARTESIAN_POINT('',(-1.735495048678,-71.1292731348));
#6398 = CARTESIAN_POINT('',(-1.713632534299,-70.80385246353));
#6399 = CARTESIAN_POINT('',(-1.688628767664,-70.51629656807));
#6400 = CARTESIAN_POINT('',(-1.660846808364,-70.28403537824));
#6401 = CARTESIAN_POINT('',(-1.630819846116,-70.1216247616));
#6402 = CARTESIAN_POINT('',(-1.59917672992,-70.04079797299));
#6403 = CARTESIAN_POINT('',(-1.535429645638,-70.06006757495));
#6404 = CARTESIAN_POINT('',(-1.505200008092,-70.15273002532));
#6405 = CARTESIAN_POINT('',(-1.476619575343,-70.31926539981));
#6406 = CARTESIAN_POINT('',(-1.450205110987,-70.54857172473));
#6407 = CARTESIAN_POINT('',(-1.426386730292,-70.82757013451));
#6408 = CARTESIAN_POINT('',(-1.405452783289,-71.14116107324));
#6409 = CARTESIAN_POINT('',(-1.364209004719,-71.90153182347));
#6410 = CARTESIAN_POINT('',(-1.34515371493,-72.37457268069));
#6411 = CARTESIAN_POINT('',(-1.330152221198,-72.87564788427));
#6412 = CARTESIAN_POINT('',(-1.319025853933,-73.39497034636));
#6413 = CARTESIAN_POINT('',(-1.311643739345,-73.92552183293));
#6414 = CARTESIAN_POINT('',(-1.307937209484,-74.46213916588));
#6415 = CARTESIAN_POINT('',(-1.307937209484,-75.));
#6416 = ( GEOMETRIC_REPRESENTATION_CONTEXT(2) 
PARAMETRIC_REPRESENTATION_CONTEXT() REPRESENTATION_CONTEXT('2D SPACE',''
  ) );
#6417 = ORIENTED_EDGE('',*,*,#6418,.T.);
#6418 = EDGE_CURVE('',#6255,#2503,#6419,.T.);
#6419 = SEAM_CURVE('',#6420,(#6424,#6431),.PCURVE_S1.);
#6420 = LINE('',#6421,#6422);
#6421 = CARTESIAN_POINT('',(4.95,0.,-1.425E+03));
#6422 = VECTOR('',#6423,1.);
#6423 = DIRECTION('',(-0.,1.,-0.));
#6424 = PCURVE('',#2612,#6425);
#6425 = DEFINITIONAL_REPRESENTATION('',(#6426),#6430);
#6426 = LINE('',#6427,#6428);
#6427 = CARTESIAN_POINT('',(6.28318530718,0.));
#6428 = VECTOR('',#6429,1.);
#6429 = DIRECTION('',(0.,-1.));
#6430 = ( GEOMETRIC_REPRESENTATION_CONTEXT(2) 
PARAMETRIC_REPRESENTATION_CONTEXT() REPRESENTATION_CONTEXT('2D SPACE',''
  ) );
#6431 = PCURVE('',#2612,#6432);
#6432 = DEFINITIONAL_REPRESENTATION('',(#6433),#6437);
#6433 = LINE('',#6434,#6435);
#6434 = CARTESIAN_POINT('',(0.,0.));
#6435 = VECTOR('',#6436,1.);
#6436 = DIRECTION('',(0.,-1.));
#6437 = ( GEOMETRIC_REPRESENTATION_CONTEXT(2) 
PARAMETRIC_REPRESENTATION_CONTEXT() REPRESENTATION_CONTEXT('2D SPACE',''
  ) );
#6438 = ORIENTED_EDGE('',*,*,#2502,.T.);
#6439 = ORIENTED_EDGE('',*,*,#6418,.F.);
#6440 = ADVANCED_FACE('',(#6441),#2783,.F.);
#6441 = FACE_BOUND('',#6442,.T.);
#6442 = EDGE_LOOP('',(#6443,#6607,#6628,#6629));
#6443 = ORIENTED_EDGE('',*,*,#6444,.F.);
#6444 = EDGE_CURVE('',#6445,#6445,#6447,.T.);
#6445 = VERTEX_POINT('',#6446);
#6446 = CARTESIAN_POINT('',(4.95,-18.3956516601,-825.));
#6447 = SURFACE_CURVE('',#6448,(#6499,#6553),.PCURVE_S1.);
#6448 = B_SPLINE_CURVE_WITH_KNOTS('',7,(#6449,#6450,#6451,#6452,#6453,
    #6454,#6455,#6456,#6457,#6458,#6459,#6460,#6461,#6462,#6463,#6464,
    #6465,#6466,#6467,#6468,#6469,#6470,#6471,#6472,#6473,#6474,#6475,
    #6476,#6477,#6478,#6479,#6480,#6481,#6482,#6483,#6484,#6485,#6486,
    #6487,#6488,#6489,#6490,#6491,#6492,#6493,#6494,#6495,#6496,#6497,
    #6498),.UNSPECIFIED.,.T.,.F.,(8,6,6,6,6,6,6,6,8),(0.,0.140667475525,
    0.253002167712,0.3609854273,0.501058432204,0.641131617781,
    0.75299172055,0.860518773529,1.),.UNSPECIFIED.);
#6449 = CARTESIAN_POINT('',(4.95,-18.3956516601,-825.));
#6450 = CARTESIAN_POINT('',(4.95,-18.3956516601,-824.4621384655));
#6451 = CARTESIAN_POINT('',(4.881815595297,-18.41399878484,
    -823.9255162483));
#6452 = CARTESIAN_POINT('',(4.746015601435,-18.45054200194,
    -823.394963227));
#6453 = CARTESIAN_POINT('',(4.540906665162,-18.5040232619,
    -822.8756434375));
#6454 = CARTESIAN_POINT('',(4.26325973492,-18.5719857174,-822.3745750924
    ));
#6455 = CARTESIAN_POINT('',(3.908541812432,-18.65000394434,
    -821.9015376304));
#6456 = CARTESIAN_POINT('',(3.123925836635,-18.79545485322,
    -821.1292731366));
#6457 = CARTESIAN_POINT('',(2.713019635668,-18.86380766534,
    -820.8038524578));
#6458 = CARTESIAN_POINT('',(2.241190804364,-18.93070370847,
    -820.5162965761));
#6459 = CARTESIAN_POINT('',(1.714663042216,-18.98903351981,
    -820.2840353724));
#6460 = CARTESIAN_POINT('',(1.143533866756,-19.03139530257,
    -820.1216247633));
#6461 = CARTESIAN_POINT('',(0.540641636846,-19.05239078771,
    -820.040797973));
#6462 = CARTESIAN_POINT('',(-0.673729995463,-19.0473843135,
    -820.0600675749));
#6463 = CARTESIAN_POINT('',(-1.249509756774,-19.02331371553,
    -820.1527300253));
#6464 = CARTESIAN_POINT('',(-1.792847634835,-18.98022231611,
    -820.3192653998));
#6465 = CARTESIAN_POINT('',(-2.293235207815,-18.92323827178,
    -820.5485717247));
#6466 = CARTESIAN_POINT('',(-2.742586426968,-18.85885978222,
    -820.8275701345));
#6467 = CARTESIAN_POINT('',(-3.13600390715,-18.79321583899,
    -821.1411610732));
#6468 = CARTESIAN_POINT('',(-3.908535918697,-18.65000503691,
    -821.9015318294));
#6469 = CARTESIAN_POINT('',(-4.263260643527,-18.57198586704,
    -822.3745726557));
#6470 = CARTESIAN_POINT('',(-4.540909811581,-18.50402234852,
    -822.8756479309));
#6471 = CARTESIAN_POINT('',(-4.746018004126,-18.45054139318,
    -823.3949702989));
#6472 = CARTESIAN_POINT('',(-4.881815778986,-18.4139987261,
    -823.9255218592));
#6473 = CARTESIAN_POINT('',(-4.95,-18.3956516601,-824.4621391593));
#6474 = CARTESIAN_POINT('',(-4.95,-18.3956516601,-825.5378615344));
#6475 = CARTESIAN_POINT('',(-4.881815595297,-18.41399878484,
    -826.0744837516));
#6476 = CARTESIAN_POINT('',(-4.746015601436,-18.45054200194,
    -826.6050367729));
#6477 = CARTESIAN_POINT('',(-4.540906665161,-18.5040232619,
    -827.1243565624));
#6478 = CARTESIAN_POINT('',(-4.263259734921,-18.5719857174,
    -827.6254249075));
#6479 = CARTESIAN_POINT('',(-3.908541812432,-18.65000394434,
    -828.0984623695));
#6480 = CARTESIAN_POINT('',(-3.123925834803,-18.79545485356,
    -828.8707268652));
#6481 = CARTESIAN_POINT('',(-2.713019644697,-18.86380766423,
    -829.1961475364));
#6482 = CARTESIAN_POINT('',(-2.241190785718,-18.9307037101,
    -829.4837034319));
#6483 = CARTESIAN_POINT('',(-1.714663062638,-18.98903351862,
    -829.7159646217));
#6484 = CARTESIAN_POINT('',(-1.143533854675,-19.03139530292,
    -829.8783752383));
#6485 = CARTESIAN_POINT('',(-0.540641640087,-19.05239078772,
    -829.959202027));
#6486 = CARTESIAN_POINT('',(0.673729992839,-19.04738431351,
    -829.939932425));
#6487 = CARTESIAN_POINT('',(1.249509766427,-19.02331371518,
    -829.847269973));
#6488 = CARTESIAN_POINT('',(1.792847618629,-18.98022231713,
    -829.6807346051));
#6489 = CARTESIAN_POINT('',(2.293235222594,-18.92323827042,
    -829.4514282685));
#6490 = CARTESIAN_POINT('',(2.742586419774,-18.85885978313,
    -829.1724298701));
#6491 = CARTESIAN_POINT('',(3.136003908633,-18.79321583872,
    -828.8588389252));
#6492 = CARTESIAN_POINT('',(3.908535918697,-18.65000503691,
    -828.0984681705));
#6493 = CARTESIAN_POINT('',(4.263260643527,-18.57198586704,
    -827.6254273442));
#6494 = CARTESIAN_POINT('',(4.540909811581,-18.50402234852,
    -827.124352069));
#6495 = CARTESIAN_POINT('',(4.746018004127,-18.45054139318,
    -826.605029701));
#6496 = CARTESIAN_POINT('',(4.881815778986,-18.4139987261,
    -826.0744781407));
#6497 = CARTESIAN_POINT('',(4.95,-18.3956516601,-825.5378608406));
#6498 = CARTESIAN_POINT('',(4.95,-18.3956516601,-825.));
#6499 = PCURVE('',#2783,#6500);
#6500 = DEFINITIONAL_REPRESENTATION('',(#6501),#6552);
#6501 = B_SPLINE_CURVE_WITH_KNOTS('',7,(#6502,#6503,#6504,#6505,#6506,
    #6507,#6508,#6509,#6510,#6511,#6512,#6513,#6514,#6515,#6516,#6517,
    #6518,#6519,#6520,#6521,#6522,#6523,#6524,#6525,#6526,#6527,#6528,
    #6529,#6530,#6531,#6532,#6533,#6534,#6535,#6536,#6537,#6538,#6539,
    #6540,#6541,#6542,#6543,#6544,#6545,#6546,#6547,#6548,#6549,#6550,
    #6551),.UNSPECIFIED.,.F.,.F.,(8,6,6,6,6,6,6,6,8),(0.,0.140667475525,
    0.253002167712,0.3609854273,0.501058432204,0.641131617781,
    0.75299172055,0.860518773529,1.),.UNSPECIFIED.);
#6502 = CARTESIAN_POINT('',(0.,-18.3956516601));
#6503 = CARTESIAN_POINT('',(-0.10865889585,-18.3956516601));
#6504 = CARTESIAN_POINT('',(-0.217067129709,-18.41399878484));
#6505 = CARTESIAN_POINT('',(-0.326346401906,-18.45054200194));
#6506 = CARTESIAN_POINT('',(-0.437499064792,-18.5040232619));
#6507 = CARTESIAN_POINT('',(-0.551567210235,-18.5719857174));
#6508 = CARTESIAN_POINT('',(-0.669674624532,-18.65000394434));
#6509 = CARTESIAN_POINT('',(-0.892081772372,-18.79545485322));
#6510 = CARTESIAN_POINT('',(-0.997359698787,-18.86380766534));
#6511 = CARTESIAN_POINT('',(-1.107614922806,-18.93070370847));
#6512 = CARTESIAN_POINT('',(-1.221995935555,-18.98903351981));
#6513 = CARTESIAN_POINT('',(-1.340038793497,-19.03139530257));
#6514 = CARTESIAN_POINT('',(-1.461560712917,-19.05239078771));
#6515 = CARTESIAN_POINT('',(-1.706919199247,-19.0473843135));
#6516 = CARTESIAN_POINT('',(-1.823520702706,-19.02331371553));
#6517 = CARTESIAN_POINT('',(-1.936646359714,-18.98022231611));
#6518 = CARTESIAN_POINT('',(-2.046202254965,-18.92323827178));
#6519 = CARTESIAN_POINT('',(-2.1518511323,-18.85885978222));
#6520 = CARTESIAN_POINT('',(-2.252934529598,-18.79321583899));
#6521 = CARTESIAN_POINT('',(-2.471916358421,-18.65000503691));
#6522 = CARTESIAN_POINT('',(-2.590025220486,-18.57198586704));
#6523 = CARTESIAN_POINT('',(-2.704094592844,-18.50402234852));
#6524 = CARTESIAN_POINT('',(-2.81524772336,-18.45054139318));
#6525 = CARTESIAN_POINT('',(-2.924526649094,-18.4139987261));
#6526 = CARTESIAN_POINT('',(-3.032933897894,-18.3956516601));
#6527 = CARTESIAN_POINT('',(-3.25025154944,-18.3956516601));
#6528 = CARTESIAN_POINT('',(-3.358659783299,-18.41399878484));
#6529 = CARTESIAN_POINT('',(-3.467939055497,-18.45054200194));
#6530 = CARTESIAN_POINT('',(-3.579091718382,-18.5040232619));
#6531 = CARTESIAN_POINT('',(-3.693159863825,-18.5719857174));
#6532 = CARTESIAN_POINT('',(-3.811267278122,-18.65000394434));
#6533 = CARTESIAN_POINT('',(-4.033674426481,-18.79545485356));
#6534 = CARTESIAN_POINT('',(-4.13895235011,-18.86380766423));
#6535 = CARTESIAN_POINT('',(-4.249207580754,-18.9307037101));
#6536 = CARTESIAN_POINT('',(-4.363588584616,-18.98903351862));
#6537 = CARTESIAN_POINT('',(-4.481631449647,-19.03139530292));
#6538 = CARTESIAN_POINT('',(-4.603153365852,-19.05239078772));
#6539 = CARTESIAN_POINT('',(-4.848511852307,-19.04738431351));
#6540 = CARTESIAN_POINT('',(-4.965113358343,-19.02331371518));
#6541 = CARTESIAN_POINT('',(-5.078239009704,-18.98022231713));
#6542 = CARTESIAN_POINT('',(-5.187794912017,-18.92323827042));
#6543 = CARTESIAN_POINT('',(-5.293443784079,-18.85885978313));
#6544 = CARTESIAN_POINT('',(-5.394527183608,-18.79321583872));
#6545 = CARTESIAN_POINT('',(-5.61350901201,-18.65000503691));
#6546 = CARTESIAN_POINT('',(-5.731617874076,-18.57198586704));
#6547 = CARTESIAN_POINT('',(-5.845687246434,-18.50402234852));
#6548 = CARTESIAN_POINT('',(-5.956840376951,-18.45054139318));
#6549 = CARTESIAN_POINT('',(-6.066119302683,-18.4139987261));
#6550 = CARTESIAN_POINT('',(-6.174526551484,-18.3956516601));
#6551 = CARTESIAN_POINT('',(-6.28318530718,-18.3956516601));
#6552 = ( GEOMETRIC_REPRESENTATION_CONTEXT(2) 
PARAMETRIC_REPRESENTATION_CONTEXT() REPRESENTATION_CONTEXT('2D SPACE',''
  ) );
#6553 = PCURVE('',#3549,#6554);
#6554 = DEFINITIONAL_REPRESENTATION('',(#6555),#6606);
#6555 = B_SPLINE_CURVE_WITH_KNOTS('',7,(#6556,#6557,#6558,#6559,#6560,
    #6561,#6562,#6563,#6564,#6565,#6566,#6567,#6568,#6569,#6570,#6571,
    #6572,#6573,#6574,#6575,#6576,#6577,#6578,#6579,#6580,#6581,#6582,
    #6583,#6584,#6585,#6586,#6587,#6588,#6589,#6590,#6591,#6592,#6593,
    #6594,#6595,#6596,#6597,#6598,#6599,#6600,#6601,#6602,#6603,#6604,
    #6605),.UNSPECIFIED.,.T.,.F.,(8,6,6,6,6,6,6,6,8),(0.,0.140667475525,
    0.253002167712,0.3609854273,0.501058432204,0.641131617781,
    0.75299172055,0.860518773529,1.),.UNSPECIFIED.);
#6556 = CARTESIAN_POINT('',(-4.975248097696,-675.));
#6557 = CARTESIAN_POINT('',(-4.975248097696,-675.5378615344));
#6558 = CARTESIAN_POINT('',(-4.971541558148,-676.0744837516));
#6559 = CARTESIAN_POINT('',(-4.964159321688,-676.6050367729));
#6560 = CARTESIAN_POINT('',(-4.953032916375,-677.1243565624));
#6561 = CARTESIAN_POINT('',(-4.938031545923,-677.6254249075));
#6562 = CARTESIAN_POINT('',(-4.918976617439,-678.0984623695));
#6563 = CARTESIAN_POINT('',(-4.877087702366,-678.8707268633));
#6564 = CARTESIAN_POINT('',(-4.85522518741,-679.1961475421));
#6565 = CARTESIAN_POINT('',(-4.830221422239,-679.4837034238));
#6566 = CARTESIAN_POINT('',(-4.802439460877,-679.7159646275));
#6567 = CARTESIAN_POINT('',(-4.772412500341,-679.8783752366));
#6568 = CARTESIAN_POINT('',(-4.74076938334,-679.9592020269));
#6569 = CARTESIAN_POINT('',(-4.677022299228,-679.939932425));
#6570 = CARTESIAN_POINT('',(-4.646792661682,-679.8472699746));
#6571 = CARTESIAN_POINT('',(-4.618212228933,-679.6807346001));
#6572 = CARTESIAN_POINT('',(-4.591797764577,-679.4514282752));
#6573 = CARTESIAN_POINT('',(-4.567979383882,-679.1724298654));
#6574 = CARTESIAN_POINT('',(-4.547045436879,-678.8588389267));
#6575 = CARTESIAN_POINT('',(-4.505801657984,-678.0984681705));
#6576 = CARTESIAN_POINT('',(-4.486746369511,-677.6254273442));
#6577 = CARTESIAN_POINT('',(-4.47174487342,-677.124352069));
#6578 = CARTESIAN_POINT('',(-4.460618508489,-676.605029701));
#6579 = CARTESIAN_POINT('',(-4.453236392638,-676.0744781407));
#6580 = CARTESIAN_POINT('',(-4.449529863074,-675.5378608406));
#6581 = CARTESIAN_POINT('',(-4.449529863074,-674.4621384655));
#6582 = CARTESIAN_POINT('',(-4.453236402622,-673.9255162483));
#6583 = CARTESIAN_POINT('',(-4.460618639082,-673.394963227));
#6584 = CARTESIAN_POINT('',(-4.471745044395,-672.8756434375));
#6585 = CARTESIAN_POINT('',(-4.486746414847,-672.3745750924));
#6586 = CARTESIAN_POINT('',(-4.50580134333,-671.9015376304));
#6587 = CARTESIAN_POINT('',(-4.547690258501,-671.1292731347));
#6588 = CARTESIAN_POINT('',(-4.569552772881,-670.8038524635));
#6589 = CARTESIAN_POINT('',(-4.594556539516,-670.516296568));
#6590 = CARTESIAN_POINT('',(-4.622338498815,-670.2840353782));
#6591 = CARTESIAN_POINT('',(-4.652365461064,-670.1216247616));
#6592 = CARTESIAN_POINT('',(-4.684008577259,-670.0407979729));
#6593 = CARTESIAN_POINT('',(-4.747755661403,-670.0600675749));
#6594 = CARTESIAN_POINT('',(-4.777985299596,-670.1527300269));
#6595 = CARTESIAN_POINT('',(-4.806565730982,-670.3192653948));
#6596 = CARTESIAN_POINT('',(-4.832980196974,-670.5485717314));
#6597 = CARTESIAN_POINT('',(-4.856798576506,-670.8275701298));
#6598 = CARTESIAN_POINT('',(-4.87773252397,-671.1411610747));
#6599 = CARTESIAN_POINT('',(-4.918976302786,-671.9015318294));
#6600 = CARTESIAN_POINT('',(-4.938031591258,-672.3745726557));
#6601 = CARTESIAN_POINT('',(-4.953033087349,-672.8756479309));
#6602 = CARTESIAN_POINT('',(-4.964159452281,-673.3949702989));
#6603 = CARTESIAN_POINT('',(-4.971541568132,-673.9255218592));
#6604 = CARTESIAN_POINT('',(-4.975248097696,-674.4621391593));
#6605 = CARTESIAN_POINT('',(-4.975248097696,-675.));
#6606 = ( GEOMETRIC_REPRESENTATION_CONTEXT(2) 
PARAMETRIC_REPRESENTATION_CONTEXT() REPRESENTATION_CONTEXT('2D SPACE',''
  ) );
#6607 = ORIENTED_EDGE('',*,*,#6608,.T.);
#6608 = EDGE_CURVE('',#6445,#2674,#6609,.T.);
#6609 = SEAM_CURVE('',#6610,(#6614,#6621),.PCURVE_S1.);
#6610 = LINE('',#6611,#6612);
#6611 = CARTESIAN_POINT('',(4.95,0.,-825.));
#6612 = VECTOR('',#6613,1.);
#6613 = DIRECTION('',(0.,-1.,0.));
#6614 = PCURVE('',#2783,#6615);
#6615 = DEFINITIONAL_REPRESENTATION('',(#6616),#6620);
#6616 = LINE('',#6617,#6618);
#6617 = CARTESIAN_POINT('',(-6.28318530718,0.));
#6618 = VECTOR('',#6619,1.);
#6619 = DIRECTION('',(-0.,-1.));
#6620 = ( GEOMETRIC_REPRESENTATION_CONTEXT(2) 
PARAMETRIC_REPRESENTATION_CONTEXT() REPRESENTATION_CONTEXT('2D SPACE',''
  ) );
#6621 = PCURVE('',#2783,#6622);
#6622 = DEFINITIONAL_REPRESENTATION('',(#6623),#6627);
#6623 = LINE('',#6624,#6625);
#6624 = CARTESIAN_POINT('',(-0.,0.));
#6625 = VECTOR('',#6626,1.);
#6626 = DIRECTION('',(-0.,-1.));
#6627 = ( GEOMETRIC_REPRESENTATION_CONTEXT(2) 
PARAMETRIC_REPRESENTATION_CONTEXT() REPRESENTATION_CONTEXT('2D SPACE',''
  ) );
#6628 = ORIENTED_EDGE('',*,*,#2673,.T.);
#6629 = ORIENTED_EDGE('',*,*,#6608,.F.);
#6630 = ADVANCED_FACE('',(#6631),#2954,.F.);
#6631 = FACE_BOUND('',#6632,.T.);
#6632 = EDGE_LOOP('',(#6633,#6797,#6818,#6819));
#6633 = ORIENTED_EDGE('',*,*,#6634,.F.);
#6634 = EDGE_CURVE('',#6635,#6635,#6637,.T.);
#6635 = VERTEX_POINT('',#6636);
#6636 = CARTESIAN_POINT('',(4.95,-18.3956516601,-975.));
#6637 = SURFACE_CURVE('',#6638,(#6689,#6743),.PCURVE_S1.);
#6638 = B_SPLINE_CURVE_WITH_KNOTS('',7,(#6639,#6640,#6641,#6642,#6643,
    #6644,#6645,#6646,#6647,#6648,#6649,#6650,#6651,#6652,#6653,#6654,
    #6655,#6656,#6657,#6658,#6659,#6660,#6661,#6662,#6663,#6664,#6665,
    #6666,#6667,#6668,#6669,#6670,#6671,#6672,#6673,#6674,#6675,#6676,
    #6677,#6678,#6679,#6680,#6681,#6682,#6683,#6684,#6685,#6686,#6687,
    #6688),.UNSPECIFIED.,.T.,.F.,(8,6,6,6,6,6,6,6,8),(0.,0.140667475859,
    0.253002168303,0.360985428155,0.501058431429,0.641131617091,
    0.752991719927,0.860518773445,1.),.UNSPECIFIED.);
#6639 = CARTESIAN_POINT('',(4.95,-18.3956516601,-975.));
#6640 = CARTESIAN_POINT('',(4.95,-18.3956516601,-974.4621384655));
#6641 = CARTESIAN_POINT('',(4.881815595297,-18.41399878484,
    -973.9255162483));
#6642 = CARTESIAN_POINT('',(4.746015601435,-18.45054200194,
    -973.394963227));
#6643 = CARTESIAN_POINT('',(4.540906665162,-18.5040232619,
    -972.8756434375));
#6644 = CARTESIAN_POINT('',(4.26325973492,-18.5719857174,-972.3745750924
    ));
#6645 = CARTESIAN_POINT('',(3.908541812432,-18.65000394434,
    -971.9015376304));
#6646 = CARTESIAN_POINT('',(3.123925836668,-18.79545485322,
    -971.1292731366));
#6647 = CARTESIAN_POINT('',(2.713019635636,-18.86380766535,
    -970.8038524577));
#6648 = CARTESIAN_POINT('',(2.241190804327,-18.93070370847,
    -970.5162965761));
#6649 = CARTESIAN_POINT('',(1.714663042253,-18.9890335198,
    -970.2840353724));
#6650 = CARTESIAN_POINT('',(1.143533866799,-19.03139530257,
    -970.1216247633));
#6651 = CARTESIAN_POINT('',(0.540641636801,-19.05239078771,
    -970.040797973));
#6652 = CARTESIAN_POINT('',(-0.673729995513,-19.0473843135,
    -970.0600675749));
#6653 = CARTESIAN_POINT('',(-1.249509756726,-19.02331371552,
    -970.1527300253));
#6654 = CARTESIAN_POINT('',(-1.792847634796,-18.98022231612,
    -970.3192653997));
#6655 = CARTESIAN_POINT('',(-2.293235207857,-18.92323827178,
    -970.5485717247));
#6656 = CARTESIAN_POINT('',(-2.742586427001,-18.85885978221,
    -970.8275701345));
#6657 = CARTESIAN_POINT('',(-3.136003907115,-18.793215839,
    -971.1411610732));
#6658 = CARTESIAN_POINT('',(-3.908535912603,-18.65000503804,
    -971.9015318234));
#6659 = CARTESIAN_POINT('',(-4.263260662066,-18.57198586348,
    -972.3745726806));
#6660 = CARTESIAN_POINT('',(-4.540909786028,-18.50402235355,
    -972.8756478842));
#6661 = CARTESIAN_POINT('',(-4.746018022171,-18.45054138956,
    -973.3949703463));
#6662 = CARTESIAN_POINT('',(-4.881815773447,-18.41399872723,
    -973.9255218329));
#6663 = CARTESIAN_POINT('',(-4.95,-18.3956516601,-974.4621391658));
#6664 = CARTESIAN_POINT('',(-4.95,-18.3956516601,-975.5378615344));
#6665 = CARTESIAN_POINT('',(-4.881815595297,-18.41399878484,
    -976.0744837516));
#6666 = CARTESIAN_POINT('',(-4.746015601436,-18.45054200194,
    -976.6050367729));
#6667 = CARTESIAN_POINT('',(-4.540906665162,-18.5040232619,
    -977.1243565624));
#6668 = CARTESIAN_POINT('',(-4.26325973492,-18.5719857174,
    -977.6254249075));
#6669 = CARTESIAN_POINT('',(-3.908541812432,-18.65000394434,
    -978.0984623695));
#6670 = CARTESIAN_POINT('',(-3.123925834803,-18.79545485356,
    -978.8707268652));
#6671 = CARTESIAN_POINT('',(-2.713019644698,-18.86380766423,
    -979.1961475364));
#6672 = CARTESIAN_POINT('',(-2.241190785718,-18.9307037101,
    -979.4837034319));
#6673 = CARTESIAN_POINT('',(-1.714663062638,-18.98903351862,
    -979.7159646217));
#6674 = CARTESIAN_POINT('',(-1.143533854675,-19.03139530292,
    -979.8783752383));
#6675 = CARTESIAN_POINT('',(-0.540641640088,-19.05239078772,
    -979.959202027));
#6676 = CARTESIAN_POINT('',(0.673729995465,-19.0473843135,-979.939932425
    ));
#6677 = CARTESIAN_POINT('',(1.249509756772,-19.02331371553,
    -979.8472699746));
#6678 = CARTESIAN_POINT('',(1.792847634835,-18.98022231611,
    -979.6807346001));
#6679 = CARTESIAN_POINT('',(2.293235207814,-18.92323827178,
    -979.4514282752));
#6680 = CARTESIAN_POINT('',(2.742586426971,-18.85885978222,
    -979.1724298654));
#6681 = CARTESIAN_POINT('',(3.136003907148,-18.79321583899,
    -978.8588389267));
#6682 = CARTESIAN_POINT('',(3.908535918697,-18.65000503691,
    -978.0984681705));
#6683 = CARTESIAN_POINT('',(4.263260643527,-18.57198586704,
    -977.6254273442));
#6684 = CARTESIAN_POINT('',(4.540909811581,-18.50402234852,
    -977.124352069));
#6685 = CARTESIAN_POINT('',(4.746018004127,-18.45054139318,
    -976.605029701));
#6686 = CARTESIAN_POINT('',(4.881815778986,-18.4139987261,
    -976.0744781407));
#6687 = CARTESIAN_POINT('',(4.95,-18.3956516601,-975.5378608406));
#6688 = CARTESIAN_POINT('',(4.95,-18.3956516601,-975.));
#6689 = PCURVE('',#2954,#6690);
#6690 = DEFINITIONAL_REPRESENTATION('',(#6691),#6742);
#6691 = B_SPLINE_CURVE_WITH_KNOTS('',7,(#6692,#6693,#6694,#6695,#6696,
    #6697,#6698,#6699,#6700,#6701,#6702,#6703,#6704,#6705,#6706,#6707,
    #6708,#6709,#6710,#6711,#6712,#6713,#6714,#6715,#6716,#6717,#6718,
    #6719,#6720,#6721,#6722,#6723,#6724,#6725,#6726,#6727,#6728,#6729,
    #6730,#6731,#6732,#6733,#6734,#6735,#6736,#6737,#6738,#6739,#6740,
    #6741),.UNSPECIFIED.,.F.,.F.,(8,6,6,6,6,6,6,6,8),(0.,0.140667475859,
    0.253002168303,0.360985428155,0.501058431429,0.641131617091,
    0.752991719927,0.860518773445,1.),.UNSPECIFIED.);
#6692 = CARTESIAN_POINT('',(0.,-18.3956516601));
#6693 = CARTESIAN_POINT('',(-0.10865889585,-18.3956516601));
#6694 = CARTESIAN_POINT('',(-0.217067129709,-18.41399878484));
#6695 = CARTESIAN_POINT('',(-0.326346401906,-18.45054200194));
#6696 = CARTESIAN_POINT('',(-0.437499064792,-18.5040232619));
#6697 = CARTESIAN_POINT('',(-0.551567210235,-18.5719857174));
#6698 = CARTESIAN_POINT('',(-0.669674624532,-18.65000394434));
#6699 = CARTESIAN_POINT('',(-0.892081772363,-18.79545485322));
#6700 = CARTESIAN_POINT('',(-0.997359698798,-18.86380766535));
#6701 = CARTESIAN_POINT('',(-1.107614922811,-18.93070370847));
#6702 = CARTESIAN_POINT('',(-1.221995935548,-18.9890335198));
#6703 = CARTESIAN_POINT('',(-1.340038793488,-19.03139530257));
#6704 = CARTESIAN_POINT('',(-1.461560712926,-19.05239078771));
#6705 = CARTESIAN_POINT('',(-1.706919199257,-19.0473843135));
#6706 = CARTESIAN_POINT('',(-1.823520702697,-19.02331371552));
#6707 = CARTESIAN_POINT('',(-1.936646359707,-18.98022231612));
#6708 = CARTESIAN_POINT('',(-2.04620225497,-18.92323827178));
#6709 = CARTESIAN_POINT('',(-2.151851132311,-18.85885978221));
#6710 = CARTESIAN_POINT('',(-2.252934529588,-18.793215839));
#6711 = CARTESIAN_POINT('',(-2.471916356693,-18.65000503804));
#6712 = CARTESIAN_POINT('',(-2.590025227017,-18.57198586348));
#6713 = CARTESIAN_POINT('',(-2.704094581472,-18.50402235355));
#6714 = CARTESIAN_POINT('',(-2.815247734264,-18.45054138956));
#6715 = CARTESIAN_POINT('',(-2.924526643386,-18.41399872723));
#6716 = CARTESIAN_POINT('',(-3.032933899223,-18.3956516601));
#6717 = CARTESIAN_POINT('',(-3.25025154944,-18.3956516601));
#6718 = CARTESIAN_POINT('',(-3.358659783299,-18.41399878484));
#6719 = CARTESIAN_POINT('',(-3.467939055497,-18.45054200194));
#6720 = CARTESIAN_POINT('',(-3.579091718382,-18.5040232619));
#6721 = CARTESIAN_POINT('',(-3.693159863825,-18.5719857174));
#6722 = CARTESIAN_POINT('',(-3.811267278122,-18.65000394434));
#6723 = CARTESIAN_POINT('',(-4.033674426481,-18.79545485356));
#6724 = CARTESIAN_POINT('',(-4.13895235011,-18.86380766423));
#6725 = CARTESIAN_POINT('',(-4.249207580755,-18.9307037101));
#6726 = CARTESIAN_POINT('',(-4.363588584616,-18.98903351862));
#6727 = CARTESIAN_POINT('',(-4.481631449647,-19.03139530292));
#6728 = CARTESIAN_POINT('',(-4.603153365852,-19.05239078772));
#6729 = CARTESIAN_POINT('',(-4.848511852837,-19.0473843135));
#6730 = CARTESIAN_POINT('',(-4.965113356296,-19.02331371553));
#6731 = CARTESIAN_POINT('',(-5.078239013305,-18.98022231611));
#6732 = CARTESIAN_POINT('',(-5.187794908554,-18.92323827178));
#6733 = CARTESIAN_POINT('',(-5.293443785891,-18.85885978222));
#6734 = CARTESIAN_POINT('',(-5.394527183187,-18.79321583899));
#6735 = CARTESIAN_POINT('',(-5.61350901201,-18.65000503691));
#6736 = CARTESIAN_POINT('',(-5.731617874076,-18.57198586704));
#6737 = CARTESIAN_POINT('',(-5.845687246434,-18.50402234852));
#6738 = CARTESIAN_POINT('',(-5.956840376951,-18.45054139318));
#6739 = CARTESIAN_POINT('',(-6.066119302683,-18.4139987261));
#6740 = CARTESIAN_POINT('',(-6.174526551484,-18.3956516601));
#6741 = CARTESIAN_POINT('',(-6.28318530718,-18.3956516601));
#6742 = ( GEOMETRIC_REPRESENTATION_CONTEXT(2) 
PARAMETRIC_REPRESENTATION_CONTEXT() REPRESENTATION_CONTEXT('2D SPACE',''
  ) );
#6743 = PCURVE('',#3549,#6744);
#6744 = DEFINITIONAL_REPRESENTATION('',(#6745),#6796);
#6745 = B_SPLINE_CURVE_WITH_KNOTS('',7,(#6746,#6747,#6748,#6749,#6750,
    #6751,#6752,#6753,#6754,#6755,#6756,#6757,#6758,#6759,#6760,#6761,
    #6762,#6763,#6764,#6765,#6766,#6767,#6768,#6769,#6770,#6771,#6772,
    #6773,#6774,#6775,#6776,#6777,#6778,#6779,#6780,#6781,#6782,#6783,
    #6784,#6785,#6786,#6787,#6788,#6789,#6790,#6791,#6792,#6793,#6794,
    #6795),.UNSPECIFIED.,.T.,.F.,(8,6,6,6,6,6,6,6,8),(0.,0.140667475859,
    0.253002168303,0.360985428155,0.501058431429,0.641131617091,
    0.752991719927,0.860518773445,1.),.UNSPECIFIED.);
#6746 = CARTESIAN_POINT('',(-4.975248097696,-525.));
#6747 = CARTESIAN_POINT('',(-4.975248097696,-525.5378615344));
#6748 = CARTESIAN_POINT('',(-4.971541558148,-526.0744837516));
#6749 = CARTESIAN_POINT('',(-4.964159321688,-526.6050367729));
#6750 = CARTESIAN_POINT('',(-4.953032916375,-527.1243565624));
#6751 = CARTESIAN_POINT('',(-4.938031545923,-527.6254249075));
#6752 = CARTESIAN_POINT('',(-4.918976617439,-528.0984623695));
#6753 = CARTESIAN_POINT('',(-4.877087702368,-528.8707268633));
#6754 = CARTESIAN_POINT('',(-4.855225187408,-529.1961475422));
#6755 = CARTESIAN_POINT('',(-4.830221422237,-529.4837034238));
#6756 = CARTESIAN_POINT('',(-4.802439460879,-529.7159646275));
#6757 = CARTESIAN_POINT('',(-4.772412500344,-529.8783752366));
#6758 = CARTESIAN_POINT('',(-4.740769383337,-529.9592020269));
#6759 = CARTESIAN_POINT('',(-4.677022299226,-529.939932425));
#6760 = CARTESIAN_POINT('',(-4.646792661684,-529.8472699746));
#6761 = CARTESIAN_POINT('',(-4.618212228935,-529.6807346002));
#6762 = CARTESIAN_POINT('',(-4.591797764575,-529.4514282752));
#6763 = CARTESIAN_POINT('',(-4.56797938388,-529.1724298654));
#6764 = CARTESIAN_POINT('',(-4.54704543688,-528.8588389267));
#6765 = CARTESIAN_POINT('',(-4.505801658309,-528.0984681765));
#6766 = CARTESIAN_POINT('',(-4.48674636852,-527.6254273193));
#6767 = CARTESIAN_POINT('',(-4.471744874787,-527.1243521157));
#6768 = CARTESIAN_POINT('',(-4.460618507522,-526.6050296536));
#6769 = CARTESIAN_POINT('',(-4.453236392935,-526.074478167));
#6770 = CARTESIAN_POINT('',(-4.449529863074,-525.5378608341));
#6771 = CARTESIAN_POINT('',(-4.449529863074,-524.4621384655));
#6772 = CARTESIAN_POINT('',(-4.453236402622,-523.9255162483));
#6773 = CARTESIAN_POINT('',(-4.460618639082,-523.394963227));
#6774 = CARTESIAN_POINT('',(-4.471745044395,-522.8756434375));
#6775 = CARTESIAN_POINT('',(-4.486746414847,-522.3745750924));
#6776 = CARTESIAN_POINT('',(-4.50580134333,-521.9015376304));
#6777 = CARTESIAN_POINT('',(-4.547690258501,-521.1292731347));
#6778 = CARTESIAN_POINT('',(-4.569552772881,-520.8038524635));
#6779 = CARTESIAN_POINT('',(-4.594556539516,-520.516296568));
#6780 = CARTESIAN_POINT('',(-4.622338498815,-520.2840353782));
#6781 = CARTESIAN_POINT('',(-4.652365461064,-520.1216247616));
#6782 = CARTESIAN_POINT('',(-4.684008577259,-520.0407979729));
#6783 = CARTESIAN_POINT('',(-4.747755661541,-520.0600675749));
#6784 = CARTESIAN_POINT('',(-4.777985299087,-520.1527300253));
#6785 = CARTESIAN_POINT('',(-4.806565731837,-520.3192653998));
#6786 = CARTESIAN_POINT('',(-4.832980196192,-520.5485717247));
#6787 = CARTESIAN_POINT('',(-4.856798576888,-520.8275701345));
#6788 = CARTESIAN_POINT('',(-4.877732523891,-521.1411610732));
#6789 = CARTESIAN_POINT('',(-4.918976302786,-521.9015318294));
#6790 = CARTESIAN_POINT('',(-4.938031591258,-522.3745726557));
#6791 = CARTESIAN_POINT('',(-4.953033087349,-522.8756479309));
#6792 = CARTESIAN_POINT('',(-4.964159452281,-523.3949702989));
#6793 = CARTESIAN_POINT('',(-4.971541568132,-523.9255218592));
#6794 = CARTESIAN_POINT('',(-4.975248097696,-524.4621391593));
#6795 = CARTESIAN_POINT('',(-4.975248097696,-525.));
#6796 = ( GEOMETRIC_REPRESENTATION_CONTEXT(2) 
PARAMETRIC_REPRESENTATION_CONTEXT() REPRESENTATION_CONTEXT('2D SPACE',''
  ) );
#6797 = ORIENTED_EDGE('',*,*,#6798,.T.);
#6798 = EDGE_CURVE('',#6635,#2845,#6799,.T.);
#6799 = SEAM_CURVE('',#6800,(#6804,#6811),.PCURVE_S1.);
#6800 = LINE('',#6801,#6802);
#6801 = CARTESIAN_POINT('',(4.95,0.,-975.));
#6802 = VECTOR('',#6803,1.);
#6803 = DIRECTION('',(0.,-1.,0.));
#6804 = PCURVE('',#2954,#6805);
#6805 = DEFINITIONAL_REPRESENTATION('',(#6806),#6810);
#6806 = LINE('',#6807,#6808);
#6807 = CARTESIAN_POINT('',(-6.28318530718,0.));
#6808 = VECTOR('',#6809,1.);
#6809 = DIRECTION('',(-0.,-1.));
#6810 = ( GEOMETRIC_REPRESENTATION_CONTEXT(2) 
PARAMETRIC_REPRESENTATION_CONTEXT() REPRESENTATION_CONTEXT('2D SPACE',''
  ) );
#6811 = PCURVE('',#2954,#6812);
#6812 = DEFINITIONAL_REPRESENTATION('',(#6813),#6817);
#6813 = LINE('',#6814,#6815);
#6814 = CARTESIAN_POINT('',(-0.,0.));
#6815 = VECTOR('',#6816,1.);
#6816 = DIRECTION('',(-0.,-1.));
#6817 = ( GEOMETRIC_REPRESENTATION_CONTEXT(2) 
PARAMETRIC_REPRESENTATION_CONTEXT() REPRESENTATION_CONTEXT('2D SPACE',''
  ) );
#6818 = ORIENTED_EDGE('',*,*,#2844,.T.);
#6819 = ORIENTED_EDGE('',*,*,#6798,.F.);
#6820 = ADVANCED_FACE('',(#6821),#3125,.F.);
#6821 = FACE_BOUND('',#6822,.T.);
#6822 = EDGE_LOOP('',(#6823,#6987,#7008,#7009));
#6823 = ORIENTED_EDGE('',*,*,#6824,.F.);
#6824 = EDGE_CURVE('',#6825,#6825,#6827,.T.);
#6825 = VERTEX_POINT('',#6826);
#6826 = CARTESIAN_POINT('',(4.95,-18.3956516601,-1.125E+03));
#6827 = SURFACE_CURVE('',#6828,(#6879,#6933),.PCURVE_S1.);
#6828 = B_SPLINE_CURVE_WITH_KNOTS('',7,(#6829,#6830,#6831,#6832,#6833,
    #6834,#6835,#6836,#6837,#6838,#6839,#6840,#6841,#6842,#6843,#6844,
    #6845,#6846,#6847,#6848,#6849,#6850,#6851,#6852,#6853,#6854,#6855,
    #6856,#6857,#6858,#6859,#6860,#6861,#6862,#6863,#6864,#6865,#6866,
    #6867,#6868,#6869,#6870,#6871,#6872,#6873,#6874,#6875,#6876,#6877,
    #6878),.UNSPECIFIED.,.T.,.F.,(8,6,6,6,6,6,6,6,8),(0.,0.140667476469,
    0.253002169401,0.360985429713,0.501058433598,0.641131618012,
    0.75299172076,0.860518774764,1.),.UNSPECIFIED.);
#6829 = CARTESIAN_POINT('',(4.95,-18.3956516601,-1.125E+03));
#6830 = CARTESIAN_POINT('',(4.95,-18.3956516601,-1.124462138466E+03));
#6831 = CARTESIAN_POINT('',(4.881815595297,-18.41399878484,
    -1.123925516248E+03));
#6832 = CARTESIAN_POINT('',(4.746015601435,-18.45054200194,
    -1.123394963227E+03));
#6833 = CARTESIAN_POINT('',(4.540906665163,-18.5040232619,
    -1.122875643438E+03));
#6834 = CARTESIAN_POINT('',(4.263259734919,-18.5719857174,
    -1.122374575092E+03));
#6835 = CARTESIAN_POINT('',(3.908541812433,-18.65000394434,
    -1.12190153763E+03));
#6836 = CARTESIAN_POINT('',(3.123925836668,-18.79545485322,
    -1.121129273137E+03));
#6837 = CARTESIAN_POINT('',(2.713019635635,-18.86380766535,
    -1.120803852458E+03));
#6838 = CARTESIAN_POINT('',(2.24119080433,-18.93070370847,
    -1.120516296576E+03));
#6839 = CARTESIAN_POINT('',(1.714663042249,-18.9890335198,
    -1.120284035372E+03));
#6840 = CARTESIAN_POINT('',(1.143533866803,-19.03139530257,
    -1.120121624763E+03));
#6841 = CARTESIAN_POINT('',(0.540641636799,-19.05239078771,
    -1.120040797973E+03));
#6842 = CARTESIAN_POINT('',(-0.673729995467,-19.0473843135,
    -1.120060067575E+03));
#6843 = CARTESIAN_POINT('',(-1.24950975677,-19.02331371553,
    -1.120152730025E+03));
#6844 = CARTESIAN_POINT('',(-1.792847634829,-18.98022231611,
    -1.1203192654E+03));
#6845 = CARTESIAN_POINT('',(-2.293235207819,-18.92323827178,
    -1.120548571725E+03));
#6846 = CARTESIAN_POINT('',(-2.742586426972,-18.85885978222,
    -1.120827570135E+03));
#6847 = CARTESIAN_POINT('',(-3.136003907146,-18.79321583899,
    -1.121141161073E+03));
#6848 = CARTESIAN_POINT('',(-3.908535912603,-18.65000503804,
    -1.121901531823E+03));
#6849 = CARTESIAN_POINT('',(-4.263260662066,-18.57198586348,
    -1.122374572681E+03));
#6850 = CARTESIAN_POINT('',(-4.540909786028,-18.50402235355,
    -1.122875647884E+03));
#6851 = CARTESIAN_POINT('',(-4.746018022172,-18.45054138956,
    -1.123394970346E+03));
#6852 = CARTESIAN_POINT('',(-4.881815773447,-18.41399872723,
    -1.123925521833E+03));
#6853 = CARTESIAN_POINT('',(-4.95,-18.3956516601,-1.124462139166E+03));
#6854 = CARTESIAN_POINT('',(-4.95,-18.3956516601,-1.125537861527E+03));
#6855 = CARTESIAN_POINT('',(-4.881815589921,-18.41399878593,
    -1.126074483779E+03));
#6856 = CARTESIAN_POINT('',(-4.746015618892,-18.45054199844,
    -1.126605036725E+03));
#6857 = CARTESIAN_POINT('',(-4.540906640498,-18.50402326675,
    -1.127124356608E+03));
#6858 = CARTESIAN_POINT('',(-4.263259752793,-18.57198571398,
    -1.127625424883E+03));
#6859 = CARTESIAN_POINT('',(-3.908541806558,-18.65000394542,
    -1.128098462375E+03));
#6860 = CARTESIAN_POINT('',(-3.123925836668,-18.79545485322,
    -1.128870726863E+03));
#6861 = CARTESIAN_POINT('',(-2.713019635635,-18.86380766535,
    -1.129196147542E+03));
#6862 = CARTESIAN_POINT('',(-2.24119080433,-18.93070370847,
    -1.129483703424E+03));
#6863 = CARTESIAN_POINT('',(-1.714663042248,-18.9890335198,
    -1.129715964628E+03));
#6864 = CARTESIAN_POINT('',(-1.143533866803,-19.03139530257,
    -1.129878375237E+03));
#6865 = CARTESIAN_POINT('',(-0.540641636799,-19.05239078771,
    -1.129959202027E+03));
#6866 = CARTESIAN_POINT('',(0.673729995462,-19.0473843135,
    -1.129939932425E+03));
#6867 = CARTESIAN_POINT('',(1.249509756776,-19.02331371553,
    -1.129847269975E+03));
#6868 = CARTESIAN_POINT('',(1.792847634834,-18.98022231611,
    -1.1296807346E+03));
#6869 = CARTESIAN_POINT('',(2.293235207814,-18.92323827178,
    -1.129451428275E+03));
#6870 = CARTESIAN_POINT('',(2.742586426969,-18.85885978222,
    -1.129172429865E+03));
#6871 = CARTESIAN_POINT('',(3.136003907149,-18.79321583899,
    -1.128858838927E+03));
#6872 = CARTESIAN_POINT('',(3.908535912603,-18.65000503804,
    -1.128098468177E+03));
#6873 = CARTESIAN_POINT('',(4.263260662067,-18.57198586348,
    -1.127625427319E+03));
#6874 = CARTESIAN_POINT('',(4.540909786028,-18.50402235355,
    -1.127124352116E+03));
#6875 = CARTESIAN_POINT('',(4.746018022171,-18.45054138956,
    -1.126605029654E+03));
#6876 = CARTESIAN_POINT('',(4.881815773447,-18.41399872723,
    -1.126074478167E+03));
#6877 = CARTESIAN_POINT('',(4.95,-18.3956516601,-1.125537860834E+03));
#6878 = CARTESIAN_POINT('',(4.95,-18.3956516601,-1.125E+03));
#6879 = PCURVE('',#3125,#6880);
#6880 = DEFINITIONAL_REPRESENTATION('',(#6881),#6932);
#6881 = B_SPLINE_CURVE_WITH_KNOTS('',7,(#6882,#6883,#6884,#6885,#6886,
    #6887,#6888,#6889,#6890,#6891,#6892,#6893,#6894,#6895,#6896,#6897,
    #6898,#6899,#6900,#6901,#6902,#6903,#6904,#6905,#6906,#6907,#6908,
    #6909,#6910,#6911,#6912,#6913,#6914,#6915,#6916,#6917,#6918,#6919,
    #6920,#6921,#6922,#6923,#6924,#6925,#6926,#6927,#6928,#6929,#6930,
    #6931),.UNSPECIFIED.,.F.,.F.,(8,6,6,6,6,6,6,6,8),(0.,0.140667476469,
    0.253002169401,0.360985429713,0.501058433598,0.641131618012,
    0.75299172076,0.860518774764,1.),.UNSPECIFIED.);
#6882 = CARTESIAN_POINT('',(0.,-18.3956516601));
#6883 = CARTESIAN_POINT('',(-0.10865889585,-18.3956516601));
#6884 = CARTESIAN_POINT('',(-0.217067129709,-18.41399878484));
#6885 = CARTESIAN_POINT('',(-0.326346401907,-18.45054200194));
#6886 = CARTESIAN_POINT('',(-0.437499064792,-18.5040232619));
#6887 = CARTESIAN_POINT('',(-0.551567210235,-18.5719857174));
#6888 = CARTESIAN_POINT('',(-0.669674624532,-18.65000394434));
#6889 = CARTESIAN_POINT('',(-0.892081772363,-18.79545485322));
#6890 = CARTESIAN_POINT('',(-0.997359698798,-18.86380766535));
#6891 = CARTESIAN_POINT('',(-1.10761492281,-18.93070370847));
#6892 = CARTESIAN_POINT('',(-1.221995935549,-18.9890335198));
#6893 = CARTESIAN_POINT('',(-1.340038793487,-19.03139530257));
#6894 = CARTESIAN_POINT('',(-1.461560712927,-19.05239078771));
#6895 = CARTESIAN_POINT('',(-1.706919199248,-19.0473843135));
#6896 = CARTESIAN_POINT('',(-1.823520702706,-19.02331371553));
#6897 = CARTESIAN_POINT('',(-1.936646359713,-18.98022231611));
#6898 = CARTESIAN_POINT('',(-2.046202254965,-18.92323827178));
#6899 = CARTESIAN_POINT('',(-2.151851132301,-18.85885978222));
#6900 = CARTESIAN_POINT('',(-2.252934529597,-18.79321583899));
#6901 = CARTESIAN_POINT('',(-2.471916356693,-18.65000503804));
#6902 = CARTESIAN_POINT('',(-2.590025227018,-18.57198586348));
#6903 = CARTESIAN_POINT('',(-2.704094581472,-18.50402235355));
#6904 = CARTESIAN_POINT('',(-2.815247734264,-18.45054138956));
#6905 = CARTESIAN_POINT('',(-2.924526643386,-18.41399872723));
#6906 = CARTESIAN_POINT('',(-3.032933899223,-18.3956516601));
#6907 = CARTESIAN_POINT('',(-3.250251547999,-18.3956516601));
#6908 = CARTESIAN_POINT('',(-3.35865978917,-18.41399878593));
#6909 = CARTESIAN_POINT('',(-3.467939044586,-18.45054199844));
#6910 = CARTESIAN_POINT('',(-3.579091729571,-18.50402326675));
#6911 = CARTESIAN_POINT('',(-3.693159857473,-18.57198571398));
#6912 = CARTESIAN_POINT('',(-3.811267279787,-18.65000394542));
#6913 = CARTESIAN_POINT('',(-4.033674425952,-18.79545485322));
#6914 = CARTESIAN_POINT('',(-4.138952352388,-18.86380766535));
#6915 = CARTESIAN_POINT('',(-4.2492075764,-18.93070370847));
#6916 = CARTESIAN_POINT('',(-4.363588589139,-18.9890335198));
#6917 = CARTESIAN_POINT('',(-4.481631447077,-19.03139530257));
#6918 = CARTESIAN_POINT('',(-4.603153366516,-19.05239078771));
#6919 = CARTESIAN_POINT('',(-4.848511852837,-19.0473843135));
#6920 = CARTESIAN_POINT('',(-4.965113356297,-19.02331371553));
#6921 = CARTESIAN_POINT('',(-5.078239013304,-18.98022231611));
#6922 = CARTESIAN_POINT('',(-5.187794908554,-18.92323827178));
#6923 = CARTESIAN_POINT('',(-5.29344378589,-18.85885978222));
#6924 = CARTESIAN_POINT('',(-5.394527183188,-18.79321583899));
#6925 = CARTESIAN_POINT('',(-5.613509010283,-18.65000503804));
#6926 = CARTESIAN_POINT('',(-5.731617880608,-18.57198586348));
#6927 = CARTESIAN_POINT('',(-5.845687235061,-18.50402235355));
#6928 = CARTESIAN_POINT('',(-5.956840387854,-18.45054138956));
#6929 = CARTESIAN_POINT('',(-6.066119296976,-18.41399872723));
#6930 = CARTESIAN_POINT('',(-6.174526552813,-18.3956516601));
#6931 = CARTESIAN_POINT('',(-6.28318530718,-18.3956516601));
#6932 = ( GEOMETRIC_REPRESENTATION_CONTEXT(2) 
PARAMETRIC_REPRESENTATION_CONTEXT() REPRESENTATION_CONTEXT('2D SPACE',''
  ) );
#6933 = PCURVE('',#3549,#6934);
#6934 = DEFINITIONAL_REPRESENTATION('',(#6935),#6986);
#6935 = B_SPLINE_CURVE_WITH_KNOTS('',7,(#6936,#6937,#6938,#6939,#6940,
    #6941,#6942,#6943,#6944,#6945,#6946,#6947,#6948,#6949,#6950,#6951,
    #6952,#6953,#6954,#6955,#6956,#6957,#6958,#6959,#6960,#6961,#6962,
    #6963,#6964,#6965,#6966,#6967,#6968,#6969,#6970,#6971,#6972,#6973,
    #6974,#6975,#6976,#6977,#6978,#6979,#6980,#6981,#6982,#6983,#6984,
    #6985),.UNSPECIFIED.,.T.,.F.,(8,6,6,6,6,6,6,6,8),(0.,0.140667476469,
    0.253002169401,0.360985429713,0.501058433598,0.641131618012,
    0.75299172076,0.860518774764,1.),.UNSPECIFIED.);
#6936 = CARTESIAN_POINT('',(-4.975248097696,-375.));
#6937 = CARTESIAN_POINT('',(-4.975248097696,-375.5378615344));
#6938 = CARTESIAN_POINT('',(-4.971541558148,-376.0744837516));
#6939 = CARTESIAN_POINT('',(-4.964159321688,-376.6050367729));
#6940 = CARTESIAN_POINT('',(-4.953032916375,-377.1243565624));
#6941 = CARTESIAN_POINT('',(-4.938031545923,-377.6254249075));
#6942 = CARTESIAN_POINT('',(-4.918976617439,-378.0984623695));
#6943 = CARTESIAN_POINT('',(-4.877087702368,-378.8707268633));
#6944 = CARTESIAN_POINT('',(-4.855225187408,-379.1961475422));
#6945 = CARTESIAN_POINT('',(-4.830221422238,-379.4837034238));
#6946 = CARTESIAN_POINT('',(-4.802439460879,-379.7159646275));
#6947 = CARTESIAN_POINT('',(-4.772412500344,-379.8783752366));
#6948 = CARTESIAN_POINT('',(-4.740769383337,-379.9592020269));
#6949 = CARTESIAN_POINT('',(-4.677022299228,-379.939932425));
#6950 = CARTESIAN_POINT('',(-4.646792661682,-379.8472699746));
#6951 = CARTESIAN_POINT('',(-4.618212228933,-379.6807346001));
#6952 = CARTESIAN_POINT('',(-4.591797764577,-379.4514282752));
#6953 = CARTESIAN_POINT('',(-4.567979383881,-379.1724298654));
#6954 = CARTESIAN_POINT('',(-4.547045436879,-378.8588389267));
#6955 = CARTESIAN_POINT('',(-4.505801658309,-378.0984681765));
#6956 = CARTESIAN_POINT('',(-4.48674636852,-377.6254273193));
#6957 = CARTESIAN_POINT('',(-4.471744874788,-377.1243521157));
#6958 = CARTESIAN_POINT('',(-4.460618507522,-376.6050296536));
#6959 = CARTESIAN_POINT('',(-4.453236392935,-376.074478167));
#6960 = CARTESIAN_POINT('',(-4.449529863074,-375.5378608341));
#6961 = CARTESIAN_POINT('',(-4.449529863074,-374.4621384726));
#6962 = CARTESIAN_POINT('',(-4.45323640291,-373.9255162211));
#6963 = CARTESIAN_POINT('',(-4.460618638147,-373.3949632746));
#6964 = CARTESIAN_POINT('',(-4.471745045715,-372.8756433915));
#6965 = CARTESIAN_POINT('',(-4.486746413891,-372.3745751167));
#6966 = CARTESIAN_POINT('',(-4.505801343644,-371.9015376246));
#6967 = CARTESIAN_POINT('',(-4.547690258402,-371.1292731366));
#6968 = CARTESIAN_POINT('',(-4.569552773362,-370.8038524577));
#6969 = CARTESIAN_POINT('',(-4.594556538532,-370.5162965761));
#6970 = CARTESIAN_POINT('',(-4.62233849989,-370.2840353724));
#6971 = CARTESIAN_POINT('',(-4.652365460426,-370.1216247633));
#6972 = CARTESIAN_POINT('',(-4.684008577432,-370.040797973));
#6973 = CARTESIAN_POINT('',(-4.747755661541,-370.0600675749));
#6974 = CARTESIAN_POINT('',(-4.777985299088,-370.1527300253));
#6975 = CARTESIAN_POINT('',(-4.806565731837,-370.3192653998));
#6976 = CARTESIAN_POINT('',(-4.832980196192,-370.5485717247));
#6977 = CARTESIAN_POINT('',(-4.856798576888,-370.8275701345));
#6978 = CARTESIAN_POINT('',(-4.877732523891,-371.1411610732));
#6979 = CARTESIAN_POINT('',(-4.91897630246,-371.9015318234));
#6980 = CARTESIAN_POINT('',(-4.93803159225,-372.3745726806));
#6981 = CARTESIAN_POINT('',(-4.953033085982,-372.8756478842));
#6982 = CARTESIAN_POINT('',(-4.964159453247,-373.3949703463));
#6983 = CARTESIAN_POINT('',(-4.971541567835,-373.9255218329));
#6984 = CARTESIAN_POINT('',(-4.975248097696,-374.4621391658));
#6985 = CARTESIAN_POINT('',(-4.975248097696,-375.));
#6986 = ( GEOMETRIC_REPRESENTATION_CONTEXT(2) 
PARAMETRIC_REPRESENTATION_CONTEXT() REPRESENTATION_CONTEXT('2D SPACE',''
  ) );
#6987 = ORIENTED_EDGE('',*,*,#6988,.T.);
#6988 = EDGE_CURVE('',#6825,#3016,#6989,.T.);
#6989 = SEAM_CURVE('',#6990,(#6994,#7001),.PCURVE_S1.);
#6990 = LINE('',#6991,#6992);
#6991 = CARTESIAN_POINT('',(4.95,0.,-1.125E+03));
#6992 = VECTOR('',#6993,1.);
#6993 = DIRECTION('',(0.,-1.,0.));
#6994 = PCURVE('',#3125,#6995);
#6995 = DEFINITIONAL_REPRESENTATION('',(#6996),#7000);
#6996 = LINE('',#6997,#6998);
#6997 = CARTESIAN_POINT('',(-6.28318530718,0.));
#6998 = VECTOR('',#6999,1.);
#6999 = DIRECTION('',(-0.,-1.));
#7000 = ( GEOMETRIC_REPRESENTATION_CONTEXT(2) 
PARAMETRIC_REPRESENTATION_CONTEXT() REPRESENTATION_CONTEXT('2D SPACE',''
  ) );
#7001 = PCURVE('',#3125,#7002);
#7002 = DEFINITIONAL_REPRESENTATION('',(#7003),#7007);
#7003 = LINE('',#7004,#7005);
#7004 = CARTESIAN_POINT('',(-0.,0.));
#7005 = VECTOR('',#7006,1.);
#7006 = DIRECTION('',(-0.,-1.));
#7007 = ( GEOMETRIC_REPRESENTATION_CONTEXT(2) 
PARAMETRIC_REPRESENTATION_CONTEXT() REPRESENTATION_CONTEXT('2D SPACE',''
  ) );
#7008 = ORIENTED_EDGE('',*,*,#3015,.T.);
#7009 = ORIENTED_EDGE('',*,*,#6988,.F.);
#7010 = ADVANCED_FACE('',(#7011),#3296,.F.);
#7011 = FACE_BOUND('',#7012,.T.);
#7012 = EDGE_LOOP('',(#7013,#7177,#7198,#7199));
#7013 = ORIENTED_EDGE('',*,*,#7014,.F.);
#7014 = EDGE_CURVE('',#7015,#7015,#7017,.T.);
#7015 = VERTEX_POINT('',#7016);
#7016 = CARTESIAN_POINT('',(4.95,-18.3956516601,-1.275E+03));
#7017 = SURFACE_CURVE('',#7018,(#7069,#7123),.PCURVE_S1.);
#7018 = B_SPLINE_CURVE_WITH_KNOTS('',7,(#7019,#7020,#7021,#7022,#7023,
    #7024,#7025,#7026,#7027,#7028,#7029,#7030,#7031,#7032,#7033,#7034,
    #7035,#7036,#7037,#7038,#7039,#7040,#7041,#7042,#7043,#7044,#7045,
    #7046,#7047,#7048,#7049,#7050,#7051,#7052,#7053,#7054,#7055,#7056,
    #7057,#7058,#7059,#7060,#7061,#7062,#7063,#7064,#7065,#7066,#7067,
    #7068),.UNSPECIFIED.,.T.,.F.,(8,6,6,6,6,6,6,6,8),(0.,0.140667474296,
    0.253002167063,0.360985427172,0.501058430795,0.641131616805,
    0.75299171932,0.860518773106,1.),.UNSPECIFIED.);
#7019 = CARTESIAN_POINT('',(4.95,-18.3956516601,-1.275E+03));
#7020 = CARTESIAN_POINT('',(4.95,-18.3956516601,-1.274462138473E+03));
#7021 = CARTESIAN_POINT('',(4.881815589921,-18.41399878593,
    -1.273925516221E+03));
#7022 = CARTESIAN_POINT('',(4.746015618893,-18.45054199844,
    -1.273394963275E+03));
#7023 = CARTESIAN_POINT('',(4.540906640496,-18.50402326675,
    -1.272875643392E+03));
#7024 = CARTESIAN_POINT('',(4.263259752794,-18.57198571398,
    -1.272374575117E+03));
#7025 = CARTESIAN_POINT('',(3.908541806557,-18.65000394542,
    -1.271901537625E+03));
#7026 = CARTESIAN_POINT('',(3.123925836489,-18.79545485325,
    -1.271129273136E+03));
#7027 = CARTESIAN_POINT('',(2.713019635803,-18.86380766531,
    -1.270803852458E+03));
#7028 = CARTESIAN_POINT('',(2.241190804546,-18.93070370845,
    -1.270516296576E+03));
#7029 = CARTESIAN_POINT('',(1.714663042042,-18.98903351986,
    -1.270284035372E+03));
#7030 = CARTESIAN_POINT('',(1.143533866567,-19.03139530255,
    -1.270121624763E+03));
#7031 = CARTESIAN_POINT('',(0.540641637049,-19.05239078771,
    -1.270040797973E+03));
#7032 = CARTESIAN_POINT('',(-0.673729995462,-19.0473843135,
    -1.270060067575E+03));
#7033 = CARTESIAN_POINT('',(-1.249509756775,-19.02331371553,
    -1.270152730025E+03));
#7034 = CARTESIAN_POINT('',(-1.792847634835,-18.98022231611,
    -1.2703192654E+03));
#7035 = CARTESIAN_POINT('',(-2.293235207814,-18.92323827178,
    -1.270548571725E+03));
#7036 = CARTESIAN_POINT('',(-2.742586426968,-18.85885978222,
    -1.270827570135E+03));
#7037 = CARTESIAN_POINT('',(-3.13600390715,-18.79321583899,
    -1.271141161073E+03));
#7038 = CARTESIAN_POINT('',(-3.908535912603,-18.65000503804,
    -1.271901531823E+03));
#7039 = CARTESIAN_POINT('',(-4.263260662067,-18.57198586348,
    -1.272374572681E+03));
#7040 = CARTESIAN_POINT('',(-4.540909786027,-18.50402235355,
    -1.272875647884E+03));
#7041 = CARTESIAN_POINT('',(-4.746018022172,-18.45054138956,
    -1.273394970346E+03));
#7042 = CARTESIAN_POINT('',(-4.881815773446,-18.41399872723,
    -1.273925521833E+03));
#7043 = CARTESIAN_POINT('',(-4.95,-18.3956516601,-1.274462139166E+03));
#7044 = CARTESIAN_POINT('',(-4.95,-18.3956516601,-1.275537861534E+03));
#7045 = CARTESIAN_POINT('',(-4.881815595296,-18.41399878484,
    -1.276074483752E+03));
#7046 = CARTESIAN_POINT('',(-4.746015601436,-18.45054200194,
    -1.276605036773E+03));
#7047 = CARTESIAN_POINT('',(-4.540906665162,-18.5040232619,
    -1.277124356562E+03));
#7048 = CARTESIAN_POINT('',(-4.263259734921,-18.5719857174,
    -1.277625424908E+03));
#7049 = CARTESIAN_POINT('',(-3.908541812432,-18.65000394434,
    -1.27809846237E+03));
#7050 = CARTESIAN_POINT('',(-3.123925836668,-18.79545485322,
    -1.278870726863E+03));
#7051 = CARTESIAN_POINT('',(-2.713019635636,-18.86380766535,
    -1.279196147542E+03));
#7052 = CARTESIAN_POINT('',(-2.241190804328,-18.93070370847,
    -1.279483703424E+03));
#7053 = CARTESIAN_POINT('',(-1.714663042251,-18.9890335198,
    -1.279715964628E+03));
#7054 = CARTESIAN_POINT('',(-1.143533866801,-19.03139530257,
    -1.279878375237E+03));
#7055 = CARTESIAN_POINT('',(-0.5406416368,-19.05239078771,
    -1.279959202027E+03));
#7056 = CARTESIAN_POINT('',(0.673729995488,-19.0473843135,
    -1.279939932425E+03));
#7057 = CARTESIAN_POINT('',(1.24950975675,-19.02331371552,
    -1.279847269975E+03));
#7058 = CARTESIAN_POINT('',(1.792847634813,-18.98022231611,
    -1.2796807346E+03));
#7059 = CARTESIAN_POINT('',(2.293235207836,-18.92323827178,
    -1.279451428275E+03));
#7060 = CARTESIAN_POINT('',(2.742586426987,-18.85885978222,
    -1.279172429865E+03));
#7061 = CARTESIAN_POINT('',(3.136003907131,-18.793215839,
    -1.278858838927E+03));
#7062 = CARTESIAN_POINT('',(3.908535918696,-18.65000503691,
    -1.278098468171E+03));
#7063 = CARTESIAN_POINT('',(4.263260643529,-18.57198586704,
    -1.277625427344E+03));
#7064 = CARTESIAN_POINT('',(4.540909811579,-18.50402234852,
    -1.277124352069E+03));
#7065 = CARTESIAN_POINT('',(4.746018004127,-18.45054139318,
    -1.276605029701E+03));
#7066 = CARTESIAN_POINT('',(4.881815778986,-18.4139987261,
    -1.276074478141E+03));
#7067 = CARTESIAN_POINT('',(4.95,-18.3956516601,-1.275537860841E+03));
#7068 = CARTESIAN_POINT('',(4.95,-18.3956516601,-1.275E+03));
#7069 = PCURVE('',#3296,#7070);
#7070 = DEFINITIONAL_REPRESENTATION('',(#7071),#7122);
#7071 = B_SPLINE_CURVE_WITH_KNOTS('',7,(#7072,#7073,#7074,#7075,#7076,
    #7077,#7078,#7079,#7080,#7081,#7082,#7083,#7084,#7085,#7086,#7087,
    #7088,#7089,#7090,#7091,#7092,#7093,#7094,#7095,#7096,#7097,#7098,
    #7099,#7100,#7101,#7102,#7103,#7104,#7105,#7106,#7107,#7108,#7109,
    #7110,#7111,#7112,#7113,#7114,#7115,#7116,#7117,#7118,#7119,#7120,
    #7121),.UNSPECIFIED.,.F.,.F.,(8,6,6,6,6,6,6,6,8),(0.,0.140667474296,
    0.253002167063,0.360985427172,0.501058430795,0.641131616805,
    0.75299171932,0.860518773106,1.),.UNSPECIFIED.);
#7072 = CARTESIAN_POINT('',(0.,-18.3956516601));
#7073 = CARTESIAN_POINT('',(-0.108658894409,-18.3956516601));
#7074 = CARTESIAN_POINT('',(-0.21706713558,-18.41399878593));
#7075 = CARTESIAN_POINT('',(-0.326346390996,-18.45054199844));
#7076 = CARTESIAN_POINT('',(-0.437499075981,-18.50402326675));
#7077 = CARTESIAN_POINT('',(-0.551567203883,-18.57198571398));
#7078 = CARTESIAN_POINT('',(-0.669674626197,-18.65000394542));
#7079 = CARTESIAN_POINT('',(-0.892081772413,-18.79545485325));
#7080 = CARTESIAN_POINT('',(-0.997359698738,-18.86380766531));
#7081 = CARTESIAN_POINT('',(-1.107614922783,-18.93070370845));
#7082 = CARTESIAN_POINT('',(-1.221995935588,-18.98903351986));
#7083 = CARTESIAN_POINT('',(-1.340038793535,-19.03139530255));
#7084 = CARTESIAN_POINT('',(-1.461560712876,-19.05239078771));
#7085 = CARTESIAN_POINT('',(-1.706919199247,-19.0473843135));
#7086 = CARTESIAN_POINT('',(-1.823520702707,-19.02331371553));
#7087 = CARTESIAN_POINT('',(-1.936646359714,-18.98022231611));
#7088 = CARTESIAN_POINT('',(-2.046202254965,-18.92323827178));
#7089 = CARTESIAN_POINT('',(-2.1518511323,-18.85885978222));
#7090 = CARTESIAN_POINT('',(-2.252934529598,-18.79321583899));
#7091 = CARTESIAN_POINT('',(-2.471916356693,-18.65000503804));
#7092 = CARTESIAN_POINT('',(-2.590025227018,-18.57198586348));
#7093 = CARTESIAN_POINT('',(-2.704094581471,-18.50402235355));
#7094 = CARTESIAN_POINT('',(-2.815247734264,-18.45054138956));
#7095 = CARTESIAN_POINT('',(-2.924526643386,-18.41399872723));
#7096 = CARTESIAN_POINT('',(-3.032933899223,-18.3956516601));
#7097 = CARTESIAN_POINT('',(-3.25025154944,-18.3956516601));
#7098 = CARTESIAN_POINT('',(-3.358659783299,-18.41399878484));
#7099 = CARTESIAN_POINT('',(-3.467939055497,-18.45054200194));
#7100 = CARTESIAN_POINT('',(-3.579091718382,-18.5040232619));
#7101 = CARTESIAN_POINT('',(-3.693159863825,-18.5719857174));
#7102 = CARTESIAN_POINT('',(-3.811267278122,-18.65000394434));
#7103 = CARTESIAN_POINT('',(-4.033674425953,-18.79545485322));
#7104 = CARTESIAN_POINT('',(-4.138952352388,-18.86380766535));
#7105 = CARTESIAN_POINT('',(-4.2492075764,-18.93070370847));
#7106 = CARTESIAN_POINT('',(-4.363588589139,-18.9890335198));
#7107 = CARTESIAN_POINT('',(-4.481631447078,-19.03139530257));
#7108 = CARTESIAN_POINT('',(-4.603153366516,-19.05239078771));
#7109 = CARTESIAN_POINT('',(-4.848511852842,-19.0473843135));
#7110 = CARTESIAN_POINT('',(-4.965113356292,-19.02331371552));
#7111 = CARTESIAN_POINT('',(-5.0782390133,-18.98022231611));
#7112 = CARTESIAN_POINT('',(-5.187794908557,-18.92323827178));
#7113 = CARTESIAN_POINT('',(-5.293443785896,-18.85885978222));
#7114 = CARTESIAN_POINT('',(-5.394527183182,-18.793215839));
#7115 = CARTESIAN_POINT('',(-5.61350901201,-18.65000503691));
#7116 = CARTESIAN_POINT('',(-5.731617874077,-18.57198586704));
#7117 = CARTESIAN_POINT('',(-5.845687246433,-18.50402234852));
#7118 = CARTESIAN_POINT('',(-5.95684037695,-18.45054139318));
#7119 = CARTESIAN_POINT('',(-6.066119302684,-18.4139987261));
#7120 = CARTESIAN_POINT('',(-6.174526551484,-18.3956516601));
#7121 = CARTESIAN_POINT('',(-6.28318530718,-18.3956516601));
#7122 = ( GEOMETRIC_REPRESENTATION_CONTEXT(2) 
PARAMETRIC_REPRESENTATION_CONTEXT() REPRESENTATION_CONTEXT('2D SPACE',''
  ) );
#7123 = PCURVE('',#3549,#7124);
#7124 = DEFINITIONAL_REPRESENTATION('',(#7125),#7176);
#7125 = B_SPLINE_CURVE_WITH_KNOTS('',7,(#7126,#7127,#7128,#7129,#7130,
    #7131,#7132,#7133,#7134,#7135,#7136,#7137,#7138,#7139,#7140,#7141,
    #7142,#7143,#7144,#7145,#7146,#7147,#7148,#7149,#7150,#7151,#7152,
    #7153,#7154,#7155,#7156,#7157,#7158,#7159,#7160,#7161,#7162,#7163,
    #7164,#7165,#7166,#7167,#7168,#7169,#7170,#7171,#7172,#7173,#7174,
    #7175),.UNSPECIFIED.,.T.,.F.,(8,6,6,6,6,6,6,6,8),(0.,0.140667474296,
    0.253002167063,0.360985427172,0.501058430795,0.641131616805,
    0.75299171932,0.860518773106,1.),.UNSPECIFIED.);
#7126 = CARTESIAN_POINT('',(-4.975248097696,-225.));
#7127 = CARTESIAN_POINT('',(-4.975248097696,-225.5378615273));
#7128 = CARTESIAN_POINT('',(-4.97154155786,-226.0744837788));
#7129 = CARTESIAN_POINT('',(-4.964159322623,-226.6050367253));
#7130 = CARTESIAN_POINT('',(-4.953032915055,-227.1243566084));
#7131 = CARTESIAN_POINT('',(-4.938031546878,-227.6254248832));
#7132 = CARTESIAN_POINT('',(-4.918976617126,-228.0984623753));
#7133 = CARTESIAN_POINT('',(-4.877087702358,-228.8707268635));
#7134 = CARTESIAN_POINT('',(-4.855225187417,-229.1961475419));
#7135 = CARTESIAN_POINT('',(-4.830221422249,-229.4837034238));
#7136 = CARTESIAN_POINT('',(-4.802439460868,-229.7159646277));
#7137 = CARTESIAN_POINT('',(-4.772412500331,-229.8783752366));
#7138 = CARTESIAN_POINT('',(-4.740769383351,-229.9592020269));
#7139 = CARTESIAN_POINT('',(-4.677022299228,-229.939932425));
#7140 = CARTESIAN_POINT('',(-4.646792661682,-229.8472699746));
#7141 = CARTESIAN_POINT('',(-4.618212228933,-229.6807346001));
#7142 = CARTESIAN_POINT('',(-4.591797764577,-229.4514282752));
#7143 = CARTESIAN_POINT('',(-4.567979383882,-229.1724298654));
#7144 = CARTESIAN_POINT('',(-4.547045436879,-228.8588389267));
#7145 = CARTESIAN_POINT('',(-4.505801658309,-228.0984681765));
#7146 = CARTESIAN_POINT('',(-4.48674636852,-227.6254273193));
#7147 = CARTESIAN_POINT('',(-4.471744874788,-227.1243521157));
#7148 = CARTESIAN_POINT('',(-4.460618507522,-226.6050296536));
#7149 = CARTESIAN_POINT('',(-4.453236392935,-226.074478167));
#7150 = CARTESIAN_POINT('',(-4.449529863074,-225.5378608341));
#7151 = CARTESIAN_POINT('',(-4.449529863074,-224.4621384655));
#7152 = CARTESIAN_POINT('',(-4.453236402622,-223.9255162483));
#7153 = CARTESIAN_POINT('',(-4.460618639082,-223.394963227));
#7154 = CARTESIAN_POINT('',(-4.471745044395,-222.8756434375));
#7155 = CARTESIAN_POINT('',(-4.486746414847,-222.3745750924));
#7156 = CARTESIAN_POINT('',(-4.50580134333,-221.9015376304));
#7157 = CARTESIAN_POINT('',(-4.547690258402,-221.1292731366));
#7158 = CARTESIAN_POINT('',(-4.569552773362,-220.8038524577));
#7159 = CARTESIAN_POINT('',(-4.594556538532,-220.5162965761));
#7160 = CARTESIAN_POINT('',(-4.62233849989,-220.2840353724));
#7161 = CARTESIAN_POINT('',(-4.652365460426,-220.1216247633));
#7162 = CARTESIAN_POINT('',(-4.684008577432,-220.040797973));
#7163 = CARTESIAN_POINT('',(-4.747755661543,-220.0600675749));
#7164 = CARTESIAN_POINT('',(-4.777985299086,-220.1527300253));
#7165 = CARTESIAN_POINT('',(-4.806565731836,-220.3192653997));
#7166 = CARTESIAN_POINT('',(-4.832980196194,-220.5485717247));
#7167 = CARTESIAN_POINT('',(-4.856798576889,-220.8275701345));
#7168 = CARTESIAN_POINT('',(-4.87773252389,-221.1411610732));
#7169 = CARTESIAN_POINT('',(-4.918976302786,-221.9015318294));
#7170 = CARTESIAN_POINT('',(-4.938031591259,-222.3745726557));
#7171 = CARTESIAN_POINT('',(-4.953033087349,-222.8756479309));
#7172 = CARTESIAN_POINT('',(-4.964159452281,-223.3949702989));
#7173 = CARTESIAN_POINT('',(-4.971541568132,-223.9255218592));
#7174 = CARTESIAN_POINT('',(-4.975248097696,-224.4621391593));
#7175 = CARTESIAN_POINT('',(-4.975248097696,-225.));
#7176 = ( GEOMETRIC_REPRESENTATION_CONTEXT(2) 
PARAMETRIC_REPRESENTATION_CONTEXT() REPRESENTATION_CONTEXT('2D SPACE',''
  ) );
#7177 = ORIENTED_EDGE('',*,*,#7178,.T.);
#7178 = EDGE_CURVE('',#7015,#3187,#7179,.T.);
#7179 = SEAM_CURVE('',#7180,(#7184,#7191),.PCURVE_S1.);
#7180 = LINE('',#7181,#7182);
#7181 = CARTESIAN_POINT('',(4.95,0.,-1.275E+03));
#7182 = VECTOR('',#7183,1.);
#7183 = DIRECTION('',(0.,-1.,0.));
#7184 = PCURVE('',#3296,#7185);
#7185 = DEFINITIONAL_REPRESENTATION('',(#7186),#7190);
#7186 = LINE('',#7187,#7188);
#7187 = CARTESIAN_POINT('',(-6.28318530718,0.));
#7188 = VECTOR('',#7189,1.);
#7189 = DIRECTION('',(-0.,-1.));
#7190 = ( GEOMETRIC_REPRESENTATION_CONTEXT(2) 
PARAMETRIC_REPRESENTATION_CONTEXT() REPRESENTATION_CONTEXT('2D SPACE',''
  ) );
#7191 = PCURVE('',#3296,#7192);
#7192 = DEFINITIONAL_REPRESENTATION('',(#7193),#7197);
#7193 = LINE('',#7194,#7195);
#7194 = CARTESIAN_POINT('',(-0.,0.));
#7195 = VECTOR('',#7196,1.);
#7196 = DIRECTION('',(-0.,-1.));
#7197 = ( GEOMETRIC_REPRESENTATION_CONTEXT(2) 
PARAMETRIC_REPRESENTATION_CONTEXT() REPRESENTATION_CONTEXT('2D SPACE',''
  ) );
#7198 = ORIENTED_EDGE('',*,*,#3186,.T.);
#7199 = ORIENTED_EDGE('',*,*,#7178,.F.);
#7200 = ADVANCED_FACE('',(#7201),#3467,.F.);
#7201 = FACE_BOUND('',#7202,.T.);
#7202 = EDGE_LOOP('',(#7203,#7367,#7388,#7389));
#7203 = ORIENTED_EDGE('',*,*,#7204,.F.);
#7204 = EDGE_CURVE('',#7205,#7205,#7207,.T.);
#7205 = VERTEX_POINT('',#7206);
#7206 = CARTESIAN_POINT('',(4.95,-18.3956516601,-1.425E+03));
#7207 = SURFACE_CURVE('',#7208,(#7259,#7313),.PCURVE_S1.);
#7208 = B_SPLINE_CURVE_WITH_KNOTS('',7,(#7209,#7210,#7211,#7212,#7213,
    #7214,#7215,#7216,#7217,#7218,#7219,#7220,#7221,#7222,#7223,#7224,
    #7225,#7226,#7227,#7228,#7229,#7230,#7231,#7232,#7233,#7234,#7235,
    #7236,#7237,#7238,#7239,#7240,#7241,#7242,#7243,#7244,#7245,#7246,
    #7247,#7248,#7249,#7250,#7251,#7252,#7253,#7254,#7255,#7256,#7257,
    #7258),.UNSPECIFIED.,.T.,.F.,(8,6,6,6,6,6,6,6,8),(0.,0.140667475897,
    0.253002168973,0.360985428852,0.501058434129,0.641131618222,
    0.752991721311,0.86051877508,1.),.UNSPECIFIED.);
#7209 = CARTESIAN_POINT('',(4.95,-18.3956516601,-1.425E+03));
#7210 = CARTESIAN_POINT('',(4.95,-18.3956516601,-1.424462138466E+03));
#7211 = CARTESIAN_POINT('',(4.881815595296,-18.41399878484,
    -1.423925516248E+03));
#7212 = CARTESIAN_POINT('',(4.746015601436,-18.45054200194,
    -1.423394963227E+03));
#7213 = CARTESIAN_POINT('',(4.540906665162,-18.5040232619,
    -1.422875643438E+03));
#7214 = CARTESIAN_POINT('',(4.26325973492,-18.5719857174,
    -1.422374575092E+03));
#7215 = CARTESIAN_POINT('',(3.908541812432,-18.65000394434,
    -1.42190153763E+03));
#7216 = CARTESIAN_POINT('',(3.123925834803,-18.79545485356,
    -1.421129273135E+03));
#7217 = CARTESIAN_POINT('',(2.713019644698,-18.86380766423,
    -1.420803852464E+03));
#7218 = CARTESIAN_POINT('',(2.241190785718,-18.9307037101,
    -1.420516296568E+03));
#7219 = CARTESIAN_POINT('',(1.714663062638,-18.98903351862,
    -1.420284035378E+03));
#7220 = CARTESIAN_POINT('',(1.143533854676,-19.03139530292,
    -1.420121624762E+03));
#7221 = CARTESIAN_POINT('',(0.540641640087,-19.05239078772,
    -1.420040797973E+03));
#7222 = CARTESIAN_POINT('',(-0.673729995477,-19.0473843135,
    -1.420060067575E+03));
#7223 = CARTESIAN_POINT('',(-1.249509756761,-19.02331371553,
    -1.420152730025E+03));
#7224 = CARTESIAN_POINT('',(-1.792847634822,-18.98022231611,
    -1.4203192654E+03));
#7225 = CARTESIAN_POINT('',(-2.293235207826,-18.92323827178,
    -1.420548571725E+03));
#7226 = CARTESIAN_POINT('',(-2.74258642698,-18.85885978222,
    -1.420827570135E+03));
#7227 = CARTESIAN_POINT('',(-3.136003907138,-18.793215839,
    -1.421141161073E+03));
#7228 = CARTESIAN_POINT('',(-3.908535918696,-18.65000503691,
    -1.421901531829E+03));
#7229 = CARTESIAN_POINT('',(-4.263260643528,-18.57198586704,
    -1.422374572656E+03));
#7230 = CARTESIAN_POINT('',(-4.540909811579,-18.50402234852,
    -1.422875647931E+03));
#7231 = CARTESIAN_POINT('',(-4.746018004127,-18.45054139318,
    -1.423394970299E+03));
#7232 = CARTESIAN_POINT('',(-4.881815778986,-18.4139987261,
    -1.423925521859E+03));
#7233 = CARTESIAN_POINT('',(-4.95,-18.3956516601,-1.424462139159E+03));
#7234 = CARTESIAN_POINT('',(-4.95,-18.3956516601,-1.425537861527E+03));
#7235 = CARTESIAN_POINT('',(-4.881815589921,-18.41399878593,
    -1.426074483779E+03));
#7236 = CARTESIAN_POINT('',(-4.746015618893,-18.45054199844,
    -1.426605036725E+03));
#7237 = CARTESIAN_POINT('',(-4.540906640496,-18.50402326675,
    -1.427124356608E+03));
#7238 = CARTESIAN_POINT('',(-4.263259752795,-18.57198571398,
    -1.427625424883E+03));
#7239 = CARTESIAN_POINT('',(-3.908541806557,-18.65000394542,
    -1.428098462375E+03));
#7240 = CARTESIAN_POINT('',(-3.123925834803,-18.79545485356,
    -1.428870726865E+03));
#7241 = CARTESIAN_POINT('',(-2.713019644698,-18.86380766423,
    -1.429196147536E+03));
#7242 = CARTESIAN_POINT('',(-2.241190785718,-18.9307037101,
    -1.429483703432E+03));
#7243 = CARTESIAN_POINT('',(-1.714663062638,-18.98903351862,
    -1.429715964622E+03));
#7244 = CARTESIAN_POINT('',(-1.143533854676,-19.03139530292,
    -1.429878375238E+03));
#7245 = CARTESIAN_POINT('',(-0.540641640087,-19.05239078772,
    -1.429959202027E+03));
#7246 = CARTESIAN_POINT('',(0.673729995496,-19.0473843135,
    -1.429939932425E+03));
#7247 = CARTESIAN_POINT('',(1.249509756745,-19.02331371552,
    -1.429847269975E+03));
#7248 = CARTESIAN_POINT('',(1.792847634801,-18.98022231611,
    -1.4296807346E+03));
#7249 = CARTESIAN_POINT('',(2.293235207846,-18.92323827178,
    -1.429451428275E+03));
#7250 = CARTESIAN_POINT('',(2.742586426993,-18.85885978222,
    -1.429172429865E+03));
#7251 = CARTESIAN_POINT('',(3.136003907124,-18.793215839,
    -1.428858838927E+03));
#7252 = CARTESIAN_POINT('',(3.908535912604,-18.65000503804,
    -1.428098468177E+03));
#7253 = CARTESIAN_POINT('',(4.263260662064,-18.57198586349,
    -1.427625427319E+03));
#7254 = CARTESIAN_POINT('',(4.540909786031,-18.50402235355,
    -1.427124352116E+03));
#7255 = CARTESIAN_POINT('',(4.74601802217,-18.45054138956,
    -1.426605029654E+03));
#7256 = CARTESIAN_POINT('',(4.881815773447,-18.41399872723,
    -1.426074478167E+03));
#7257 = CARTESIAN_POINT('',(4.95,-18.3956516601,-1.425537860834E+03));
#7258 = CARTESIAN_POINT('',(4.95,-18.3956516601,-1.425E+03));
#7259 = PCURVE('',#3467,#7260);
#7260 = DEFINITIONAL_REPRESENTATION('',(#7261),#7312);
#7261 = B_SPLINE_CURVE_WITH_KNOTS('',7,(#7262,#7263,#7264,#7265,#7266,
    #7267,#7268,#7269,#7270,#7271,#7272,#7273,#7274,#7275,#7276,#7277,
    #7278,#7279,#7280,#7281,#7282,#7283,#7284,#7285,#7286,#7287,#7288,
    #7289,#7290,#7291,#7292,#7293,#7294,#7295,#7296,#7297,#7298,#7299,
    #7300,#7301,#7302,#7303,#7304,#7305,#7306,#7307,#7308,#7309,#7310,
    #7311),.UNSPECIFIED.,.F.,.F.,(8,6,6,6,6,6,6,6,8),(0.,0.140667475897,
    0.253002168973,0.360985428852,0.501058434129,0.641131618222,
    0.752991721311,0.86051877508,1.),.UNSPECIFIED.);
#7262 = CARTESIAN_POINT('',(0.,-18.3956516601));
#7263 = CARTESIAN_POINT('',(-0.10865889585,-18.3956516601));
#7264 = CARTESIAN_POINT('',(-0.217067129709,-18.41399878484));
#7265 = CARTESIAN_POINT('',(-0.326346401907,-18.45054200194));
#7266 = CARTESIAN_POINT('',(-0.437499064792,-18.5040232619));
#7267 = CARTESIAN_POINT('',(-0.551567210235,-18.5719857174));
#7268 = CARTESIAN_POINT('',(-0.669674624532,-18.65000394434));
#7269 = CARTESIAN_POINT('',(-0.892081772891,-18.79545485356));
#7270 = CARTESIAN_POINT('',(-0.99735969652,-18.86380766423));
#7271 = CARTESIAN_POINT('',(-1.107614927165,-18.9307037101));
#7272 = CARTESIAN_POINT('',(-1.221995931026,-18.98903351862));
#7273 = CARTESIAN_POINT('',(-1.340038796057,-19.03139530292));
#7274 = CARTESIAN_POINT('',(-1.461560712262,-19.05239078772));
#7275 = CARTESIAN_POINT('',(-1.70691919925,-19.0473843135));
#7276 = CARTESIAN_POINT('',(-1.823520702704,-19.02331371553));
#7277 = CARTESIAN_POINT('',(-1.936646359712,-18.98022231611));
#7278 = CARTESIAN_POINT('',(-2.046202254966,-18.92323827178));
#7279 = CARTESIAN_POINT('',(-2.151851132304,-18.85885978222));
#7280 = CARTESIAN_POINT('',(-2.252934529595,-18.793215839));
#7281 = CARTESIAN_POINT('',(-2.47191635842,-18.65000503691));
#7282 = CARTESIAN_POINT('',(-2.590025220487,-18.57198586704));
#7283 = CARTESIAN_POINT('',(-2.704094592844,-18.50402234852));
#7284 = CARTESIAN_POINT('',(-2.81524772336,-18.45054139318));
#7285 = CARTESIAN_POINT('',(-2.924526649094,-18.4139987261));
#7286 = CARTESIAN_POINT('',(-3.032933897894,-18.3956516601));
#7287 = CARTESIAN_POINT('',(-3.250251547999,-18.3956516601));
#7288 = CARTESIAN_POINT('',(-3.358659789169,-18.41399878593));
#7289 = CARTESIAN_POINT('',(-3.467939044586,-18.45054199844));
#7290 = CARTESIAN_POINT('',(-3.579091729571,-18.50402326675));
#7291 = CARTESIAN_POINT('',(-3.693159857473,-18.57198571398));
#7292 = CARTESIAN_POINT('',(-3.811267279787,-18.65000394542));
#7293 = CARTESIAN_POINT('',(-4.033674426481,-18.79545485356));
#7294 = CARTESIAN_POINT('',(-4.13895235011,-18.86380766423));
#7295 = CARTESIAN_POINT('',(-4.249207580755,-18.9307037101));
#7296 = CARTESIAN_POINT('',(-4.363588584615,-18.98903351862));
#7297 = CARTESIAN_POINT('',(-4.481631449647,-19.03139530292));
#7298 = CARTESIAN_POINT('',(-4.603153365852,-19.05239078772));
#7299 = CARTESIAN_POINT('',(-4.848511852844,-19.0473843135));
#7300 = CARTESIAN_POINT('',(-4.96511335629,-19.02331371552));
#7301 = CARTESIAN_POINT('',(-5.078239013298,-18.98022231611));
#7302 = CARTESIAN_POINT('',(-5.187794908559,-18.92323827178));
#7303 = CARTESIAN_POINT('',(-5.293443785898,-18.85885978222));
#7304 = CARTESIAN_POINT('',(-5.39452718318,-18.793215839));
#7305 = CARTESIAN_POINT('',(-5.613509010283,-18.65000503804));
#7306 = CARTESIAN_POINT('',(-5.731617880607,-18.57198586349));
#7307 = CARTESIAN_POINT('',(-5.845687235062,-18.50402235355));
#7308 = CARTESIAN_POINT('',(-5.956840387854,-18.45054138956));
#7309 = CARTESIAN_POINT('',(-6.066119296976,-18.41399872723));
#7310 = CARTESIAN_POINT('',(-6.174526552813,-18.3956516601));
#7311 = CARTESIAN_POINT('',(-6.28318530718,-18.3956516601));
#7312 = ( GEOMETRIC_REPRESENTATION_CONTEXT(2) 
PARAMETRIC_REPRESENTATION_CONTEXT() REPRESENTATION_CONTEXT('2D SPACE',''
  ) );
#7313 = PCURVE('',#3549,#7314);
#7314 = DEFINITIONAL_REPRESENTATION('',(#7315),#7366);
#7315 = B_SPLINE_CURVE_WITH_KNOTS('',7,(#7316,#7317,#7318,#7319,#7320,
    #7321,#7322,#7323,#7324,#7325,#7326,#7327,#7328,#7329,#7330,#7331,
    #7332,#7333,#7334,#7335,#7336,#7337,#7338,#7339,#7340,#7341,#7342,
    #7343,#7344,#7345,#7346,#7347,#7348,#7349,#7350,#7351,#7352,#7353,
    #7354,#7355,#7356,#7357,#7358,#7359,#7360,#7361,#7362,#7363,#7364,
    #7365),.UNSPECIFIED.,.T.,.F.,(8,6,6,6,6,6,6,6,8),(0.,0.140667475897,
    0.253002168973,0.360985428852,0.501058434129,0.641131618222,
    0.752991721311,0.86051877508,1.),.UNSPECIFIED.);
#7316 = CARTESIAN_POINT('',(-4.975248097696,-75.));
#7317 = CARTESIAN_POINT('',(-4.975248097696,-75.53786153445));
#7318 = CARTESIAN_POINT('',(-4.971541558148,-76.07448375168));
#7319 = CARTESIAN_POINT('',(-4.964159321688,-76.60503677298));
#7320 = CARTESIAN_POINT('',(-4.953032916375,-77.1243565624));
#7321 = CARTESIAN_POINT('',(-4.938031545923,-77.62542490757));
#7322 = CARTESIAN_POINT('',(-4.918976617439,-78.09846236956));
#7323 = CARTESIAN_POINT('',(-4.877087702268,-78.8707268652));
#7324 = CARTESIAN_POINT('',(-4.855225187889,-79.19614753646));
#7325 = CARTESIAN_POINT('',(-4.830221421254,-79.48370343193));
#7326 = CARTESIAN_POINT('',(-4.802439461954,-79.71596462175));
#7327 = CARTESIAN_POINT('',(-4.772412499706,-79.87837523839));
#7328 = CARTESIAN_POINT('',(-4.74076938351,-79.959202027));
#7329 = CARTESIAN_POINT('',(-4.677022299227,-79.93993242504));
#7330 = CARTESIAN_POINT('',(-4.646792661682,-79.84726997467));
#7331 = CARTESIAN_POINT('',(-4.618212228933,-79.68073460019));
#7332 = CARTESIAN_POINT('',(-4.591797764576,-79.45142827526));
#7333 = CARTESIAN_POINT('',(-4.567979383881,-79.17242986546));
#7334 = CARTESIAN_POINT('',(-4.547045436879,-78.85883892676));
#7335 = CARTESIAN_POINT('',(-4.505801657984,-78.09846817052));
#7336 = CARTESIAN_POINT('',(-4.486746369511,-77.62542734427));
#7337 = CARTESIAN_POINT('',(-4.47174487342,-77.12435206908));
#7338 = CARTESIAN_POINT('',(-4.460618508489,-76.60502970107));
#7339 = CARTESIAN_POINT('',(-4.453236392638,-76.07447814075));
#7340 = CARTESIAN_POINT('',(-4.449529863074,-75.53786084069));
#7341 = CARTESIAN_POINT('',(-4.449529863074,-74.46213847267));
#7342 = CARTESIAN_POINT('',(-4.45323640291,-73.92551622114));
#7343 = CARTESIAN_POINT('',(-4.460618638147,-73.39496327468));
#7344 = CARTESIAN_POINT('',(-4.471745045715,-72.87564339155));
#7345 = CARTESIAN_POINT('',(-4.486746413891,-72.37457511676));
#7346 = CARTESIAN_POINT('',(-4.505801343644,-71.90153762464));
#7347 = CARTESIAN_POINT('',(-4.547690258501,-71.12927313479));
#7348 = CARTESIAN_POINT('',(-4.569552772881,-70.80385246354));
#7349 = CARTESIAN_POINT('',(-4.594556539516,-70.51629656806));
#7350 = CARTESIAN_POINT('',(-4.622338498815,-70.28403537824));
#7351 = CARTESIAN_POINT('',(-4.652365461064,-70.1216247616));
#7352 = CARTESIAN_POINT('',(-4.684008577259,-70.04079797299));
#7353 = CARTESIAN_POINT('',(-4.747755661543,-70.06006757495));
#7354 = CARTESIAN_POINT('',(-4.777985299086,-70.15273002533));
#7355 = CARTESIAN_POINT('',(-4.806565731835,-70.31926539979));
#7356 = CARTESIAN_POINT('',(-4.832980196194,-70.54857172473));
#7357 = CARTESIAN_POINT('',(-4.856798576889,-70.82757013455));
#7358 = CARTESIAN_POINT('',(-4.877732523889,-71.14116107322));
#7359 = CARTESIAN_POINT('',(-4.91897630246,-71.90153182347));
#7360 = CARTESIAN_POINT('',(-4.938031592249,-72.37457268069));
#7361 = CARTESIAN_POINT('',(-4.953033085982,-72.87564788428));
#7362 = CARTESIAN_POINT('',(-4.964159453247,-73.39497034636));
#7363 = CARTESIAN_POINT('',(-4.971541567835,-73.92552183293));
#7364 = CARTESIAN_POINT('',(-4.975248097696,-74.46213916588));
#7365 = CARTESIAN_POINT('',(-4.975248097696,-75.));
#7366 = ( GEOMETRIC_REPRESENTATION_CONTEXT(2) 
PARAMETRIC_REPRESENTATION_CONTEXT() REPRESENTATION_CONTEXT('2D SPACE',''
  ) );
#7367 = ORIENTED_EDGE('',*,*,#7368,.T.);
#7368 = EDGE_CURVE('',#7205,#3358,#7369,.T.);
#7369 = SEAM_CURVE('',#7370,(#7374,#7381),.PCURVE_S1.);
#7370 = LINE('',#7371,#7372);
#7371 = CARTESIAN_POINT('',(4.95,0.,-1.425E+03));
#7372 = VECTOR('',#7373,1.);
#7373 = DIRECTION('',(0.,-1.,0.));
#7374 = PCURVE('',#3467,#7375);
#7375 = DEFINITIONAL_REPRESENTATION('',(#7376),#7380);
#7376 = LINE('',#7377,#7378);
#7377 = CARTESIAN_POINT('',(-6.28318530718,0.));
#7378 = VECTOR('',#7379,1.);
#7379 = DIRECTION('',(-0.,-1.));
#7380 = ( GEOMETRIC_REPRESENTATION_CONTEXT(2) 
PARAMETRIC_REPRESENTATION_CONTEXT() REPRESENTATION_CONTEXT('2D SPACE',''
  ) );
#7381 = PCURVE('',#3467,#7382);
#7382 = DEFINITIONAL_REPRESENTATION('',(#7383),#7387);
#7383 = LINE('',#7384,#7385);
#7384 = CARTESIAN_POINT('',(-0.,0.));
#7385 = VECTOR('',#7386,1.);
#7386 = DIRECTION('',(-0.,-1.));
#7387 = ( GEOMETRIC_REPRESENTATION_CONTEXT(2) 
PARAMETRIC_REPRESENTATION_CONTEXT() REPRESENTATION_CONTEXT('2D SPACE',''
  ) );
#7388 = ORIENTED_EDGE('',*,*,#3357,.T.);
#7389 = ORIENTED_EDGE('',*,*,#7368,.F.);
#7390 = ADVANCED_FACE('',(#7391,#7417,#7420,#7423,#7426,#7429,#7432,
    #7435,#7438,#7441,#7444,#7447,#7450,#7453,#7456,#7459,#7462,#7465,
    #7468,#7471,#7474),#3549,.F.);
#7391 = FACE_BOUND('',#7392,.T.);
#7392 = EDGE_LOOP('',(#7393,#7414,#7415,#7416));
#7393 = ORIENTED_EDGE('',*,*,#7394,.F.);
#7394 = EDGE_CURVE('',#3568,#3533,#7395,.T.);
#7395 = SEAM_CURVE('',#7396,(#7400,#7407),.PCURVE_S1.);
#7396 = LINE('',#7397,#7398);
#7397 = CARTESIAN_POINT('',(19.05,1.118964938205E-15,-1.5E+03));
#7398 = VECTOR('',#7399,1.);
#7399 = DIRECTION('',(0.,0.,1.));
#7400 = PCURVE('',#3549,#7401);
#7401 = DEFINITIONAL_REPRESENTATION('',(#7402),#7406);
#7402 = LINE('',#7403,#7404);
#7403 = CARTESIAN_POINT('',(-6.28318530718,0.));
#7404 = VECTOR('',#7405,1.);
#7405 = DIRECTION('',(-0.,-1.));
#7406 = ( GEOMETRIC_REPRESENTATION_CONTEXT(2) 
PARAMETRIC_REPRESENTATION_CONTEXT() REPRESENTATION_CONTEXT('2D SPACE',''
  ) );
#7407 = PCURVE('',#3549,#7408);
#7408 = DEFINITIONAL_REPRESENTATION('',(#7409),#7413);
#7409 = LINE('',#7410,#7411);
#7410 = CARTESIAN_POINT('',(-0.,0.));
#7411 = VECTOR('',#7412,1.);
#7412 = DIRECTION('',(-0.,-1.));
#7413 = ( GEOMETRIC_REPRESENTATION_CONTEXT(2) 
PARAMETRIC_REPRESENTATION_CONTEXT() REPRESENTATION_CONTEXT('2D SPACE',''
  ) );
#7414 = ORIENTED_EDGE('',*,*,#3567,.F.);
#7415 = ORIENTED_EDGE('',*,*,#7394,.T.);
#7416 = ORIENTED_EDGE('',*,*,#3532,.T.);
#7417 = FACE_BOUND('',#7418,.T.);
#7418 = EDGE_LOOP('',(#7419));
#7419 = ORIENTED_EDGE('',*,*,#3594,.F.);
#7420 = FACE_BOUND('',#7421,.T.);
#7421 = EDGE_LOOP('',(#7422));
#7422 = ORIENTED_EDGE('',*,*,#3784,.F.);
#7423 = FACE_BOUND('',#7424,.T.);
#7424 = EDGE_LOOP('',(#7425));
#7425 = ORIENTED_EDGE('',*,*,#3974,.F.);
#7426 = FACE_BOUND('',#7427,.T.);
#7427 = EDGE_LOOP('',(#7428));
#7428 = ORIENTED_EDGE('',*,*,#4164,.F.);
#7429 = FACE_BOUND('',#7430,.T.);
#7430 = EDGE_LOOP('',(#7431));
#7431 = ORIENTED_EDGE('',*,*,#4354,.F.);
#7432 = FACE_BOUND('',#7433,.T.);
#7433 = EDGE_LOOP('',(#7434));
#7434 = ORIENTED_EDGE('',*,*,#4544,.T.);
#7435 = FACE_BOUND('',#7436,.T.);
#7436 = EDGE_LOOP('',(#7437));
#7437 = ORIENTED_EDGE('',*,*,#4734,.T.);
#7438 = FACE_BOUND('',#7439,.T.);
#7439 = EDGE_LOOP('',(#7440));
#7440 = ORIENTED_EDGE('',*,*,#4924,.T.);
#7441 = FACE_BOUND('',#7442,.T.);
#7442 = EDGE_LOOP('',(#7443));
#7443 = ORIENTED_EDGE('',*,*,#5114,.T.);
#7444 = FACE_BOUND('',#7445,.T.);
#7445 = EDGE_LOOP('',(#7446));
#7446 = ORIENTED_EDGE('',*,*,#5304,.T.);
#7447 = FACE_BOUND('',#7448,.T.);
#7448 = EDGE_LOOP('',(#7449));
#7449 = ORIENTED_EDGE('',*,*,#5494,.F.);
#7450 = FACE_BOUND('',#7451,.T.);
#7451 = EDGE_LOOP('',(#7452));
#7452 = ORIENTED_EDGE('',*,*,#5684,.F.);
#7453 = FACE_BOUND('',#7454,.T.);
#7454 = EDGE_LOOP('',(#7455));
#7455 = ORIENTED_EDGE('',*,*,#5874,.F.);
#7456 = FACE_BOUND('',#7457,.T.);
#7457 = EDGE_LOOP('',(#7458));
#7458 = ORIENTED_EDGE('',*,*,#6064,.F.);
#7459 = FACE_BOUND('',#7460,.T.);
#7460 = EDGE_LOOP('',(#7461));
#7461 = ORIENTED_EDGE('',*,*,#6254,.F.);
#7462 = FACE_BOUND('',#7463,.T.);
#7463 = EDGE_LOOP('',(#7464));
#7464 = ORIENTED_EDGE('',*,*,#6444,.T.);
#7465 = FACE_BOUND('',#7466,.T.);
#7466 = EDGE_LOOP('',(#7467));
#7467 = ORIENTED_EDGE('',*,*,#6634,.T.);
#7468 = FACE_BOUND('',#7469,.T.);
#7469 = EDGE_LOOP('',(#7470));
#7470 = ORIENTED_EDGE('',*,*,#6824,.T.);
#7471 = FACE_BOUND('',#7472,.T.);
#7472 = EDGE_LOOP('',(#7473));
#7473 = ORIENTED_EDGE('',*,*,#7014,.T.);
#7474 = FACE_BOUND('',#7475,.T.);
#7475 = EDGE_LOOP('',(#7476));
#7476 = ORIENTED_EDGE('',*,*,#7204,.T.);
#7477 = ( GEOMETRIC_REPRESENTATION_CONTEXT(3) 
GLOBAL_UNCERTAINTY_ASSIGNED_CONTEXT((#7481)) 
GLOBAL_UNIT_ASSIGNED_CONTEXT((#7478,#7479,#7480)) REPRESENTATION_CONTEXT
('Context #1','3D Context with UNIT and UNCERTAINTY') );
#7478 = ( LENGTH_UNIT() NAMED_UNIT(*) SI_UNIT(.MILLI.,.METRE.) );
#7479 = ( NAMED_UNIT(*) PLANE_ANGLE_UNIT() SI_UNIT($,.RADIAN.) );
#7480 = ( NAMED_UNIT(*) SI_UNIT($,.STERADIAN.) SOLID_ANGLE_UNIT() );
#7481 = UNCERTAINTY_MEASURE_WITH_UNIT(LENGTH_MEASURE(1.E-07),#7478,
  'distance_accuracy_value','confusion accuracy');
#7482 = PRODUCT_RELATED_PRODUCT_CATEGORY('part',$,(#7));
ENDSEC;
END-ISO-10303-21;
