ISO-10303-21;
HEADER;
FILE_DESCRIPTION(('Open CASCADE Model'),'2;1');
FILE_NAME('Open CASCADE Shape Model','2026-09-26T07:30:16',('Author'),(
    'Open CASCADE'),'Open CASCADE STEP processor 7.9','Open CASCADE 7.9'
  ,'Unknown');
FILE_SCHEMA(('AUTOMOTIVE_DESIGN { 1 0 10303 214 1 1 1 1 }'));
ENDSEC;
DATA;
#1 = APPLICATION_PROTOCOL_DEFINITION('international standard',
  'automotive_design',2000,#2);
#2 = APPLICATION_CONTEXT(
  'core data for automotive mechanical design processes');
#3 = SHAPE_DEFINITION_REPRESENTATION(#4,#10);
#4 = PRODUCT_DEFINITION_SHAPE('','',#5);
#5 = PRODUCT_DEFINITION('design','',#6,#9);
#6 = PRODUCT_DEFINITION_FORMATION('','',#7);
#7 = PRODUCT('Open CASCADE STEP translator 7.9 13',
  'Open CASCADE STEP translator 7.9 13','',(#8));
#8 = PRODUCT_CONTEXT('',#2,'mechanical');
#9 = PRODUCT_DEFINITION_CONTEXT('part definition',#2,'design');
#10 = ADVANCED_BREP_SHAPE_REPRESENTATION('',(#11,#15),#2683);
#11 = AXIS2_PLACEMENT_3D('',#12,#13,#14);
#12 = CARTESIAN_POINT('',(0.,0.,0.));
#13 = DIRECTION('',(0.,0.,1.));
#14 = DIRECTION('',(1.,0.,-0.));
#15 = MANIFOLD_SOLID_BREP('',#16);
#16 = CLOSED_SHELL('',(#17,#1172,#1241,#1338,#1387,#1441,#1490,#1540,
    #1589,#1643,#1692,#1742,#1791,#1845,#1872,#2062,#2252,#2442,#2632));
#17 = ADVANCED_FACE('',(#18,#488,#659,#830,#1001),#32,.T.);
#18 = FACE_BOUND('',#19,.F.);
#19 = EDGE_LOOP('',(#20,#50,#79,#107,#140,#168,#197,#225,#258,#286,#315,
    #343,#376,#404,#426,#427));
#20 = ORIENTED_EDGE('',*,*,#21,.F.);
#21 = EDGE_CURVE('',#22,#24,#26,.T.);
#22 = VERTEX_POINT('',#23);
#23 = CARTESIAN_POINT('',(31.75,-207.5999164821,-87.73765969348));
#24 = VERTEX_POINT('',#25);
#25 = CARTESIAN_POINT('',(31.75,-134.1654562313,30.7));
#26 = SEAM_CURVE('',#27,(#31,#43),.PCURVE_S1.);
#27 = LINE('',#28,#29);
#28 = CARTESIAN_POINT('',(31.75,-207.5999164821,-87.73765969348));
#29 = VECTOR('',#30,1.);
#30 = DIRECTION('',(0.,0.526955795497,0.849892692987));
#31 = PCURVE('',#32,#37);
#32 = CYLINDRICAL_SURFACE('',#33,31.75);
#33 = AXIS2_PLACEMENT_3D('',#34,#35,#36);
#34 = CARTESIAN_POINT('',(0.,-207.5999164821,-87.73765969348));
#35 = DIRECTION('',(-0.,-0.526955795497,-0.849892692987));
#36 = DIRECTION('',(1.,0.,0.));
#37 = DEFINITIONAL_REPRESENTATION('',(#38),#42);
#38 = LINE('',#39,#40);
#39 = CARTESIAN_POINT('',(-6.28318530718,0.));
#40 = VECTOR('',#41,1.);
#41 = DIRECTION('',(-0.,-1.));
#42 = ( GEOMETRIC_REPRESENTATION_CONTEXT(2) 
PARAMETRIC_REPRESENTATION_CONTEXT() REPRESENTATION_CONTEXT('2D SPACE',''
  ) );
#43 = PCURVE('',#32,#44);
#44 = DEFINITIONAL_REPRESENTATION('',(#45),#49);
#45 = LINE('',#46,#47);
#46 = CARTESIAN_POINT('',(-0.,0.));
#47 = VECTOR('',#48,1.);
#48 = DIRECTION('',(-0.,-1.));
#49 = ( GEOMETRIC_REPRESENTATION_CONTEXT(2) 
PARAMETRIC_REPRESENTATION_CONTEXT() REPRESENTATION_CONTEXT('2D SPACE',''
  ) );
#50 = ORIENTED_EDGE('',*,*,#51,.F.);
#51 = EDGE_CURVE('',#52,#22,#54,.T.);
#52 = VERTEX_POINT('',#53);
#53 = CARTESIAN_POINT('',(29.742798583218,-217.0420840195,-81.8832677838
    ));
#54 = SURFACE_CURVE('',#55,(#60,#67),.PCURVE_S1.);
#55 = CIRCLE('',#56,31.75);
#56 = AXIS2_PLACEMENT_3D('',#57,#58,#59);
#57 = CARTESIAN_POINT('',(0.,-207.5999164821,-87.73765969348));
#58 = DIRECTION('',(-0.,0.526955795497,0.849892692987));
#59 = DIRECTION('',(1.,0.,0.));
#60 = PCURVE('',#32,#61);
#61 = DEFINITIONAL_REPRESENTATION('',(#62),#66);
#62 = LINE('',#63,#64);
#63 = CARTESIAN_POINT('',(-0.,0.));
#64 = VECTOR('',#65,1.);
#65 = DIRECTION('',(-1.,0.));
#66 = ( GEOMETRIC_REPRESENTATION_CONTEXT(2) 
PARAMETRIC_REPRESENTATION_CONTEXT() REPRESENTATION_CONTEXT('2D SPACE',''
  ) );
#67 = PCURVE('',#68,#73);
#68 = PLANE('',#69);
#69 = AXIS2_PLACEMENT_3D('',#70,#71,#72);
#70 = CARTESIAN_POINT('',(-6.891036888388E-16,-207.5999164821,
    -87.73765969348));
#71 = DIRECTION('',(0.,0.526955795497,0.849892692987));
#72 = DIRECTION('',(1.,0.,0.));
#73 = DEFINITIONAL_REPRESENTATION('',(#74),#78);
#74 = CIRCLE('',#75,31.75);
#75 = AXIS2_PLACEMENT_2D('',#76,#77);
#76 = CARTESIAN_POINT('',(6.891036888388E-16,0.));
#77 = DIRECTION('',(1.,0.));
#78 = ( GEOMETRIC_REPRESENTATION_CONTEXT(2) 
PARAMETRIC_REPRESENTATION_CONTEXT() REPRESENTATION_CONTEXT('2D SPACE',''
  ) );
#79 = ORIENTED_EDGE('',*,*,#80,.F.);
#80 = EDGE_CURVE('',#81,#52,#83,.T.);
#81 = VERTEX_POINT('',#82);
#82 = CARTESIAN_POINT('',(29.742798583218,-211.2455702691,
    -72.53444816094));
#83 = SURFACE_CURVE('',#84,(#88,#95),.PCURVE_S1.);
#84 = LINE('',#85,#86);
#85 = CARTESIAN_POINT('',(29.742798583218,-217.0420840195,-81.8832677838
    ));
#86 = VECTOR('',#87,1.);
#87 = DIRECTION('',(-0.,-0.526955795497,-0.849892692987));
#88 = PCURVE('',#32,#89);
#89 = DEFINITIONAL_REPRESENTATION('',(#90),#94);
#90 = LINE('',#91,#92);
#91 = CARTESIAN_POINT('',(-5.925703808506,0.));
#92 = VECTOR('',#93,1.);
#93 = DIRECTION('',(-0.,1.));
#94 = ( GEOMETRIC_REPRESENTATION_CONTEXT(2) 
PARAMETRIC_REPRESENTATION_CONTEXT() REPRESENTATION_CONTEXT('2D SPACE',''
  ) );
#95 = PCURVE('',#96,#101);
#96 = PLANE('',#97);
#97 = AXIS2_PLACEMENT_3D('',#98,#99,#100);
#98 = CARTESIAN_POINT('',(2.625,-209.5322797538,-99.48235412059));
#99 = DIRECTION('',(0.5,0.736028662617,-0.456357105572));
#100 = DIRECTION('',(0.,0.526955795497,0.849892692987));
#101 = DEFINITIONAL_REPRESENTATION('',(#102),#106);
#102 = LINE('',#103,#104);
#103 = CARTESIAN_POINT('',(11.,31.312936623702));
#104 = VECTOR('',#105,1.);
#105 = DIRECTION('',(-1.,2.775557561563E-17));
#106 = ( GEOMETRIC_REPRESENTATION_CONTEXT(2) 
PARAMETRIC_REPRESENTATION_CONTEXT() REPRESENTATION_CONTEXT('2D SPACE',''
  ) );
#107 = ORIENTED_EDGE('',*,*,#108,.T.);
#108 = EDGE_CURVE('',#81,#109,#111,.T.);
#109 = VERTEX_POINT('',#110);
#110 = CARTESIAN_POINT('',(24.492798583218,-218.9738712266,
    -67.74269855244));
#111 = SURFACE_CURVE('',#112,(#117,#124),.PCURVE_S1.);
#112 = CIRCLE('',#113,31.75);
#113 = AXIS2_PLACEMENT_3D('',#114,#115,#116);
#114 = CARTESIAN_POINT('',(0.,-201.8034027316,-78.38884007063));
#115 = DIRECTION('',(0.,-0.526955795497,-0.849892692987));
#116 = DIRECTION('',(1.,0.,0.));
#117 = PCURVE('',#32,#118);
#118 = DEFINITIONAL_REPRESENTATION('',(#119),#123);
#119 = LINE('',#120,#121);
#120 = CARTESIAN_POINT('',(-6.28318530718,-11.));
#121 = VECTOR('',#122,1.);
#122 = DIRECTION('',(1.,-0.));
#123 = ( GEOMETRIC_REPRESENTATION_CONTEXT(2) 
PARAMETRIC_REPRESENTATION_CONTEXT() REPRESENTATION_CONTEXT('2D SPACE',''
  ) );
#124 = PCURVE('',#125,#130);
#125 = PLANE('',#126);
#126 = AXIS2_PLACEMENT_3D('',#127,#128,#129);
#127 = CARTESIAN_POINT('',(-2.625,-205.6675532103,-75.99296526638));
#128 = DIRECTION('',(0.,0.526955795497,0.849892692987));
#129 = DIRECTION('',(0.866025403784,-0.424946346493,0.263477897748));
#130 = DEFINITIONAL_REPRESENTATION('',(#131),#139);
#131 = ( BOUNDED_CURVE() B_SPLINE_CURVE(2,(#132,#133,#134,#135,#136,#137
,#138),.UNSPECIFIED.,.T.,.F.) B_SPLINE_CURVE_WITH_KNOTS((1,2,2,2,2,1),(
    -2.094395102393,0.,2.094395102393,4.188790204786,6.28318530718,
8.377580409573),.UNSPECIFIED.) CURVE() GEOMETRIC_REPRESENTATION_ITEM() 
RATIONAL_B_SPLINE_CURVE((1.,0.5,1.,0.5,1.,0.5,1.)) REPRESENTATION_ITEM(
  '') );
#132 = CARTESIAN_POINT('',(27.496306570156,21.125));
#133 = CARTESIAN_POINT('',(54.992613140312,-26.5));
#134 = CARTESIAN_POINT('',(1.854072451124E-14,-26.5));
#135 = CARTESIAN_POINT('',(-54.99261314031,-26.5));
#136 = CARTESIAN_POINT('',(-27.49630657015,21.125));
#137 = CARTESIAN_POINT('',(-8.804068585277E-14,68.75));
#138 = CARTESIAN_POINT('',(27.496306570156,21.125));
#139 = ( GEOMETRIC_REPRESENTATION_CONTEXT(2) 
PARAMETRIC_REPRESENTATION_CONTEXT() REPRESENTATION_CONTEXT('2D SPACE',''
  ) );
#140 = ORIENTED_EDGE('',*,*,#141,.T.);
#141 = EDGE_CURVE('',#109,#142,#144,.T.);
#142 = VERTEX_POINT('',#143);
#143 = CARTESIAN_POINT('',(24.492798583218,-224.770384977,
    -77.09151817529));
#144 = SURFACE_CURVE('',#145,(#149,#156),.PCURVE_S1.);
#145 = LINE('',#146,#147);
#146 = CARTESIAN_POINT('',(24.492798583218,-224.770384977,
    -77.09151817529));
#147 = VECTOR('',#148,1.);
#148 = DIRECTION('',(-0.,-0.526955795497,-0.849892692987));
#149 = PCURVE('',#32,#150);
#150 = DEFINITIONAL_REPRESENTATION('',(#151),#155);
#151 = LINE('',#152,#153);
#152 = CARTESIAN_POINT('',(-5.593469254657,0.));
#153 = VECTOR('',#154,1.);
#154 = DIRECTION('',(-0.,1.));
#155 = ( GEOMETRIC_REPRESENTATION_CONTEXT(2) 
PARAMETRIC_REPRESENTATION_CONTEXT() REPRESENTATION_CONTEXT('2D SPACE',''
  ) );
#156 = PCURVE('',#157,#162);
#157 = PLANE('',#158);
#158 = AXIS2_PLACEMENT_3D('',#159,#160,#161);
#159 = CARTESIAN_POINT('',(-2.625,-217.2605807113,-94.69060451209));
#160 = DIRECTION('',(0.5,0.736028662617,-0.456357105572));
#161 = DIRECTION('',(0.,0.526955795497,0.849892692987));
#162 = DEFINITIONAL_REPRESENTATION('',(#163),#167);
#163 = LINE('',#164,#165);
#164 = CARTESIAN_POINT('',(11.,31.312936623702));
#165 = VECTOR('',#166,1.);
#166 = DIRECTION('',(-1.,2.775557561563E-17));
#167 = ( GEOMETRIC_REPRESENTATION_CONTEXT(2) 
PARAMETRIC_REPRESENTATION_CONTEXT() REPRESENTATION_CONTEXT('2D SPACE',''
  ) );
#168 = ORIENTED_EDGE('',*,*,#169,.F.);
#169 = EDGE_CURVE('',#170,#142,#172,.T.);
#170 = VERTEX_POINT('',#171);
#171 = CARTESIAN_POINT('',(-24.49279858321,-224.770384977,
    -77.09151817529));
#172 = SURFACE_CURVE('',#173,(#178,#185),.PCURVE_S1.);
#173 = CIRCLE('',#174,31.75);
#174 = AXIS2_PLACEMENT_3D('',#175,#176,#177);
#175 = CARTESIAN_POINT('',(0.,-207.5999164821,-87.73765969348));
#176 = DIRECTION('',(-0.,0.526955795497,0.849892692987));
#177 = DIRECTION('',(1.,0.,0.));
#178 = PCURVE('',#32,#179);
#179 = DEFINITIONAL_REPRESENTATION('',(#180),#184);
#180 = LINE('',#181,#182);
#181 = CARTESIAN_POINT('',(-0.,0.));
#182 = VECTOR('',#183,1.);
#183 = DIRECTION('',(-1.,0.));
#184 = ( GEOMETRIC_REPRESENTATION_CONTEXT(2) 
PARAMETRIC_REPRESENTATION_CONTEXT() REPRESENTATION_CONTEXT('2D SPACE',''
  ) );
#185 = PCURVE('',#186,#191);
#186 = PLANE('',#187);
#187 = AXIS2_PLACEMENT_3D('',#188,#189,#190);
#188 = CARTESIAN_POINT('',(-6.891036888388E-16,-207.5999164821,
    -87.73765969348));
#189 = DIRECTION('',(0.,0.526955795497,0.849892692987));
#190 = DIRECTION('',(1.,0.,0.));
#191 = DEFINITIONAL_REPRESENTATION('',(#192),#196);
#192 = CIRCLE('',#193,31.75);
#193 = AXIS2_PLACEMENT_2D('',#194,#195);
#194 = CARTESIAN_POINT('',(6.891036888388E-16,0.));
#195 = DIRECTION('',(1.,0.));
#196 = ( GEOMETRIC_REPRESENTATION_CONTEXT(2) 
PARAMETRIC_REPRESENTATION_CONTEXT() REPRESENTATION_CONTEXT('2D SPACE',''
  ) );
#197 = ORIENTED_EDGE('',*,*,#198,.F.);
#198 = EDGE_CURVE('',#199,#170,#201,.T.);
#199 = VERTEX_POINT('',#200);
#200 = CARTESIAN_POINT('',(-24.49279858321,-218.9738712266,
    -67.74269855244));
#201 = SURFACE_CURVE('',#202,(#206,#213),.PCURVE_S1.);
#202 = LINE('',#203,#204);
#203 = CARTESIAN_POINT('',(-24.49279858321,-224.770384977,
    -77.09151817529));
#204 = VECTOR('',#205,1.);
#205 = DIRECTION('',(-0.,-0.526955795497,-0.849892692987));
#206 = PCURVE('',#32,#207);
#207 = DEFINITIONAL_REPRESENTATION('',(#208),#212);
#208 = LINE('',#209,#210);
#209 = CARTESIAN_POINT('',(-3.831308706112,0.));
#210 = VECTOR('',#211,1.);
#211 = DIRECTION('',(-0.,1.));
#212 = ( GEOMETRIC_REPRESENTATION_CONTEXT(2) 
PARAMETRIC_REPRESENTATION_CONTEXT() REPRESENTATION_CONTEXT('2D SPACE',''
  ) );
#213 = PCURVE('',#214,#219);
#214 = PLANE('',#215);
#215 = AXIS2_PLACEMENT_3D('',#216,#217,#218);
#216 = CARTESIAN_POINT('',(2.625,-217.2605807113,-94.69060451209));
#217 = DIRECTION('',(0.5,-0.736028662617,0.456357105572));
#218 = DIRECTION('',(0.,0.526955795497,0.849892692987));
#219 = DEFINITIONAL_REPRESENTATION('',(#220),#224);
#220 = LINE('',#221,#222);
#221 = CARTESIAN_POINT('',(11.,31.312936623702));
#222 = VECTOR('',#223,1.);
#223 = DIRECTION('',(-1.,0.));
#224 = ( GEOMETRIC_REPRESENTATION_CONTEXT(2) 
PARAMETRIC_REPRESENTATION_CONTEXT() REPRESENTATION_CONTEXT('2D SPACE',''
  ) );
#225 = ORIENTED_EDGE('',*,*,#226,.T.);
#226 = EDGE_CURVE('',#199,#227,#229,.T.);
#227 = VERTEX_POINT('',#228);
#228 = CARTESIAN_POINT('',(-29.74279858321,-211.2455702691,
    -72.53444816094));
#229 = SURFACE_CURVE('',#230,(#235,#242),.PCURVE_S1.);
#230 = CIRCLE('',#231,31.75);
#231 = AXIS2_PLACEMENT_3D('',#232,#233,#234);
#232 = CARTESIAN_POINT('',(0.,-201.8034027316,-78.38884007063));
#233 = DIRECTION('',(0.,-0.526955795497,-0.849892692987));
#234 = DIRECTION('',(1.,0.,0.));
#235 = PCURVE('',#32,#236);
#236 = DEFINITIONAL_REPRESENTATION('',(#237),#241);
#237 = LINE('',#238,#239);
#238 = CARTESIAN_POINT('',(-6.28318530718,-11.));
#239 = VECTOR('',#240,1.);
#240 = DIRECTION('',(1.,-0.));
#241 = ( GEOMETRIC_REPRESENTATION_CONTEXT(2) 
PARAMETRIC_REPRESENTATION_CONTEXT() REPRESENTATION_CONTEXT('2D SPACE',''
  ) );
#242 = PCURVE('',#243,#248);
#243 = PLANE('',#244);
#244 = AXIS2_PLACEMENT_3D('',#245,#246,#247);
#245 = CARTESIAN_POINT('',(-2.625,-197.9392522529,-80.78471487488));
#246 = DIRECTION('',(0.,0.526955795497,0.849892692987));
#247 = DIRECTION('',(-0.866025403784,-0.424946346493,0.263477897748));
#248 = DEFINITIONAL_REPRESENTATION('',(#249),#257);
#249 = ( BOUNDED_CURVE() B_SPLINE_CURVE(2,(#250,#251,#252,#253,#254,#255
,#256),.UNSPECIFIED.,.T.,.F.) B_SPLINE_CURVE_WITH_KNOTS((1,2,2,2,2,1),(
    -2.094395102393,0.,2.094395102393,4.188790204786,6.28318530718,
8.377580409573),.UNSPECIFIED.) CURVE() GEOMETRIC_REPRESENTATION_ITEM() 
RATIONAL_B_SPLINE_CURVE((1.,0.5,1.,0.5,1.,0.5,1.)) REPRESENTATION_ITEM(
  '') );
#250 = CARTESIAN_POINT('',(-27.49630657015,21.125));
#251 = CARTESIAN_POINT('',(-9.658940314239E-15,68.75));
#252 = CARTESIAN_POINT('',(27.496306570156,21.125));
#253 = CARTESIAN_POINT('',(54.992613140312,-26.5));
#254 = CARTESIAN_POINT('',(2.775557561563E-15,-26.5));
#255 = CARTESIAN_POINT('',(-54.99261314031,-26.5));
#256 = CARTESIAN_POINT('',(-27.49630657015,21.125));
#257 = ( GEOMETRIC_REPRESENTATION_CONTEXT(2) 
PARAMETRIC_REPRESENTATION_CONTEXT() REPRESENTATION_CONTEXT('2D SPACE',''
  ) );
#258 = ORIENTED_EDGE('',*,*,#259,.T.);
#259 = EDGE_CURVE('',#227,#260,#262,.T.);
#260 = VERTEX_POINT('',#261);
#261 = CARTESIAN_POINT('',(-29.74279858321,-217.0420840195,
    -81.8832677838));
#262 = SURFACE_CURVE('',#263,(#267,#274),.PCURVE_S1.);
#263 = LINE('',#264,#265);
#264 = CARTESIAN_POINT('',(-29.74279858321,-217.0420840195,
    -81.8832677838));
#265 = VECTOR('',#266,1.);
#266 = DIRECTION('',(-0.,-0.526955795497,-0.849892692987));
#267 = PCURVE('',#32,#268);
#268 = DEFINITIONAL_REPRESENTATION('',(#269),#273);
#269 = LINE('',#270,#271);
#270 = CARTESIAN_POINT('',(-3.499074152264,0.));
#271 = VECTOR('',#272,1.);
#272 = DIRECTION('',(-0.,1.));
#273 = ( GEOMETRIC_REPRESENTATION_CONTEXT(2) 
PARAMETRIC_REPRESENTATION_CONTEXT() REPRESENTATION_CONTEXT('2D SPACE',''
  ) );
#274 = PCURVE('',#275,#280);
#275 = PLANE('',#276);
#276 = AXIS2_PLACEMENT_3D('',#277,#278,#279);
#277 = CARTESIAN_POINT('',(-2.625,-209.5322797538,-99.48235412059));
#278 = DIRECTION('',(0.5,-0.736028662617,0.456357105572));
#279 = DIRECTION('',(0.,0.526955795497,0.849892692987));
#280 = DEFINITIONAL_REPRESENTATION('',(#281),#285);
#281 = LINE('',#282,#283);
#282 = CARTESIAN_POINT('',(11.,31.312936623702));
#283 = VECTOR('',#284,1.);
#284 = DIRECTION('',(-1.,0.));
#285 = ( GEOMETRIC_REPRESENTATION_CONTEXT(2) 
PARAMETRIC_REPRESENTATION_CONTEXT() REPRESENTATION_CONTEXT('2D SPACE',''
  ) );
#286 = ORIENTED_EDGE('',*,*,#287,.F.);
#287 = EDGE_CURVE('',#288,#260,#290,.T.);
#288 = VERTEX_POINT('',#289);
#289 = CARTESIAN_POINT('',(-5.25,-180.9872804496,-104.2381931213));
#290 = SURFACE_CURVE('',#291,(#296,#303),.PCURVE_S1.);
#291 = CIRCLE('',#292,31.75);
#292 = AXIS2_PLACEMENT_3D('',#293,#294,#295);
#293 = CARTESIAN_POINT('',(0.,-207.5999164821,-87.73765969348));
#294 = DIRECTION('',(-0.,0.526955795497,0.849892692987));
#295 = DIRECTION('',(1.,0.,0.));
#296 = PCURVE('',#32,#297);
#297 = DEFINITIONAL_REPRESENTATION('',(#298),#302);
#298 = LINE('',#299,#300);
#299 = CARTESIAN_POINT('',(-0.,0.));
#300 = VECTOR('',#301,1.);
#301 = DIRECTION('',(-1.,0.));
#302 = ( GEOMETRIC_REPRESENTATION_CONTEXT(2) 
PARAMETRIC_REPRESENTATION_CONTEXT() REPRESENTATION_CONTEXT('2D SPACE',''
  ) );
#303 = PCURVE('',#304,#309);
#304 = PLANE('',#305);
#305 = AXIS2_PLACEMENT_3D('',#306,#307,#308);
#306 = CARTESIAN_POINT('',(-6.891036888388E-16,-207.5999164821,
    -87.73765969348));
#307 = DIRECTION('',(0.,0.526955795497,0.849892692987));
#308 = DIRECTION('',(1.,0.,0.));
#309 = DEFINITIONAL_REPRESENTATION('',(#310),#314);
#310 = CIRCLE('',#311,31.75);
#311 = AXIS2_PLACEMENT_2D('',#312,#313);
#312 = CARTESIAN_POINT('',(6.891036888388E-16,0.));
#313 = DIRECTION('',(1.,0.));
#314 = ( GEOMETRIC_REPRESENTATION_CONTEXT(2) 
PARAMETRIC_REPRESENTATION_CONTEXT() REPRESENTATION_CONTEXT('2D SPACE',''
  ) );
#315 = ORIENTED_EDGE('',*,*,#316,.F.);
#316 = EDGE_CURVE('',#317,#288,#319,.T.);
#317 = VERTEX_POINT('',#318);
#318 = CARTESIAN_POINT('',(-5.25,-175.1907666992,-94.88937349851));
#319 = SURFACE_CURVE('',#320,(#324,#331),.PCURVE_S1.);
#320 = LINE('',#321,#322);
#321 = CARTESIAN_POINT('',(-5.25,-180.9872804496,-104.2381931213));
#322 = VECTOR('',#323,1.);
#323 = DIRECTION('',(-0.,-0.526955795497,-0.849892692987));
#324 = PCURVE('',#32,#325);
#325 = DEFINITIONAL_REPRESENTATION('',(#326),#330);
#326 = LINE('',#327,#328);
#327 = CARTESIAN_POINT('',(-1.736913603719,0.));
#328 = VECTOR('',#329,1.);
#329 = DIRECTION('',(-0.,1.));
#330 = ( GEOMETRIC_REPRESENTATION_CONTEXT(2) 
PARAMETRIC_REPRESENTATION_CONTEXT() REPRESENTATION_CONTEXT('2D SPACE',''
  ) );
#331 = PCURVE('',#332,#337);
#332 = PLANE('',#333);
#333 = AXIS2_PLACEMENT_3D('',#334,#335,#336);
#334 = CARTESIAN_POINT('',(-5.25,-213.3964302325,-97.08647931634));
#335 = DIRECTION('',(-1.,9.435704362147E-17,-5.850384571201E-17));
#336 = DIRECTION('',(0.,0.526955795497,0.849892692987));
#337 = DEFINITIONAL_REPRESENTATION('',(#338),#342);
#338 = LINE('',#339,#340);
#339 = CARTESIAN_POINT('',(11.,31.312936623702));
#340 = VECTOR('',#341,1.);
#341 = DIRECTION('',(-1.,0.));
#342 = ( GEOMETRIC_REPRESENTATION_CONTEXT(2) 
PARAMETRIC_REPRESENTATION_CONTEXT() REPRESENTATION_CONTEXT('2D SPACE',''
  ) );
#343 = ORIENTED_EDGE('',*,*,#344,.T.);
#344 = EDGE_CURVE('',#317,#345,#347,.T.);
#345 = VERTEX_POINT('',#346);
#346 = CARTESIAN_POINT('',(5.25,-175.1907666992,-94.88937349851));
#347 = SURFACE_CURVE('',#348,(#353,#360),.PCURVE_S1.);
#348 = CIRCLE('',#349,31.75);
#349 = AXIS2_PLACEMENT_3D('',#350,#351,#352);
#350 = CARTESIAN_POINT('',(0.,-201.8034027316,-78.38884007063));
#351 = DIRECTION('',(0.,-0.526955795497,-0.849892692987));
#352 = DIRECTION('',(1.,0.,0.));
#353 = PCURVE('',#32,#354);
#354 = DEFINITIONAL_REPRESENTATION('',(#355),#359);
#355 = LINE('',#356,#357);
#356 = CARTESIAN_POINT('',(-6.28318530718,-11.));
#357 = VECTOR('',#358,1.);
#358 = DIRECTION('',(1.,-0.));
#359 = ( GEOMETRIC_REPRESENTATION_CONTEXT(2) 
PARAMETRIC_REPRESENTATION_CONTEXT() REPRESENTATION_CONTEXT('2D SPACE',''
  ) );
#360 = PCURVE('',#361,#366);
#361 = PLANE('',#362);
#362 = AXIS2_PLACEMENT_3D('',#363,#364,#365);
#363 = CARTESIAN_POINT('',(5.25,-201.8034027316,-78.38884007063));
#364 = DIRECTION('',(0.,0.526955795497,0.849892692987));
#365 = DIRECTION('',(1.110223024625E-16,0.849892692987,-0.526955795497)
  );
#366 = DEFINITIONAL_REPRESENTATION('',(#367),#375);
#367 = ( BOUNDED_CURVE() B_SPLINE_CURVE(2,(#368,#369,#370,#371,#372,#373
,#374),.UNSPECIFIED.,.T.,.F.) B_SPLINE_CURVE_WITH_KNOTS((1,2,2,2,2,1),(
    -2.094395102393,0.,2.094395102393,4.188790204786,6.28318530718,
8.377580409573),.UNSPECIFIED.) CURVE() GEOMETRIC_REPRESENTATION_ITEM() 
RATIONAL_B_SPLINE_CURVE((1.,0.5,1.,0.5,1.,0.5,1.)) REPRESENTATION_ITEM(
  '') );
#368 = CARTESIAN_POINT('',(2.942091015257E-15,-26.5));
#369 = CARTESIAN_POINT('',(-54.99261314031,-26.5));
#370 = CARTESIAN_POINT('',(-27.49630657015,21.125));
#371 = CARTESIAN_POINT('',(-1.540929046888E-14,68.75));
#372 = CARTESIAN_POINT('',(27.496306570156,21.125));
#373 = CARTESIAN_POINT('',(54.992613140312,-26.5));
#374 = CARTESIAN_POINT('',(2.942091015257E-15,-26.5));
#375 = ( GEOMETRIC_REPRESENTATION_CONTEXT(2) 
PARAMETRIC_REPRESENTATION_CONTEXT() REPRESENTATION_CONTEXT('2D SPACE',''
  ) );
#376 = ORIENTED_EDGE('',*,*,#377,.T.);
#377 = EDGE_CURVE('',#345,#378,#380,.T.);
#378 = VERTEX_POINT('',#379);
#379 = CARTESIAN_POINT('',(5.25,-180.9872804496,-104.2381931213));
#380 = SURFACE_CURVE('',#381,(#385,#392),.PCURVE_S1.);
#381 = LINE('',#382,#383);
#382 = CARTESIAN_POINT('',(5.25,-180.9872804496,-104.2381931213));
#383 = VECTOR('',#384,1.);
#384 = DIRECTION('',(-0.,-0.526955795497,-0.849892692987));
#385 = PCURVE('',#32,#386);
#386 = DEFINITIONAL_REPRESENTATION('',(#387),#391);
#387 = LINE('',#388,#389);
#388 = CARTESIAN_POINT('',(-1.404679049871,0.));
#389 = VECTOR('',#390,1.);
#390 = DIRECTION('',(-0.,1.));
#391 = ( GEOMETRIC_REPRESENTATION_CONTEXT(2) 
PARAMETRIC_REPRESENTATION_CONTEXT() REPRESENTATION_CONTEXT('2D SPACE',''
  ) );
#392 = PCURVE('',#393,#398);
#393 = PLANE('',#394);
#394 = AXIS2_PLACEMENT_3D('',#395,#396,#397);
#395 = CARTESIAN_POINT('',(5.25,-213.3964302325,-97.08647931634));
#396 = DIRECTION('',(-1.,9.435704362147E-17,-5.850384571201E-17));
#397 = DIRECTION('',(0.,0.526955795497,0.849892692987));
#398 = DEFINITIONAL_REPRESENTATION('',(#399),#403);
#399 = LINE('',#400,#401);
#400 = CARTESIAN_POINT('',(11.,31.312936623702));
#401 = VECTOR('',#402,1.);
#402 = DIRECTION('',(-1.,0.));
#403 = ( GEOMETRIC_REPRESENTATION_CONTEXT(2) 
PARAMETRIC_REPRESENTATION_CONTEXT() REPRESENTATION_CONTEXT('2D SPACE',''
  ) );
#404 = ORIENTED_EDGE('',*,*,#405,.F.);
#405 = EDGE_CURVE('',#22,#378,#406,.T.);
#406 = SURFACE_CURVE('',#407,(#412,#419),.PCURVE_S1.);
#407 = CIRCLE('',#408,31.75);
#408 = AXIS2_PLACEMENT_3D('',#409,#410,#411);
#409 = CARTESIAN_POINT('',(0.,-207.5999164821,-87.73765969348));
#410 = DIRECTION('',(-0.,0.526955795497,0.849892692987));
#411 = DIRECTION('',(1.,0.,0.));
#412 = PCURVE('',#32,#413);
#413 = DEFINITIONAL_REPRESENTATION('',(#414),#418);
#414 = LINE('',#415,#416);
#415 = CARTESIAN_POINT('',(-0.,0.));
#416 = VECTOR('',#417,1.);
#417 = DIRECTION('',(-1.,0.));
#418 = ( GEOMETRIC_REPRESENTATION_CONTEXT(2) 
PARAMETRIC_REPRESENTATION_CONTEXT() REPRESENTATION_CONTEXT('2D SPACE',''
  ) );
#419 = PCURVE('',#68,#420);
#420 = DEFINITIONAL_REPRESENTATION('',(#421),#425);
#421 = CIRCLE('',#422,31.75);
#422 = AXIS2_PLACEMENT_2D('',#423,#424);
#423 = CARTESIAN_POINT('',(6.891036888388E-16,0.));
#424 = DIRECTION('',(1.,0.));
#425 = ( GEOMETRIC_REPRESENTATION_CONTEXT(2) 
PARAMETRIC_REPRESENTATION_CONTEXT() REPRESENTATION_CONTEXT('2D SPACE',''
  ) );
#426 = ORIENTED_EDGE('',*,*,#21,.T.);
#427 = ORIENTED_EDGE('',*,*,#428,.T.);
#428 = EDGE_CURVE('',#24,#24,#429,.T.);
#429 = SURFACE_CURVE('',#430,(#435,#476),.PCURVE_S1.);
#430 = ELLIPSE('',#431,37.357657339561,31.75);
#431 = AXIS2_PLACEMENT_3D('',#432,#433,#434);
#432 = CARTESIAN_POINT('',(0.,-134.1654562313,30.7));
#433 = DIRECTION('',(0.,0.,1.));
#434 = DIRECTION('',(0.,-1.,0.));
#435 = PCURVE('',#32,#436);
#436 = DEFINITIONAL_REPRESENTATION('',(#437),#475);
#437 = B_SPLINE_CURVE_WITH_KNOTS('',8,(#438,#439,#440,#441,#442,#443,
    #444,#445,#446,#447,#448,#449,#450,#451,#452,#453,#454,#455,#456,
    #457,#458,#459,#460,#461,#462,#463,#464,#465,#466,#467,#468,#469,
    #470,#471,#472,#473,#474),.UNSPECIFIED.,.F.,.F.,(9,7,7,7,7,9),(
    1.570796326795,3.14159265359,4.319689898686,5.203262832508,
    6.528622233241,7.853981633974),.UNSPECIFIED.);
#438 = CARTESIAN_POINT('',(0.,-139.3560159662));
#439 = CARTESIAN_POINT('',(-0.196349540849,-143.2213204415));
#440 = CARTESIAN_POINT('',(-0.392699081698,-147.0866258346));
#441 = CARTESIAN_POINT('',(-0.589048622547,-150.7248461829));
#442 = CARTESIAN_POINT('',(-0.785398163399,-153.9089410438));
#443 = CARTESIAN_POINT('',(-0.981747704244,-156.4397380041));
#444 = CARTESIAN_POINT('',(-1.178097245096,-158.1744768838));
#445 = CARTESIAN_POINT('',(-1.374446785946,-159.0418500075));
#446 = CARTESIAN_POINT('',(-1.718058482432,-159.0418500075));
#447 = CARTESIAN_POINT('',(-1.865320638069,-158.5539530419));
#448 = CARTESIAN_POINT('',(-2.012582793698,-157.5781595467));
#449 = CARTESIAN_POINT('',(-2.159844949354,-156.1370396536));
#450 = CARTESIAN_POINT('',(-2.307107104974,-154.2757421501));
#451 = CARTESIAN_POINT('',(-2.454369260616,-152.0593620316));
#452 = CARTESIAN_POINT('',(-2.601631416254,-149.5677652748));
#453 = CARTESIAN_POINT('',(-2.859340188619,-144.8807284296));
#454 = CARTESIAN_POINT('',(-2.969786805346,-142.7669739437));
#455 = CARTESIAN_POINT('',(-3.080233422075,-140.5855335632));
#456 = CARTESIAN_POINT('',(-3.190680038803,-138.3764788247));
#457 = CARTESIAN_POINT('',(-3.30112665553,-136.1811573677));
#458 = CARTESIAN_POINT('',(-3.411573272258,-134.0405551112));
#459 = CARTESIAN_POINT('',(-3.522019888985,-131.9936810305));
#460 = CARTESIAN_POINT('',(-3.798136430805,-127.1999235479));
#461 = CARTESIAN_POINT('',(-3.963806355887,-124.6147538474));
#462 = CARTESIAN_POINT('',(-4.129476281007,-122.4409644302));
#463 = CARTESIAN_POINT('',(-4.295146206045,-120.7818009126));
#464 = CARTESIAN_POINT('',(-4.46081613119,-119.7129200084));
#465 = CARTESIAN_POINT('',(-4.626486056253,-119.2742436611));
#466 = CARTESIAN_POINT('',(-4.792155981355,-119.4676981331));
#467 = CARTESIAN_POINT('',(-5.123495831538,-121.0525852689));
#468 = CARTESIAN_POINT('',(-5.289165756632,-122.4440180393));
#469 = CARTESIAN_POINT('',(-5.454835681714,-124.4012955908));
#470 = CARTESIAN_POINT('',(-5.620505606825,-126.8562107522));
#471 = CARTESIAN_POINT('',(-5.786175531895,-129.7083657243));
#472 = CARTESIAN_POINT('',(-5.951845456998,-132.833314445));
#473 = CARTESIAN_POINT('',(-6.117515382088,-136.0946653152));
#474 = CARTESIAN_POINT('',(-6.28318530718,-139.3560159662));
#475 = ( GEOMETRIC_REPRESENTATION_CONTEXT(2) 
PARAMETRIC_REPRESENTATION_CONTEXT() REPRESENTATION_CONTEXT('2D SPACE',''
  ) );
#476 = PCURVE('',#477,#482);
#477 = PLANE('',#478);
#478 = AXIS2_PLACEMENT_3D('',#479,#480,#481);
#479 = CARTESIAN_POINT('',(-100.,-347.,30.7));
#480 = DIRECTION('',(0.,0.,1.));
#481 = DIRECTION('',(1.,0.,0.));
#482 = DEFINITIONAL_REPRESENTATION('',(#483),#487);
#483 = ELLIPSE('',#484,37.357657339561,31.75);
#484 = AXIS2_PLACEMENT_2D('',#485,#486);
#485 = CARTESIAN_POINT('',(100.,212.83454376863));
#486 = DIRECTION('',(0.,-1.));
#487 = ( GEOMETRIC_REPRESENTATION_CONTEXT(2) 
PARAMETRIC_REPRESENTATION_CONTEXT() REPRESENTATION_CONTEXT('2D SPACE',''
  ) );
#488 = FACE_BOUND('',#489,.F.);
#489 = EDGE_LOOP('',(#490));
#490 = ORIENTED_EDGE('',*,*,#491,.F.);
#491 = EDGE_CURVE('',#492,#492,#494,.T.);
#492 = VERTEX_POINT('',#493);
#493 = CARTESIAN_POINT('',(4.95,-132.7609477472,-26.54973311725));
#494 = SURFACE_CURVE('',#495,(#546,#600),.PCURVE_S1.);
#495 = B_SPLINE_CURVE_WITH_KNOTS('',7,(#496,#497,#498,#499,#500,#501,
    #502,#503,#504,#505,#506,#507,#508,#509,#510,#511,#512,#513,#514,
    #515,#516,#517,#518,#519,#520,#521,#522,#523,#524,#525,#526,#527,
    #528,#529,#530,#531,#532,#533,#534,#535,#536,#537,#538,#539,#540,
    #541,#542,#543,#544,#545),.UNSPECIFIED.,.T.,.F.,(8,6,6,6,6,6,6,6,8),
  (0.,0.135666359675,0.252963382211,0.365898565238,0.501015166526,
    0.636131747604,0.752953430704,0.865430950948,1.),.UNSPECIFIED.);
#496 = CARTESIAN_POINT('',(4.95,-132.7609477472,-26.54973311725));
#497 = CARTESIAN_POINT('',(4.95,-132.4889174029,-26.11099308658));
#498 = CARTESIAN_POINT('',(4.887189860911,-132.2089007263,
    -25.67818517655));
#499 = CARTESIAN_POINT('',(4.761936787742,-131.9230702741,
    -25.25470574204));
#500 = CARTESIAN_POINT('',(4.572517069135,-131.6341939696,
    -24.84398635286));
#501 = CARTESIAN_POINT('',(4.315725630017,-131.3463994249,
    -24.45062539478));
#502 = CARTESIAN_POINT('',(3.987188078574,-131.0660082037,
    -24.08084386778));
#503 = CARTESIAN_POINT('',(3.232576234366,-130.5761379037,
    -23.45338332367));
#504 = CARTESIAN_POINT('',(2.8151487973,-130.3553275988,-23.17850460348)
  );
#505 = CARTESIAN_POINT('',(2.331164679582,-130.1554360462,
    -22.93700890598));
#506 = CARTESIAN_POINT('',(1.787027388924,-129.990719403,-22.74295717859
    ));
#507 = CARTESIAN_POINT('',(1.193845244583,-129.8742636671,
    -22.60755637221));
#508 = CARTESIAN_POINT('',(0.56611688427,-129.8162195762,-22.53997433303
    ));
#509 = CARTESIAN_POINT('',(-0.699217666478,-129.8294600466,
    -22.55538938133));
#510 = CARTESIAN_POINT('',(-1.299568875526,-129.8956385191,
    -22.63244160291));
#511 = CARTESIAN_POINT('',(-1.86462586589,-130.0146811895,
    -22.77122325221));
#512 = CARTESIAN_POINT('',(-2.382419828843,-130.1769509203,
    -22.96304747861));
#513 = CARTESIAN_POINT('',(-2.843978002277,-130.3707588675,
    -23.19774991095));
#514 = CARTESIAN_POINT('',(-3.244221312765,-130.5836975227,
    -23.46306621864));
#515 = CARTESIAN_POINT('',(-3.987183196191,-131.0660050342,
    -24.08083980807));
#516 = CARTESIAN_POINT('',(-4.315726443841,-131.3463983402,
    -24.45062374014));
#517 = CARTESIAN_POINT('',(-4.572519888071,-131.6341965938,
    -24.84398968334));
#518 = CARTESIAN_POINT('',(-4.761938794687,-131.9230739073,
    -25.25471102938));
#519 = CARTESIAN_POINT('',(-4.88718985328,-132.2089032092,
    -25.67818917638));
#520 = CARTESIAN_POINT('',(-4.95,-132.4889173592,-26.11099301614));
#521 = CARTESIAN_POINT('',(-4.95,-133.0329780945,-26.98847315275));
#522 = CARTESIAN_POINT('',(-4.887189865046,-133.2961439502,
    -27.43172898216));
#523 = CARTESIAN_POINT('',(-4.761936774296,-133.5483692154,
    -27.87604458595));
#524 = CARTESIAN_POINT('',(-4.572517088172,-133.7878107986,
    -28.31741471214));
#525 = CARTESIAN_POINT('',(-4.315725616186,-134.0121852825,-28.750097841
    ));
#526 = CARTESIAN_POINT('',(-3.987188083134,-134.218731133,
    -29.16566540873));
#527 = CARTESIAN_POINT('',(-3.232576234366,-134.5629413548,
    -29.88343903328));
#528 = CARTESIAN_POINT('',(-2.8151487973,-134.7109734277,-30.20344216916
    ));
#529 = CARTESIAN_POINT('',(-2.331164679582,-134.8384051477,
    -30.48986486631));
#530 = CARTESIAN_POINT('',(-1.787027388924,-134.9389807479,
    -30.72368572524));
#531 = CARTESIAN_POINT('',(-1.193845244582,-135.0084805255,
    -30.88820045931));
#532 = CARTESIAN_POINT('',(-0.56611688427,-135.043206108,-30.97024058618
    ));
#533 = CARTESIAN_POINT('',(0.699217669507,-135.0352858469,
    -30.95152686833));
#534 = CARTESIAN_POINT('',(1.299568864481,-134.9956945436,
    -30.85798990573));
#535 = CARTESIAN_POINT('',(1.864625884262,-134.9243167441,
    -30.68965477537));
#536 = CARTESIAN_POINT('',(2.382419812268,-134.8246483652,-30.4590160822
    ));
#537 = CARTESIAN_POINT('',(2.843978010233,-134.7005964621,
    -30.18106305467));
#538 = CARTESIAN_POINT('',(3.244221311164,-134.5576295452,-29.8723624394
    ));
#539 = CARTESIAN_POINT('',(3.98718319619,-134.2187333621,-29.16567005711
    ));
#540 = CARTESIAN_POINT('',(4.315726443843,-134.0121862732,
    -28.75009953057));
#541 = CARTESIAN_POINT('',(4.572519888068,-133.7878089999,
    -28.31741091359));
#542 = CARTESIAN_POINT('',(4.761938794689,-133.5483660761,
    -27.87603894729));
#543 = CARTESIAN_POINT('',(4.887189853279,-133.2961414825,
    -27.43172499843));
#544 = CARTESIAN_POINT('',(4.95,-133.0329781351,-26.98847321837));
#545 = CARTESIAN_POINT('',(4.95,-132.7609477472,-26.54973311725));
#546 = PCURVE('',#32,#547);
#547 = DEFINITIONAL_REPRESENTATION('',(#548),#599);
#548 = B_SPLINE_CURVE_WITH_KNOTS('',7,(#549,#550,#551,#552,#553,#554,
    #555,#556,#557,#558,#559,#560,#561,#562,#563,#564,#565,#566,#567,
    #568,#569,#570,#571,#572,#573,#574,#575,#576,#577,#578,#579,#580,
    #581,#582,#583,#584,#585,#586,#587,#588,#589,#590,#591,#592,#593,
    #594,#595,#596,#597,#598),.UNSPECIFIED.,.T.,.F.,(8,6,6,6,6,6,6,6,8),
  (0.,0.135666359675,0.252963382211,0.365898565238,0.501015166526,
    0.636131747604,0.752953430704,0.865430950948,1.),.UNSPECIFIED.);
#549 = CARTESIAN_POINT('',(-1.414252218128,-91.44));
#550 = CARTESIAN_POINT('',(-1.414252218128,-91.95622991266));
#551 = CARTESIAN_POINT('',(-1.41625497757,-92.47162660344));
#552 = CARTESIAN_POINT('',(-1.420248806175,-92.98215869377));
#553 = CARTESIAN_POINT('',(-1.426284610054,-93.48345114434));
#554 = CARTESIAN_POINT('',(-1.434456915851,-93.96942075157));
#555 = CARTESIAN_POINT('',(-1.444892867308,-94.43144914837));
#556 = CARTESIAN_POINT('',(-1.46881292685,-95.2228632736));
#557 = CARTESIAN_POINT('',(-1.482028436309,-95.57283795922));
#558 = CARTESIAN_POINT('',(-1.497328467913,-95.88341740002));
#559 = CARTESIAN_POINT('',(-1.514501672509,-96.13513893489));
#560 = CARTESIAN_POINT('',(-1.533195957057,-96.31158211585));
#561 = CARTESIAN_POINT('',(-1.552965814153,-96.39960626719));
#562 = CARTESIAN_POINT('',(-1.592818992793,-96.37952798766));
#563 = CARTESIAN_POINT('',(-1.611728861644,-96.27916873798));
#564 = CARTESIAN_POINT('',(-1.629540216919,-96.09848900323));
#565 = CARTESIAN_POINT('',(-1.645884668363,-95.84995001979));
#566 = CARTESIAN_POINT('',(-1.660476987358,-95.54834991654));
#567 = CARTESIAN_POINT('',(-1.673148858195,-95.21065026686));
#568 = CARTESIAN_POINT('',(-1.696699631518,-94.43145426887));
#569 = CARTESIAN_POINT('',(-1.707135763011,-93.96942272943));
#570 = CARTESIAN_POINT('',(-1.71530813342,-93.48344693095));
#571 = CARTESIAN_POINT('',(-1.721343911411,-92.98215228554));
#572 = CARTESIAN_POINT('',(-1.725337675774,-92.47162189563));
#573 = CARTESIAN_POINT('',(-1.727340435462,-91.95622999554));
#574 = CARTESIAN_POINT('',(-1.727340435462,-90.92377008166));
#575 = CARTESIAN_POINT('',(-1.725337676151,-90.40837341825));
#576 = CARTESIAN_POINT('',(-1.721343846988,-89.89784126796));
#577 = CARTESIAN_POINT('',(-1.71530804414,-89.39654889286));
#578 = CARTESIAN_POINT('',(-1.7071357373,-88.91057922857));
#579 = CARTESIAN_POINT('',(-1.696699786427,-88.4485508564));
#580 = CARTESIAN_POINT('',(-1.672779726739,-87.65713672639));
#581 = CARTESIAN_POINT('',(-1.659564217281,-87.30716204077));
#582 = CARTESIAN_POINT('',(-1.644264185677,-86.99658259997));
#583 = CARTESIAN_POINT('',(-1.627090981081,-86.7448610651));
#584 = CARTESIAN_POINT('',(-1.608396696533,-86.56841788414));
#585 = CARTESIAN_POINT('',(-1.588626839437,-86.48039373281));
#586 = CARTESIAN_POINT('',(-1.548773660701,-86.50047201237));
#587 = CARTESIAN_POINT('',(-1.529863792294,-86.60083126012));
#588 = CARTESIAN_POINT('',(-1.512052436091,-86.78151100251));
#589 = CARTESIAN_POINT('',(-1.49570798575,-87.03004997244));
#590 = CARTESIAN_POINT('',(-1.481115665981,-87.33165008882));
#591 = CARTESIAN_POINT('',(-1.468443795445,-87.66934973145));
#592 = CARTESIAN_POINT('',(-1.444893022072,-88.44854573112));
#593 = CARTESIAN_POINT('',(-1.434456890579,-88.91057727057));
#594 = CARTESIAN_POINT('',(-1.42628452017,-89.39655306904));
#595 = CARTESIAN_POINT('',(-1.420248742179,-89.89784771445));
#596 = CARTESIAN_POINT('',(-1.416254977815,-90.40837810437));
#597 = CARTESIAN_POINT('',(-1.414252218128,-90.92377000445));
#598 = CARTESIAN_POINT('',(-1.414252218128,-91.44));
#599 = ( GEOMETRIC_REPRESENTATION_CONTEXT(2) 
PARAMETRIC_REPRESENTATION_CONTEXT() REPRESENTATION_CONTEXT('2D SPACE',''
  ) );
#600 = PCURVE('',#601,#606);
#601 = CYLINDRICAL_SURFACE('',#602,4.95);
#602 = AXIS2_PLACEMENT_3D('',#603,#604,#605);
#603 = CARTESIAN_POINT('',(0.,-159.4150785419,-10.02347184677));
#604 = DIRECTION('',(0.,-0.849892692987,0.526955795497));
#605 = DIRECTION('',(1.,0.,0.));
#606 = DEFINITIONAL_REPRESENTATION('',(#607),#658);
#607 = B_SPLINE_CURVE_WITH_KNOTS('',7,(#608,#609,#610,#611,#612,#613,
    #614,#615,#616,#617,#618,#619,#620,#621,#622,#623,#624,#625,#626,
    #627,#628,#629,#630,#631,#632,#633,#634,#635,#636,#637,#638,#639,
    #640,#641,#642,#643,#644,#645,#646,#647,#648,#649,#650,#651,#652,
    #653,#654,#655,#656,#657),.UNSPECIFIED.,.F.,.F.,(8,6,6,6,6,6,6,6,8),
  (0.,0.135666359675,0.252963382211,0.365898565238,0.501015166526,
    0.636131747604,0.752953430704,0.865430950948,1.),.UNSPECIFIED.);
#608 = CARTESIAN_POINT('',(0.,-31.36176015468));
#609 = CARTESIAN_POINT('',(0.104288871245,-31.36176015468));
#610 = CARTESIAN_POINT('',(0.208409182691,-31.37167364553));
#611 = CARTESIAN_POINT('',(0.313400739219,-31.39144391598));
#612 = CARTESIAN_POINT('',(0.420200316633,-31.42052681389));
#613 = CARTESIAN_POINT('',(0.529766785408,-31.45783745796));
#614 = CARTESIAN_POINT('',(0.643121201695,-31.50128138929));
#615 = CARTESIAN_POINT('',(0.864033350416,-31.58697460765));
#616 = CARTESIAN_POINT('',(0.973396486838,-31.62979073765));
#617 = CARTESIAN_POINT('',(1.08803248144,-31.67241955019));
#618 = CARTESIAN_POINT('',(1.207034280319,-31.71015433923));
#619 = CARTESIAN_POINT('',(1.329897932562,-31.73777897864));
#620 = CARTESIAN_POINT('',(1.456413550401,-31.7514974801));
#621 = CARTESIAN_POINT('',(1.712068871896,-31.7483675501));
#622 = CARTESIAN_POINT('',(1.833658352526,-31.73272606466));
#623 = CARTESIAN_POINT('',(1.951597234565,-31.70468436333));
#624 = CARTESIAN_POINT('',(2.065767807319,-31.66785539263));
#625 = CARTESIAN_POINT('',(2.175795735959,-31.62681724143));
#626 = CARTESIAN_POINT('',(2.280968392643,-31.5856522003));
#627 = CARTESIAN_POINT('',(2.49847002258,-31.50128194373));
#628 = CARTESIAN_POINT('',(2.611825685896,-31.45783750791));
#629 = CARTESIAN_POINT('',(2.721393277997,-31.42052633862));
#630 = CARTESIAN_POINT('',(2.828193233772,-31.39144361431));
#631 = CARTESIAN_POINT('',(2.933184415937,-31.37167364305));
#632 = CARTESIAN_POINT('',(3.037303765601,-31.36176015468));
#633 = CARTESIAN_POINT('',(3.245881525981,-31.36176015468));
#634 = CARTESIAN_POINT('',(3.350001831616,-31.37167364502));
#635 = CARTESIAN_POINT('',(3.454993401485,-31.39144391761));
#636 = CARTESIAN_POINT('',(3.56179296131,-31.42052681162));
#637 = CARTESIAN_POINT('',(3.67135944407,-31.45783745957));
#638 = CARTESIAN_POINT('',(3.78471385395,-31.50128138877));
#639 = CARTESIAN_POINT('',(4.005626004006,-31.58697460765));
#640 = CARTESIAN_POINT('',(4.114989140428,-31.62979073765));
#641 = CARTESIAN_POINT('',(4.22962513503,-31.67241955019));
#642 = CARTESIAN_POINT('',(4.348626933909,-31.71015433923));
#643 = CARTESIAN_POINT('',(4.471490586152,-31.73777897864));
#644 = CARTESIAN_POINT('',(4.59800620399,-31.7514974801));
#645 = CARTESIAN_POINT('',(4.853661526098,-31.74836755009));
#646 = CARTESIAN_POINT('',(4.975251003766,-31.7327260649));
#647 = CARTESIAN_POINT('',(5.093189892262,-31.70468436263));
#648 = CARTESIAN_POINT('',(5.207360456982,-31.66785539355));
#649 = CARTESIAN_POINT('',(5.317388391587,-31.62681724082));
#650 = CARTESIAN_POINT('',(5.422561045764,-31.58565220048));
#651 = CARTESIAN_POINT('',(5.640062676169,-31.50128194373));
#652 = CARTESIAN_POINT('',(5.753418339486,-31.45783750791));
#653 = CARTESIAN_POINT('',(5.862985931586,-31.42052633862));
#654 = CARTESIAN_POINT('',(5.969785887362,-31.39144361431));
#655 = CARTESIAN_POINT('',(6.074777069527,-31.37167364305));
#656 = CARTESIAN_POINT('',(6.178896419191,-31.36176015468));
#657 = CARTESIAN_POINT('',(6.28318530718,-31.36176015468));
#658 = ( GEOMETRIC_REPRESENTATION_CONTEXT(2) 
PARAMETRIC_REPRESENTATION_CONTEXT() REPRESENTATION_CONTEXT('2D SPACE',''
  ) );
#659 = FACE_BOUND('',#660,.F.);
#660 = EDGE_LOOP('',(#661));
#661 = ORIENTED_EDGE('',*,*,#662,.T.);
#662 = EDGE_CURVE('',#663,#663,#665,.T.);
#663 = VERTEX_POINT('',#664);
#664 = CARTESIAN_POINT('',(4.95,-186.0692093365,6.502789423718));
#665 = SURFACE_CURVE('',#666,(#717,#771),.PCURVE_S1.);
#666 = B_SPLINE_CURVE_WITH_KNOTS('',7,(#667,#668,#669,#670,#671,#672,
    #673,#674,#675,#676,#677,#678,#679,#680,#681,#682,#683,#684,#685,
    #686,#687,#688,#689,#690,#691,#692,#693,#694,#695,#696,#697,#698,
    #699,#700,#701,#702,#703,#704,#705,#706,#707,#708,#709,#710,#711,
    #712,#713,#714,#715,#716),.UNSPECIFIED.,.T.,.F.,(8,6,6,6,6,6,6,6,8),
  (0.,0.135666360377,0.25296338352,0.365898567146,0.501015167545,
    0.636131747609,0.752953431217,0.865430951998,1.),.UNSPECIFIED.);
#667 = CARTESIAN_POINT('',(4.95,-186.0692093365,6.502789423718));
#668 = CARTESIAN_POINT('',(4.95,-185.7971789922,6.94152945439));
#669 = CARTESIAN_POINT('',(4.887189860911,-185.5340131225,7.384785307338
    ));
#670 = CARTESIAN_POINT('',(4.761936787744,-185.2817878871,7.82910085903)
  );
#671 = CARTESIAN_POINT('',(4.572517069133,-185.0423462675,8.270471051426
    ));
#672 = CARTESIAN_POINT('',(4.315725630018,-184.8179718103,8.703154129745
    ));
#673 = CARTESIAN_POINT('',(3.987188078574,-184.6114259487,9.118721719535
    ));
#674 = CARTESIAN_POINT('',(3.232576234366,-184.2672157289,9.836495339742
    ));
#675 = CARTESIAN_POINT('',(2.8151487973,-184.119183656,10.156498475625)
  );
#676 = CARTESIAN_POINT('',(2.331164679582,-183.991751936,10.442921172777
    ));
#677 = CARTESIAN_POINT('',(1.787027388925,-183.8911763358,
    10.676742031709));
#678 = CARTESIAN_POINT('',(1.193845244581,-183.8216765582,
    10.841256765769));
#679 = CARTESIAN_POINT('',(0.566116884271,-183.7869509757,
    10.923296892645));
#680 = CARTESIAN_POINT('',(-0.699217666556,-183.7948712368,
    10.904583174838));
#681 = CARTESIAN_POINT('',(-1.299568875452,-183.8344625409,
    10.811046210438));
#682 = CARTESIAN_POINT('',(-1.864625865828,-183.9058403372,
    10.642711087143));
#683 = CARTESIAN_POINT('',(-2.38241982891,-184.0055087218,
    10.412072381584));
#684 = CARTESIAN_POINT('',(-2.843978002326,-184.1295606194,
    10.134119365954));
#685 = CARTESIAN_POINT('',(-3.244221312713,-184.2725275392,
    9.825418744395));
#686 = CARTESIAN_POINT('',(-3.987183191449,-184.6114237194,
    9.118726368083));
#687 = CARTESIAN_POINT('',(-4.315726458224,-184.8179708198,8.70315581881
    ));
#688 = CARTESIAN_POINT('',(-4.572519868297,-185.0423480659,
    8.270467253353));
#689 = CARTESIAN_POINT('',(-4.761938808621,-185.2817910262,
    7.829095220524));
#690 = CARTESIAN_POINT('',(-4.88718984901,-185.5340155906,7.384781322971
    ));
#691 = CARTESIAN_POINT('',(-4.95,-185.7971789513,6.941529520419));
#692 = CARTESIAN_POINT('',(-4.95,-186.3412396808,6.064049393046));
#693 = CARTESIAN_POINT('',(-4.887189860911,-186.6212563574,
    5.631241483012));
#694 = CARTESIAN_POINT('',(-4.761936787743,-186.9070868096,
    5.207762048501));
#695 = CARTESIAN_POINT('',(-4.572517069134,-187.1959631141,
    4.797042659319));
#696 = CARTESIAN_POINT('',(-4.315725630017,-187.4837576588,
    4.403681701243));
#697 = CARTESIAN_POINT('',(-3.987188078574,-187.76414888,4.033900174244)
  );
#698 = CARTESIAN_POINT('',(-3.232576234163,-188.2540191802,
    3.406439629966));
#699 = CARTESIAN_POINT('',(-2.815148797487,-188.4748294848,
    3.131560910181));
#700 = CARTESIAN_POINT('',(-2.331164679844,-188.6747210375,
    2.890065212434));
#701 = CARTESIAN_POINT('',(-1.787027388679,-188.8394376808,
    2.696013484902));
#702 = CARTESIAN_POINT('',(-1.193845244304,-188.9558934166,
    2.560612678742));
#703 = CARTESIAN_POINT('',(-0.566116884566,-189.0139375075,
    2.493030639488));
#704 = CARTESIAN_POINT('',(0.699217670068,-189.000697037,2.508445687835)
  );
#705 = CARTESIAN_POINT('',(1.299568862451,-188.934518566,2.585497907616)
  );
#706 = CARTESIAN_POINT('',(1.864625887625,-188.8154758899,2.724279564018
    ));
#707 = CARTESIAN_POINT('',(2.382419809235,-188.6532061692,2.916103777835
    ));
#708 = CARTESIAN_POINT('',(2.843978011694,-188.4593982123,3.150806222436
    ));
#709 = CARTESIAN_POINT('',(3.244221310867,-188.2464595623,3.416122523524
    ));
#710 = CARTESIAN_POINT('',(3.987183191448,-187.7641520526,4.033896110594
    ));
#711 = CARTESIAN_POINT('',(4.315726458224,-187.4837587314,4.403680063057
    ));
#712 = CARTESIAN_POINT('',(4.572519868298,-187.1959605118,4.797045958991
    ));
#713 = CARTESIAN_POINT('',(4.761938808621,-186.9070831549,5.207767367291
    ));
#714 = CARTESIAN_POINT('',(4.88718984901,-186.621253886,5.63124546532));
#715 = CARTESIAN_POINT('',(4.95,-186.3412397218,6.064049327016));
#716 = CARTESIAN_POINT('',(4.95,-186.0692093365,6.502789423718));
#717 = PCURVE('',#32,#718);
#718 = DEFINITIONAL_REPRESENTATION('',(#719),#770);
#719 = B_SPLINE_CURVE_WITH_KNOTS('',7,(#720,#721,#722,#723,#724,#725,
    #726,#727,#728,#729,#730,#731,#732,#733,#734,#735,#736,#737,#738,
    #739,#740,#741,#742,#743,#744,#745,#746,#747,#748,#749,#750,#751,
    #752,#753,#754,#755,#756,#757,#758,#759,#760,#761,#762,#763,#764,
    #765,#766,#767,#768,#769),.UNSPECIFIED.,.T.,.F.,(8,6,6,6,6,6,6,6,8),
  (0.,0.135666360377,0.25296338352,0.365898567146,0.501015167545,
    0.636131747609,0.752953431217,0.865430951998,1.),.UNSPECIFIED.);
#720 = CARTESIAN_POINT('',(-4.868933089052,-91.44));
#721 = CARTESIAN_POINT('',(-4.868933089052,-91.95622991266));
#722 = CARTESIAN_POINT('',(-4.86693032961,-92.47162660344));
#723 = CARTESIAN_POINT('',(-4.862936501004,-92.98215869377));
#724 = CARTESIAN_POINT('',(-4.856900697126,-93.48345114434));
#725 = CARTESIAN_POINT('',(-4.848728391329,-93.96942075157));
#726 = CARTESIAN_POINT('',(-4.838292439872,-94.43144914837));
#727 = CARTESIAN_POINT('',(-4.814372380329,-95.2228632736));
#728 = CARTESIAN_POINT('',(-4.801156870871,-95.57283795922));
#729 = CARTESIAN_POINT('',(-4.785856839267,-95.88341740002));
#730 = CARTESIAN_POINT('',(-4.768683634671,-96.13513893489));
#731 = CARTESIAN_POINT('',(-4.749989350123,-96.31158211585));
#732 = CARTESIAN_POINT('',(-4.730219493027,-96.39960626719));
#733 = CARTESIAN_POINT('',(-4.690366314384,-96.37952798766));
#734 = CARTESIAN_POINT('',(-4.671456445538,-96.27916873796));
#735 = CARTESIAN_POINT('',(-4.653645090262,-96.09848900329));
#736 = CARTESIAN_POINT('',(-4.637300638815,-95.84995001978));
#737 = CARTESIAN_POINT('',(-4.62270831982,-95.54834991647));
#738 = CARTESIAN_POINT('',(-4.610036448986,-95.21065026692));
#739 = CARTESIAN_POINT('',(-4.586485675812,-94.43145427384));
#740 = CARTESIAN_POINT('',(-4.576049543713,-93.96942270902));
#741 = CARTESIAN_POINT('',(-4.567877174387,-93.48344696867));
#742 = CARTESIAN_POINT('',(-4.561841395327,-92.98215224749));
#743 = CARTESIAN_POINT('',(-4.557847631541,-92.47162191657));
#744 = CARTESIAN_POINT('',(-4.555844871717,-91.95622999035));
#745 = CARTESIAN_POINT('',(-4.555844871717,-90.92377008733));
#746 = CARTESIAN_POINT('',(-4.55784763116,-90.40837339654));
#747 = CARTESIAN_POINT('',(-4.561841459765,-89.89784130622));
#748 = CARTESIAN_POINT('',(-4.567877263644,-89.39654885565));
#749 = CARTESIAN_POINT('',(-4.576049569441,-88.91057924842));
#750 = CARTESIAN_POINT('',(-4.586485520897,-88.44855085162));
#751 = CARTESIAN_POINT('',(-4.610405580447,-87.65713672618));
#752 = CARTESIAN_POINT('',(-4.623621089892,-87.30716204107));
#753 = CARTESIAN_POINT('',(-4.638921121494,-86.99658259998));
#754 = CARTESIAN_POINT('',(-4.656094326107,-86.74486106489));
#755 = CARTESIAN_POINT('',(-4.674788610655,-86.56841788424));
#756 = CARTESIAN_POINT('',(-4.694558467733,-86.4803937328));
#757 = CARTESIAN_POINT('',(-4.734411646496,-86.50047201238));
#758 = CARTESIAN_POINT('',(-4.753321514821,-86.60083125977));
#759 = CARTESIAN_POINT('',(-4.771132871195,-86.78151100356));
#760 = CARTESIAN_POINT('',(-4.787477321333,-87.03004997102));
#761 = CARTESIAN_POINT('',(-4.802069641245,-87.33165008981));
#762 = CARTESIAN_POINT('',(-4.814741511725,-87.66934973114));
#763 = CARTESIAN_POINT('',(-4.838292284957,-88.44854572615));
#764 = CARTESIAN_POINT('',(-4.848728417057,-88.91057729097));
#765 = CARTESIAN_POINT('',(-4.856900786383,-89.39655303132));
#766 = CARTESIAN_POINT('',(-4.862936565442,-89.8978477525));
#767 = CARTESIAN_POINT('',(-4.866930329229,-90.40837808342));
#768 = CARTESIAN_POINT('',(-4.868933089052,-90.92377000964));
#769 = CARTESIAN_POINT('',(-4.868933089052,-91.44));
#770 = ( GEOMETRIC_REPRESENTATION_CONTEXT(2) 
PARAMETRIC_REPRESENTATION_CONTEXT() REPRESENTATION_CONTEXT('2D SPACE',''
  ) );
#771 = PCURVE('',#772,#777);
#772 = CYLINDRICAL_SURFACE('',#773,4.95);
#773 = AXIS2_PLACEMENT_3D('',#774,#775,#776);
#774 = CARTESIAN_POINT('',(0.,-159.4150785419,-10.02347184677));
#775 = DIRECTION('',(0.,0.849892692987,-0.526955795497));
#776 = DIRECTION('',(1.,0.,0.));
#777 = DEFINITIONAL_REPRESENTATION('',(#778),#829);
#778 = B_SPLINE_CURVE_WITH_KNOTS('',7,(#779,#780,#781,#782,#783,#784,
    #785,#786,#787,#788,#789,#790,#791,#792,#793,#794,#795,#796,#797,
    #798,#799,#800,#801,#802,#803,#804,#805,#806,#807,#808,#809,#810,
    #811,#812,#813,#814,#815,#816,#817,#818,#819,#820,#821,#822,#823,
    #824,#825,#826,#827,#828),.UNSPECIFIED.,.F.,.F.,(8,6,6,6,6,6,6,6,8),
  (0.,0.135666360377,0.25296338352,0.365898567146,0.501015167545,
    0.636131747609,0.752953431217,0.865430951998,1.),.UNSPECIFIED.);
#779 = CARTESIAN_POINT('',(0.,-31.36176015468));
#780 = CARTESIAN_POINT('',(-0.104288871245,-31.36176015468));
#781 = CARTESIAN_POINT('',(-0.208409182691,-31.37167364553));
#782 = CARTESIAN_POINT('',(-0.313400739219,-31.39144391598));
#783 = CARTESIAN_POINT('',(-0.420200316633,-31.42052681389));
#784 = CARTESIAN_POINT('',(-0.529766785408,-31.45783745796));
#785 = CARTESIAN_POINT('',(-0.643121201695,-31.50128138929));
#786 = CARTESIAN_POINT('',(-0.864033350416,-31.58697460765));
#787 = CARTESIAN_POINT('',(-0.973396486838,-31.62979073765));
#788 = CARTESIAN_POINT('',(-1.08803248144,-31.67241955019));
#789 = CARTESIAN_POINT('',(-1.207034280319,-31.71015433923));
#790 = CARTESIAN_POINT('',(-1.329897932562,-31.73777897864));
#791 = CARTESIAN_POINT('',(-1.456413550401,-31.7514974801));
#792 = CARTESIAN_POINT('',(-1.712068871912,-31.7483675501));
#793 = CARTESIAN_POINT('',(-1.833658352511,-31.73272606466));
#794 = CARTESIAN_POINT('',(-1.951597234553,-31.70468436334));
#795 = CARTESIAN_POINT('',(-2.065767807327,-31.66785539263));
#796 = CARTESIAN_POINT('',(-2.175795735977,-31.62681724142));
#797 = CARTESIAN_POINT('',(-2.280968392627,-31.58565220031));
#798 = CARTESIAN_POINT('',(-2.498470021192,-31.50128194427));
#799 = CARTESIAN_POINT('',(-2.611825691122,-31.45783750623));
#800 = CARTESIAN_POINT('',(-2.72139326893,-31.42052634099));
#801 = CARTESIAN_POINT('',(-2.828193242437,-31.39144361262));
#802 = CARTESIAN_POINT('',(-2.933184411415,-31.37167364358));
#803 = CARTESIAN_POINT('',(-3.03730376665,-31.36176015468));
#804 = CARTESIAN_POINT('',(-3.245881524834,-31.36176015468));
#805 = CARTESIAN_POINT('',(-3.350001836281,-31.37167364553));
#806 = CARTESIAN_POINT('',(-3.454993392808,-31.39144391598));
#807 = CARTESIAN_POINT('',(-3.561792970223,-31.42052681389));
#808 = CARTESIAN_POINT('',(-3.671359438998,-31.45783745796));
#809 = CARTESIAN_POINT('',(-3.784713855285,-31.50128138929));
#810 = CARTESIAN_POINT('',(-4.005626004065,-31.58697460767));
#811 = CARTESIAN_POINT('',(-4.114989140357,-31.62979073762));
#812 = CARTESIAN_POINT('',(-4.229625134997,-31.67241955018));
#813 = CARTESIAN_POINT('',(-4.348626933954,-31.71015433927));
#814 = CARTESIAN_POINT('',(-4.471490586208,-31.73777897863));
#815 = CARTESIAN_POINT('',(-4.598006203931,-31.7514974801));
#816 = CARTESIAN_POINT('',(-4.853661526211,-31.74836755009));
#817 = CARTESIAN_POINT('',(-4.975251003335,-31.73272606494));
#818 = CARTESIAN_POINT('',(-5.093189893014,-31.70468436251));
#819 = CARTESIAN_POINT('',(-5.207360456264,-31.66785539371));
#820 = CARTESIAN_POINT('',(-5.317388391961,-31.62681724071));
#821 = CARTESIAN_POINT('',(-5.422561045677,-31.58565220052));
#822 = CARTESIAN_POINT('',(-5.640062674781,-31.50128194427));
#823 = CARTESIAN_POINT('',(-5.753418344712,-31.45783750623));
#824 = CARTESIAN_POINT('',(-5.86298592252,-31.42052634099));
#825 = CARTESIAN_POINT('',(-5.969785896027,-31.39144361262));
#826 = CARTESIAN_POINT('',(-6.074777065005,-31.37167364358));
#827 = CARTESIAN_POINT('',(-6.17889642024,-31.36176015468));
#828 = CARTESIAN_POINT('',(-6.28318530718,-31.36176015468));
#829 = ( GEOMETRIC_REPRESENTATION_CONTEXT(2) 
PARAMETRIC_REPRESENTATION_CONTEXT() REPRESENTATION_CONTEXT('2D SPACE',''
  ) );
#830 = FACE_BOUND('',#831,.F.);
#831 = EDGE_LOOP('',(#832));
#832 = ORIENTED_EDGE('',*,*,#833,.F.);
#833 = EDGE_CURVE('',#834,#834,#836,.T.);
#834 = VERTEX_POINT('',#835);
#835 = CARTESIAN_POINT('',(4.95,-147.4840926734,-50.29573495931));
#836 = SURFACE_CURVE('',#837,(#888,#942),.PCURVE_S1.);
#837 = B_SPLINE_CURVE_WITH_KNOTS('',7,(#838,#839,#840,#841,#842,#843,
    #844,#845,#846,#847,#848,#849,#850,#851,#852,#853,#854,#855,#856,
    #857,#858,#859,#860,#861,#862,#863,#864,#865,#866,#867,#868,#869,
    #870,#871,#872,#873,#874,#875,#876,#877,#878,#879,#880,#881,#882,
    #883,#884,#885,#886,#887),.UNSPECIFIED.,.T.,.F.,(8,6,6,6,6,6,6,6,8),
  (0.,0.135666360125,0.25296338305,0.36589856701,0.501015167179,
    0.636131748498,0.752953431827,0.865430952282,1.),.UNSPECIFIED.);
#838 = CARTESIAN_POINT('',(4.95,-147.4840926734,-50.29573495931));
#839 = CARTESIAN_POINT('',(4.95,-147.2120623291,-49.85699492864));
#840 = CARTESIAN_POINT('',(4.887189860911,-146.9320456524,-49.4241870186
    ));
#841 = CARTESIAN_POINT('',(4.761936787742,-146.6462152003,
    -49.00070758409));
#842 = CARTESIAN_POINT('',(4.572517069135,-146.3573388958,
    -48.58998819491));
#843 = CARTESIAN_POINT('',(4.315725630015,-146.069544351,-48.19662723683
    ));
#844 = CARTESIAN_POINT('',(3.987188078574,-145.7891531299,
    -47.82684570983));
#845 = CARTESIAN_POINT('',(3.232576234366,-145.2992828298,
    -47.19938516572));
#846 = CARTESIAN_POINT('',(2.8151487973,-145.0784725249,-46.92450644553)
  );
#847 = CARTESIAN_POINT('',(2.331164679581,-144.8785809723,
    -46.68301074803));
#848 = CARTESIAN_POINT('',(1.787027388925,-144.7138643292,
    -46.48895902064));
#849 = CARTESIAN_POINT('',(1.193845244581,-144.5974085933,
    -46.35355821426));
#850 = CARTESIAN_POINT('',(0.566116884271,-144.5393645024,
    -46.28597617508));
#851 = CARTESIAN_POINT('',(-0.699217669549,-144.5526049728,
    -46.30139122342));
#852 = CARTESIAN_POINT('',(-1.29956886444,-144.6187834441,
    -46.37844344348));
#853 = CARTESIAN_POINT('',(-1.864625884229,-144.7378261193,
    -46.51722509876));
#854 = CARTESIAN_POINT('',(-2.382419812302,-144.9000958416,
    -46.70904931454));
#855 = CARTESIAN_POINT('',(-2.843978010261,-145.093903797,
    -46.94375175728));
#856 = CARTESIAN_POINT('',(-3.244221311135,-145.3068424478,
    -47.20906805934));
#857 = CARTESIAN_POINT('',(-3.987183191449,-145.7891499573,
    -47.82684164618));
#858 = CARTESIAN_POINT('',(-4.315726458224,-146.0695432785,
    -48.19662559865));
#859 = CARTESIAN_POINT('',(-4.572519868298,-146.3573414981,
    -48.58999149458));
#860 = CARTESIAN_POINT('',(-4.761938808621,-146.646218855,
    -49.00071290288));
#861 = CARTESIAN_POINT('',(-4.88718984901,-146.9320481239,
    -49.42419100091));
#862 = CARTESIAN_POINT('',(-4.95,-147.2120622881,-49.85699486261));
#863 = CARTESIAN_POINT('',(-4.95,-147.7561230206,-50.7344749948));
#864 = CARTESIAN_POINT('',(-4.887189865046,-148.0192888764,
    -51.17773082422));
#865 = CARTESIAN_POINT('',(-4.761936774295,-148.2715141416,-51.622046428
    ));
#866 = CARTESIAN_POINT('',(-4.572517088173,-148.5109557248,
    -52.06341655419));
#867 = CARTESIAN_POINT('',(-4.315725616185,-148.7353302087,
    -52.49609968306));
#868 = CARTESIAN_POINT('',(-3.987188083134,-148.9418760591,
    -52.91166725079));
#869 = CARTESIAN_POINT('',(-3.232576234303,-149.286086281,
    -53.62944087539));
#870 = CARTESIAN_POINT('',(-2.815148797357,-149.4341183538,
    -53.94944401113));
#871 = CARTESIAN_POINT('',(-2.331164679665,-149.5615500739,
    -54.23586670836));
#872 = CARTESIAN_POINT('',(-1.787027388848,-149.6621256741,
    -54.46968756736));
#873 = CARTESIAN_POINT('',(-1.193845244493,-149.7316254516,
    -54.63420230133));
#874 = CARTESIAN_POINT('',(-0.566116884364,-149.7663510342,
    -54.71624242824));
#875 = CARTESIAN_POINT('',(0.699217669548,-149.758430773,-54.69752871038
    ));
#876 = CARTESIAN_POINT('',(1.299568864441,-149.7188394698,
    -54.60399174777));
#877 = CARTESIAN_POINT('',(1.864625884231,-149.6474616703,
    -54.43565661745));
#878 = CARTESIAN_POINT('',(2.382419812301,-149.5477932914,
    -54.20501792425));
#879 = CARTESIAN_POINT('',(2.84397801026,-149.4237413882,-53.92706489669
    ));
#880 = CARTESIAN_POINT('',(3.244221311136,-149.2807744714,
    -53.61836428148));
#881 = CARTESIAN_POINT('',(3.987183191448,-148.9418782904,
    -52.91167190367));
#882 = CARTESIAN_POINT('',(4.315726458225,-148.7353311901,-52.4961013544
    ));
#883 = CARTESIAN_POINT('',(4.572519868297,-148.510953944,-52.06341278894
    ));
#884 = CARTESIAN_POINT('',(4.761938808622,-148.2715109837,
    -51.62204075611));
#885 = CARTESIAN_POINT('',(4.88718984901,-148.0192864193,-51.17772685856
    ));
#886 = CARTESIAN_POINT('',(4.95,-147.7561230586,-50.73447505601));
#887 = CARTESIAN_POINT('',(4.95,-147.4840926734,-50.29573495931));
#888 = PCURVE('',#32,#889);
#889 = DEFINITIONAL_REPRESENTATION('',(#890),#941);
#890 = B_SPLINE_CURVE_WITH_KNOTS('',7,(#891,#892,#893,#894,#895,#896,
    #897,#898,#899,#900,#901,#902,#903,#904,#905,#906,#907,#908,#909,
    #910,#911,#912,#913,#914,#915,#916,#917,#918,#919,#920,#921,#922,
    #923,#924,#925,#926,#927,#928,#929,#930,#931,#932,#933,#934,#935,
    #936,#937,#938,#939,#940),.UNSPECIFIED.,.T.,.F.,(8,6,6,6,6,6,6,6,8),
  (0.,0.135666360125,0.25296338305,0.36589856701,0.501015167179,
    0.636131748498,0.752953431827,0.865430952282,1.),.UNSPECIFIED.);
#891 = CARTESIAN_POINT('',(-1.414252218128,-63.5));
#892 = CARTESIAN_POINT('',(-1.414252218128,-64.01622991266));
#893 = CARTESIAN_POINT('',(-1.41625497757,-64.53162660345));
#894 = CARTESIAN_POINT('',(-1.420248806175,-65.04215869377));
#895 = CARTESIAN_POINT('',(-1.426284610054,-65.54345114434));
#896 = CARTESIAN_POINT('',(-1.434456915851,-66.02942075157));
#897 = CARTESIAN_POINT('',(-1.444892867308,-66.49144914837));
#898 = CARTESIAN_POINT('',(-1.46881292685,-67.2828632736));
#899 = CARTESIAN_POINT('',(-1.482028436309,-67.63283795922));
#900 = CARTESIAN_POINT('',(-1.497328467913,-67.94341740002));
#901 = CARTESIAN_POINT('',(-1.514501672509,-68.19513893489));
#902 = CARTESIAN_POINT('',(-1.533195957057,-68.37158211585));
#903 = CARTESIAN_POINT('',(-1.552965814153,-68.45960626719));
#904 = CARTESIAN_POINT('',(-1.59281899289,-68.43952798762));
#905 = CARTESIAN_POINT('',(-1.611728861294,-68.33916873986));
#906 = CARTESIAN_POINT('',(-1.629540217498,-68.15848899751));
#907 = CARTESIAN_POINT('',(-1.645884667841,-67.90995002755));
#908 = CARTESIAN_POINT('',(-1.66047698761,-67.60834991113));
#909 = CARTESIAN_POINT('',(-1.673148858144,-67.27065026857));
#910 = CARTESIAN_POINT('',(-1.696699631368,-66.49145427384));
#911 = CARTESIAN_POINT('',(-1.707135763467,-66.02942270902));
#912 = CARTESIAN_POINT('',(-1.715308132793,-65.54344696867));
#913 = CARTESIAN_POINT('',(-1.721343911853,-65.04215224749));
#914 = CARTESIAN_POINT('',(-1.725337675639,-64.53162191657));
#915 = CARTESIAN_POINT('',(-1.727340435462,-64.01622999035));
#916 = CARTESIAN_POINT('',(-1.727340435462,-62.98377008166));
#917 = CARTESIAN_POINT('',(-1.725337676151,-62.46837341825));
#918 = CARTESIAN_POINT('',(-1.721343846988,-61.95784126796));
#919 = CARTESIAN_POINT('',(-1.71530804414,-61.45654889286));
#920 = CARTESIAN_POINT('',(-1.7071357373,-60.97057922857));
#921 = CARTESIAN_POINT('',(-1.696699786427,-60.5085508564));
#922 = CARTESIAN_POINT('',(-1.672779726737,-59.71713672633));
#923 = CARTESIAN_POINT('',(-1.659564217283,-59.36716204087));
#924 = CARTESIAN_POINT('',(-1.64426418568,-59.05658259998));
#925 = CARTESIAN_POINT('',(-1.627090981078,-58.80486106503));
#926 = CARTESIAN_POINT('',(-1.60839669653,-58.62841788417));
#927 = CARTESIAN_POINT('',(-1.58862683944,-58.5403937328));
#928 = CARTESIAN_POINT('',(-1.5487736607,-58.56047201238));
#929 = CARTESIAN_POINT('',(-1.529863792296,-58.66083126013));
#930 = CARTESIAN_POINT('',(-1.512052436092,-58.84151100248));
#931 = CARTESIAN_POINT('',(-1.495707985749,-59.09004997244));
#932 = CARTESIAN_POINT('',(-1.48111566598,-59.39165008886));
#933 = CARTESIAN_POINT('',(-1.468443795446,-59.72934973142));
#934 = CARTESIAN_POINT('',(-1.444893022222,-60.50854572615));
#935 = CARTESIAN_POINT('',(-1.434456890123,-60.97057729097));
#936 = CARTESIAN_POINT('',(-1.426284520797,-61.45655303132));
#937 = CARTESIAN_POINT('',(-1.420248741737,-61.9578477525));
#938 = CARTESIAN_POINT('',(-1.416254977951,-62.46837808342));
#939 = CARTESIAN_POINT('',(-1.414252218128,-62.98377000964));
#940 = CARTESIAN_POINT('',(-1.414252218128,-63.5));
#941 = ( GEOMETRIC_REPRESENTATION_CONTEXT(2) 
PARAMETRIC_REPRESENTATION_CONTEXT() REPRESENTATION_CONTEXT('2D SPACE',''
  ) );
#942 = PCURVE('',#943,#948);
#943 = CYLINDRICAL_SURFACE('',#944,4.95);
#944 = AXIS2_PLACEMENT_3D('',#945,#946,#947);
#945 = CARTESIAN_POINT('',(0.,-174.138223468,-33.76947368882));
#946 = DIRECTION('',(0.,-0.849892692987,0.526955795497));
#947 = DIRECTION('',(1.,0.,0.));
#948 = DEFINITIONAL_REPRESENTATION('',(#949),#1000);
#949 = B_SPLINE_CURVE_WITH_KNOTS('',7,(#950,#951,#952,#953,#954,#955,
    #956,#957,#958,#959,#960,#961,#962,#963,#964,#965,#966,#967,#968,
    #969,#970,#971,#972,#973,#974,#975,#976,#977,#978,#979,#980,#981,
    #982,#983,#984,#985,#986,#987,#988,#989,#990,#991,#992,#993,#994,
    #995,#996,#997,#998,#999),.UNSPECIFIED.,.F.,.F.,(8,6,6,6,6,6,6,6,8),
  (0.,0.135666360125,0.25296338305,0.36589856701,0.501015167179,
    0.636131748498,0.752953431827,0.865430952282,1.),.UNSPECIFIED.);
#950 = CARTESIAN_POINT('',(0.,-31.36176015468));
#951 = CARTESIAN_POINT('',(0.104288871244,-31.36176015468));
#952 = CARTESIAN_POINT('',(0.208409182692,-31.37167364553));
#953 = CARTESIAN_POINT('',(0.313400739218,-31.39144391598));
#954 = CARTESIAN_POINT('',(0.420200316633,-31.42052681389));
#955 = CARTESIAN_POINT('',(0.529766785409,-31.45783745796));
#956 = CARTESIAN_POINT('',(0.643121201695,-31.50128138929));
#957 = CARTESIAN_POINT('',(0.864033350416,-31.58697460765));
#958 = CARTESIAN_POINT('',(0.973396486838,-31.62979073765));
#959 = CARTESIAN_POINT('',(1.08803248144,-31.67241955019));
#960 = CARTESIAN_POINT('',(1.207034280319,-31.71015433923));
#961 = CARTESIAN_POINT('',(1.329897932562,-31.73777897864));
#962 = CARTESIAN_POINT('',(1.456413550401,-31.7514974801));
#963 = CARTESIAN_POINT('',(1.712068872516,-31.74836755009));
#964 = CARTESIAN_POINT('',(1.833658350168,-31.7327260649));
#965 = CARTESIAN_POINT('',(1.951597238666,-31.70468436264));
#966 = CARTESIAN_POINT('',(2.065767803397,-31.66785539354));
#967 = CARTESIAN_POINT('',(2.175795738007,-31.62681724081));
#968 = CARTESIAN_POINT('',(2.280968392165,-31.58565220049));
#969 = CARTESIAN_POINT('',(2.498470021192,-31.50128194427));
#970 = CARTESIAN_POINT('',(2.611825691122,-31.45783750623));
#971 = CARTESIAN_POINT('',(2.721393268931,-31.42052634099));
#972 = CARTESIAN_POINT('',(2.828193242437,-31.39144361262));
#973 = CARTESIAN_POINT('',(2.933184411415,-31.37167364358));
#974 = CARTESIAN_POINT('',(3.03730376665,-31.36176015468));
#975 = CARTESIAN_POINT('',(3.245881525981,-31.36176015468));
#976 = CARTESIAN_POINT('',(3.350001831616,-31.37167364502));
#977 = CARTESIAN_POINT('',(3.454993401485,-31.39144391761));
#978 = CARTESIAN_POINT('',(3.56179296131,-31.42052681162));
#979 = CARTESIAN_POINT('',(3.67135944407,-31.45783745957));
#980 = CARTESIAN_POINT('',(3.78471385395,-31.50128138877));
#981 = CARTESIAN_POINT('',(4.005626004024,-31.58697460765));
#982 = CARTESIAN_POINT('',(4.114989140406,-31.62979073764));
#983 = CARTESIAN_POINT('',(4.22962513502,-31.67241955019));
#984 = CARTESIAN_POINT('',(4.348626933923,-31.71015433924));
#985 = CARTESIAN_POINT('',(4.47149058617,-31.73777897864));
#986 = CARTESIAN_POINT('',(4.598006203972,-31.7514974801));
#987 = CARTESIAN_POINT('',(4.853661526106,-31.74836755009));
#988 = CARTESIAN_POINT('',(4.975251003758,-31.7327260649));
#989 = CARTESIAN_POINT('',(5.093189892255,-31.70468436264));
#990 = CARTESIAN_POINT('',(5.207360456987,-31.66785539354));
#991 = CARTESIAN_POINT('',(5.317388391596,-31.62681724081));
#992 = CARTESIAN_POINT('',(5.422561045755,-31.58565220049));
#993 = CARTESIAN_POINT('',(5.640062674781,-31.50128194427));
#994 = CARTESIAN_POINT('',(5.753418344712,-31.45783750623));
#995 = CARTESIAN_POINT('',(5.86298592252,-31.42052634099));
#996 = CARTESIAN_POINT('',(5.969785896027,-31.39144361262));
#997 = CARTESIAN_POINT('',(6.074777065005,-31.37167364358));
#998 = CARTESIAN_POINT('',(6.17889642024,-31.36176015468));
#999 = CARTESIAN_POINT('',(6.28318530718,-31.36176015468));
#1000 = ( GEOMETRIC_REPRESENTATION_CONTEXT(2) 
PARAMETRIC_REPRESENTATION_CONTEXT() REPRESENTATION_CONTEXT('2D SPACE',''
  ) );
#1001 = FACE_BOUND('',#1002,.F.);
#1002 = EDGE_LOOP('',(#1003));
#1003 = ORIENTED_EDGE('',*,*,#1004,.T.);
#1004 = EDGE_CURVE('',#1005,#1005,#1007,.T.);
#1005 = VERTEX_POINT('',#1006);
#1006 = CARTESIAN_POINT('',(4.95,-200.7923542627,-17.24321241833));
#1007 = SURFACE_CURVE('',#1008,(#1059,#1113),.PCURVE_S1.);
#1008 = B_SPLINE_CURVE_WITH_KNOTS('',7,(#1009,#1010,#1011,#1012,#1013,
    #1014,#1015,#1016,#1017,#1018,#1019,#1020,#1021,#1022,#1023,#1024,
    #1025,#1026,#1027,#1028,#1029,#1030,#1031,#1032,#1033,#1034,#1035,
    #1036,#1037,#1038,#1039,#1040,#1041,#1042,#1043,#1044,#1045,#1046,
    #1047,#1048,#1049,#1050,#1051,#1052,#1053,#1054,#1055,#1056,#1057,
    #1058),.UNSPECIFIED.,.T.,.F.,(8,6,6,6,6,6,6,6,8),(0.,0.135666359963,
    0.252963382748,0.365898566021,0.501015167593,0.636131748957,
    0.752953432303,0.865430952271,1.),.UNSPECIFIED.);
#1009 = CARTESIAN_POINT('',(4.95,-200.7923542627,-17.24321241833));
#1010 = CARTESIAN_POINT('',(4.95,-200.5203239184,-16.80447238766));
#1011 = CARTESIAN_POINT('',(4.887189860911,-200.2571580487,
    -16.36121653471));
#1012 = CARTESIAN_POINT('',(4.761936787743,-200.0049328133,
    -15.91690098302));
#1013 = CARTESIAN_POINT('',(4.572517069134,-199.7654911936,
    -15.47553079062));
#1014 = CARTESIAN_POINT('',(4.315725630017,-199.5411167364,
    -15.0428477123));
#1015 = CARTESIAN_POINT('',(3.987188078574,-199.3345708748,
    -14.62728012251));
#1016 = CARTESIAN_POINT('',(3.232576234367,-198.990360655,
    -13.90950650231));
#1017 = CARTESIAN_POINT('',(2.815148797298,-198.8423285822,
    -13.58950336642));
#1018 = CARTESIAN_POINT('',(2.331164679584,-198.7148968622,
    -13.30308066927));
#1019 = CARTESIAN_POINT('',(1.787027388924,-198.614321262,
    -13.06925981034));
#1020 = CARTESIAN_POINT('',(1.193845244581,-198.5448214844,
    -12.90474507628));
#1021 = CARTESIAN_POINT('',(0.566116884271,-198.5100959019,
    -12.8227049494));
#1022 = CARTESIAN_POINT('',(-0.699217666508,-198.518016163,
    -12.84141866721));
#1023 = CARTESIAN_POINT('',(-1.299568875498,-198.5576074671,
    -12.9349556316));
#1024 = CARTESIAN_POINT('',(-1.864625865866,-198.6289852634,
    -13.10329075494));
#1025 = CARTESIAN_POINT('',(-2.38241982887,-198.728653648,
    -13.33392946046));
#1026 = CARTESIAN_POINT('',(-2.843978002295,-198.8527055455,
    -13.61188247605));
#1027 = CARTESIAN_POINT('',(-3.244221312746,-198.9956724654,
    -13.92058309769));
#1028 = CARTESIAN_POINT('',(-3.987183196191,-199.3345686478,
    -14.62727547848));
#1029 = CARTESIAN_POINT('',(-4.315726443841,-199.5411157366,
    -15.04284600501));
#1030 = CARTESIAN_POINT('',(-4.572519888071,-199.76549301,-15.475534622)
  );
#1031 = CARTESIAN_POINT('',(-4.761938794687,-200.0049359337,
    -15.91690658829));
#1032 = CARTESIAN_POINT('',(-4.88718985328,-200.2571605274,
    -16.36122053716));
#1033 = CARTESIAN_POINT('',(-4.95,-200.5203238747,-16.80447231722));
#1034 = CARTESIAN_POINT('',(-4.95,-201.06438461,-17.68195245382));
#1035 = CARTESIAN_POINT('',(-4.887189865046,-201.3444012717,
    -18.11476034086));
#1036 = CARTESIAN_POINT('',(-4.761936774296,-201.6302317573,
    -18.53823982521));
#1037 = CARTESIAN_POINT('',(-4.572517088172,-201.9191080187,
    -18.94895915231));
#1038 = CARTESIAN_POINT('',(-4.315725616186,-202.2069025968,
    -19.34232015682));
#1039 = CARTESIAN_POINT('',(-3.987188083134,-202.4872938032,
    -19.71210166401));
#1040 = CARTESIAN_POINT('',(-3.232576234366,-202.9771641062,
    -20.33956221191));
#1041 = CARTESIAN_POINT('',(-2.815148797298,-203.1979744111,
    -20.61444093211));
#1042 = CARTESIAN_POINT('',(-2.331164679583,-203.3978659637,
    -20.85593662961));
#1043 = CARTESIAN_POINT('',(-1.787027388924,-203.5625826068,
    -21.04998835699));
#1044 = CARTESIAN_POINT('',(-1.193845244581,-203.6790383428,
    -21.18538916338));
#1045 = CARTESIAN_POINT('',(-0.566116884271,-203.7370824336,
    -21.25297120256));
#1046 = CARTESIAN_POINT('',(0.699217666682,-203.7238419632,
    -21.23755615425));
#1047 = CARTESIAN_POINT('',(1.299568875333,-203.6576634908,
    -21.16050393264));
#1048 = CARTESIAN_POINT('',(1.864625865726,-203.5386208205,
    -21.02172228348));
#1049 = CARTESIAN_POINT('',(2.38241982902,-203.3763510896,
    -20.82989805698));
#1050 = CARTESIAN_POINT('',(2.843978002405,-203.1825431423,
    -20.59519562448));
#1051 = CARTESIAN_POINT('',(3.244221312627,-202.9696044873,
    -20.32987931706));
#1052 = CARTESIAN_POINT('',(3.987183191448,-202.4872969788,
    -19.71210573145));
#1053 = CARTESIAN_POINT('',(4.315726458225,-202.2069036575,
    -19.34232177899));
#1054 = CARTESIAN_POINT('',(4.572519868296,-201.919105438,
    -18.94895588306));
#1055 = CARTESIAN_POINT('',(4.761938808622,-201.6302280811,
    -18.53823447476));
#1056 = CARTESIAN_POINT('',(4.887189849009,-201.3443988122,
    -18.11475637673));
#1057 = CARTESIAN_POINT('',(4.95,-201.0643846479,-17.68195251503));
#1058 = CARTESIAN_POINT('',(4.95,-200.7923542627,-17.24321241833));
#1059 = PCURVE('',#32,#1060);
#1060 = DEFINITIONAL_REPRESENTATION('',(#1061),#1112);
#1061 = B_SPLINE_CURVE_WITH_KNOTS('',7,(#1062,#1063,#1064,#1065,#1066,
    #1067,#1068,#1069,#1070,#1071,#1072,#1073,#1074,#1075,#1076,#1077,
    #1078,#1079,#1080,#1081,#1082,#1083,#1084,#1085,#1086,#1087,#1088,
    #1089,#1090,#1091,#1092,#1093,#1094,#1095,#1096,#1097,#1098,#1099,
    #1100,#1101,#1102,#1103,#1104,#1105,#1106,#1107,#1108,#1109,#1110,
    #1111),.UNSPECIFIED.,.T.,.F.,(8,6,6,6,6,6,6,6,8),(0.,0.135666359963,
    0.252963382748,0.365898566021,0.501015167593,0.636131748957,
    0.752953432303,0.865430952271,1.),.UNSPECIFIED.);
#1062 = CARTESIAN_POINT('',(-4.868933089052,-63.5));
#1063 = CARTESIAN_POINT('',(-4.868933089052,-64.01622991266));
#1064 = CARTESIAN_POINT('',(-4.86693032961,-64.53162660345));
#1065 = CARTESIAN_POINT('',(-4.862936501004,-65.04215869377));
#1066 = CARTESIAN_POINT('',(-4.856900697126,-65.54345114434));
#1067 = CARTESIAN_POINT('',(-4.848728391329,-66.02942075157));
#1068 = CARTESIAN_POINT('',(-4.838292439872,-66.49144914837));
#1069 = CARTESIAN_POINT('',(-4.814372380329,-67.2828632736));
#1070 = CARTESIAN_POINT('',(-4.801156870871,-67.63283795922));
#1071 = CARTESIAN_POINT('',(-4.785856839267,-67.94341740001));
#1072 = CARTESIAN_POINT('',(-4.768683634671,-68.19513893489));
#1073 = CARTESIAN_POINT('',(-4.749989350123,-68.37158211585));
#1074 = CARTESIAN_POINT('',(-4.730219493027,-68.45960626719));
#1075 = CARTESIAN_POINT('',(-4.690366314386,-68.43952798766));
#1076 = CARTESIAN_POINT('',(-4.671456445537,-68.33916873797));
#1077 = CARTESIAN_POINT('',(-4.653645090261,-68.15848900325));
#1078 = CARTESIAN_POINT('',(-4.637300638816,-67.90995001978));
#1079 = CARTESIAN_POINT('',(-4.622708319821,-67.60834991652));
#1080 = CARTESIAN_POINT('',(-4.610036448985,-67.27065026689));
#1081 = CARTESIAN_POINT('',(-4.586485675662,-66.49145426887));
#1082 = CARTESIAN_POINT('',(-4.576049544169,-66.02942272943));
#1083 = CARTESIAN_POINT('',(-4.567877173759,-65.54344693095));
#1084 = CARTESIAN_POINT('',(-4.561841395769,-65.04215228554));
#1085 = CARTESIAN_POINT('',(-4.557847631405,-64.53162189563));
#1086 = CARTESIAN_POINT('',(-4.555844871717,-64.01622999554));
#1087 = CARTESIAN_POINT('',(-4.555844871717,-62.98377008166));
#1088 = CARTESIAN_POINT('',(-4.557847631028,-62.46837341825));
#1089 = CARTESIAN_POINT('',(-4.561841460192,-61.95784126796));
#1090 = CARTESIAN_POINT('',(-4.56787726304,-61.45654889286));
#1091 = CARTESIAN_POINT('',(-4.576049569879,-60.97057922857));
#1092 = CARTESIAN_POINT('',(-4.586485520753,-60.5085508564));
#1093 = CARTESIAN_POINT('',(-4.61040558044,-59.71713672639));
#1094 = CARTESIAN_POINT('',(-4.623621089898,-59.36716204077));
#1095 = CARTESIAN_POINT('',(-4.638921121502,-59.05658259998));
#1096 = CARTESIAN_POINT('',(-4.656094326099,-58.8048610651));
#1097 = CARTESIAN_POINT('',(-4.674788610647,-58.62841788414));
#1098 = CARTESIAN_POINT('',(-4.694558467742,-58.54039373281));
#1099 = CARTESIAN_POINT('',(-4.734411646389,-58.56047201233));
#1100 = CARTESIAN_POINT('',(-4.753321515227,-58.66083126207));
#1101 = CARTESIAN_POINT('',(-4.771132870504,-58.84151099662));
#1102 = CARTESIAN_POINT('',(-4.787477321958,-59.09004998021));
#1103 = CARTESIAN_POINT('',(-4.802069640952,-59.39165008365));
#1104 = CARTESIAN_POINT('',(-4.814741511781,-59.72934973298));
#1105 = CARTESIAN_POINT('',(-4.838292284957,-60.50854572615));
#1106 = CARTESIAN_POINT('',(-4.848728417057,-60.97057729097));
#1107 = CARTESIAN_POINT('',(-4.856900786383,-61.45655303132));
#1108 = CARTESIAN_POINT('',(-4.862936565442,-61.9578477525));
#1109 = CARTESIAN_POINT('',(-4.866930329229,-62.46837808342));
#1110 = CARTESIAN_POINT('',(-4.868933089052,-62.98377000964));
#1111 = CARTESIAN_POINT('',(-4.868933089052,-63.5));
#1112 = ( GEOMETRIC_REPRESENTATION_CONTEXT(2) 
PARAMETRIC_REPRESENTATION_CONTEXT() REPRESENTATION_CONTEXT('2D SPACE',''
  ) );
#1113 = PCURVE('',#1114,#1119);
#1114 = CYLINDRICAL_SURFACE('',#1115,4.95);
#1115 = AXIS2_PLACEMENT_3D('',#1116,#1117,#1118);
#1116 = CARTESIAN_POINT('',(0.,-174.138223468,-33.76947368882));
#1117 = DIRECTION('',(0.,0.849892692987,-0.526955795497));
#1118 = DIRECTION('',(1.,0.,0.));
#1119 = DEFINITIONAL_REPRESENTATION('',(#1120),#1171);
#1120 = B_SPLINE_CURVE_WITH_KNOTS('',7,(#1121,#1122,#1123,#1124,#1125,
    #1126,#1127,#1128,#1129,#1130,#1131,#1132,#1133,#1134,#1135,#1136,
    #1137,#1138,#1139,#1140,#1141,#1142,#1143,#1144,#1145,#1146,#1147,
    #1148,#1149,#1150,#1151,#1152,#1153,#1154,#1155,#1156,#1157,#1158,
    #1159,#1160,#1161,#1162,#1163,#1164,#1165,#1166,#1167,#1168,#1169,
    #1170),.UNSPECIFIED.,.F.,.F.,(8,6,6,6,6,6,6,6,8),(0.,0.135666359963,
    0.252963382748,0.365898566021,0.501015167593,0.636131748957,
    0.752953432303,0.865430952271,1.),.UNSPECIFIED.);
#1121 = CARTESIAN_POINT('',(0.,-31.36176015468));
#1122 = CARTESIAN_POINT('',(-0.104288871245,-31.36176015468));
#1123 = CARTESIAN_POINT('',(-0.208409182691,-31.37167364553));
#1124 = CARTESIAN_POINT('',(-0.313400739218,-31.39144391598));
#1125 = CARTESIAN_POINT('',(-0.420200316633,-31.42052681389));
#1126 = CARTESIAN_POINT('',(-0.529766785408,-31.45783745796));
#1127 = CARTESIAN_POINT('',(-0.643121201695,-31.50128138929));
#1128 = CARTESIAN_POINT('',(-0.864033350416,-31.58697460765));
#1129 = CARTESIAN_POINT('',(-0.973396486838,-31.62979073765));
#1130 = CARTESIAN_POINT('',(-1.08803248144,-31.67241955019));
#1131 = CARTESIAN_POINT('',(-1.207034280319,-31.71015433923));
#1132 = CARTESIAN_POINT('',(-1.329897932562,-31.73777897864));
#1133 = CARTESIAN_POINT('',(-1.4564135504,-31.7514974801));
#1134 = CARTESIAN_POINT('',(-1.712068871902,-31.7483675501));
#1135 = CARTESIAN_POINT('',(-1.83365835252,-31.73272606466));
#1136 = CARTESIAN_POINT('',(-1.95159723456,-31.70468436334));
#1137 = CARTESIAN_POINT('',(-2.065767807322,-31.66785539263));
#1138 = CARTESIAN_POINT('',(-2.175795735966,-31.62681724142));
#1139 = CARTESIAN_POINT('',(-2.280968392637,-31.5856522003));
#1140 = CARTESIAN_POINT('',(-2.49847002258,-31.50128194373));
#1141 = CARTESIAN_POINT('',(-2.611825685896,-31.45783750791));
#1142 = CARTESIAN_POINT('',(-2.721393277997,-31.42052633862));
#1143 = CARTESIAN_POINT('',(-2.828193233772,-31.39144361431));
#1144 = CARTESIAN_POINT('',(-2.933184415937,-31.37167364305));
#1145 = CARTESIAN_POINT('',(-3.037303765601,-31.36176015468));
#1146 = CARTESIAN_POINT('',(-3.245881525981,-31.36176015468));
#1147 = CARTESIAN_POINT('',(-3.350001831616,-31.37167364502));
#1148 = CARTESIAN_POINT('',(-3.454993401484,-31.39144391761));
#1149 = CARTESIAN_POINT('',(-3.561792961311,-31.42052681162));
#1150 = CARTESIAN_POINT('',(-3.67135944407,-31.45783745957));
#1151 = CARTESIAN_POINT('',(-3.78471385395,-31.50128138877));
#1152 = CARTESIAN_POINT('',(-4.005626004006,-31.58697460765));
#1153 = CARTESIAN_POINT('',(-4.114989140428,-31.62979073765));
#1154 = CARTESIAN_POINT('',(-4.229625135029,-31.67241955019));
#1155 = CARTESIAN_POINT('',(-4.348626933909,-31.71015433923));
#1156 = CARTESIAN_POINT('',(-4.471490586152,-31.73777897864));
#1157 = CARTESIAN_POINT('',(-4.59800620399,-31.7514974801));
#1158 = CARTESIAN_POINT('',(-4.853661525527,-31.7483675501));
#1159 = CARTESIAN_POINT('',(-4.975251006077,-31.73272606465));
#1160 = CARTESIAN_POINT('',(-5.093189888123,-31.70468436336));
#1161 = CARTESIAN_POINT('',(-5.207360460931,-31.66785539262));
#1162 = CARTESIAN_POINT('',(-5.317388389596,-31.62681724141));
#1163 = CARTESIAN_POINT('',(-5.422561046192,-31.58565220032));
#1164 = CARTESIAN_POINT('',(-5.640062674781,-31.50128194427));
#1165 = CARTESIAN_POINT('',(-5.753418344711,-31.45783750623));
#1166 = CARTESIAN_POINT('',(-5.86298592252,-31.42052634099));
#1167 = CARTESIAN_POINT('',(-5.969785896026,-31.39144361262));
#1168 = CARTESIAN_POINT('',(-6.074777065005,-31.37167364358));
#1169 = CARTESIAN_POINT('',(-6.17889642024,-31.36176015468));
#1170 = CARTESIAN_POINT('',(-6.28318530718,-31.36176015468));
#1171 = ( GEOMETRIC_REPRESENTATION_CONTEXT(2) 
PARAMETRIC_REPRESENTATION_CONTEXT() REPRESENTATION_CONTEXT('2D SPACE',''
  ) );
#1172 = ADVANCED_FACE('',(#1173,#1176),#477,.T.);
#1173 = FACE_BOUND('',#1174,.T.);
#1174 = EDGE_LOOP('',(#1175));
#1175 = ORIENTED_EDGE('',*,*,#428,.T.);
#1176 = FACE_BOUND('',#1177,.T.);
#1177 = EDGE_LOOP('',(#1178));
#1178 = ORIENTED_EDGE('',*,*,#1179,.F.);
#1179 = EDGE_CURVE('',#1180,#1180,#1182,.T.);
#1180 = VERTEX_POINT('',#1181);
#1181 = CARTESIAN_POINT('',(25.7,-134.1654562313,30.7));
#1182 = SURFACE_CURVE('',#1183,(#1188,#1195),.PCURVE_S1.);
#1183 = ELLIPSE('',#1184,30.23911161029,25.7);
#1184 = AXIS2_PLACEMENT_3D('',#1185,#1186,#1187);
#1185 = CARTESIAN_POINT('',(1.494937157442E-13,-134.1654562313,30.7));
#1186 = DIRECTION('',(0.,0.,1.));
#1187 = DIRECTION('',(0.,-1.,0.));
#1188 = PCURVE('',#477,#1189);
#1189 = DEFINITIONAL_REPRESENTATION('',(#1190),#1194);
#1190 = ELLIPSE('',#1191,30.23911161029,25.7);
#1191 = AXIS2_PLACEMENT_2D('',#1192,#1193);
#1192 = CARTESIAN_POINT('',(100.,212.83454376863));
#1193 = DIRECTION('',(0.,-1.));
#1194 = ( GEOMETRIC_REPRESENTATION_CONTEXT(2) 
PARAMETRIC_REPRESENTATION_CONTEXT() REPRESENTATION_CONTEXT('2D SPACE',''
  ) );
#1195 = PCURVE('',#1196,#1201);
#1196 = CYLINDRICAL_SURFACE('',#1197,25.7);
#1197 = AXIS2_PLACEMENT_3D('',#1198,#1199,#1200);
#1198 = CARTESIAN_POINT('',(1.494937157442E-13,-207.5999164821,
    -87.73765969348));
#1199 = DIRECTION('',(-0.,-0.526955795497,-0.849892692987));
#1200 = DIRECTION('',(1.,0.,0.));
#1201 = DEFINITIONAL_REPRESENTATION('',(#1202),#1240);
#1202 = B_SPLINE_CURVE_WITH_KNOTS('',8,(#1203,#1204,#1205,#1206,#1207,
    #1208,#1209,#1210,#1211,#1212,#1213,#1214,#1215,#1216,#1217,#1218,
    #1219,#1220,#1221,#1222,#1223,#1224,#1225,#1226,#1227,#1228,#1229,
    #1230,#1231,#1232,#1233,#1234,#1235,#1236,#1237,#1238,#1239),
  .UNSPECIFIED.,.F.,.F.,(9,7,7,7,7,9),(1.570796326795,3.14159265359,
    4.319689898686,5.203262832508,6.528622233241,7.853981633974),
  .UNSPECIFIED.);
#1203 = CARTESIAN_POINT('',(0.,-139.3560159662));
#1204 = CARTESIAN_POINT('',(-0.196349540849,-142.4847821084));
#1205 = CARTESIAN_POINT('',(-0.392699081699,-145.6135489934));
#1206 = CARTESIAN_POINT('',(-0.589048622542,-148.558502157));
#1207 = CARTESIAN_POINT('',(-0.785398163403,-151.1358639822));
#1208 = CARTESIAN_POINT('',(-0.981747704241,-153.1844145921));
#1209 = CARTESIAN_POINT('',(-1.178097245096,-154.5885969293));
#1210 = CARTESIAN_POINT('',(-1.374446785946,-155.2906910799));
#1211 = CARTESIAN_POINT('',(-1.718058482432,-155.2906910799));
#1212 = CARTESIAN_POINT('',(-1.865320638071,-154.8957634575));
#1213 = CARTESIAN_POINT('',(-2.012582793691,-154.1059085651));
#1214 = CARTESIAN_POINT('',(-2.159844949361,-152.9393957699));
#1215 = CARTESIAN_POINT('',(-2.307107104966,-151.4327707039));
#1216 = CARTESIAN_POINT('',(-2.454369260618,-149.638724435));
#1217 = CARTESIAN_POINT('',(-2.601631416254,-147.6219043829));
#1218 = CARTESIAN_POINT('',(-2.859340188619,-143.8279879444));
#1219 = CARTESIAN_POINT('',(-2.969786805347,-142.1170118724));
#1220 = CARTESIAN_POINT('',(-3.080233422074,-140.3512475329));
#1221 = CARTESIAN_POINT('',(-3.190680038803,-138.563130784));
#1222 = CARTESIAN_POINT('',(-3.30112665553,-136.7861304235));
#1223 = CARTESIAN_POINT('',(-3.411573272257,-135.0534224552));
#1224 = CARTESIAN_POINT('',(-3.522019888985,-133.3965826482));
#1225 = CARTESIAN_POINT('',(-3.798136430805,-129.5162813158));
#1226 = CARTESIAN_POINT('',(-3.963806355886,-127.423718755));
#1227 = CARTESIAN_POINT('',(-4.12947628101,-125.6641474794));
#1228 = CARTESIAN_POINT('',(-4.295146206041,-124.3211395283));
#1229 = CARTESIAN_POINT('',(-4.460816131186,-123.4559351442));
#1230 = CARTESIAN_POINT('',(-4.626486056252,-123.1008490924));
#1231 = CARTESIAN_POINT('',(-4.792155981355,-123.2574405863));
#1232 = CARTESIAN_POINT('',(-5.123495831538,-124.5403256065));
#1233 = CARTESIAN_POINT('',(-5.289165756632,-125.666619219));
#1234 = CARTESIAN_POINT('',(-5.454835681699,-127.2509352217));
#1235 = CARTESIAN_POINT('',(-5.620505606836,-129.2380633983));
#1236 = CARTESIAN_POINT('',(-5.786175531881,-131.5467368728));
#1237 = CARTESIAN_POINT('',(-5.951845456997,-134.0762229237));
#1238 = CARTESIAN_POINT('',(-6.117515382088,-136.7161195338));
#1239 = CARTESIAN_POINT('',(-6.28318530718,-139.3560159662));
#1240 = ( GEOMETRIC_REPRESENTATION_CONTEXT(2) 
PARAMETRIC_REPRESENTATION_CONTEXT() REPRESENTATION_CONTEXT('2D SPACE',''
  ) );
#1241 = ADVANCED_FACE('',(#1242),#68,.F.);
#1242 = FACE_BOUND('',#1243,.F.);
#1243 = EDGE_LOOP('',(#1244,#1267,#1268,#1269,#1292,#1316));
#1244 = ORIENTED_EDGE('',*,*,#1245,.F.);
#1245 = EDGE_CURVE('',#52,#1246,#1248,.T.);
#1246 = VERTEX_POINT('',#1247);
#1247 = CARTESIAN_POINT('',(24.412510757312,-214.4265876063,
    -83.50494426652));
#1248 = SURFACE_CURVE('',#1249,(#1253,#1260),.PCURVE_S1.);
#1249 = LINE('',#1250,#1251);
#1250 = CARTESIAN_POINT('',(2.625,-203.7357660033,-90.13353449774));
#1251 = VECTOR('',#1252,1.);
#1252 = DIRECTION('',(-0.866025403784,0.424946346493,-0.263477897748));
#1253 = PCURVE('',#68,#1254);
#1254 = DEFINITIONAL_REPRESENTATION('',(#1255),#1259);
#1255 = LINE('',#1256,#1257);
#1256 = CARTESIAN_POINT('',(2.625,4.546633369868));
#1257 = VECTOR('',#1258,1.);
#1258 = DIRECTION('',(-0.866025403784,0.5));
#1259 = ( GEOMETRIC_REPRESENTATION_CONTEXT(2) 
PARAMETRIC_REPRESENTATION_CONTEXT() REPRESENTATION_CONTEXT('2D SPACE',''
  ) );
#1260 = PCURVE('',#96,#1261);
#1261 = DEFINITIONAL_REPRESENTATION('',(#1262),#1266);
#1262 = LINE('',#1263,#1264);
#1263 = CARTESIAN_POINT('',(11.,8.437694987151E-15));
#1264 = VECTOR('',#1265,1.);
#1265 = DIRECTION('',(2.775557561563E-17,-1.));
#1266 = ( GEOMETRIC_REPRESENTATION_CONTEXT(2) 
PARAMETRIC_REPRESENTATION_CONTEXT() REPRESENTATION_CONTEXT('2D SPACE',''
  ) );
#1267 = ORIENTED_EDGE('',*,*,#51,.T.);
#1268 = ORIENTED_EDGE('',*,*,#405,.T.);
#1269 = ORIENTED_EDGE('',*,*,#1270,.T.);
#1270 = EDGE_CURVE('',#378,#1271,#1273,.T.);
#1271 = VERTEX_POINT('',#1272);
#1272 = CARTESIAN_POINT('',(5.25,-186.2182732761,-100.9948401559));
#1273 = SURFACE_CURVE('',#1274,(#1278,#1285),.PCURVE_S1.);
#1274 = LINE('',#1275,#1276);
#1275 = CARTESIAN_POINT('',(5.25,-207.5999164821,-87.73765969348));
#1276 = VECTOR('',#1277,1.);
#1277 = DIRECTION('',(-1.110223024625E-16,-0.849892692987,0.526955795497
    ));
#1278 = PCURVE('',#68,#1279);
#1279 = DEFINITIONAL_REPRESENTATION('',(#1280),#1284);
#1280 = LINE('',#1281,#1282);
#1281 = CARTESIAN_POINT('',(5.25,0.));
#1282 = VECTOR('',#1283,1.);
#1283 = DIRECTION('',(-1.110223024625E-16,-1.));
#1284 = ( GEOMETRIC_REPRESENTATION_CONTEXT(2) 
PARAMETRIC_REPRESENTATION_CONTEXT() REPRESENTATION_CONTEXT('2D SPACE',''
  ) );
#1285 = PCURVE('',#393,#1286);
#1286 = DEFINITIONAL_REPRESENTATION('',(#1287),#1291);
#1287 = LINE('',#1288,#1289);
#1288 = CARTESIAN_POINT('',(11.,-4.440892098501E-15));
#1289 = VECTOR('',#1290,1.);
#1290 = DIRECTION('',(0.,-1.));
#1291 = ( GEOMETRIC_REPRESENTATION_CONTEXT(2) 
PARAMETRIC_REPRESENTATION_CONTEXT() REPRESENTATION_CONTEXT('2D SPACE',''
  ) );
#1292 = ORIENTED_EDGE('',*,*,#1293,.F.);
#1293 = EDGE_CURVE('',#1294,#1271,#1296,.T.);
#1294 = VERTEX_POINT('',#1295);
#1295 = CARTESIAN_POINT('',(25.7,-207.5999164821,-87.73765969348));
#1296 = SURFACE_CURVE('',#1297,(#1302,#1309),.PCURVE_S1.);
#1297 = CIRCLE('',#1298,25.7);
#1298 = AXIS2_PLACEMENT_3D('',#1299,#1300,#1301);
#1299 = CARTESIAN_POINT('',(1.494937157442E-13,-207.5999164821,
    -87.73765969348));
#1300 = DIRECTION('',(-0.,0.526955795497,0.849892692987));
#1301 = DIRECTION('',(1.,0.,0.));
#1302 = PCURVE('',#68,#1303);
#1303 = DEFINITIONAL_REPRESENTATION('',(#1304),#1308);
#1304 = CIRCLE('',#1305,25.7);
#1305 = AXIS2_PLACEMENT_2D('',#1306,#1307);
#1306 = CARTESIAN_POINT('',(1.50182819433E-13,0.));
#1307 = DIRECTION('',(1.,0.));
#1308 = ( GEOMETRIC_REPRESENTATION_CONTEXT(2) 
PARAMETRIC_REPRESENTATION_CONTEXT() REPRESENTATION_CONTEXT('2D SPACE',''
  ) );
#1309 = PCURVE('',#1196,#1310);
#1310 = DEFINITIONAL_REPRESENTATION('',(#1311),#1315);
#1311 = LINE('',#1312,#1313);
#1312 = CARTESIAN_POINT('',(-0.,0.));
#1313 = VECTOR('',#1314,1.);
#1314 = DIRECTION('',(-1.,0.));
#1315 = ( GEOMETRIC_REPRESENTATION_CONTEXT(2) 
PARAMETRIC_REPRESENTATION_CONTEXT() REPRESENTATION_CONTEXT('2D SPACE',''
  ) );
#1316 = ORIENTED_EDGE('',*,*,#1317,.F.);
#1317 = EDGE_CURVE('',#1246,#1294,#1318,.T.);
#1318 = SURFACE_CURVE('',#1319,(#1324,#1331),.PCURVE_S1.);
#1319 = CIRCLE('',#1320,25.7);
#1320 = AXIS2_PLACEMENT_3D('',#1321,#1322,#1323);
#1321 = CARTESIAN_POINT('',(1.494937157442E-13,-207.5999164821,
    -87.73765969348));
#1322 = DIRECTION('',(-0.,0.526955795497,0.849892692987));
#1323 = DIRECTION('',(1.,0.,0.));
#1324 = PCURVE('',#68,#1325);
#1325 = DEFINITIONAL_REPRESENTATION('',(#1326),#1330);
#1326 = CIRCLE('',#1327,25.7);
#1327 = AXIS2_PLACEMENT_2D('',#1328,#1329);
#1328 = CARTESIAN_POINT('',(1.50182819433E-13,0.));
#1329 = DIRECTION('',(1.,0.));
#1330 = ( GEOMETRIC_REPRESENTATION_CONTEXT(2) 
PARAMETRIC_REPRESENTATION_CONTEXT() REPRESENTATION_CONTEXT('2D SPACE',''
  ) );
#1331 = PCURVE('',#1196,#1332);
#1332 = DEFINITIONAL_REPRESENTATION('',(#1333),#1337);
#1333 = LINE('',#1334,#1335);
#1334 = CARTESIAN_POINT('',(-0.,0.));
#1335 = VECTOR('',#1336,1.);
#1336 = DIRECTION('',(-1.,0.));
#1337 = ( GEOMETRIC_REPRESENTATION_CONTEXT(2) 
PARAMETRIC_REPRESENTATION_CONTEXT() REPRESENTATION_CONTEXT('2D SPACE',''
  ) );
#1338 = ADVANCED_FACE('',(#1339),#393,.T.);
#1339 = FACE_BOUND('',#1340,.T.);
#1340 = EDGE_LOOP('',(#1341,#1364,#1365,#1366));
#1341 = ORIENTED_EDGE('',*,*,#1342,.T.);
#1342 = EDGE_CURVE('',#1343,#345,#1345,.T.);
#1343 = VERTEX_POINT('',#1344);
#1344 = CARTESIAN_POINT('',(5.25,-180.4217595256,-91.64602053305));
#1345 = SURFACE_CURVE('',#1346,(#1350,#1357),.PCURVE_S1.);
#1346 = LINE('',#1347,#1348);
#1347 = CARTESIAN_POINT('',(5.25,-201.8034027316,-78.38884007063));
#1348 = VECTOR('',#1349,1.);
#1349 = DIRECTION('',(1.110223024625E-16,0.849892692987,-0.526955795497)
  );
#1350 = PCURVE('',#393,#1351);
#1351 = DEFINITIONAL_REPRESENTATION('',(#1352),#1356);
#1352 = LINE('',#1353,#1354);
#1353 = CARTESIAN_POINT('',(22.,1.42108547152E-14));
#1354 = VECTOR('',#1355,1.);
#1355 = DIRECTION('',(0.,1.));
#1356 = ( GEOMETRIC_REPRESENTATION_CONTEXT(2) 
PARAMETRIC_REPRESENTATION_CONTEXT() REPRESENTATION_CONTEXT('2D SPACE',''
  ) );
#1357 = PCURVE('',#361,#1358);
#1358 = DEFINITIONAL_REPRESENTATION('',(#1359),#1363);
#1359 = LINE('',#1360,#1361);
#1360 = CARTESIAN_POINT('',(0.,0.));
#1361 = VECTOR('',#1362,1.);
#1362 = DIRECTION('',(1.,1.232595164408E-32));
#1363 = ( GEOMETRIC_REPRESENTATION_CONTEXT(2) 
PARAMETRIC_REPRESENTATION_CONTEXT() REPRESENTATION_CONTEXT('2D SPACE',''
  ) );
#1364 = ORIENTED_EDGE('',*,*,#377,.T.);
#1365 = ORIENTED_EDGE('',*,*,#1270,.T.);
#1366 = ORIENTED_EDGE('',*,*,#1367,.F.);
#1367 = EDGE_CURVE('',#1343,#1271,#1368,.T.);
#1368 = SURFACE_CURVE('',#1369,(#1373,#1380),.PCURVE_S1.);
#1369 = LINE('',#1370,#1371);
#1370 = CARTESIAN_POINT('',(5.25,-186.2182732761,-100.9948401559));
#1371 = VECTOR('',#1372,1.);
#1372 = DIRECTION('',(-0.,-0.526955795497,-0.849892692987));
#1373 = PCURVE('',#393,#1374);
#1374 = DEFINITIONAL_REPRESENTATION('',(#1375),#1379);
#1375 = LINE('',#1376,#1377);
#1376 = CARTESIAN_POINT('',(11.,25.158050401412));
#1377 = VECTOR('',#1378,1.);
#1378 = DIRECTION('',(-1.,0.));
#1379 = ( GEOMETRIC_REPRESENTATION_CONTEXT(2) 
PARAMETRIC_REPRESENTATION_CONTEXT() REPRESENTATION_CONTEXT('2D SPACE',''
  ) );
#1380 = PCURVE('',#1196,#1381);
#1381 = DEFINITIONAL_REPRESENTATION('',(#1382),#1386);
#1382 = LINE('',#1383,#1384);
#1383 = CARTESIAN_POINT('',(-1.365068027129,0.));
#1384 = VECTOR('',#1385,1.);
#1385 = DIRECTION('',(-0.,1.));
#1386 = ( GEOMETRIC_REPRESENTATION_CONTEXT(2) 
PARAMETRIC_REPRESENTATION_CONTEXT() REPRESENTATION_CONTEXT('2D SPACE',''
  ) );
#1387 = ADVANCED_FACE('',(#1388),#361,.F.);
#1388 = FACE_BOUND('',#1389,.F.);
#1389 = EDGE_LOOP('',(#1390,#1413,#1439,#1440));
#1390 = ORIENTED_EDGE('',*,*,#1391,.F.);
#1391 = EDGE_CURVE('',#1392,#317,#1394,.T.);
#1392 = VERTEX_POINT('',#1393);
#1393 = CARTESIAN_POINT('',(-5.25,-180.4217595256,-91.64602053305));
#1394 = SURFACE_CURVE('',#1395,(#1399,#1406),.PCURVE_S1.);
#1395 = LINE('',#1396,#1397);
#1396 = CARTESIAN_POINT('',(-5.25,-201.8034027316,-78.38884007063));
#1397 = VECTOR('',#1398,1.);
#1398 = DIRECTION('',(1.110223024625E-16,0.849892692987,-0.526955795497)
  );
#1399 = PCURVE('',#361,#1400);
#1400 = DEFINITIONAL_REPRESENTATION('',(#1401),#1405);
#1401 = LINE('',#1402,#1403);
#1402 = CARTESIAN_POINT('',(-1.165734175856E-15,10.5));
#1403 = VECTOR('',#1404,1.);
#1404 = DIRECTION('',(1.,1.232595164408E-32));
#1405 = ( GEOMETRIC_REPRESENTATION_CONTEXT(2) 
PARAMETRIC_REPRESENTATION_CONTEXT() REPRESENTATION_CONTEXT('2D SPACE',''
  ) );
#1406 = PCURVE('',#332,#1407);
#1407 = DEFINITIONAL_REPRESENTATION('',(#1408),#1412);
#1408 = LINE('',#1409,#1410);
#1409 = CARTESIAN_POINT('',(22.,1.42108547152E-14));
#1410 = VECTOR('',#1411,1.);
#1411 = DIRECTION('',(0.,1.));
#1412 = ( GEOMETRIC_REPRESENTATION_CONTEXT(2) 
PARAMETRIC_REPRESENTATION_CONTEXT() REPRESENTATION_CONTEXT('2D SPACE',''
  ) );
#1413 = ORIENTED_EDGE('',*,*,#1414,.T.);
#1414 = EDGE_CURVE('',#1392,#1343,#1415,.T.);
#1415 = SURFACE_CURVE('',#1416,(#1421,#1432),.PCURVE_S1.);
#1416 = CIRCLE('',#1417,25.7);
#1417 = AXIS2_PLACEMENT_3D('',#1418,#1419,#1420);
#1418 = CARTESIAN_POINT('',(1.494937157442E-13,-201.8034027316,
    -78.38884007063));
#1419 = DIRECTION('',(0.,-0.526955795497,-0.849892692987));
#1420 = DIRECTION('',(1.,0.,0.));
#1421 = PCURVE('',#361,#1422);
#1422 = DEFINITIONAL_REPRESENTATION('',(#1423),#1431);
#1423 = ( BOUNDED_CURVE() B_SPLINE_CURVE(2,(#1424,#1425,#1426,#1427,
#1428,#1429,#1430),.UNSPECIFIED.,.T.,.F.) B_SPLINE_CURVE_WITH_KNOTS((1,2
    ,2,2,2,1),(-2.094395102393,0.,2.094395102393,4.188790204786,
6.28318530718,8.377580409573),.UNSPECIFIED.) CURVE() 
GEOMETRIC_REPRESENTATION_ITEM() RATIONAL_B_SPLINE_CURVE((1.,0.5,1.,0.5,
1.,0.5,1.)) REPRESENTATION_ITEM('') );
#1424 = CARTESIAN_POINT('',(2.270406085358E-15,-20.45));
#1425 = CARTESIAN_POINT('',(-44.51370575452,-20.45));
#1426 = CARTESIAN_POINT('',(-22.25685287726,18.1));
#1427 = CARTESIAN_POINT('',(-1.258409798212E-14,56.65));
#1428 = CARTESIAN_POINT('',(22.25685287726,18.1));
#1429 = CARTESIAN_POINT('',(44.51370575452,-20.45));
#1430 = CARTESIAN_POINT('',(2.270406085358E-15,-20.45));
#1431 = ( GEOMETRIC_REPRESENTATION_CONTEXT(2) 
PARAMETRIC_REPRESENTATION_CONTEXT() REPRESENTATION_CONTEXT('2D SPACE',''
  ) );
#1432 = PCURVE('',#1196,#1433);
#1433 = DEFINITIONAL_REPRESENTATION('',(#1434),#1438);
#1434 = LINE('',#1435,#1436);
#1435 = CARTESIAN_POINT('',(-6.28318530718,-11.));
#1436 = VECTOR('',#1437,1.);
#1437 = DIRECTION('',(1.,-0.));
#1438 = ( GEOMETRIC_REPRESENTATION_CONTEXT(2) 
PARAMETRIC_REPRESENTATION_CONTEXT() REPRESENTATION_CONTEXT('2D SPACE',''
  ) );
#1439 = ORIENTED_EDGE('',*,*,#1342,.T.);
#1440 = ORIENTED_EDGE('',*,*,#344,.F.);
#1441 = ADVANCED_FACE('',(#1442),#332,.F.);
#1442 = FACE_BOUND('',#1443,.F.);
#1443 = EDGE_LOOP('',(#1444,#1445,#1446,#1469));
#1444 = ORIENTED_EDGE('',*,*,#1391,.T.);
#1445 = ORIENTED_EDGE('',*,*,#316,.T.);
#1446 = ORIENTED_EDGE('',*,*,#1447,.T.);
#1447 = EDGE_CURVE('',#288,#1448,#1450,.T.);
#1448 = VERTEX_POINT('',#1449);
#1449 = CARTESIAN_POINT('',(-5.25,-186.2182732761,-100.9948401559));
#1450 = SURFACE_CURVE('',#1451,(#1455,#1462),.PCURVE_S1.);
#1451 = LINE('',#1452,#1453);
#1452 = CARTESIAN_POINT('',(-5.25,-207.5999164821,-87.73765969348));
#1453 = VECTOR('',#1454,1.);
#1454 = DIRECTION('',(-1.110223024625E-16,-0.849892692987,0.526955795497
    ));
#1455 = PCURVE('',#332,#1456);
#1456 = DEFINITIONAL_REPRESENTATION('',(#1457),#1461);
#1457 = LINE('',#1458,#1459);
#1458 = CARTESIAN_POINT('',(11.,-4.440892098501E-15));
#1459 = VECTOR('',#1460,1.);
#1460 = DIRECTION('',(0.,-1.));
#1461 = ( GEOMETRIC_REPRESENTATION_CONTEXT(2) 
PARAMETRIC_REPRESENTATION_CONTEXT() REPRESENTATION_CONTEXT('2D SPACE',''
  ) );
#1462 = PCURVE('',#304,#1463);
#1463 = DEFINITIONAL_REPRESENTATION('',(#1464),#1468);
#1464 = LINE('',#1465,#1466);
#1465 = CARTESIAN_POINT('',(-5.25,0.));
#1466 = VECTOR('',#1467,1.);
#1467 = DIRECTION('',(-1.110223024625E-16,-1.));
#1468 = ( GEOMETRIC_REPRESENTATION_CONTEXT(2) 
PARAMETRIC_REPRESENTATION_CONTEXT() REPRESENTATION_CONTEXT('2D SPACE',''
  ) );
#1469 = ORIENTED_EDGE('',*,*,#1470,.F.);
#1470 = EDGE_CURVE('',#1392,#1448,#1471,.T.);
#1471 = SURFACE_CURVE('',#1472,(#1476,#1483),.PCURVE_S1.);
#1472 = LINE('',#1473,#1474);
#1473 = CARTESIAN_POINT('',(-5.25,-186.2182732761,-100.9948401559));
#1474 = VECTOR('',#1475,1.);
#1475 = DIRECTION('',(-0.,-0.526955795497,-0.849892692987));
#1476 = PCURVE('',#332,#1477);
#1477 = DEFINITIONAL_REPRESENTATION('',(#1478),#1482);
#1478 = LINE('',#1479,#1480);
#1479 = CARTESIAN_POINT('',(11.,25.158050401412));
#1480 = VECTOR('',#1481,1.);
#1481 = DIRECTION('',(-1.,0.));
#1482 = ( GEOMETRIC_REPRESENTATION_CONTEXT(2) 
PARAMETRIC_REPRESENTATION_CONTEXT() REPRESENTATION_CONTEXT('2D SPACE',''
  ) );
#1483 = PCURVE('',#1196,#1484);
#1484 = DEFINITIONAL_REPRESENTATION('',(#1485),#1489);
#1485 = LINE('',#1486,#1487);
#1486 = CARTESIAN_POINT('',(-1.776524626461,0.));
#1487 = VECTOR('',#1488,1.);
#1488 = DIRECTION('',(-0.,1.));
#1489 = ( GEOMETRIC_REPRESENTATION_CONTEXT(2) 
PARAMETRIC_REPRESENTATION_CONTEXT() REPRESENTATION_CONTEXT('2D SPACE',''
  ) );
#1490 = ADVANCED_FACE('',(#1491),#304,.F.);
#1491 = FACE_BOUND('',#1492,.F.);
#1492 = EDGE_LOOP('',(#1493,#1494,#1495,#1518));
#1493 = ORIENTED_EDGE('',*,*,#1447,.F.);
#1494 = ORIENTED_EDGE('',*,*,#287,.T.);
#1495 = ORIENTED_EDGE('',*,*,#1496,.T.);
#1496 = EDGE_CURVE('',#260,#1497,#1499,.T.);
#1497 = VERTEX_POINT('',#1498);
#1498 = CARTESIAN_POINT('',(-24.41251075731,-214.4265876063,
    -83.50494426652));
#1499 = SURFACE_CURVE('',#1500,(#1504,#1511),.PCURVE_S1.);
#1500 = LINE('',#1501,#1502);
#1501 = CARTESIAN_POINT('',(-2.625,-203.7357660033,-90.13353449774));
#1502 = VECTOR('',#1503,1.);
#1503 = DIRECTION('',(0.866025403784,0.424946346493,-0.263477897748));
#1504 = PCURVE('',#304,#1505);
#1505 = DEFINITIONAL_REPRESENTATION('',(#1506),#1510);
#1506 = LINE('',#1507,#1508);
#1507 = CARTESIAN_POINT('',(-2.625,4.546633369868));
#1508 = VECTOR('',#1509,1.);
#1509 = DIRECTION('',(0.866025403784,0.5));
#1510 = ( GEOMETRIC_REPRESENTATION_CONTEXT(2) 
PARAMETRIC_REPRESENTATION_CONTEXT() REPRESENTATION_CONTEXT('2D SPACE',''
  ) );
#1511 = PCURVE('',#275,#1512);
#1512 = DEFINITIONAL_REPRESENTATION('',(#1513),#1517);
#1513 = LINE('',#1514,#1515);
#1514 = CARTESIAN_POINT('',(11.,8.881784197001E-15));
#1515 = VECTOR('',#1516,1.);
#1516 = DIRECTION('',(2.775557561563E-17,-1.));
#1517 = ( GEOMETRIC_REPRESENTATION_CONTEXT(2) 
PARAMETRIC_REPRESENTATION_CONTEXT() REPRESENTATION_CONTEXT('2D SPACE',''
  ) );
#1518 = ORIENTED_EDGE('',*,*,#1519,.F.);
#1519 = EDGE_CURVE('',#1448,#1497,#1520,.T.);
#1520 = SURFACE_CURVE('',#1521,(#1526,#1533),.PCURVE_S1.);
#1521 = CIRCLE('',#1522,25.7);
#1522 = AXIS2_PLACEMENT_3D('',#1523,#1524,#1525);
#1523 = CARTESIAN_POINT('',(1.494937157442E-13,-207.5999164821,
    -87.73765969348));
#1524 = DIRECTION('',(-0.,0.526955795497,0.849892692987));
#1525 = DIRECTION('',(1.,0.,0.));
#1526 = PCURVE('',#304,#1527);
#1527 = DEFINITIONAL_REPRESENTATION('',(#1528),#1532);
#1528 = CIRCLE('',#1529,25.7);
#1529 = AXIS2_PLACEMENT_2D('',#1530,#1531);
#1530 = CARTESIAN_POINT('',(1.50182819433E-13,0.));
#1531 = DIRECTION('',(1.,0.));
#1532 = ( GEOMETRIC_REPRESENTATION_CONTEXT(2) 
PARAMETRIC_REPRESENTATION_CONTEXT() REPRESENTATION_CONTEXT('2D SPACE',''
  ) );
#1533 = PCURVE('',#1196,#1534);
#1534 = DEFINITIONAL_REPRESENTATION('',(#1535),#1539);
#1535 = LINE('',#1536,#1537);
#1536 = CARTESIAN_POINT('',(-0.,0.));
#1537 = VECTOR('',#1538,1.);
#1538 = DIRECTION('',(-1.,0.));
#1539 = ( GEOMETRIC_REPRESENTATION_CONTEXT(2) 
PARAMETRIC_REPRESENTATION_CONTEXT() REPRESENTATION_CONTEXT('2D SPACE',''
  ) );
#1540 = ADVANCED_FACE('',(#1541),#275,.T.);
#1541 = FACE_BOUND('',#1542,.T.);
#1542 = EDGE_LOOP('',(#1543,#1566,#1567,#1568));
#1543 = ORIENTED_EDGE('',*,*,#1544,.T.);
#1544 = EDGE_CURVE('',#1545,#227,#1547,.T.);
#1545 = VERTEX_POINT('',#1546);
#1546 = CARTESIAN_POINT('',(-24.41251075731,-208.6300738558,
    -74.15612464367));
#1547 = SURFACE_CURVE('',#1548,(#1552,#1559),.PCURVE_S1.);
#1548 = LINE('',#1549,#1550);
#1549 = CARTESIAN_POINT('',(-2.625,-197.9392522529,-80.78471487488));
#1550 = VECTOR('',#1551,1.);
#1551 = DIRECTION('',(-0.866025403784,-0.424946346493,0.263477897748));
#1552 = PCURVE('',#275,#1553);
#1553 = DEFINITIONAL_REPRESENTATION('',(#1554),#1558);
#1554 = LINE('',#1555,#1556);
#1555 = CARTESIAN_POINT('',(22.,7.993605777301E-15));
#1556 = VECTOR('',#1557,1.);
#1557 = DIRECTION('',(-2.775557561563E-17,1.));
#1558 = ( GEOMETRIC_REPRESENTATION_CONTEXT(2) 
PARAMETRIC_REPRESENTATION_CONTEXT() REPRESENTATION_CONTEXT('2D SPACE',''
  ) );
#1559 = PCURVE('',#243,#1560);
#1560 = DEFINITIONAL_REPRESENTATION('',(#1561),#1565);
#1561 = LINE('',#1562,#1563);
#1562 = CARTESIAN_POINT('',(0.,0.));
#1563 = VECTOR('',#1564,1.);
#1564 = DIRECTION('',(1.,6.938893903907E-17));
#1565 = ( GEOMETRIC_REPRESENTATION_CONTEXT(2) 
PARAMETRIC_REPRESENTATION_CONTEXT() REPRESENTATION_CONTEXT('2D SPACE',''
  ) );
#1566 = ORIENTED_EDGE('',*,*,#259,.T.);
#1567 = ORIENTED_EDGE('',*,*,#1496,.T.);
#1568 = ORIENTED_EDGE('',*,*,#1569,.F.);
#1569 = EDGE_CURVE('',#1545,#1497,#1570,.T.);
#1570 = SURFACE_CURVE('',#1571,(#1575,#1582),.PCURVE_S1.);
#1571 = LINE('',#1572,#1573);
#1572 = CARTESIAN_POINT('',(-24.41251075731,-214.4265876063,
    -83.50494426652));
#1573 = VECTOR('',#1574,1.);
#1574 = DIRECTION('',(-0.,-0.526955795497,-0.849892692987));
#1575 = PCURVE('',#275,#1576);
#1576 = DEFINITIONAL_REPRESENTATION('',(#1577),#1581);
#1577 = LINE('',#1578,#1579);
#1578 = CARTESIAN_POINT('',(11.,25.158050401412));
#1579 = VECTOR('',#1580,1.);
#1580 = DIRECTION('',(-1.,0.));
#1581 = ( GEOMETRIC_REPRESENTATION_CONTEXT(2) 
PARAMETRIC_REPRESENTATION_CONTEXT() REPRESENTATION_CONTEXT('2D SPACE',''
  ) );
#1582 = PCURVE('',#1196,#1583);
#1583 = DEFINITIONAL_REPRESENTATION('',(#1584),#1588);
#1584 = LINE('',#1585,#1586);
#1585 = CARTESIAN_POINT('',(-3.459463129522,0.));
#1586 = VECTOR('',#1587,1.);
#1587 = DIRECTION('',(-0.,1.));
#1588 = ( GEOMETRIC_REPRESENTATION_CONTEXT(2) 
PARAMETRIC_REPRESENTATION_CONTEXT() REPRESENTATION_CONTEXT('2D SPACE',''
  ) );
#1589 = ADVANCED_FACE('',(#1590),#243,.F.);
#1590 = FACE_BOUND('',#1591,.F.);
#1591 = EDGE_LOOP('',(#1592,#1615,#1641,#1642));
#1592 = ORIENTED_EDGE('',*,*,#1593,.F.);
#1593 = EDGE_CURVE('',#1594,#199,#1596,.T.);
#1594 = VERTEX_POINT('',#1595);
#1595 = CARTESIAN_POINT('',(-19.16251075731,-216.3583748133,
    -69.36437503517));
#1596 = SURFACE_CURVE('',#1597,(#1601,#1608),.PCURVE_S1.);
#1597 = LINE('',#1598,#1599);
#1598 = CARTESIAN_POINT('',(2.625,-205.6675532103,-75.99296526638));
#1599 = VECTOR('',#1600,1.);
#1600 = DIRECTION('',(-0.866025403784,-0.424946346493,0.263477897748));
#1601 = PCURVE('',#243,#1602);
#1602 = DEFINITIONAL_REPRESENTATION('',(#1603),#1607);
#1603 = LINE('',#1604,#1605);
#1604 = CARTESIAN_POINT('',(-3.552713678801E-15,10.5));
#1605 = VECTOR('',#1606,1.);
#1606 = DIRECTION('',(1.,6.938893903907E-17));
#1607 = ( GEOMETRIC_REPRESENTATION_CONTEXT(2) 
PARAMETRIC_REPRESENTATION_CONTEXT() REPRESENTATION_CONTEXT('2D SPACE',''
  ) );
#1608 = PCURVE('',#214,#1609);
#1609 = DEFINITIONAL_REPRESENTATION('',(#1610),#1614);
#1610 = LINE('',#1611,#1612);
#1611 = CARTESIAN_POINT('',(22.,-1.33226762955E-14));
#1612 = VECTOR('',#1613,1.);
#1613 = DIRECTION('',(-2.775557561563E-17,1.));
#1614 = ( GEOMETRIC_REPRESENTATION_CONTEXT(2) 
PARAMETRIC_REPRESENTATION_CONTEXT() REPRESENTATION_CONTEXT('2D SPACE',''
  ) );
#1615 = ORIENTED_EDGE('',*,*,#1616,.T.);
#1616 = EDGE_CURVE('',#1594,#1545,#1617,.T.);
#1617 = SURFACE_CURVE('',#1618,(#1623,#1634),.PCURVE_S1.);
#1618 = CIRCLE('',#1619,25.7);
#1619 = AXIS2_PLACEMENT_3D('',#1620,#1621,#1622);
#1620 = CARTESIAN_POINT('',(1.494937157442E-13,-201.8034027316,
    -78.38884007063));
#1621 = DIRECTION('',(0.,-0.526955795497,-0.849892692987));
#1622 = DIRECTION('',(1.,0.,0.));
#1623 = PCURVE('',#243,#1624);
#1624 = DEFINITIONAL_REPRESENTATION('',(#1625),#1633);
#1625 = ( BOUNDED_CURVE() B_SPLINE_CURVE(2,(#1626,#1627,#1628,#1629,
#1630,#1631,#1632),.UNSPECIFIED.,.T.,.F.) B_SPLINE_CURVE_WITH_KNOTS((1,2
    ,2,2,2,1),(-2.094395102393,0.,2.094395102393,4.188790204786,
6.28318530718,8.377580409573),.UNSPECIFIED.) CURVE() 
GEOMETRIC_REPRESENTATION_ITEM() RATIONAL_B_SPLINE_CURVE((1.,0.5,1.,0.5,
1.,0.5,1.)) REPRESENTATION_ITEM('') );
#1626 = CARTESIAN_POINT('',(-22.25685287726,18.1));
#1627 = CARTESIAN_POINT('',(-1.428857032693E-13,56.65));
#1628 = CARTESIAN_POINT('',(22.25685287726,18.1));
#1629 = CARTESIAN_POINT('',(44.51370575452,-20.45));
#1630 = CARTESIAN_POINT('',(-1.286748485541E-13,-20.45));
#1631 = CARTESIAN_POINT('',(-44.51370575452,-20.45));
#1632 = CARTESIAN_POINT('',(-22.25685287726,18.1));
#1633 = ( GEOMETRIC_REPRESENTATION_CONTEXT(2) 
PARAMETRIC_REPRESENTATION_CONTEXT() REPRESENTATION_CONTEXT('2D SPACE',''
  ) );
#1634 = PCURVE('',#1196,#1635);
#1635 = DEFINITIONAL_REPRESENTATION('',(#1636),#1640);
#1636 = LINE('',#1637,#1638);
#1637 = CARTESIAN_POINT('',(-6.28318530718,-11.));
#1638 = VECTOR('',#1639,1.);
#1639 = DIRECTION('',(1.,-0.));
#1640 = ( GEOMETRIC_REPRESENTATION_CONTEXT(2) 
PARAMETRIC_REPRESENTATION_CONTEXT() REPRESENTATION_CONTEXT('2D SPACE',''
  ) );
#1641 = ORIENTED_EDGE('',*,*,#1544,.T.);
#1642 = ORIENTED_EDGE('',*,*,#226,.F.);
#1643 = ADVANCED_FACE('',(#1644),#214,.F.);
#1644 = FACE_BOUND('',#1645,.F.);
#1645 = EDGE_LOOP('',(#1646,#1647,#1648,#1671));
#1646 = ORIENTED_EDGE('',*,*,#1593,.T.);
#1647 = ORIENTED_EDGE('',*,*,#198,.T.);
#1648 = ORIENTED_EDGE('',*,*,#1649,.T.);
#1649 = EDGE_CURVE('',#170,#1650,#1652,.T.);
#1650 = VERTEX_POINT('',#1651);
#1651 = CARTESIAN_POINT('',(-19.16251075731,-222.1548885638,
    -78.71319465802));
#1652 = SURFACE_CURVE('',#1653,(#1657,#1664),.PCURVE_S1.);
#1653 = LINE('',#1654,#1655);
#1654 = CARTESIAN_POINT('',(2.625,-211.4640669608,-85.34178488923));
#1655 = VECTOR('',#1656,1.);
#1656 = DIRECTION('',(0.866025403784,0.424946346493,-0.263477897748));
#1657 = PCURVE('',#214,#1658);
#1658 = DEFINITIONAL_REPRESENTATION('',(#1659),#1663);
#1659 = LINE('',#1660,#1661);
#1660 = CARTESIAN_POINT('',(11.,-1.376676550535E-14));
#1661 = VECTOR('',#1662,1.);
#1662 = DIRECTION('',(2.775557561563E-17,-1.));
#1663 = ( GEOMETRIC_REPRESENTATION_CONTEXT(2) 
PARAMETRIC_REPRESENTATION_CONTEXT() REPRESENTATION_CONTEXT('2D SPACE',''
  ) );
#1664 = PCURVE('',#186,#1665);
#1665 = DEFINITIONAL_REPRESENTATION('',(#1666),#1670);
#1666 = LINE('',#1667,#1668);
#1667 = CARTESIAN_POINT('',(2.625,-4.546633369868));
#1668 = VECTOR('',#1669,1.);
#1669 = DIRECTION('',(0.866025403784,0.5));
#1670 = ( GEOMETRIC_REPRESENTATION_CONTEXT(2) 
PARAMETRIC_REPRESENTATION_CONTEXT() REPRESENTATION_CONTEXT('2D SPACE',''
  ) );
#1671 = ORIENTED_EDGE('',*,*,#1672,.F.);
#1672 = EDGE_CURVE('',#1594,#1650,#1673,.T.);
#1673 = SURFACE_CURVE('',#1674,(#1678,#1685),.PCURVE_S1.);
#1674 = LINE('',#1675,#1676);
#1675 = CARTESIAN_POINT('',(-19.16251075731,-222.1548885638,
    -78.71319465802));
#1676 = VECTOR('',#1677,1.);
#1677 = DIRECTION('',(-0.,-0.526955795497,-0.849892692987));
#1678 = PCURVE('',#214,#1679);
#1679 = DEFINITIONAL_REPRESENTATION('',(#1680),#1684);
#1680 = LINE('',#1681,#1682);
#1681 = CARTESIAN_POINT('',(11.,25.158050401412));
#1682 = VECTOR('',#1683,1.);
#1683 = DIRECTION('',(-1.,0.));
#1684 = ( GEOMETRIC_REPRESENTATION_CONTEXT(2) 
PARAMETRIC_REPRESENTATION_CONTEXT() REPRESENTATION_CONTEXT('2D SPACE',''
  ) );
#1685 = PCURVE('',#1196,#1686);
#1686 = DEFINITIONAL_REPRESENTATION('',(#1687),#1691);
#1687 = LINE('',#1688,#1689);
#1688 = CARTESIAN_POINT('',(-3.870919728854,0.));
#1689 = VECTOR('',#1690,1.);
#1690 = DIRECTION('',(-0.,1.));
#1691 = ( GEOMETRIC_REPRESENTATION_CONTEXT(2) 
PARAMETRIC_REPRESENTATION_CONTEXT() REPRESENTATION_CONTEXT('2D SPACE',''
  ) );
#1692 = ADVANCED_FACE('',(#1693),#186,.F.);
#1693 = FACE_BOUND('',#1694,.F.);
#1694 = EDGE_LOOP('',(#1695,#1696,#1697,#1720));
#1695 = ORIENTED_EDGE('',*,*,#1649,.F.);
#1696 = ORIENTED_EDGE('',*,*,#169,.T.);
#1697 = ORIENTED_EDGE('',*,*,#1698,.T.);
#1698 = EDGE_CURVE('',#142,#1699,#1701,.T.);
#1699 = VERTEX_POINT('',#1700);
#1700 = CARTESIAN_POINT('',(19.162510757312,-222.1548885638,
    -78.71319465802));
#1701 = SURFACE_CURVE('',#1702,(#1706,#1713),.PCURVE_S1.);
#1702 = LINE('',#1703,#1704);
#1703 = CARTESIAN_POINT('',(-2.625,-211.4640669608,-85.34178488923));
#1704 = VECTOR('',#1705,1.);
#1705 = DIRECTION('',(-0.866025403784,0.424946346493,-0.263477897748));
#1706 = PCURVE('',#186,#1707);
#1707 = DEFINITIONAL_REPRESENTATION('',(#1708),#1712);
#1708 = LINE('',#1709,#1710);
#1709 = CARTESIAN_POINT('',(-2.625,-4.546633369868));
#1710 = VECTOR('',#1711,1.);
#1711 = DIRECTION('',(-0.866025403784,0.5));
#1712 = ( GEOMETRIC_REPRESENTATION_CONTEXT(2) 
PARAMETRIC_REPRESENTATION_CONTEXT() REPRESENTATION_CONTEXT('2D SPACE',''
  ) );
#1713 = PCURVE('',#157,#1714);
#1714 = DEFINITIONAL_REPRESENTATION('',(#1715),#1719);
#1715 = LINE('',#1716,#1717);
#1716 = CARTESIAN_POINT('',(11.,-1.42108547152E-14));
#1717 = VECTOR('',#1718,1.);
#1718 = DIRECTION('',(2.775557561563E-17,-1.));
#1719 = ( GEOMETRIC_REPRESENTATION_CONTEXT(2) 
PARAMETRIC_REPRESENTATION_CONTEXT() REPRESENTATION_CONTEXT('2D SPACE',''
  ) );
#1720 = ORIENTED_EDGE('',*,*,#1721,.F.);
#1721 = EDGE_CURVE('',#1650,#1699,#1722,.T.);
#1722 = SURFACE_CURVE('',#1723,(#1728,#1735),.PCURVE_S1.);
#1723 = CIRCLE('',#1724,25.7);
#1724 = AXIS2_PLACEMENT_3D('',#1725,#1726,#1727);
#1725 = CARTESIAN_POINT('',(1.494937157442E-13,-207.5999164821,
    -87.73765969348));
#1726 = DIRECTION('',(-0.,0.526955795497,0.849892692987));
#1727 = DIRECTION('',(1.,0.,0.));
#1728 = PCURVE('',#186,#1729);
#1729 = DEFINITIONAL_REPRESENTATION('',(#1730),#1734);
#1730 = CIRCLE('',#1731,25.7);
#1731 = AXIS2_PLACEMENT_2D('',#1732,#1733);
#1732 = CARTESIAN_POINT('',(1.50182819433E-13,0.));
#1733 = DIRECTION('',(1.,0.));
#1734 = ( GEOMETRIC_REPRESENTATION_CONTEXT(2) 
PARAMETRIC_REPRESENTATION_CONTEXT() REPRESENTATION_CONTEXT('2D SPACE',''
  ) );
#1735 = PCURVE('',#1196,#1736);
#1736 = DEFINITIONAL_REPRESENTATION('',(#1737),#1741);
#1737 = LINE('',#1738,#1739);
#1738 = CARTESIAN_POINT('',(-0.,0.));
#1739 = VECTOR('',#1740,1.);
#1740 = DIRECTION('',(-1.,0.));
#1741 = ( GEOMETRIC_REPRESENTATION_CONTEXT(2) 
PARAMETRIC_REPRESENTATION_CONTEXT() REPRESENTATION_CONTEXT('2D SPACE',''
  ) );
#1742 = ADVANCED_FACE('',(#1743),#157,.T.);
#1743 = FACE_BOUND('',#1744,.T.);
#1744 = EDGE_LOOP('',(#1745,#1768,#1769,#1770));
#1745 = ORIENTED_EDGE('',*,*,#1746,.T.);
#1746 = EDGE_CURVE('',#1747,#109,#1749,.T.);
#1747 = VERTEX_POINT('',#1748);
#1748 = CARTESIAN_POINT('',(19.162510757312,-216.3583748133,
    -69.36437503517));
#1749 = SURFACE_CURVE('',#1750,(#1754,#1761),.PCURVE_S1.);
#1750 = LINE('',#1751,#1752);
#1751 = CARTESIAN_POINT('',(-2.625,-205.6675532103,-75.99296526638));
#1752 = VECTOR('',#1753,1.);
#1753 = DIRECTION('',(0.866025403784,-0.424946346493,0.263477897748));
#1754 = PCURVE('',#157,#1755);
#1755 = DEFINITIONAL_REPRESENTATION('',(#1756),#1760);
#1756 = LINE('',#1757,#1758);
#1757 = CARTESIAN_POINT('',(22.,-1.50990331349E-14));
#1758 = VECTOR('',#1759,1.);
#1759 = DIRECTION('',(-2.775557561563E-17,1.));
#1760 = ( GEOMETRIC_REPRESENTATION_CONTEXT(2) 
PARAMETRIC_REPRESENTATION_CONTEXT() REPRESENTATION_CONTEXT('2D SPACE',''
  ) );
#1761 = PCURVE('',#125,#1762);
#1762 = DEFINITIONAL_REPRESENTATION('',(#1763),#1767);
#1763 = LINE('',#1764,#1765);
#1764 = CARTESIAN_POINT('',(0.,0.));
#1765 = VECTOR('',#1766,1.);
#1766 = DIRECTION('',(1.,-9.71445146547E-17));
#1767 = ( GEOMETRIC_REPRESENTATION_CONTEXT(2) 
PARAMETRIC_REPRESENTATION_CONTEXT() REPRESENTATION_CONTEXT('2D SPACE',''
  ) );
#1768 = ORIENTED_EDGE('',*,*,#141,.T.);
#1769 = ORIENTED_EDGE('',*,*,#1698,.T.);
#1770 = ORIENTED_EDGE('',*,*,#1771,.F.);
#1771 = EDGE_CURVE('',#1747,#1699,#1772,.T.);
#1772 = SURFACE_CURVE('',#1773,(#1777,#1784),.PCURVE_S1.);
#1773 = LINE('',#1774,#1775);
#1774 = CARTESIAN_POINT('',(19.162510757312,-222.1548885638,
    -78.71319465802));
#1775 = VECTOR('',#1776,1.);
#1776 = DIRECTION('',(-0.,-0.526955795497,-0.849892692987));
#1777 = PCURVE('',#157,#1778);
#1778 = DEFINITIONAL_REPRESENTATION('',(#1779),#1783);
#1779 = LINE('',#1780,#1781);
#1780 = CARTESIAN_POINT('',(11.,25.158050401412));
#1781 = VECTOR('',#1782,1.);
#1782 = DIRECTION('',(-1.,2.775557561563E-17));
#1783 = ( GEOMETRIC_REPRESENTATION_CONTEXT(2) 
PARAMETRIC_REPRESENTATION_CONTEXT() REPRESENTATION_CONTEXT('2D SPACE',''
  ) );
#1784 = PCURVE('',#1196,#1785);
#1785 = DEFINITIONAL_REPRESENTATION('',(#1786),#1790);
#1786 = LINE('',#1787,#1788);
#1787 = CARTESIAN_POINT('',(-5.553858231915,0.));
#1788 = VECTOR('',#1789,1.);
#1789 = DIRECTION('',(-0.,1.));
#1790 = ( GEOMETRIC_REPRESENTATION_CONTEXT(2) 
PARAMETRIC_REPRESENTATION_CONTEXT() REPRESENTATION_CONTEXT('2D SPACE',''
  ) );
#1791 = ADVANCED_FACE('',(#1792),#125,.F.);
#1792 = FACE_BOUND('',#1793,.F.);
#1793 = EDGE_LOOP('',(#1794,#1817,#1843,#1844));
#1794 = ORIENTED_EDGE('',*,*,#1795,.F.);
#1795 = EDGE_CURVE('',#1796,#81,#1798,.T.);
#1796 = VERTEX_POINT('',#1797);
#1797 = CARTESIAN_POINT('',(24.412510757312,-208.6300738558,
    -74.15612464367));
#1798 = SURFACE_CURVE('',#1799,(#1803,#1810),.PCURVE_S1.);
#1799 = LINE('',#1800,#1801);
#1800 = CARTESIAN_POINT('',(2.625,-197.9392522529,-80.78471487488));
#1801 = VECTOR('',#1802,1.);
#1802 = DIRECTION('',(0.866025403784,-0.424946346493,0.263477897748));
#1803 = PCURVE('',#125,#1804);
#1804 = DEFINITIONAL_REPRESENTATION('',(#1805),#1809);
#1805 = LINE('',#1806,#1807);
#1806 = CARTESIAN_POINT('',(3.10862446895E-15,10.5));
#1807 = VECTOR('',#1808,1.);
#1808 = DIRECTION('',(1.,-9.71445146547E-17));
#1809 = ( GEOMETRIC_REPRESENTATION_CONTEXT(2) 
PARAMETRIC_REPRESENTATION_CONTEXT() REPRESENTATION_CONTEXT('2D SPACE',''
  ) );
#1810 = PCURVE('',#96,#1811);
#1811 = DEFINITIONAL_REPRESENTATION('',(#1812),#1816);
#1812 = LINE('',#1813,#1814);
#1813 = CARTESIAN_POINT('',(22.,6.217248937901E-15));
#1814 = VECTOR('',#1815,1.);
#1815 = DIRECTION('',(-2.775557561563E-17,1.));
#1816 = ( GEOMETRIC_REPRESENTATION_CONTEXT(2) 
PARAMETRIC_REPRESENTATION_CONTEXT() REPRESENTATION_CONTEXT('2D SPACE',''
  ) );
#1817 = ORIENTED_EDGE('',*,*,#1818,.T.);
#1818 = EDGE_CURVE('',#1796,#1747,#1819,.T.);
#1819 = SURFACE_CURVE('',#1820,(#1825,#1836),.PCURVE_S1.);
#1820 = CIRCLE('',#1821,25.7);
#1821 = AXIS2_PLACEMENT_3D('',#1822,#1823,#1824);
#1822 = CARTESIAN_POINT('',(1.494937157442E-13,-201.8034027316,
    -78.38884007063));
#1823 = DIRECTION('',(0.,-0.526955795497,-0.849892692987));
#1824 = DIRECTION('',(1.,0.,0.));
#1825 = PCURVE('',#125,#1826);
#1826 = DEFINITIONAL_REPRESENTATION('',(#1827),#1835);
#1827 = ( BOUNDED_CURVE() B_SPLINE_CURVE(2,(#1828,#1829,#1830,#1831,
#1832,#1833,#1834),.UNSPECIFIED.,.T.,.F.) B_SPLINE_CURVE_WITH_KNOTS((1,2
    ,2,2,2,1),(-2.094395102393,0.,2.094395102393,4.188790204786,
6.28318530718,8.377580409573),.UNSPECIFIED.) CURVE() 
GEOMETRIC_REPRESENTATION_ITEM() RATIONAL_B_SPLINE_CURVE((1.,0.5,1.,0.5,
1.,0.5,1.)) REPRESENTATION_ITEM('') );
#1828 = CARTESIAN_POINT('',(22.25685287726,18.1));
#1829 = CARTESIAN_POINT('',(44.51370575452,-20.45));
#1830 = CARTESIAN_POINT('',(1.424416140594E-13,-20.45));
#1831 = CARTESIAN_POINT('',(-44.51370575452,-20.45));
#1832 = CARTESIAN_POINT('',(-22.25685287726,18.1));
#1833 = CARTESIAN_POINT('',(5.54001289288E-14,56.65));
#1834 = CARTESIAN_POINT('',(22.25685287726,18.1));
#1835 = ( GEOMETRIC_REPRESENTATION_CONTEXT(2) 
PARAMETRIC_REPRESENTATION_CONTEXT() REPRESENTATION_CONTEXT('2D SPACE',''
  ) );
#1836 = PCURVE('',#1196,#1837);
#1837 = DEFINITIONAL_REPRESENTATION('',(#1838),#1842);
#1838 = LINE('',#1839,#1840);
#1839 = CARTESIAN_POINT('',(-6.28318530718,-11.));
#1840 = VECTOR('',#1841,1.);
#1841 = DIRECTION('',(1.,-0.));
#1842 = ( GEOMETRIC_REPRESENTATION_CONTEXT(2) 
PARAMETRIC_REPRESENTATION_CONTEXT() REPRESENTATION_CONTEXT('2D SPACE',''
  ) );
#1843 = ORIENTED_EDGE('',*,*,#1746,.T.);
#1844 = ORIENTED_EDGE('',*,*,#108,.F.);
#1845 = ADVANCED_FACE('',(#1846),#96,.F.);
#1846 = FACE_BOUND('',#1847,.F.);
#1847 = EDGE_LOOP('',(#1848,#1849,#1850,#1851));
#1848 = ORIENTED_EDGE('',*,*,#1795,.T.);
#1849 = ORIENTED_EDGE('',*,*,#80,.T.);
#1850 = ORIENTED_EDGE('',*,*,#1245,.T.);
#1851 = ORIENTED_EDGE('',*,*,#1852,.F.);
#1852 = EDGE_CURVE('',#1796,#1246,#1853,.T.);
#1853 = SURFACE_CURVE('',#1854,(#1858,#1865),.PCURVE_S1.);
#1854 = LINE('',#1855,#1856);
#1855 = CARTESIAN_POINT('',(24.412510757312,-214.4265876063,
    -83.50494426652));
#1856 = VECTOR('',#1857,1.);
#1857 = DIRECTION('',(-0.,-0.526955795497,-0.849892692987));
#1858 = PCURVE('',#96,#1859);
#1859 = DEFINITIONAL_REPRESENTATION('',(#1860),#1864);
#1860 = LINE('',#1861,#1862);
#1861 = CARTESIAN_POINT('',(11.,25.158050401412));
#1862 = VECTOR('',#1863,1.);
#1863 = DIRECTION('',(-1.,2.775557561563E-17));
#1864 = ( GEOMETRIC_REPRESENTATION_CONTEXT(2) 
PARAMETRIC_REPRESENTATION_CONTEXT() REPRESENTATION_CONTEXT('2D SPACE',''
  ) );
#1865 = PCURVE('',#1196,#1866);
#1866 = DEFINITIONAL_REPRESENTATION('',(#1867),#1871);
#1867 = LINE('',#1868,#1869);
#1868 = CARTESIAN_POINT('',(-5.965314831248,0.));
#1869 = VECTOR('',#1870,1.);
#1870 = DIRECTION('',(-0.,1.));
#1871 = ( GEOMETRIC_REPRESENTATION_CONTEXT(2) 
PARAMETRIC_REPRESENTATION_CONTEXT() REPRESENTATION_CONTEXT('2D SPACE',''
  ) );
#1872 = ADVANCED_FACE('',(#1873),#601,.F.);
#1873 = FACE_BOUND('',#1874,.F.);
#1874 = EDGE_LOOP('',(#1875,#2039,#2060,#2061));
#1875 = ORIENTED_EDGE('',*,*,#1876,.F.);
#1876 = EDGE_CURVE('',#1877,#1877,#1879,.T.);
#1877 = VERTEX_POINT('',#1878);
#1878 = CARTESIAN_POINT('',(4.95,-137.9818109886,-23.31266076066));
#1879 = SURFACE_CURVE('',#1880,(#1931,#1985),.PCURVE_S1.);
#1880 = B_SPLINE_CURVE_WITH_KNOTS('',7,(#1881,#1882,#1883,#1884,#1885,
    #1886,#1887,#1888,#1889,#1890,#1891,#1892,#1893,#1894,#1895,#1896,
    #1897,#1898,#1899,#1900,#1901,#1902,#1903,#1904,#1905,#1906,#1907,
    #1908,#1909,#1910,#1911,#1912,#1913,#1914,#1915,#1916,#1917,#1918,
    #1919,#1920,#1921,#1922,#1923,#1924,#1925,#1926,#1927,#1928,#1929,
    #1930),.UNSPECIFIED.,.T.,.F.,(8,6,6,6,6,6,6,6,8),(0.,0.135659379349,
    0.252995961273,0.36596429069,0.501053272291,0.636142307617,
    0.752985578881,0.865478962767,1.),.UNSPECIFIED.);
#1881 = CARTESIAN_POINT('',(4.95,-137.9818109886,-23.31266076066));
#1882 = CARTESIAN_POINT('',(4.95,-137.7095182923,-22.87349759956));
#1883 = CARTESIAN_POINT('',(4.887068651066,-137.427187168,
    -22.44158461248));
#1884 = CARTESIAN_POINT('',(4.761590533922,-137.137068167,
    -22.02041086762));
#1885 = CARTESIAN_POINT('',(4.571930382385,-136.8421231522,
    -21.61340460665));
#1886 = CARTESIAN_POINT('',(4.315023431172,-136.5467729535,
    -21.2250184345));
#1887 = CARTESIAN_POINT('',(3.986642690499,-136.2577797845,
    -20.86113609466));
#1888 = CARTESIAN_POINT('',(3.232911940162,-135.7510501697,
    -20.2452160407));
#1889 = CARTESIAN_POINT('',(2.815883775451,-135.521723765,
    -19.97591200666));
#1890 = CARTESIAN_POINT('',(2.332319067272,-135.313303284,
    -19.73982373315));
#1891 = CARTESIAN_POINT('',(1.788520082884,-135.1409604707,
    -19.55038772807));
#1892 = CARTESIAN_POINT('',(1.195411189125,-135.0187789575,
    -19.41819518374));
#1893 = CARTESIAN_POINT('',(0.567241895315,-134.9577584334,
    -19.35206417383));
#1894 = CARTESIAN_POINT('',(-0.700273643938,-134.9716490218,
    -19.36711685217));
#1895 = CARTESIAN_POINT('',(-1.301030014451,-135.0411751494,
    -19.44246491117));
#1896 = CARTESIAN_POINT('',(-1.866010092104,-135.1660081361,
    -19.57796230692));
#1897 = CARTESIAN_POINT('',(-2.383476828585,-135.3357127124,
    -19.76526177342));
#1898 = CARTESIAN_POINT('',(-2.844634211289,-135.53772227,
    -19.99474244117));
#1899 = CARTESIAN_POINT('',(-3.244508983425,-135.758846807,
    -20.25469270264));
#1900 = CARTESIAN_POINT('',(-3.986637749813,-136.2577764629,
    -20.86113205732));
#1901 = CARTESIAN_POINT('',(-4.31502427411,-136.5467718688,
    -21.22501679996));
#1902 = CARTESIAN_POINT('',(-4.571933164617,-136.8421258321,
    -21.61340781811));
#1903 = CARTESIAN_POINT('',(-4.761592597811,-137.137071926,
    -22.02041620078));
#1904 = CARTESIAN_POINT('',(-4.887068702244,-137.4271897194,
    -22.44158869871));
#1905 = CARTESIAN_POINT('',(-4.95,-137.7095184006,-22.87349777422));
#1906 = CARTESIAN_POINT('',(-4.95,-138.2541036848,-23.75182392175));
#1907 = CARTESIAN_POINT('',(-4.887068651066,-138.5154388767,
    -24.19675493846));
#1908 = CARTESIAN_POINT('',(-4.761590533922,-138.7636920391,
    -24.64388660308));
#1909 = CARTESIAN_POINT('',(-4.571930382385,-138.997109404,
    -25.08904162316));
#1910 = CARTESIAN_POINT('',(-4.315023431172,-139.2136683774,
    -25.52628042484));
#1911 = CARTESIAN_POINT('',(-3.986642690499,-139.4111055391,
    -25.94692989433));
#1912 = CARTESIAN_POINT('',(-3.232911940162,-139.7374825617,
    -26.67467329309));
#1913 = CARTESIAN_POINT('',(-2.815883775452,-139.876734765,
    -26.99982569818));
#1914 = CARTESIAN_POINT('',(-2.332319067271,-139.9955307301,
    -27.29148352587));
#1915 = CARTESIAN_POINT('',(-1.788520082885,-140.08858111,
    -27.53008292254));
#1916 = CARTESIAN_POINT('',(-1.195411189126,-140.1526613276,
    -27.69829979649));
#1917 = CARTESIAN_POINT('',(-0.567241895315,-140.1847637792,
    -27.78236077092));
#1918 = CARTESIAN_POINT('',(0.700273643753,-140.1774571625,
    -27.76322585726));
#1919 = CARTESIAN_POINT('',(1.301030014627,-140.1408807821,
    -27.66744808947));
#1920 = CARTESIAN_POINT('',(1.866010092252,-140.0750193086,
    -27.49538680617));
#1921 = CARTESIAN_POINT('',(2.383476828426,-139.9827095985,
    -27.26010048975));
#1922 = CARTESIAN_POINT('',(2.84463421117,-139.8669816216,
    -26.97712297558));
#1923 = CARTESIAN_POINT('',(3.244508983552,-139.7324608633,
    -26.66347609599));
#1924 = CARTESIAN_POINT('',(3.98663775449,-139.4111076764,
    -25.94693466015));
#1925 = CARTESIAN_POINT('',(4.315024259916,-139.2136693681,
    -25.52628214135));
#1926 = CARTESIAN_POINT('',(4.571933184142,-138.9971077018,
    -25.08903776165));
#1927 = CARTESIAN_POINT('',(4.761592584045,-138.7636889516,
    -24.64388089791));
#1928 = CARTESIAN_POINT('',(4.887068706465,-138.5154363407,
    -24.19675081826));
#1929 = CARTESIAN_POINT('',(4.95,-138.2541035793,-23.75182375148));
#1930 = CARTESIAN_POINT('',(4.95,-137.9818109886,-23.31266076066));
#1931 = PCURVE('',#601,#1932);
#1932 = DEFINITIONAL_REPRESENTATION('',(#1933),#1984);
#1933 = B_SPLINE_CURVE_WITH_KNOTS('',7,(#1934,#1935,#1936,#1937,#1938,
    #1939,#1940,#1941,#1942,#1943,#1944,#1945,#1946,#1947,#1948,#1949,
    #1950,#1951,#1952,#1953,#1954,#1955,#1956,#1957,#1958,#1959,#1960,
    #1961,#1962,#1963,#1964,#1965,#1966,#1967,#1968,#1969,#1970,#1971,
    #1972,#1973,#1974,#1975,#1976,#1977,#1978,#1979,#1980,#1981,#1982,
    #1983),.UNSPECIFIED.,.F.,.F.,(8,6,6,6,6,6,6,6,8),(0.,0.135659379349,
    0.252995961273,0.36596429069,0.501053272291,0.636142307617,
    0.752985578881,0.865478962767,1.),.UNSPECIFIED.);
#1934 = CARTESIAN_POINT('',(0.,-25.21879259599));
#1935 = CARTESIAN_POINT('',(0.1043894497,-25.21879259599));
#1936 = CARTESIAN_POINT('',(0.208602499132,-25.23114470383));
#1937 = CARTESIAN_POINT('',(0.313660054699,-25.25577477715));
#1938 = CARTESIAN_POINT('',(0.420483016598,-25.29197208198));
#1939 = CARTESIAN_POINT('',(0.530018616897,-25.33832571348));
#1940 = CARTESIAN_POINT('',(0.643280863715,-25.39218898829));
#1941 = CARTESIAN_POINT('',(0.863935072753,-25.49829214321));
#1942 = CARTESIAN_POINT('',(0.973205937931,-25.55128365741));
#1943 = CARTESIAN_POINT('',(1.087763671715,-25.60401061729));
#1944 = CARTESIAN_POINT('',(1.206715871241,-25.6506591142));
#1945 = CARTESIAN_POINT('',(1.329582620568,-25.68484066219));
#1946 = CARTESIAN_POINT('',(1.456186246831,-25.70185344074));
#1947 = CARTESIAN_POINT('',(1.712282227531,-25.6979800273));
#1948 = CARTESIAN_POINT('',(1.833954578424,-25.67859537586));
#1949 = CARTESIAN_POINT('',(1.951895119704,-25.64390187056));
#1950 = CARTESIAN_POINT('',(2.066016327473,-25.5983697306));
#1951 = CARTESIAN_POINT('',(2.175967454653,-25.54760945143));
#1952 = CARTESIAN_POINT('',(2.281052608049,-25.49665962008));
#1953 = CARTESIAN_POINT('',(2.498310343492,-25.39218968379));
#1954 = CARTESIAN_POINT('',(2.611573861447,-25.33832577398));
#1955 = CARTESIAN_POINT('',(2.721110560117,-25.29197149673));
#1956 = CARTESIAN_POINT('',(2.827933944438,-25.25577439274));
#1957 = CARTESIAN_POINT('',(2.932991121049,-25.23114468868));
#1958 = CARTESIAN_POINT('',(3.037203245406,-25.21879259599));
#1959 = CARTESIAN_POINT('',(3.24598210329,-25.21879259599));
#1960 = CARTESIAN_POINT('',(3.350195152722,-25.23114470383));
#1961 = CARTESIAN_POINT('',(3.455252708289,-25.25577477715));
#1962 = CARTESIAN_POINT('',(3.562075670188,-25.29197208198));
#1963 = CARTESIAN_POINT('',(3.671611270487,-25.33832571348));
#1964 = CARTESIAN_POINT('',(3.784873517305,-25.39218898829));
#1965 = CARTESIAN_POINT('',(4.005527726343,-25.49829214321));
#1966 = CARTESIAN_POINT('',(4.11479859152,-25.55128365741));
#1967 = CARTESIAN_POINT('',(4.229356325306,-25.60401061729));
#1968 = CARTESIAN_POINT('',(4.34830852483,-25.6506591142));
#1969 = CARTESIAN_POINT('',(4.471175274158,-25.68484066219));
#1970 = CARTESIAN_POINT('',(4.597778900421,-25.70185344074));
#1971 = CARTESIAN_POINT('',(4.853874881084,-25.6979800273));
#1972 = CARTESIAN_POINT('',(4.975547232049,-25.67859537587));
#1973 = CARTESIAN_POINT('',(5.093487773322,-25.64390187053));
#1974 = CARTESIAN_POINT('',(5.207608981042,-25.59836973062));
#1975 = CARTESIAN_POINT('',(5.317560108199,-25.54760945146));
#1976 = CARTESIAN_POINT('',(5.422645261677,-25.49665962007));
#1977 = CARTESIAN_POINT('',(5.639902998451,-25.39218968313));
#1978 = CARTESIAN_POINT('',(5.753166509875,-25.33832577603));
#1979 = CARTESIAN_POINT('',(5.862703222675,-25.29197149383));
#1980 = CARTESIAN_POINT('',(5.969526589447,-25.25577439482));
#1981 = CARTESIAN_POINT('',(6.074583779122,-25.23114468803));
#1982 = CARTESIAN_POINT('',(6.178795897954,-25.21879259599));
#1983 = CARTESIAN_POINT('',(6.28318530718,-25.21879259599));
#1984 = ( GEOMETRIC_REPRESENTATION_CONTEXT(2) 
PARAMETRIC_REPRESENTATION_CONTEXT() REPRESENTATION_CONTEXT('2D SPACE',''
  ) );
#1985 = PCURVE('',#1196,#1986);
#1986 = DEFINITIONAL_REPRESENTATION('',(#1987),#2038);
#1987 = B_SPLINE_CURVE_WITH_KNOTS('',7,(#1988,#1989,#1990,#1991,#1992,
    #1993,#1994,#1995,#1996,#1997,#1998,#1999,#2000,#2001,#2002,#2003,
    #2004,#2005,#2006,#2007,#2008,#2009,#2010,#2011,#2012,#2013,#2014,
    #2015,#2016,#2017,#2018,#2019,#2020,#2021,#2022,#2023,#2024,#2025,
    #2026,#2027,#2028,#2029,#2030,#2031,#2032,#2033,#2034,#2035,#2036,
    #2037),.UNSPECIFIED.,.T.,.F.,(8,6,6,6,6,6,6,6,8),(0.,0.135659379349,
    0.252995961273,0.36596429069,0.501053272291,0.636142307617,
    0.752985578881,0.865478962767,1.),.UNSPECIFIED.);
#1988 = CARTESIAN_POINT('',(-1.376978120572,-91.44));
#1989 = CARTESIAN_POINT('',(-1.376978120572,-91.95672777601));
#1990 = CARTESIAN_POINT('',(-1.379473531158,-92.47258348992));
#1991 = CARTESIAN_POINT('',(-1.384449134029,-92.98341586715));
#1992 = CARTESIAN_POINT('',(-1.391961956342,-93.4847504992));
#1993 = CARTESIAN_POINT('',(-1.402118689342,-93.97047356792));
#1994 = CARTESIAN_POINT('',(-1.415063555249,-94.43202113492));
#1995 = CARTESIAN_POINT('',(-1.44468076221,-95.22251119549));
#1996 = CARTESIAN_POINT('',(-1.461036516763,-95.57223560426));
#1997 = CARTESIAN_POINT('',(-1.479958887396,-95.88271368316));
#1998 = CARTESIAN_POINT('',(-1.501184502256,-96.13453100392));
#1999 = CARTESIAN_POINT('',(-1.524284272119,-96.31126473793));
#2000 = CARTESIAN_POINT('',(-1.548724545145,-96.39962411882));
#2001 = CARTESIAN_POINT('',(-1.598044446221,-96.37951123145));
#2002 = CARTESIAN_POINT('',(-1.621422391171,-96.27883627081));
#2003 = CARTESIAN_POINT('',(-1.643433117811,-96.09789655841));
#2004 = CARTESIAN_POINT('',(-1.663635946641,-95.84928530046));
#2005 = CARTESIAN_POINT('',(-1.681683828774,-95.54780125059));
#2006 = CARTESIAN_POINT('',(-1.697367587303,-95.21034856656));
#2007 = CARTESIAN_POINT('',(-1.726528904201,-94.43202631656));
#2008 = CARTESIAN_POINT('',(-1.739473996361,-93.97047552865));
#2009 = CARTESIAN_POINT('',(-1.749630807578,-93.48474635766));
#2010 = CARTESIAN_POINT('',(-1.757143601393,-92.9834093537));
#2011 = CARTESIAN_POINT('',(-1.762119124461,-92.47257867259));
#2012 = CARTESIAN_POINT('',(-1.764614533018,-91.95672757051));
#2013 = CARTESIAN_POINT('',(-1.764614533018,-90.92327222398));
#2014 = CARTESIAN_POINT('',(-1.762119122432,-90.40741651007));
#2015 = CARTESIAN_POINT('',(-1.757143519561,-89.89658413284));
#2016 = CARTESIAN_POINT('',(-1.749630697248,-89.39524950079));
#2017 = CARTESIAN_POINT('',(-1.739473964247,-88.90952643207));
#2018 = CARTESIAN_POINT('',(-1.726529098341,-88.44797886507));
#2019 = CARTESIAN_POINT('',(-1.69691189138,-87.6574888045));
#2020 = CARTESIAN_POINT('',(-1.680556136827,-87.30776439573));
#2021 = CARTESIAN_POINT('',(-1.661633766194,-86.99728631683));
#2022 = CARTESIAN_POINT('',(-1.640408151334,-86.74546899607));
#2023 = CARTESIAN_POINT('',(-1.617308381471,-86.56873526206));
#2024 = CARTESIAN_POINT('',(-1.592868108445,-86.48037588117));
#2025 = CARTESIAN_POINT('',(-1.543548207376,-86.50048876853));
#2026 = CARTESIAN_POINT('',(-1.520170262412,-86.60116372913));
#2027 = CARTESIAN_POINT('',(-1.498159535773,-86.78210344171));
#2028 = CARTESIAN_POINT('',(-1.477956706955,-87.03071469953));
#2029 = CARTESIAN_POINT('',(-1.459908824821,-87.33219874922));
#2030 = CARTESIAN_POINT('',(-1.444225066282,-87.66965143356));
#2031 = CARTESIAN_POINT('',(-1.415063749205,-88.44797368833));
#2032 = CARTESIAN_POINT('',(-1.402118657787,-88.90952445118));
#2033 = CARTESIAN_POINT('',(-1.391961845244,-89.39525367965));
#2034 = CARTESIAN_POINT('',(-1.384449052739,-89.89659060859));
#2035 = CARTESIAN_POINT('',(-1.379473528963,-90.40742134817));
#2036 = CARTESIAN_POINT('',(-1.376978120572,-90.92327242433));
#2037 = CARTESIAN_POINT('',(-1.376978120572,-91.44));
#2038 = ( GEOMETRIC_REPRESENTATION_CONTEXT(2) 
PARAMETRIC_REPRESENTATION_CONTEXT() REPRESENTATION_CONTEXT('2D SPACE',''
  ) );
#2039 = ORIENTED_EDGE('',*,*,#2040,.T.);
#2040 = EDGE_CURVE('',#1877,#492,#2041,.T.);
#2041 = SEAM_CURVE('',#2042,(#2046,#2053),.PCURVE_S1.);
#2042 = LINE('',#2043,#2044);
#2043 = CARTESIAN_POINT('',(4.95,-159.4150785419,-10.02347184677));
#2044 = VECTOR('',#2045,1.);
#2045 = DIRECTION('',(0.,0.849892692987,-0.526955795497));
#2046 = PCURVE('',#601,#2047);
#2047 = DEFINITIONAL_REPRESENTATION('',(#2048),#2052);
#2048 = LINE('',#2049,#2050);
#2049 = CARTESIAN_POINT('',(6.28318530718,0.));
#2050 = VECTOR('',#2051,1.);
#2051 = DIRECTION('',(0.,-1.));
#2052 = ( GEOMETRIC_REPRESENTATION_CONTEXT(2) 
PARAMETRIC_REPRESENTATION_CONTEXT() REPRESENTATION_CONTEXT('2D SPACE',''
  ) );
#2053 = PCURVE('',#601,#2054);
#2054 = DEFINITIONAL_REPRESENTATION('',(#2055),#2059);
#2055 = LINE('',#2056,#2057);
#2056 = CARTESIAN_POINT('',(0.,0.));
#2057 = VECTOR('',#2058,1.);
#2058 = DIRECTION('',(0.,-1.));
#2059 = ( GEOMETRIC_REPRESENTATION_CONTEXT(2) 
PARAMETRIC_REPRESENTATION_CONTEXT() REPRESENTATION_CONTEXT('2D SPACE',''
  ) );
#2060 = ORIENTED_EDGE('',*,*,#491,.T.);
#2061 = ORIENTED_EDGE('',*,*,#2040,.F.);
#2062 = ADVANCED_FACE('',(#2063),#772,.F.);
#2063 = FACE_BOUND('',#2064,.T.);
#2064 = EDGE_LOOP('',(#2065,#2229,#2250,#2251));
#2065 = ORIENTED_EDGE('',*,*,#2066,.F.);
#2066 = EDGE_CURVE('',#2067,#2067,#2069,.T.);
#2067 = VERTEX_POINT('',#2068);
#2068 = CARTESIAN_POINT('',(4.95,-180.8483460951,3.26571706712));
#2069 = SURFACE_CURVE('',#2070,(#2121,#2175),.PCURVE_S1.);
#2070 = B_SPLINE_CURVE_WITH_KNOTS('',7,(#2071,#2072,#2073,#2074,#2075,
    #2076,#2077,#2078,#2079,#2080,#2081,#2082,#2083,#2084,#2085,#2086,
    #2087,#2088,#2089,#2090,#2091,#2092,#2093,#2094,#2095,#2096,#2097,
    #2098,#2099,#2100,#2101,#2102,#2103,#2104,#2105,#2106,#2107,#2108,
    #2109,#2110,#2111,#2112,#2113,#2114,#2115,#2116,#2117,#2118,#2119,
    #2120),.UNSPECIFIED.,.T.,.F.,(8,6,6,6,6,6,6,6,8),(0.,0.135659379746,
    0.252995962014,0.365964291729,0.501053273736,0.636142307996,
    0.752985579637,0.865478963888,1.),.UNSPECIFIED.);
#2071 = CARTESIAN_POINT('',(4.95,-180.8483460951,3.26571706712));
#2072 = CARTESIAN_POINT('',(4.95,-180.5760533989,3.704880228217));
#2073 = CARTESIAN_POINT('',(4.887068651066,-180.314718207,4.14981124492)
  );
#2074 = CARTESIAN_POINT('',(4.761590533923,-180.0664650446,4.59694290954
    ));
#2075 = CARTESIAN_POINT('',(4.571930382383,-179.8330476797,
    5.042097929626));
#2076 = CARTESIAN_POINT('',(4.315023431173,-179.6164887063,
    5.479336731305));
#2077 = CARTESIAN_POINT('',(3.986642690499,-179.4190515446,
    5.899986200793));
#2078 = CARTESIAN_POINT('',(3.232911940163,-179.092674522,6.627729599554
    ));
#2079 = CARTESIAN_POINT('',(2.81588377545,-178.9534223187,6.95288200465)
  );
#2080 = CARTESIAN_POINT('',(2.332319067273,-178.8346263536,
    7.244539832326));
#2081 = CARTESIAN_POINT('',(1.788520082887,-178.7415759737,
    7.483139229006));
#2082 = CARTESIAN_POINT('',(1.195411189123,-178.6774957561,
    7.651356102953));
#2083 = CARTESIAN_POINT('',(0.567241895317,-178.6453933045,
    7.735417077385));
#2084 = CARTESIAN_POINT('',(-0.700273643753,-178.6526999212,
    7.71628216372));
#2085 = CARTESIAN_POINT('',(-1.301030014626,-178.6892763016,
    7.620504395934));
#2086 = CARTESIAN_POINT('',(-1.866010092255,-178.7551377751,
    7.448443112634));
#2087 = CARTESIAN_POINT('',(-2.383476828424,-178.8474474852,
    7.21315679621));
#2088 = CARTESIAN_POINT('',(-2.844634211171,-178.9631754621,
    6.930179282043));
#2089 = CARTESIAN_POINT('',(-3.244508983552,-179.0976962204,
    6.616532402455));
#2090 = CARTESIAN_POINT('',(-3.986637749813,-179.4190494053,
    5.899990971132));
#2091 = CARTESIAN_POINT('',(-4.31502427411,-179.6164877245,
    5.479338429597));
#2092 = CARTESIAN_POINT('',(-4.571933164617,-179.8330493647,
    5.042094101361));
#2093 = CARTESIAN_POINT('',(-4.761592597811,-180.0664681502,
    4.596937171246));
#2094 = CARTESIAN_POINT('',(-4.887068702244,-180.3147207326,
    4.149807142719));
#2095 = CARTESIAN_POINT('',(-4.95,-180.5760535072,3.704880053561));
#2096 = CARTESIAN_POINT('',(-4.95,-181.1206387884,2.826553910808));
#2097 = CARTESIAN_POINT('',(-4.887068646979,-181.4029699276,
    2.394640900983));
#2098 = CARTESIAN_POINT('',(-4.761590547206,-181.6930888951,
    1.97346720524));
#2099 = CARTESIAN_POINT('',(-4.571930363586,-181.9880339532,
    1.566460883289));
#2100 = CARTESIAN_POINT('',(-4.315023444822,-182.2833841182,
    1.178074756588));
#2101 = CARTESIAN_POINT('',(-3.986642686001,-182.5723773023,
    0.814192397446));
#2102 = CARTESIAN_POINT('',(-3.232911940163,-183.079106914,
    0.198272347168));
#2103 = CARTESIAN_POINT('',(-2.81588377545,-183.3084333187,
    -7.103168688192E-02));
#2104 = CARTESIAN_POINT('',(-2.332319067273,-183.5168537997,
    -0.307119960382));
#2105 = CARTESIAN_POINT('',(-1.788520082884,-183.689196613,
    -0.496555965466));
#2106 = CARTESIAN_POINT('',(-1.195411189126,-183.8113781262,
    -0.628748509795));
#2107 = CARTESIAN_POINT('',(-0.567241895315,-183.8723986503,
    -0.69487951971));
#2108 = CARTESIAN_POINT('',(0.700273643753,-183.8585080619,
    -0.679826841372));
#2109 = CARTESIAN_POINT('',(1.301030014626,-183.7889819344,
    -0.604478782408));
#2110 = CARTESIAN_POINT('',(1.866010092254,-183.6641489475,
    -0.468981386519));
#2111 = CARTESIAN_POINT('',(2.383476828425,-183.4944443714,
    -0.281681920116));
#2112 = CARTESIAN_POINT('',(2.84463421117,-183.2924348138,
    -5.220125251822E-02));
#2113 = CARTESIAN_POINT('',(3.244508983552,-183.0713102766,
    0.207749009208));
#2114 = CARTESIAN_POINT('',(3.986637749813,-182.5723806208,
    0.814188363781));
#2115 = CARTESIAN_POINT('',(4.315024274111,-182.2833852149,
    1.178073106428));
#2116 = CARTESIAN_POINT('',(4.571933164616,-181.9880312516,
    1.566464124575));
#2117 = CARTESIAN_POINT('',(4.761592597811,-181.6930851577,
    1.973472507238));
#2118 = CARTESIAN_POINT('',(4.887068702244,-181.4029673643,
    2.394645005172));
#2119 = CARTESIAN_POINT('',(4.95,-181.1206386831,2.826554080678));
#2120 = CARTESIAN_POINT('',(4.95,-180.8483460951,3.26571706712));
#2121 = PCURVE('',#772,#2122);
#2122 = DEFINITIONAL_REPRESENTATION('',(#2123),#2174);
#2123 = B_SPLINE_CURVE_WITH_KNOTS('',7,(#2124,#2125,#2126,#2127,#2128,
    #2129,#2130,#2131,#2132,#2133,#2134,#2135,#2136,#2137,#2138,#2139,
    #2140,#2141,#2142,#2143,#2144,#2145,#2146,#2147,#2148,#2149,#2150,
    #2151,#2152,#2153,#2154,#2155,#2156,#2157,#2158,#2159,#2160,#2161,
    #2162,#2163,#2164,#2165,#2166,#2167,#2168,#2169,#2170,#2171,#2172,
    #2173),.UNSPECIFIED.,.F.,.F.,(8,6,6,6,6,6,6,6,8),(0.,0.135659379746,
    0.252995962014,0.365964291729,0.501053273736,0.636142307996,
    0.752985579637,0.865478963888,1.),.UNSPECIFIED.);
#2124 = CARTESIAN_POINT('',(0.,-25.21879259599));
#2125 = CARTESIAN_POINT('',(-0.1043894497,-25.21879259599));
#2126 = CARTESIAN_POINT('',(-0.208602499132,-25.23114470383));
#2127 = CARTESIAN_POINT('',(-0.313660054699,-25.25577477715));
#2128 = CARTESIAN_POINT('',(-0.420483016599,-25.29197208198));
#2129 = CARTESIAN_POINT('',(-0.530018616897,-25.33832571348));
#2130 = CARTESIAN_POINT('',(-0.643280863716,-25.39218898829));
#2131 = CARTESIAN_POINT('',(-0.863935072753,-25.49829214321));
#2132 = CARTESIAN_POINT('',(-0.973205937931,-25.55128365741));
#2133 = CARTESIAN_POINT('',(-1.087763671715,-25.60401061729));
#2134 = CARTESIAN_POINT('',(-1.206715871241,-25.6506591142));
#2135 = CARTESIAN_POINT('',(-1.329582620569,-25.68484066219));
#2136 = CARTESIAN_POINT('',(-1.456186246831,-25.70185344074));
#2137 = CARTESIAN_POINT('',(-1.712282227494,-25.6979800273));
#2138 = CARTESIAN_POINT('',(-1.833954578459,-25.67859537587));
#2139 = CARTESIAN_POINT('',(-1.951895119732,-25.64390187053));
#2140 = CARTESIAN_POINT('',(-2.066016327453,-25.59836973062));
#2141 = CARTESIAN_POINT('',(-2.175967454609,-25.54760945146));
#2142 = CARTESIAN_POINT('',(-2.281052608087,-25.49665962007));
#2143 = CARTESIAN_POINT('',(-2.498310343492,-25.39218968379));
#2144 = CARTESIAN_POINT('',(-2.611573861447,-25.33832577398));
#2145 = CARTESIAN_POINT('',(-2.721110560117,-25.29197149673));
#2146 = CARTESIAN_POINT('',(-2.827933944438,-25.25577439274));
#2147 = CARTESIAN_POINT('',(-2.932991121049,-25.23114468868));
#2148 = CARTESIAN_POINT('',(-3.037203245406,-25.21879259599));
#2149 = CARTESIAN_POINT('',(-3.245982102152,-25.21879259599));
#2150 = CARTESIAN_POINT('',(-3.350195157347,-25.23114470446));
#2151 = CARTESIAN_POINT('',(-3.455252699697,-25.25577477514));
#2152 = CARTESIAN_POINT('',(-3.562075679004,-25.29197208476));
#2153 = CARTESIAN_POINT('',(-3.671611265476,-25.3383257115));
#2154 = CARTESIAN_POINT('',(-3.784873518622,-25.39218898892));
#2155 = CARTESIAN_POINT('',(-4.005527726342,-25.49829214321));
#2156 = CARTESIAN_POINT('',(-4.114798591521,-25.55128365741));
#2157 = CARTESIAN_POINT('',(-4.229356325305,-25.60401061729));
#2158 = CARTESIAN_POINT('',(-4.348308524831,-25.6506591142));
#2159 = CARTESIAN_POINT('',(-4.471175274158,-25.68484066219));
#2160 = CARTESIAN_POINT('',(-4.597778900421,-25.70185344074));
#2161 = CARTESIAN_POINT('',(-4.853874881084,-25.6979800273));
#2162 = CARTESIAN_POINT('',(-4.975547232049,-25.67859537587));
#2163 = CARTESIAN_POINT('',(-5.093487773322,-25.64390187053));
#2164 = CARTESIAN_POINT('',(-5.207608981043,-25.59836973062));
#2165 = CARTESIAN_POINT('',(-5.317560108199,-25.54760945146));
#2166 = CARTESIAN_POINT('',(-5.422645261677,-25.49665962007));
#2167 = CARTESIAN_POINT('',(-5.639902997081,-25.39218968379));
#2168 = CARTESIAN_POINT('',(-5.753166515037,-25.33832577398));
#2169 = CARTESIAN_POINT('',(-5.862703213707,-25.29197149673));
#2170 = CARTESIAN_POINT('',(-5.969526598028,-25.25577439274));
#2171 = CARTESIAN_POINT('',(-6.074583774639,-25.23114468868));
#2172 = CARTESIAN_POINT('',(-6.178795898996,-25.21879259599));
#2173 = CARTESIAN_POINT('',(-6.28318530718,-25.21879259599));
#2174 = ( GEOMETRIC_REPRESENTATION_CONTEXT(2) 
PARAMETRIC_REPRESENTATION_CONTEXT() REPRESENTATION_CONTEXT('2D SPACE',''
  ) );
#2175 = PCURVE('',#1196,#2176);
#2176 = DEFINITIONAL_REPRESENTATION('',(#2177),#2228);
#2177 = B_SPLINE_CURVE_WITH_KNOTS('',7,(#2178,#2179,#2180,#2181,#2182,
    #2183,#2184,#2185,#2186,#2187,#2188,#2189,#2190,#2191,#2192,#2193,
    #2194,#2195,#2196,#2197,#2198,#2199,#2200,#2201,#2202,#2203,#2204,
    #2205,#2206,#2207,#2208,#2209,#2210,#2211,#2212,#2213,#2214,#2215,
    #2216,#2217,#2218,#2219,#2220,#2221,#2222,#2223,#2224,#2225,#2226,
    #2227),.UNSPECIFIED.,.T.,.F.,(8,6,6,6,6,6,6,6,8),(0.,0.135659379746,
    0.252995962014,0.365964291729,0.501053273736,0.636142307996,
    0.752985579637,0.865478963888,1.),.UNSPECIFIED.);
#2178 = CARTESIAN_POINT('',(-4.906207186608,-91.44));
#2179 = CARTESIAN_POINT('',(-4.906207186608,-91.95672777601));
#2180 = CARTESIAN_POINT('',(-4.903711776022,-92.47258348992));
#2181 = CARTESIAN_POINT('',(-4.898736173151,-92.98341586715));
#2182 = CARTESIAN_POINT('',(-4.891223350838,-93.4847504992));
#2183 = CARTESIAN_POINT('',(-4.881066617837,-93.97047356792));
#2184 = CARTESIAN_POINT('',(-4.868121751931,-94.43202113492));
#2185 = CARTESIAN_POINT('',(-4.838504544969,-95.22251119549));
#2186 = CARTESIAN_POINT('',(-4.822148790416,-95.57223560426));
#2187 = CARTESIAN_POINT('',(-4.803226419784,-95.88271368316));
#2188 = CARTESIAN_POINT('',(-4.782000804924,-96.13453100392));
#2189 = CARTESIAN_POINT('',(-4.758901035061,-96.31126473793));
#2190 = CARTESIAN_POINT('',(-4.734460762035,-96.39962411882));
#2191 = CARTESIAN_POINT('',(-4.685140860966,-96.37951123146));
#2192 = CARTESIAN_POINT('',(-4.661762916002,-96.27883627086));
#2193 = CARTESIAN_POINT('',(-4.639752189363,-96.09789655828));
#2194 = CARTESIAN_POINT('',(-4.619549360545,-95.84928530046));
#2195 = CARTESIAN_POINT('',(-4.601501478411,-95.54780125078));
#2196 = CARTESIAN_POINT('',(-4.585817719871,-95.21034856643));
#2197 = CARTESIAN_POINT('',(-4.556656402979,-94.43202631656));
#2198 = CARTESIAN_POINT('',(-4.543711310818,-93.97047552865));
#2199 = CARTESIAN_POINT('',(-4.533554499601,-93.48474635766));
#2200 = CARTESIAN_POINT('',(-4.526041705787,-92.9834093537));
#2201 = CARTESIAN_POINT('',(-4.521066182719,-92.47257867259));
#2202 = CARTESIAN_POINT('',(-4.518570774161,-91.95672757051));
#2203 = CARTESIAN_POINT('',(-4.518570774161,-90.92327222961));
#2204 = CARTESIAN_POINT('',(-4.521066184908,-90.40741648855));
#2205 = CARTESIAN_POINT('',(-4.526041787096,-89.89658417075));
#2206 = CARTESIAN_POINT('',(-4.533554610671,-89.39524946397));
#2207 = CARTESIAN_POINT('',(-4.543711342395,-88.90952645169));
#2208 = CARTESIAN_POINT('',(-4.556656209016,-88.44797886035));
#2209 = CARTESIAN_POINT('',(-4.5862734158,-87.6574888045));
#2210 = CARTESIAN_POINT('',(-4.602629170353,-87.30776439573));
#2211 = CARTESIAN_POINT('',(-4.621551540986,-86.99728631683));
#2212 = CARTESIAN_POINT('',(-4.642777155846,-86.74546899607));
#2213 = CARTESIAN_POINT('',(-4.665876925709,-86.56873526206));
#2214 = CARTESIAN_POINT('',(-4.690317198735,-86.48037588117));
#2215 = CARTESIAN_POINT('',(-4.739637099803,-86.50048876853));
#2216 = CARTESIAN_POINT('',(-4.763015044767,-86.60116372913));
#2217 = CARTESIAN_POINT('',(-4.785025771407,-86.78210344171));
#2218 = CARTESIAN_POINT('',(-4.805228600224,-87.03071469953));
#2219 = CARTESIAN_POINT('',(-4.823276482359,-87.33219874922));
#2220 = CARTESIAN_POINT('',(-4.838960240898,-87.66965143356));
#2221 = CARTESIAN_POINT('',(-4.868121557791,-88.44797368343));
#2222 = CARTESIAN_POINT('',(-4.881066649951,-88.90952447134));
#2223 = CARTESIAN_POINT('',(-4.891223461168,-89.39525364233));
#2224 = CARTESIAN_POINT('',(-4.898736254983,-89.89659064629));
#2225 = CARTESIAN_POINT('',(-4.903711778051,-90.4074213274));
#2226 = CARTESIAN_POINT('',(-4.906207186608,-90.92327242949));
#2227 = CARTESIAN_POINT('',(-4.906207186608,-91.44));
#2228 = ( GEOMETRIC_REPRESENTATION_CONTEXT(2) 
PARAMETRIC_REPRESENTATION_CONTEXT() REPRESENTATION_CONTEXT('2D SPACE',''
  ) );
#2229 = ORIENTED_EDGE('',*,*,#2230,.T.);
#2230 = EDGE_CURVE('',#2067,#663,#2231,.T.);
#2231 = SEAM_CURVE('',#2232,(#2236,#2243),.PCURVE_S1.);
#2232 = LINE('',#2233,#2234);
#2233 = CARTESIAN_POINT('',(4.95,-159.4150785419,-10.02347184677));
#2234 = VECTOR('',#2235,1.);
#2235 = DIRECTION('',(0.,-0.849892692987,0.526955795497));
#2236 = PCURVE('',#772,#2237);
#2237 = DEFINITIONAL_REPRESENTATION('',(#2238),#2242);
#2238 = LINE('',#2239,#2240);
#2239 = CARTESIAN_POINT('',(-6.28318530718,0.));
#2240 = VECTOR('',#2241,1.);
#2241 = DIRECTION('',(-0.,-1.));
#2242 = ( GEOMETRIC_REPRESENTATION_CONTEXT(2) 
PARAMETRIC_REPRESENTATION_CONTEXT() REPRESENTATION_CONTEXT('2D SPACE',''
  ) );
#2243 = PCURVE('',#772,#2244);
#2244 = DEFINITIONAL_REPRESENTATION('',(#2245),#2249);
#2245 = LINE('',#2246,#2247);
#2246 = CARTESIAN_POINT('',(-0.,0.));
#2247 = VECTOR('',#2248,1.);
#2248 = DIRECTION('',(-0.,-1.));
#2249 = ( GEOMETRIC_REPRESENTATION_CONTEXT(2) 
PARAMETRIC_REPRESENTATION_CONTEXT() REPRESENTATION_CONTEXT('2D SPACE',''
  ) );
#2250 = ORIENTED_EDGE('',*,*,#662,.T.);
#2251 = ORIENTED_EDGE('',*,*,#2230,.F.);
#2252 = ADVANCED_FACE('',(#2253),#943,.F.);
#2253 = FACE_BOUND('',#2254,.F.);
#2254 = EDGE_LOOP('',(#2255,#2419,#2440,#2441));
#2255 = ORIENTED_EDGE('',*,*,#2256,.F.);
#2256 = EDGE_CURVE('',#2257,#2257,#2259,.T.);
#2257 = VERTEX_POINT('',#2258);
#2258 = CARTESIAN_POINT('',(4.95,-152.7049559147,-47.05866260271));
#2259 = SURFACE_CURVE('',#2260,(#2311,#2365),.PCURVE_S1.);
#2260 = B_SPLINE_CURVE_WITH_KNOTS('',7,(#2261,#2262,#2263,#2264,#2265,
    #2266,#2267,#2268,#2269,#2270,#2271,#2272,#2273,#2274,#2275,#2276,
    #2277,#2278,#2279,#2280,#2281,#2282,#2283,#2284,#2285,#2286,#2287,
    #2288,#2289,#2290,#2291,#2292,#2293,#2294,#2295,#2296,#2297,#2298,
    #2299,#2300,#2301,#2302,#2303,#2304,#2305,#2306,#2307,#2308,#2309,
    #2310),.UNSPECIFIED.,.T.,.F.,(8,6,6,6,6,6,6,6,8),(0.,0.135659378245,
    0.25299596052,0.365964290219,0.501053272243,0.636142307992,
    0.75298557965,0.865478963896,1.),.UNSPECIFIED.);
#2261 = CARTESIAN_POINT('',(4.95,-152.7049559147,-47.05866260271));
#2262 = CARTESIAN_POINT('',(4.95,-152.4326632214,-46.6194994464));
#2263 = CARTESIAN_POINT('',(4.887068646979,-152.1503320823,
    -46.18758643657));
#2264 = CARTESIAN_POINT('',(4.761590547207,-151.8602131148,
    -45.76641274083));
#2265 = CARTESIAN_POINT('',(4.571930363586,-151.5652680567,
    -45.35940641888));
#2266 = CARTESIAN_POINT('',(4.315023444822,-151.2699178917,
    -44.97102029218));
#2267 = CARTESIAN_POINT('',(3.986642686001,-150.9809247076,
    -44.60713793304));
#2268 = CARTESIAN_POINT('',(3.232911940163,-150.4741950959,
    -43.99121788276));
#2269 = CARTESIAN_POINT('',(2.815883775451,-150.2448686911,
    -43.72191384871));
#2270 = CARTESIAN_POINT('',(2.332319067273,-150.0364482102,
    -43.48582557521));
#2271 = CARTESIAN_POINT('',(1.788520082884,-149.8641053969,
    -43.29638957012));
#2272 = CARTESIAN_POINT('',(1.195411189126,-149.7419238836,
    -43.1641970258));
#2273 = CARTESIAN_POINT('',(0.567241895315,-149.6809033596,
    -43.09806601588));
#2274 = CARTESIAN_POINT('',(-0.700273643624,-149.694793948,
    -43.11311869422));
#2275 = CARTESIAN_POINT('',(-1.301030014748,-149.7643200755,
    -43.18846675316));
#2276 = CARTESIAN_POINT('',(-1.86601009236,-149.8891530624,
    -43.32396414913));
#2277 = CARTESIAN_POINT('',(-2.383476828312,-150.0588576385,
    -43.51126361548));
#2278 = CARTESIAN_POINT('',(-2.844634211088,-150.260867196,
    -43.74074428297));
#2279 = CARTESIAN_POINT('',(-3.244508983641,-150.4819917333,
    -44.00069454487));
#2280 = CARTESIAN_POINT('',(-3.986637749813,-150.980921389,
    -44.60713389937));
#2281 = CARTESIAN_POINT('',(-4.31502427411,-151.269916795,
    -44.97101864202));
#2282 = CARTESIAN_POINT('',(-4.571933164617,-151.5652707582,
    -45.35940966016));
#2283 = CARTESIAN_POINT('',(-4.761592597811,-151.8602168522,
    -45.76641804283));
#2284 = CARTESIAN_POINT('',(-4.887068702244,-152.1503346456,
    -46.18759054076));
#2285 = CARTESIAN_POINT('',(-4.95,-152.4326633268,-46.61949961627));
#2286 = CARTESIAN_POINT('',(-4.95,-152.977248611,-47.49782576381));
#2287 = CARTESIAN_POINT('',(-4.887068651066,-153.2385838029,
    -47.94275678051));
#2288 = CARTESIAN_POINT('',(-4.761590533922,-153.4868369653,
    -48.38988844513));
#2289 = CARTESIAN_POINT('',(-4.571930382384,-153.7202543302,
    -48.83504346522));
#2290 = CARTESIAN_POINT('',(-4.315023431173,-153.9368133036,
    -49.2722822669));
#2291 = CARTESIAN_POINT('',(-3.986642690499,-154.1342504652,
    -49.69293173638));
#2292 = CARTESIAN_POINT('',(-3.232911940074,-154.4606274879,
    -50.42067513523));
#2293 = CARTESIAN_POINT('',(-2.815883775533,-154.5998796911,
    -50.74582754012));
#2294 = CARTESIAN_POINT('',(-2.332319067385,-154.7186756563,
    -51.03748536791));
#2295 = CARTESIAN_POINT('',(-1.788520082777,-154.8117260363,
    -51.27608476468));
#2296 = CARTESIAN_POINT('',(-1.195411189005,-154.8758062537,
    -51.4443016385));
#2297 = CARTESIAN_POINT('',(-0.567241895443,-154.9079087054,
    -51.52836261298));
#2298 = CARTESIAN_POINT('',(0.700273643753,-154.9006020886,
    -51.50922769931));
#2299 = CARTESIAN_POINT('',(1.301030014626,-154.8640257083,
    -51.41344993152));
#2300 = CARTESIAN_POINT('',(1.866010092254,-154.7981642348,
    -51.24138864822));
#2301 = CARTESIAN_POINT('',(2.383476828426,-154.7058545247,
    -51.0061023318));
#2302 = CARTESIAN_POINT('',(2.84463421117,-154.5901265478,
    -50.72312481763));
#2303 = CARTESIAN_POINT('',(3.244508983552,-154.4556057895,
    -50.40947793804));
#2304 = CARTESIAN_POINT('',(3.986637749812,-154.1342526046,
    -49.69293650672));
#2305 = CARTESIAN_POINT('',(4.315024274112,-153.9368142854,
    -49.27228396518));
#2306 = CARTESIAN_POINT('',(4.571933164615,-153.7202526452,
    -48.83503963695));
#2307 = CARTESIAN_POINT('',(4.761592597812,-153.4868338597,
    -48.38988270684));
#2308 = CARTESIAN_POINT('',(4.887068702244,-153.2385812773,
    -47.94275267831));
#2309 = CARTESIAN_POINT('',(4.95,-152.9772485027,-47.49782558915));
#2310 = CARTESIAN_POINT('',(4.95,-152.7049559147,-47.05866260271));
#2311 = PCURVE('',#943,#2312);
#2312 = DEFINITIONAL_REPRESENTATION('',(#2313),#2364);
#2313 = B_SPLINE_CURVE_WITH_KNOTS('',7,(#2314,#2315,#2316,#2317,#2318,
    #2319,#2320,#2321,#2322,#2323,#2324,#2325,#2326,#2327,#2328,#2329,
    #2330,#2331,#2332,#2333,#2334,#2335,#2336,#2337,#2338,#2339,#2340,
    #2341,#2342,#2343,#2344,#2345,#2346,#2347,#2348,#2349,#2350,#2351,
    #2352,#2353,#2354,#2355,#2356,#2357,#2358,#2359,#2360,#2361,#2362,
    #2363),.UNSPECIFIED.,.F.,.F.,(8,6,6,6,6,6,6,6,8),(0.,0.135659378245,
    0.25299596052,0.365964290219,0.501053272243,0.636142307992,
    0.75298557965,0.865478963896,1.),.UNSPECIFIED.);
#2314 = CARTESIAN_POINT('',(0.,-25.21879259599));
#2315 = CARTESIAN_POINT('',(0.104389448562,-25.21879259599));
#2316 = CARTESIAN_POINT('',(0.208602503758,-25.23114470446));
#2317 = CARTESIAN_POINT('',(0.313660046107,-25.25577477514));
#2318 = CARTESIAN_POINT('',(0.420483025414,-25.29197208476));
#2319 = CARTESIAN_POINT('',(0.530018611886,-25.3383257115));
#2320 = CARTESIAN_POINT('',(0.643280865032,-25.39218898892));
#2321 = CARTESIAN_POINT('',(0.863935072753,-25.49829214321));
#2322 = CARTESIAN_POINT('',(0.973205937931,-25.55128365741));
#2323 = CARTESIAN_POINT('',(1.087763671715,-25.60401061729));
#2324 = CARTESIAN_POINT('',(1.206715871241,-25.6506591142));
#2325 = CARTESIAN_POINT('',(1.329582620568,-25.68484066219));
#2326 = CARTESIAN_POINT('',(1.456186246831,-25.70185344074));
#2327 = CARTESIAN_POINT('',(1.712282227468,-25.6979800273));
#2328 = CARTESIAN_POINT('',(1.833954578483,-25.67859537588));
#2329 = CARTESIAN_POINT('',(1.951895119753,-25.64390187051));
#2330 = CARTESIAN_POINT('',(2.066016327438,-25.59836973062));
#2331 = CARTESIAN_POINT('',(2.175967454579,-25.54760945147));
#2332 = CARTESIAN_POINT('',(2.281052608113,-25.49665962005));
#2333 = CARTESIAN_POINT('',(2.498310343492,-25.39218968379));
#2334 = CARTESIAN_POINT('',(2.611573861447,-25.33832577398));
#2335 = CARTESIAN_POINT('',(2.721110560117,-25.29197149673));
#2336 = CARTESIAN_POINT('',(2.827933944438,-25.25577439274));
#2337 = CARTESIAN_POINT('',(2.932991121049,-25.23114468868));
#2338 = CARTESIAN_POINT('',(3.037203245406,-25.21879259599));
#2339 = CARTESIAN_POINT('',(3.24598210329,-25.21879259599));
#2340 = CARTESIAN_POINT('',(3.350195152721,-25.23114470383));
#2341 = CARTESIAN_POINT('',(3.455252708289,-25.25577477715));
#2342 = CARTESIAN_POINT('',(3.562075670188,-25.29197208198));
#2343 = CARTESIAN_POINT('',(3.671611270487,-25.33832571348));
#2344 = CARTESIAN_POINT('',(3.784873517305,-25.39218898829));
#2345 = CARTESIAN_POINT('',(4.005527726369,-25.49829214322));
#2346 = CARTESIAN_POINT('',(4.11479859149,-25.55128365739));
#2347 = CARTESIAN_POINT('',(4.229356325291,-25.60401061728));
#2348 = CARTESIAN_POINT('',(4.348308524851,-25.65065911422));
#2349 = CARTESIAN_POINT('',(4.471175274182,-25.68484066218));
#2350 = CARTESIAN_POINT('',(4.597778900395,-25.70185344074));
#2351 = CARTESIAN_POINT('',(4.853874881084,-25.6979800273));
#2352 = CARTESIAN_POINT('',(4.975547232049,-25.67859537587));
#2353 = CARTESIAN_POINT('',(5.093487773322,-25.64390187053));
#2354 = CARTESIAN_POINT('',(5.207608981043,-25.59836973062));
#2355 = CARTESIAN_POINT('',(5.317560108199,-25.54760945146));
#2356 = CARTESIAN_POINT('',(5.422645261677,-25.49665962007));
#2357 = CARTESIAN_POINT('',(5.639902997081,-25.39218968379));
#2358 = CARTESIAN_POINT('',(5.753166515037,-25.33832577398));
#2359 = CARTESIAN_POINT('',(5.862703213706,-25.29197149673));
#2360 = CARTESIAN_POINT('',(5.969526598028,-25.25577439274));
#2361 = CARTESIAN_POINT('',(6.074583774639,-25.23114468868));
#2362 = CARTESIAN_POINT('',(6.178795898996,-25.21879259599));
#2363 = CARTESIAN_POINT('',(6.28318530718,-25.21879259599));
#2364 = ( GEOMETRIC_REPRESENTATION_CONTEXT(2) 
PARAMETRIC_REPRESENTATION_CONTEXT() REPRESENTATION_CONTEXT('2D SPACE',''
  ) );
#2365 = PCURVE('',#1196,#2366);
#2366 = DEFINITIONAL_REPRESENTATION('',(#2367),#2418);
#2367 = B_SPLINE_CURVE_WITH_KNOTS('',7,(#2368,#2369,#2370,#2371,#2372,
    #2373,#2374,#2375,#2376,#2377,#2378,#2379,#2380,#2381,#2382,#2383,
    #2384,#2385,#2386,#2387,#2388,#2389,#2390,#2391,#2392,#2393,#2394,
    #2395,#2396,#2397,#2398,#2399,#2400,#2401,#2402,#2403,#2404,#2405,
    #2406,#2407,#2408,#2409,#2410,#2411,#2412,#2413,#2414,#2415,#2416,
    #2417),.UNSPECIFIED.,.T.,.F.,(8,6,6,6,6,6,6,6,8),(0.,0.135659378245,
    0.25299596052,0.365964290219,0.501053272243,0.636142307992,
    0.75298557965,0.865478963896,1.),.UNSPECIFIED.);
#2368 = CARTESIAN_POINT('',(-1.376978120572,-63.5));
#2369 = CARTESIAN_POINT('',(-1.376978120572,-64.01672777038));
#2370 = CARTESIAN_POINT('',(-1.379473531319,-64.53258351144));
#2371 = CARTESIAN_POINT('',(-1.384449133506,-65.04341582924));
#2372 = CARTESIAN_POINT('',(-1.391961957081,-65.54475053602));
#2373 = CARTESIAN_POINT('',(-1.402118688806,-66.0304735483));
#2374 = CARTESIAN_POINT('',(-1.415063555426,-66.49202113964));
#2375 = CARTESIAN_POINT('',(-1.44468076221,-67.28251119549));
#2376 = CARTESIAN_POINT('',(-1.461036516763,-67.63223560426));
#2377 = CARTESIAN_POINT('',(-1.479958887396,-67.94271368316));
#2378 = CARTESIAN_POINT('',(-1.501184502256,-68.19453100392));
#2379 = CARTESIAN_POINT('',(-1.524284272119,-68.37126473793));
#2380 = CARTESIAN_POINT('',(-1.548724545145,-68.45962411882));
#2381 = CARTESIAN_POINT('',(-1.598044446208,-68.43951123146));
#2382 = CARTESIAN_POINT('',(-1.621422391182,-68.3388362709));
#2383 = CARTESIAN_POINT('',(-1.643433117821,-68.15789655819));
#2384 = CARTESIAN_POINT('',(-1.66363594663,-67.90928530047));
#2385 = CARTESIAN_POINT('',(-1.681683828766,-67.60780125091));
#2386 = CARTESIAN_POINT('',(-1.697367587312,-67.27034856633));
#2387 = CARTESIAN_POINT('',(-1.726528904201,-66.49202631656));
#2388 = CARTESIAN_POINT('',(-1.739473996361,-66.03047552865));
#2389 = CARTESIAN_POINT('',(-1.749630807578,-65.54474635766));
#2390 = CARTESIAN_POINT('',(-1.757143601393,-65.0434093537));
#2391 = CARTESIAN_POINT('',(-1.762119124461,-64.53257867259));
#2392 = CARTESIAN_POINT('',(-1.764614533018,-64.01672757051));
#2393 = CARTESIAN_POINT('',(-1.764614533018,-62.98327222398));
#2394 = CARTESIAN_POINT('',(-1.762119122432,-62.46741651007));
#2395 = CARTESIAN_POINT('',(-1.757143519561,-61.95658413284));
#2396 = CARTESIAN_POINT('',(-1.749630697248,-61.45524950079));
#2397 = CARTESIAN_POINT('',(-1.739473964247,-60.96952643207));
#2398 = CARTESIAN_POINT('',(-1.726529098341,-60.50797886507));
#2399 = CARTESIAN_POINT('',(-1.696911891376,-59.71748880441));
#2400 = CARTESIAN_POINT('',(-1.68055613683,-59.36776439586));
#2401 = CARTESIAN_POINT('',(-1.661633766198,-59.05728631683));
#2402 = CARTESIAN_POINT('',(-1.64040815133,-58.80546899598));
#2403 = CARTESIAN_POINT('',(-1.617308381466,-58.6287352621));
#2404 = CARTESIAN_POINT('',(-1.59286810845,-58.54037588117));
#2405 = CARTESIAN_POINT('',(-1.543548207376,-58.56048876853));
#2406 = CARTESIAN_POINT('',(-1.520170262412,-58.66116372913));
#2407 = CARTESIAN_POINT('',(-1.498159535773,-58.84210344171));
#2408 = CARTESIAN_POINT('',(-1.477956706955,-59.09071469953));
#2409 = CARTESIAN_POINT('',(-1.459908824821,-59.39219874921));
#2410 = CARTESIAN_POINT('',(-1.444225066282,-59.72965143356));
#2411 = CARTESIAN_POINT('',(-1.415063749389,-60.50797368343));
#2412 = CARTESIAN_POINT('',(-1.402118657229,-60.96952447134));
#2413 = CARTESIAN_POINT('',(-1.391961846012,-61.45525364233));
#2414 = CARTESIAN_POINT('',(-1.384449052197,-61.95659064629));
#2415 = CARTESIAN_POINT('',(-1.379473529129,-62.4674213274));
#2416 = CARTESIAN_POINT('',(-1.376978120572,-62.98327242948));
#2417 = CARTESIAN_POINT('',(-1.376978120572,-63.5));
#2418 = ( GEOMETRIC_REPRESENTATION_CONTEXT(2) 
PARAMETRIC_REPRESENTATION_CONTEXT() REPRESENTATION_CONTEXT('2D SPACE',''
  ) );
#2419 = ORIENTED_EDGE('',*,*,#2420,.T.);
#2420 = EDGE_CURVE('',#2257,#834,#2421,.T.);
#2421 = SEAM_CURVE('',#2422,(#2426,#2433),.PCURVE_S1.);
#2422 = LINE('',#2423,#2424);
#2423 = CARTESIAN_POINT('',(4.95,-174.138223468,-33.76947368882));
#2424 = VECTOR('',#2425,1.);
#2425 = DIRECTION('',(0.,0.849892692987,-0.526955795497));
#2426 = PCURVE('',#943,#2427);
#2427 = DEFINITIONAL_REPRESENTATION('',(#2428),#2432);
#2428 = LINE('',#2429,#2430);
#2429 = CARTESIAN_POINT('',(6.28318530718,0.));
#2430 = VECTOR('',#2431,1.);
#2431 = DIRECTION('',(0.,-1.));
#2432 = ( GEOMETRIC_REPRESENTATION_CONTEXT(2) 
PARAMETRIC_REPRESENTATION_CONTEXT() REPRESENTATION_CONTEXT('2D SPACE',''
  ) );
#2433 = PCURVE('',#943,#2434);
#2434 = DEFINITIONAL_REPRESENTATION('',(#2435),#2439);
#2435 = LINE('',#2436,#2437);
#2436 = CARTESIAN_POINT('',(0.,0.));
#2437 = VECTOR('',#2438,1.);
#2438 = DIRECTION('',(0.,-1.));
#2439 = ( GEOMETRIC_REPRESENTATION_CONTEXT(2) 
PARAMETRIC_REPRESENTATION_CONTEXT() REPRESENTATION_CONTEXT('2D SPACE',''
  ) );
#2440 = ORIENTED_EDGE('',*,*,#833,.T.);
#2441 = ORIENTED_EDGE('',*,*,#2420,.F.);
#2442 = ADVANCED_FACE('',(#2443),#1114,.F.);
#2443 = FACE_BOUND('',#2444,.T.);
#2444 = EDGE_LOOP('',(#2445,#2609,#2630,#2631));
#2445 = ORIENTED_EDGE('',*,*,#2446,.F.);
#2446 = EDGE_CURVE('',#2447,#2447,#2449,.T.);
#2447 = VERTEX_POINT('',#2448);
#2448 = CARTESIAN_POINT('',(4.95,-195.5714910213,-20.48028477493));
#2449 = SURFACE_CURVE('',#2450,(#2501,#2555),.PCURVE_S1.);
#2450 = B_SPLINE_CURVE_WITH_KNOTS('',7,(#2451,#2452,#2453,#2454,#2455,
    #2456,#2457,#2458,#2459,#2460,#2461,#2462,#2463,#2464,#2465,#2466,
    #2467,#2468,#2469,#2470,#2471,#2472,#2473,#2474,#2475,#2476,#2477,
    #2478,#2479,#2480,#2481,#2482,#2483,#2484,#2485,#2486,#2487,#2488,
    #2489,#2490,#2491,#2492,#2493,#2494,#2495,#2496,#2497,#2498,#2499,
    #2500),.UNSPECIFIED.,.T.,.F.,(8,6,6,6,6,6,6,6,8),(0.,0.135659377895,
    0.252995959889,0.365964289303,0.501053272546,0.636142306696,
    0.752985578265,0.86547896244,1.),.UNSPECIFIED.);
#2451 = CARTESIAN_POINT('',(4.95,-195.5714910213,-20.48028477493));
#2452 = CARTESIAN_POINT('',(4.95,-195.299198328,-20.04112161862));
#2453 = CARTESIAN_POINT('',(4.887068646979,-195.0378631224,
    -19.59619057851));
#2454 = CARTESIAN_POINT('',(4.761590547207,-194.7896099891,
    -19.14905896578));
#2455 = CARTESIAN_POINT('',(4.571930363585,-194.5561925888,
    -18.70390387966));
#2456 = CARTESIAN_POINT('',(4.315023444823,-194.3396336411,
    -18.26666512846));
#2457 = CARTESIAN_POINT('',(3.986642686001,-194.1421964689,
    -17.84601563691));
#2458 = CARTESIAN_POINT('',(3.232911940101,-193.8158194482,
    -17.11827224243));
#2459 = CARTESIAN_POINT('',(2.815883775507,-193.6765672449,
    -16.79311983748));
#2460 = CARTESIAN_POINT('',(2.332319067352,-193.5577712797,
    -16.50146200973));
#2461 = CARTESIAN_POINT('',(1.78852008281,-193.4647208998,
    -16.26286261298));
#2462 = CARTESIAN_POINT('',(1.195411189042,-193.4006406823,
    -16.09464573912));
#2463 = CARTESIAN_POINT('',(0.567241895404,-193.3685382306,
    -16.01058476466));
#2464 = CARTESIAN_POINT('',(-0.700273643632,-193.3758448474,
    -16.02971967833));
#2465 = CARTESIAN_POINT('',(-1.301030014738,-193.4124212277,
    -16.12549744608));
#2466 = CARTESIAN_POINT('',(-1.866010092356,-193.4782827013,
    -16.2975587295));
#2467 = CARTESIAN_POINT('',(-2.383476828318,-193.5705924114,
    -16.53284504583));
#2468 = CARTESIAN_POINT('',(-2.844634211093,-193.6863203882,
    -16.81582255989));
#2469 = CARTESIAN_POINT('',(-3.244508983636,-193.8208411466,
    -17.12946943967));
#2470 = CARTESIAN_POINT('',(-3.98663775449,-194.1421943335,
    -17.84601087543));
#2471 = CARTESIAN_POINT('',(-4.315024259917,-194.3396326418,
    -18.26666339423));
#2472 = CARTESIAN_POINT('',(-4.571933184139,-194.556194308,
    -18.70390777393));
#2473 = CARTESIAN_POINT('',(-4.761592584047,-194.7896130583,
    -19.14906463767));
#2474 = CARTESIAN_POINT('',(-4.887068706464,-195.0378656692,
    -19.59619471733));
#2475 = CARTESIAN_POINT('',(-4.95,-195.2991984306,-20.04112178411));
#2476 = CARTESIAN_POINT('',(-4.95,-195.8437837146,-20.91944793124));
#2477 = CARTESIAN_POINT('',(-4.887068646979,-196.1261148537,
    -21.35136094107));
#2478 = CARTESIAN_POINT('',(-4.761590547207,-196.4162338212,
    -21.77253463681));
#2479 = CARTESIAN_POINT('',(-4.571930363585,-196.7111788794,
    -22.17954095876));
#2480 = CARTESIAN_POINT('',(-4.315023444823,-197.0065290444,
    -22.56792708546));
#2481 = CARTESIAN_POINT('',(-3.986642686001,-197.2955222284,
    -22.9318094446));
#2482 = CARTESIAN_POINT('',(-3.232911940092,-197.8022518402,
    -23.54772949494));
#2483 = CARTESIAN_POINT('',(-2.815883775517,-198.0315782449,
    -23.81703352885));
#2484 = CARTESIAN_POINT('',(-2.332319067362,-198.2399987259,
    -24.05312180243));
#2485 = CARTESIAN_POINT('',(-1.7885200828,-198.4123415392,
    -24.24255780757));
#2486 = CARTESIAN_POINT('',(-1.195411189028,-198.5345230524,
    -24.37475035182));
#2487 = CARTESIAN_POINT('',(-0.567241895418,-198.5955435764,
    -24.44088136176));
#2488 = CARTESIAN_POINT('',(0.700273643812,-198.5816529881,
    -24.42582868342));
#2489 = CARTESIAN_POINT('',(1.301030014569,-198.5121268605,
    -24.35048062444));
#2490 = CARTESIAN_POINT('',(1.86601009221,-198.3872938737,-24.2149832286
    ));
#2491 = CARTESIAN_POINT('',(2.383476828473,-198.2175892975,
    -24.02768376217));
#2492 = CARTESIAN_POINT('',(2.844634211209,-198.0155797399,
    -23.79820309452));
#2493 = CARTESIAN_POINT('',(3.244508983512,-197.7944552029,
    -23.53825283287));
#2494 = CARTESIAN_POINT('',(3.98663775449,-197.2955255439,
    -22.93181347445));
#2495 = CARTESIAN_POINT('',(4.315024259918,-197.0065301534,
    -22.56792875167));
#2496 = CARTESIAN_POINT('',(4.571933184139,-196.7111761557,
    -22.17953768728));
#2497 = CARTESIAN_POINT('',(4.761592584048,-196.4162301055,
    -21.77252936575));
#2498 = CARTESIAN_POINT('',(4.887068706464,-196.126112279,
    -21.35135681956));
#2499 = CARTESIAN_POINT('',(4.95,-195.843783612,-20.91944776575));
#2500 = CARTESIAN_POINT('',(4.95,-195.5714910213,-20.48028477493));
#2501 = PCURVE('',#1114,#2502);
#2502 = DEFINITIONAL_REPRESENTATION('',(#2503),#2554);
#2503 = B_SPLINE_CURVE_WITH_KNOTS('',7,(#2504,#2505,#2506,#2507,#2508,
    #2509,#2510,#2511,#2512,#2513,#2514,#2515,#2516,#2517,#2518,#2519,
    #2520,#2521,#2522,#2523,#2524,#2525,#2526,#2527,#2528,#2529,#2530,
    #2531,#2532,#2533,#2534,#2535,#2536,#2537,#2538,#2539,#2540,#2541,
    #2542,#2543,#2544,#2545,#2546,#2547,#2548,#2549,#2550,#2551,#2552,
    #2553),.UNSPECIFIED.,.F.,.F.,(8,6,6,6,6,6,6,6,8),(0.,0.135659377895,
    0.252995959889,0.365964289303,0.501053272546,0.636142306696,
    0.752985578265,0.86547896244,1.),.UNSPECIFIED.);
#2504 = CARTESIAN_POINT('',(0.,-25.21879259599));
#2505 = CARTESIAN_POINT('',(-0.104389448562,-25.21879259599));
#2506 = CARTESIAN_POINT('',(-0.208602503757,-25.23114470446));
#2507 = CARTESIAN_POINT('',(-0.313660046107,-25.25577477514));
#2508 = CARTESIAN_POINT('',(-0.420483025414,-25.29197208476));
#2509 = CARTESIAN_POINT('',(-0.530018611886,-25.3383257115));
#2510 = CARTESIAN_POINT('',(-0.643280865032,-25.39218898892));
#2511 = CARTESIAN_POINT('',(-0.863935072771,-25.49829214321));
#2512 = CARTESIAN_POINT('',(-0.97320593791,-25.5512836574));
#2513 = CARTESIAN_POINT('',(-1.087763671705,-25.60401061729));
#2514 = CARTESIAN_POINT('',(-1.206715871255,-25.65065911421));
#2515 = CARTESIAN_POINT('',(-1.329582620585,-25.68484066218));
#2516 = CARTESIAN_POINT('',(-1.456186246813,-25.70185344074));
#2517 = CARTESIAN_POINT('',(-1.71228222747,-25.6979800273));
#2518 = CARTESIAN_POINT('',(-1.833954578481,-25.67859537588));
#2519 = CARTESIAN_POINT('',(-1.951895119752,-25.64390187051));
#2520 = CARTESIAN_POINT('',(-2.066016327439,-25.59836973062));
#2521 = CARTESIAN_POINT('',(-2.175967454581,-25.54760945147));
#2522 = CARTESIAN_POINT('',(-2.281052608111,-25.49665962005));
#2523 = CARTESIAN_POINT('',(-2.498310344861,-25.39218968313));
#2524 = CARTESIAN_POINT('',(-2.611573856285,-25.33832577603));
#2525 = CARTESIAN_POINT('',(-2.721110569085,-25.29197149383));
#2526 = CARTESIAN_POINT('',(-2.827933935857,-25.25577439482));
#2527 = CARTESIAN_POINT('',(-2.932991125532,-25.23114468803));
#2528 = CARTESIAN_POINT('',(-3.037203244365,-25.21879259599));
#2529 = CARTESIAN_POINT('',(-3.245982102152,-25.21879259599));
#2530 = CARTESIAN_POINT('',(-3.350195157347,-25.23114470446));
#2531 = CARTESIAN_POINT('',(-3.455252699697,-25.25577477514));
#2532 = CARTESIAN_POINT('',(-3.562075679004,-25.29197208476));
#2533 = CARTESIAN_POINT('',(-3.671611265476,-25.3383257115));
#2534 = CARTESIAN_POINT('',(-3.784873518622,-25.39218898892));
#2535 = CARTESIAN_POINT('',(-4.005527726363,-25.49829214322));
#2536 = CARTESIAN_POINT('',(-4.114798591496,-25.5512836574));
#2537 = CARTESIAN_POINT('',(-4.229356325294,-25.60401061729));
#2538 = CARTESIAN_POINT('',(-4.348308524846,-25.65065911422));
#2539 = CARTESIAN_POINT('',(-4.471175274178,-25.68484066218));
#2540 = CARTESIAN_POINT('',(-4.5977789004,-25.70185344074));
#2541 = CARTESIAN_POINT('',(-4.853874881096,-25.6979800273));
#2542 = CARTESIAN_POINT('',(-4.975547232037,-25.67859537587));
#2543 = CARTESIAN_POINT('',(-5.093487773314,-25.64390187054));
#2544 = CARTESIAN_POINT('',(-5.207608981049,-25.59836973061));
#2545 = CARTESIAN_POINT('',(-5.317560108213,-25.54760945145));
#2546 = CARTESIAN_POINT('',(-5.422645261665,-25.49665962007));
#2547 = CARTESIAN_POINT('',(-5.639902998451,-25.39218968313));
#2548 = CARTESIAN_POINT('',(-5.753166509875,-25.33832577603));
#2549 = CARTESIAN_POINT('',(-5.862703222675,-25.29197149383));
#2550 = CARTESIAN_POINT('',(-5.969526589447,-25.25577439482));
#2551 = CARTESIAN_POINT('',(-6.074583779123,-25.23114468803));
#2552 = CARTESIAN_POINT('',(-6.178795897954,-25.21879259599));
#2553 = CARTESIAN_POINT('',(-6.28318530718,-25.21879259599));
#2554 = ( GEOMETRIC_REPRESENTATION_CONTEXT(2) 
PARAMETRIC_REPRESENTATION_CONTEXT() REPRESENTATION_CONTEXT('2D SPACE',''
  ) );
#2555 = PCURVE('',#1196,#2556);
#2556 = DEFINITIONAL_REPRESENTATION('',(#2557),#2608);
#2557 = B_SPLINE_CURVE_WITH_KNOTS('',7,(#2558,#2559,#2560,#2561,#2562,
    #2563,#2564,#2565,#2566,#2567,#2568,#2569,#2570,#2571,#2572,#2573,
    #2574,#2575,#2576,#2577,#2578,#2579,#2580,#2581,#2582,#2583,#2584,
    #2585,#2586,#2587,#2588,#2589,#2590,#2591,#2592,#2593,#2594,#2595,
    #2596,#2597,#2598,#2599,#2600,#2601,#2602,#2603,#2604,#2605,#2606,
    #2607),.UNSPECIFIED.,.T.,.F.,(8,6,6,6,6,6,6,6,8),(0.,0.135659377895,
    0.252995959889,0.365964289303,0.501053272546,0.636142306696,
    0.752985578265,0.86547896244,1.),.UNSPECIFIED.);
#2558 = CARTESIAN_POINT('',(-4.906207186608,-63.5));
#2559 = CARTESIAN_POINT('',(-4.906207186608,-64.01672777038));
#2560 = CARTESIAN_POINT('',(-4.903711775861,-64.53258351144));
#2561 = CARTESIAN_POINT('',(-4.898736173673,-65.04341582924));
#2562 = CARTESIAN_POINT('',(-4.891223350098,-65.54475053602));
#2563 = CARTESIAN_POINT('',(-4.881066618374,-66.0304735483));
#2564 = CARTESIAN_POINT('',(-4.868121751754,-66.49202113964));
#2565 = CARTESIAN_POINT('',(-4.838504544967,-67.28251119556));
#2566 = CARTESIAN_POINT('',(-4.822148790419,-67.63223560417));
#2567 = CARTESIAN_POINT('',(-4.803226419787,-67.94271368316));
#2568 = CARTESIAN_POINT('',(-4.782000804921,-68.19453100398));
#2569 = CARTESIAN_POINT('',(-4.758901035057,-68.3712647379));
#2570 = CARTESIAN_POINT('',(-4.734460762038,-68.45962411882));
#2571 = CARTESIAN_POINT('',(-4.685140860971,-68.43951123146));
#2572 = CARTESIAN_POINT('',(-4.661762915998,-68.3388362709));
#2573 = CARTESIAN_POINT('',(-4.639752189359,-68.1578965582));
#2574 = CARTESIAN_POINT('',(-4.619549360549,-67.90928530047));
#2575 = CARTESIAN_POINT('',(-4.601501478414,-67.6078012509));
#2576 = CARTESIAN_POINT('',(-4.585817719868,-67.27034856634));
#2577 = CARTESIAN_POINT('',(-4.556656402795,-66.49202631166));
#2578 = CARTESIAN_POINT('',(-4.543711311376,-66.03047554881));
#2579 = CARTESIAN_POINT('',(-4.533554498833,-65.54474632034));
#2580 = CARTESIAN_POINT('',(-4.526041706329,-65.0434093914));
#2581 = CARTESIAN_POINT('',(-4.521066182553,-64.53257865182));
#2582 = CARTESIAN_POINT('',(-4.518570774161,-64.01672757566));
#2583 = CARTESIAN_POINT('',(-4.518570774161,-62.98327222961));
#2584 = CARTESIAN_POINT('',(-4.521066184908,-62.46741648855));
#2585 = CARTESIAN_POINT('',(-4.526041787096,-61.95658417075));
#2586 = CARTESIAN_POINT('',(-4.533554610671,-61.45524946397));
#2587 = CARTESIAN_POINT('',(-4.543711342395,-60.96952645169));
#2588 = CARTESIAN_POINT('',(-4.556656209016,-60.50797886035));
#2589 = CARTESIAN_POINT('',(-4.586273415803,-59.71748880442));
#2590 = CARTESIAN_POINT('',(-4.60262917035,-59.36776439584));
#2591 = CARTESIAN_POINT('',(-4.621551540982,-59.05728631683));
#2592 = CARTESIAN_POINT('',(-4.642777155849,-58.805468996));
#2593 = CARTESIAN_POINT('',(-4.665876925712,-58.62873526209));
#2594 = CARTESIAN_POINT('',(-4.690317198731,-58.54037588117));
#2595 = CARTESIAN_POINT('',(-4.739637099805,-58.56048876853));
#2596 = CARTESIAN_POINT('',(-4.763015044765,-58.66116372914));
#2597 = CARTESIAN_POINT('',(-4.785025771405,-58.84210344167));
#2598 = CARTESIAN_POINT('',(-4.805228600226,-59.09071469953));
#2599 = CARTESIAN_POINT('',(-4.82327648236,-59.39219874927));
#2600 = CARTESIAN_POINT('',(-4.838960240896,-59.72965143352));
#2601 = CARTESIAN_POINT('',(-4.868121557974,-60.50797368833));
#2602 = CARTESIAN_POINT('',(-4.881066649393,-60.96952445118));
#2603 = CARTESIAN_POINT('',(-4.891223461936,-61.45525367965));
#2604 = CARTESIAN_POINT('',(-4.898736254441,-61.95659060859));
#2605 = CARTESIAN_POINT('',(-4.903711778217,-62.46742134817));
#2606 = CARTESIAN_POINT('',(-4.906207186608,-62.98327242433));
#2607 = CARTESIAN_POINT('',(-4.906207186608,-63.5));
#2608 = ( GEOMETRIC_REPRESENTATION_CONTEXT(2) 
PARAMETRIC_REPRESENTATION_CONTEXT() REPRESENTATION_CONTEXT('2D SPACE',''
  ) );
#2609 = ORIENTED_EDGE('',*,*,#2610,.T.);
#2610 = EDGE_CURVE('',#2447,#1005,#2611,.T.);
#2611 = SEAM_CURVE('',#2612,(#2616,#2623),.PCURVE_S1.);
#2612 = LINE('',#2613,#2614);
#2613 = CARTESIAN_POINT('',(4.95,-174.138223468,-33.76947368882));
#2614 = VECTOR('',#2615,1.);
#2615 = DIRECTION('',(0.,-0.849892692987,0.526955795497));
#2616 = PCURVE('',#1114,#2617);
#2617 = DEFINITIONAL_REPRESENTATION('',(#2618),#2622);
#2618 = LINE('',#2619,#2620);
#2619 = CARTESIAN_POINT('',(-6.28318530718,0.));
#2620 = VECTOR('',#2621,1.);
#2621 = DIRECTION('',(-0.,-1.));
#2622 = ( GEOMETRIC_REPRESENTATION_CONTEXT(2) 
PARAMETRIC_REPRESENTATION_CONTEXT() REPRESENTATION_CONTEXT('2D SPACE',''
  ) );
#2623 = PCURVE('',#1114,#2624);
#2624 = DEFINITIONAL_REPRESENTATION('',(#2625),#2629);
#2625 = LINE('',#2626,#2627);
#2626 = CARTESIAN_POINT('',(-0.,0.));
#2627 = VECTOR('',#2628,1.);
#2628 = DIRECTION('',(-0.,-1.));
#2629 = ( GEOMETRIC_REPRESENTATION_CONTEXT(2) 
PARAMETRIC_REPRESENTATION_CONTEXT() REPRESENTATION_CONTEXT('2D SPACE',''
  ) );
#2630 = ORIENTED_EDGE('',*,*,#1004,.T.);
#2631 = ORIENTED_EDGE('',*,*,#2610,.F.);
#2632 = ADVANCED_FACE('',(#2633,#2671,#2674,#2677,#2680),#1196,.F.);
#2633 = FACE_BOUND('',#2634,.T.);
#2634 = EDGE_LOOP('',(#2635,#2656,#2657,#2658,#2659,#2660,#2661,#2662,
    #2663,#2664,#2665,#2666,#2667,#2668,#2669,#2670));
#2635 = ORIENTED_EDGE('',*,*,#2636,.F.);
#2636 = EDGE_CURVE('',#1294,#1180,#2637,.T.);
#2637 = SEAM_CURVE('',#2638,(#2642,#2649),.PCURVE_S1.);
#2638 = LINE('',#2639,#2640);
#2639 = CARTESIAN_POINT('',(25.7,-207.5999164821,-87.73765969348));
#2640 = VECTOR('',#2641,1.);
#2641 = DIRECTION('',(0.,0.526955795497,0.849892692987));
#2642 = PCURVE('',#1196,#2643);
#2643 = DEFINITIONAL_REPRESENTATION('',(#2644),#2648);
#2644 = LINE('',#2645,#2646);
#2645 = CARTESIAN_POINT('',(-6.28318530718,0.));
#2646 = VECTOR('',#2647,1.);
#2647 = DIRECTION('',(-0.,-1.));
#2648 = ( GEOMETRIC_REPRESENTATION_CONTEXT(2) 
PARAMETRIC_REPRESENTATION_CONTEXT() REPRESENTATION_CONTEXT('2D SPACE',''
  ) );
#2649 = PCURVE('',#1196,#2650);
#2650 = DEFINITIONAL_REPRESENTATION('',(#2651),#2655);
#2651 = LINE('',#2652,#2653);
#2652 = CARTESIAN_POINT('',(-0.,0.));
#2653 = VECTOR('',#2654,1.);
#2654 = DIRECTION('',(-0.,-1.));
#2655 = ( GEOMETRIC_REPRESENTATION_CONTEXT(2) 
PARAMETRIC_REPRESENTATION_CONTEXT() REPRESENTATION_CONTEXT('2D SPACE',''
  ) );
#2656 = ORIENTED_EDGE('',*,*,#1317,.F.);
#2657 = ORIENTED_EDGE('',*,*,#1852,.F.);
#2658 = ORIENTED_EDGE('',*,*,#1818,.T.);
#2659 = ORIENTED_EDGE('',*,*,#1771,.T.);
#2660 = ORIENTED_EDGE('',*,*,#1721,.F.);
#2661 = ORIENTED_EDGE('',*,*,#1672,.F.);
#2662 = ORIENTED_EDGE('',*,*,#1616,.T.);
#2663 = ORIENTED_EDGE('',*,*,#1569,.T.);
#2664 = ORIENTED_EDGE('',*,*,#1519,.F.);
#2665 = ORIENTED_EDGE('',*,*,#1470,.F.);
#2666 = ORIENTED_EDGE('',*,*,#1414,.T.);
#2667 = ORIENTED_EDGE('',*,*,#1367,.T.);
#2668 = ORIENTED_EDGE('',*,*,#1293,.F.);
#2669 = ORIENTED_EDGE('',*,*,#2636,.T.);
#2670 = ORIENTED_EDGE('',*,*,#1179,.T.);
#2671 = FACE_BOUND('',#2672,.T.);
#2672 = EDGE_LOOP('',(#2673));
#2673 = ORIENTED_EDGE('',*,*,#1876,.F.);
#2674 = FACE_BOUND('',#2675,.T.);
#2675 = EDGE_LOOP('',(#2676));
#2676 = ORIENTED_EDGE('',*,*,#2066,.T.);
#2677 = FACE_BOUND('',#2678,.T.);
#2678 = EDGE_LOOP('',(#2679));
#2679 = ORIENTED_EDGE('',*,*,#2256,.F.);
#2680 = FACE_BOUND('',#2681,.T.);
#2681 = EDGE_LOOP('',(#2682));
#2682 = ORIENTED_EDGE('',*,*,#2446,.T.);
#2683 = ( GEOMETRIC_REPRESENTATION_CONTEXT(3) 
GLOBAL_UNCERTAINTY_ASSIGNED_CONTEXT((#2687)) 
GLOBAL_UNIT_ASSIGNED_CONTEXT((#2684,#2685,#2686)) REPRESENTATION_CONTEXT
('Context #1','3D Context with UNIT and UNCERTAINTY') );
#2684 = ( LENGTH_UNIT() NAMED_UNIT(*) SI_UNIT(.MILLI.,.METRE.) );
#2685 = ( NAMED_UNIT(*) PLANE_ANGLE_UNIT() SI_UNIT($,.RADIAN.) );
#2686 = ( NAMED_UNIT(*) SI_UNIT($,.STERADIAN.) SOLID_ANGLE_UNIT() );
#2687 = UNCERTAINTY_MEASURE_WITH_UNIT(LENGTH_MEASURE(1.E-07),#2684,
  'distance_accuracy_value','confusion accuracy');
#2688 = PRODUCT_RELATED_PRODUCT_CATEGORY('part',$,(#7));
ENDSEC;
END-ISO-10303-21;
