ISO-10303-21;
HEADER;
FILE_DESCRIPTION(('Open CASCADE Model'),'2;1');
FILE_NAME('Open CASCADE Shape Model','2026-09-26T07:30:17',('Author'),(
    'Open CASCADE'),'Open CASCADE STEP processor 7.9','Open CASCADE 7.9'
  ,'Unknown');
FILE_SCHEMA(('AUTOMOTIVE_DESIGN { 1 0 10303 214 1 1 1 1 }'));
ENDSEC;
DATA;
#1 = APPLICATION_PROTOCOL_DEFINITION('international standard',
  'automotive_design',2000,#2);
#2 = APPLICATION_CONTEXT(
  'core data for automotive mechanical design processes');
#3 = SHAPE_DEFINITION_REPRESENTATION(#4,#10);
#4 = PRODUCT_DEFINITION_SHAPE('','',#5);
#5 = PRODUCT_DEFINITION('design','',#6,#9);
#6 = PRODUCT_DEFINITION_FORMATION('','',#7);
#7 = PRODUCT('Open CASCADE STEP translator 7.9 21',
  'Open CASCADE STEP translator 7.9 21','',(#8));
#8 = PRODUCT_CONTEXT('',#2,'mechanical');
#9 = PRODUCT_DEFINITION_CONTEXT('part definition',#2,'design');
#10 = SHAPE_REPRESENTATION('',(#11,#15,#19),#23);
#11 = AXIS2_PLACEMENT_3D('',#12,#13,#14);
#12 = CARTESIAN_POINT('',(0.,0.,0.));
#13 = DIRECTION('',(0.,0.,1.));
#14 = DIRECTION('',(1.,0.,-0.));
#15 = AXIS2_PLACEMENT_3D('',#16,#17,#18);
#16 = CARTESIAN_POINT('',(0.,0.,0.));
#17 = DIRECTION('',(0.,0.,1.));
#18 = DIRECTION('',(1.,0.,-0.));
#19 = AXIS2_PLACEMENT_3D('',#20,#21,#22);
#20 = CARTESIAN_POINT('',(0.,0.,0.));
#21 = DIRECTION('',(0.,0.,1.));
#22 = DIRECTION('',(1.,0.,-0.));
#23 = ( GEOMETRIC_REPRESENTATION_CONTEXT(3) 
GLOBAL_UNCERTAINTY_ASSIGNED_CONTEXT((#27)) GLOBAL_UNIT_ASSIGNED_CONTEXT(
(#24,#25,#26)) REPRESENTATION_CONTEXT('Context #1',
  '3D Context with UNIT and UNCERTAINTY') );
#24 = ( LENGTH_UNIT() NAMED_UNIT(*) SI_UNIT(.MILLI.,.METRE.) );
#25 = ( NAMED_UNIT(*) PLANE_ANGLE_UNIT() SI_UNIT($,.RADIAN.) );
#26 = ( NAMED_UNIT(*) SI_UNIT($,.STERADIAN.) SOLID_ANGLE_UNIT() );
#27 = UNCERTAINTY_MEASURE_WITH_UNIT(LENGTH_MEASURE(1.E-07),#24,
  'distance_accuracy_value','confusion accuracy');
#28 = PRODUCT_RELATED_PRODUCT_CATEGORY('part',$,(#7));
#29 = SHAPE_DEFINITION_REPRESENTATION(#30,#36);
#30 = PRODUCT_DEFINITION_SHAPE('','',#31);
#31 = PRODUCT_DEFINITION('design','',#32,#35);
#32 = PRODUCT_DEFINITION_FORMATION('','',#33);
#33 = PRODUCT('Open CASCADE STEP translator 7.9 21.1',
  'Open CASCADE STEP translator 7.9 21.1','',(#34));
#34 = PRODUCT_CONTEXT('',#2,'mechanical');
#35 = PRODUCT_DEFINITION_CONTEXT('part definition',#2,'design');
#36 = ADVANCED_BREP_SHAPE_REPRESENTATION('',(#11,#37),#2503);
#37 = MANIFOLD_SOLID_BREP('',#38);
#38 = CLOSED_SHELL('',(#39,#1033,#1143,#1190,#1240,#1287,#1341,#1388,
    #1438,#1463,#1556,#1603,#1657,#1702,#1750,#1797,#1851,#1896,#1944,
    #1991,#2045,#2070,#2260,#2450));
#39 = ADVANCED_FACE('',(#40,#691,#862),#55,.T.);
#40 = FACE_BOUND('',#41,.F.);
#41 = EDGE_LOOP('',(#42,#82,#105,#134,#160,#193,#219,#248,#274,#307,#333
    ,#362,#388,#421,#447,#469,#470,#498,#524,#553,#579,#612,#638,#667));
#42 = ORIENTED_EDGE('',*,*,#43,.T.);
#43 = EDGE_CURVE('',#44,#46,#48,.T.);
#44 = VERTEX_POINT('',#45);
#45 = CARTESIAN_POINT('',(29.50563505502,6.2,-155.));
#46 = VERTEX_POINT('',#47);
#47 = CARTESIAN_POINT('',(30.15,0.,-155.));
#48 = SURFACE_CURVE('',#49,(#54,#66),.PCURVE_S1.);
#49 = CIRCLE('',#50,30.15);
#50 = AXIS2_PLACEMENT_3D('',#51,#52,#53);
#51 = CARTESIAN_POINT('',(0.,0.,-155.));
#52 = DIRECTION('',(0.,0.,-1.));
#53 = DIRECTION('',(1.,0.,0.));
#54 = PCURVE('',#55,#60);
#55 = CYLINDRICAL_SURFACE('',#56,30.15);
#56 = AXIS2_PLACEMENT_3D('',#57,#58,#59);
#57 = CARTESIAN_POINT('',(0.,0.,-215.));
#58 = DIRECTION('',(-0.,-0.,-1.));
#59 = DIRECTION('',(1.,0.,0.));
#60 = DEFINITIONAL_REPRESENTATION('',(#61),#65);
#61 = LINE('',#62,#63);
#62 = CARTESIAN_POINT('',(-6.28318530718,-60.));
#63 = VECTOR('',#64,1.);
#64 = DIRECTION('',(1.,-0.));
#65 = ( GEOMETRIC_REPRESENTATION_CONTEXT(2) 
PARAMETRIC_REPRESENTATION_CONTEXT() REPRESENTATION_CONTEXT('2D SPACE',''
  ) );
#66 = PCURVE('',#67,#72);
#67 = PLANE('',#68);
#68 = AXIS2_PLACEMENT_3D('',#69,#70,#71);
#69 = CARTESIAN_POINT('',(-35.15,-6.2,-155.));
#70 = DIRECTION('',(0.,0.,1.));
#71 = DIRECTION('',(1.,0.,0.));
#72 = DEFINITIONAL_REPRESENTATION('',(#73),#81);
#73 = ( BOUNDED_CURVE() B_SPLINE_CURVE(2,(#74,#75,#76,#77,#78,#79,#80),
.UNSPECIFIED.,.T.,.F.) B_SPLINE_CURVE_WITH_KNOTS((1,2,2,2,2,1),(
    -2.094395102393,0.,2.094395102393,4.188790204786,6.28318530718,
8.377580409573),.UNSPECIFIED.) CURVE() GEOMETRIC_REPRESENTATION_ITEM() 
RATIONAL_B_SPLINE_CURVE((1.,0.5,1.,0.5,1.,0.5,1.)) REPRESENTATION_ITEM(
  '') );
#74 = CARTESIAN_POINT('',(65.3,6.2));
#75 = CARTESIAN_POINT('',(65.3,-46.0213318482));
#76 = CARTESIAN_POINT('',(20.075,-19.9106659241));
#77 = CARTESIAN_POINT('',(-25.15,6.2));
#78 = CARTESIAN_POINT('',(20.075,32.310665924101));
#79 = CARTESIAN_POINT('',(65.3,58.421331848202));
#80 = CARTESIAN_POINT('',(65.3,6.2));
#81 = ( GEOMETRIC_REPRESENTATION_CONTEXT(2) 
PARAMETRIC_REPRESENTATION_CONTEXT() REPRESENTATION_CONTEXT('2D SPACE',''
  ) );
#82 = ORIENTED_EDGE('',*,*,#83,.T.);
#83 = EDGE_CURVE('',#46,#84,#86,.T.);
#84 = VERTEX_POINT('',#85);
#85 = CARTESIAN_POINT('',(30.15,0.,0.));
#86 = SEAM_CURVE('',#87,(#91,#98),.PCURVE_S1.);
#87 = LINE('',#88,#89);
#88 = CARTESIAN_POINT('',(30.15,0.,-215.));
#89 = VECTOR('',#90,1.);
#90 = DIRECTION('',(0.,0.,1.));
#91 = PCURVE('',#55,#92);
#92 = DEFINITIONAL_REPRESENTATION('',(#93),#97);
#93 = LINE('',#94,#95);
#94 = CARTESIAN_POINT('',(-6.28318530718,0.));
#95 = VECTOR('',#96,1.);
#96 = DIRECTION('',(-0.,-1.));
#97 = ( GEOMETRIC_REPRESENTATION_CONTEXT(2) 
PARAMETRIC_REPRESENTATION_CONTEXT() REPRESENTATION_CONTEXT('2D SPACE',''
  ) );
#98 = PCURVE('',#55,#99);
#99 = DEFINITIONAL_REPRESENTATION('',(#100),#104);
#100 = LINE('',#101,#102);
#101 = CARTESIAN_POINT('',(-0.,0.));
#102 = VECTOR('',#103,1.);
#103 = DIRECTION('',(-0.,-1.));
#104 = ( GEOMETRIC_REPRESENTATION_CONTEXT(2) 
PARAMETRIC_REPRESENTATION_CONTEXT() REPRESENTATION_CONTEXT('2D SPACE',''
  ) );
#105 = ORIENTED_EDGE('',*,*,#106,.T.);
#106 = EDGE_CURVE('',#84,#107,#109,.T.);
#107 = VERTEX_POINT('',#108);
#108 = CARTESIAN_POINT('',(5.25,29.689392044971,0.));
#109 = SURFACE_CURVE('',#110,(#115,#122),.PCURVE_S1.);
#110 = CIRCLE('',#111,30.15);
#111 = AXIS2_PLACEMENT_3D('',#112,#113,#114);
#112 = CARTESIAN_POINT('',(0.,0.,0.));
#113 = DIRECTION('',(0.,0.,1.));
#114 = DIRECTION('',(1.,0.,0.));
#115 = PCURVE('',#55,#116);
#116 = DEFINITIONAL_REPRESENTATION('',(#117),#121);
#117 = LINE('',#118,#119);
#118 = CARTESIAN_POINT('',(-0.,-215.));
#119 = VECTOR('',#120,1.);
#120 = DIRECTION('',(-1.,0.));
#121 = ( GEOMETRIC_REPRESENTATION_CONTEXT(2) 
PARAMETRIC_REPRESENTATION_CONTEXT() REPRESENTATION_CONTEXT('2D SPACE',''
  ) );
#122 = PCURVE('',#123,#128);
#123 = PLANE('',#124);
#124 = AXIS2_PLACEMENT_3D('',#125,#126,#127);
#125 = CARTESIAN_POINT('',(-1.451346077654E-15,3.123268199818E-15,0.));
#126 = DIRECTION('',(0.,0.,1.));
#127 = DIRECTION('',(1.,0.,-0.));
#128 = DEFINITIONAL_REPRESENTATION('',(#129),#133);
#129 = CIRCLE('',#130,30.15);
#130 = AXIS2_PLACEMENT_2D('',#131,#132);
#131 = CARTESIAN_POINT('',(1.451346077654E-15,-3.123268199818E-15));
#132 = DIRECTION('',(1.,0.));
#133 = ( GEOMETRIC_REPRESENTATION_CONTEXT(2) 
PARAMETRIC_REPRESENTATION_CONTEXT() REPRESENTATION_CONTEXT('2D SPACE',''
  ) );
#134 = ORIENTED_EDGE('',*,*,#135,.T.);
#135 = EDGE_CURVE('',#107,#136,#138,.T.);
#136 = VERTEX_POINT('',#137);
#137 = CARTESIAN_POINT('',(5.25,29.689392044971,-11.));
#138 = SURFACE_CURVE('',#139,(#143,#149),.PCURVE_S1.);
#139 = LINE('',#140,#141);
#140 = CARTESIAN_POINT('',(5.25,29.689392044971,-215.));
#141 = VECTOR('',#142,1.);
#142 = DIRECTION('',(-0.,-0.,-1.));
#143 = PCURVE('',#55,#144);
#144 = DEFINITIONAL_REPRESENTATION('',(#145),#148);
#145 = B_SPLINE_CURVE_WITH_KNOTS('',1,(#146,#147),.UNSPECIFIED.,.F.,.F.,
  (2,2),(-215.0000006,-201.8),.PIECEWISE_BEZIER_KNOTS.);
#146 = CARTESIAN_POINT('',(-1.395774782051,-215.0000006));
#147 = CARTESIAN_POINT('',(-1.395774782051,-201.8));
#148 = ( GEOMETRIC_REPRESENTATION_CONTEXT(2) 
PARAMETRIC_REPRESENTATION_CONTEXT() REPRESENTATION_CONTEXT('2D SPACE',''
  ) );
#149 = PCURVE('',#150,#155);
#150 = PLANE('',#151);
#151 = AXIS2_PLACEMENT_3D('',#152,#153,#154);
#152 = CARTESIAN_POINT('',(5.25,-5.828670879282E-16,-11.));
#153 = DIRECTION('',(-1.,1.110223024625E-16,0.));
#154 = DIRECTION('',(0.,0.,1.));
#155 = DEFINITIONAL_REPRESENTATION('',(#156),#159);
#156 = B_SPLINE_CURVE_WITH_KNOTS('',1,(#157,#158),.UNSPECIFIED.,.F.,.F.,
  (2,2),(-215.0000006,-201.8),.PIECEWISE_BEZIER_KNOTS.);
#157 = CARTESIAN_POINT('',(11.0000006,29.689392044971));
#158 = CARTESIAN_POINT('',(-2.2,29.689392044971));
#159 = ( GEOMETRIC_REPRESENTATION_CONTEXT(2) 
PARAMETRIC_REPRESENTATION_CONTEXT() REPRESENTATION_CONTEXT('2D SPACE',''
  ) );
#160 = ORIENTED_EDGE('',*,*,#161,.F.);
#161 = EDGE_CURVE('',#162,#136,#164,.T.);
#162 = VERTEX_POINT('',#163);
#163 = CARTESIAN_POINT('',(-5.25,29.689392044971,-11.));
#164 = SURFACE_CURVE('',#165,(#170,#177),.PCURVE_S1.);
#165 = CIRCLE('',#166,30.15);
#166 = AXIS2_PLACEMENT_3D('',#167,#168,#169);
#167 = CARTESIAN_POINT('',(0.,0.,-11.));
#168 = DIRECTION('',(0.,0.,-1.));
#169 = DIRECTION('',(1.,0.,0.));
#170 = PCURVE('',#55,#171);
#171 = DEFINITIONAL_REPRESENTATION('',(#172),#176);
#172 = LINE('',#173,#174);
#173 = CARTESIAN_POINT('',(-6.28318530718,-204.));
#174 = VECTOR('',#175,1.);
#175 = DIRECTION('',(1.,-0.));
#176 = ( GEOMETRIC_REPRESENTATION_CONTEXT(2) 
PARAMETRIC_REPRESENTATION_CONTEXT() REPRESENTATION_CONTEXT('2D SPACE',''
  ) );
#177 = PCURVE('',#178,#183);
#178 = PLANE('',#179);
#179 = AXIS2_PLACEMENT_3D('',#180,#181,#182);
#180 = CARTESIAN_POINT('',(5.25,-5.828670879282E-16,-11.));
#181 = DIRECTION('',(0.,0.,1.));
#182 = DIRECTION('',(1.110223024625E-16,1.,0.));
#183 = DEFINITIONAL_REPRESENTATION('',(#184),#192);
#184 = ( BOUNDED_CURVE() B_SPLINE_CURVE(2,(#185,#186,#187,#188,#189,#190
,#191),.UNSPECIFIED.,.T.,.F.) B_SPLINE_CURVE_WITH_KNOTS((1,2,2,2,2,1),(
    -2.094395102393,0.,2.094395102393,4.188790204786,6.28318530718,
8.377580409573),.UNSPECIFIED.) CURVE() GEOMETRIC_REPRESENTATION_ITEM() 
RATIONAL_B_SPLINE_CURVE((1.,0.5,1.,0.5,1.,0.5,1.)) REPRESENTATION_ITEM(
  '') );
#185 = CARTESIAN_POINT('',(3.347322419245E-15,-24.9));
#186 = CARTESIAN_POINT('',(-52.2213318482,-24.9));
#187 = CARTESIAN_POINT('',(-26.1106659241,20.325));
#188 = CARTESIAN_POINT('',(-1.407926503735E-14,65.55));
#189 = CARTESIAN_POINT('',(26.110665924101,20.325));
#190 = CARTESIAN_POINT('',(52.221331848202,-24.9));
#191 = CARTESIAN_POINT('',(3.347322419245E-15,-24.9));
#192 = ( GEOMETRIC_REPRESENTATION_CONTEXT(2) 
PARAMETRIC_REPRESENTATION_CONTEXT() REPRESENTATION_CONTEXT('2D SPACE',''
  ) );
#193 = ORIENTED_EDGE('',*,*,#194,.F.);
#194 = EDGE_CURVE('',#195,#162,#197,.T.);
#195 = VERTEX_POINT('',#196);
#196 = CARTESIAN_POINT('',(-5.25,29.689392044971,0.));
#197 = SURFACE_CURVE('',#198,(#202,#208),.PCURVE_S1.);
#198 = LINE('',#199,#200);
#199 = CARTESIAN_POINT('',(-5.25,29.689392044971,-215.));
#200 = VECTOR('',#201,1.);
#201 = DIRECTION('',(-0.,-0.,-1.));
#202 = PCURVE('',#55,#203);
#203 = DEFINITIONAL_REPRESENTATION('',(#204),#207);
#204 = B_SPLINE_CURVE_WITH_KNOTS('',1,(#205,#206),.UNSPECIFIED.,.F.,.F.,
  (2,2),(-215.0000006,-201.8),.PIECEWISE_BEZIER_KNOTS.);
#205 = CARTESIAN_POINT('',(-1.745817871538,-215.0000006));
#206 = CARTESIAN_POINT('',(-1.745817871538,-201.8));
#207 = ( GEOMETRIC_REPRESENTATION_CONTEXT(2) 
PARAMETRIC_REPRESENTATION_CONTEXT() REPRESENTATION_CONTEXT('2D SPACE',''
  ) );
#208 = PCURVE('',#209,#214);
#209 = PLANE('',#210);
#210 = AXIS2_PLACEMENT_3D('',#211,#212,#213);
#211 = CARTESIAN_POINT('',(-5.25,5.828670879282E-16,-11.));
#212 = DIRECTION('',(-1.,1.110223024625E-16,0.));
#213 = DIRECTION('',(0.,0.,1.));
#214 = DEFINITIONAL_REPRESENTATION('',(#215),#218);
#215 = B_SPLINE_CURVE_WITH_KNOTS('',1,(#216,#217),.UNSPECIFIED.,.F.,.F.,
  (2,2),(-215.0000006,-201.8),.PIECEWISE_BEZIER_KNOTS.);
#216 = CARTESIAN_POINT('',(11.0000006,29.689392044971));
#217 = CARTESIAN_POINT('',(-2.2,29.689392044971));
#218 = ( GEOMETRIC_REPRESENTATION_CONTEXT(2) 
PARAMETRIC_REPRESENTATION_CONTEXT() REPRESENTATION_CONTEXT('2D SPACE',''
  ) );
#219 = ORIENTED_EDGE('',*,*,#220,.T.);
#220 = EDGE_CURVE('',#195,#221,#223,.T.);
#221 = VERTEX_POINT('',#222);
#222 = CARTESIAN_POINT('',(-28.33676773386,-10.29806265261,0.));
#223 = SURFACE_CURVE('',#224,(#229,#236),.PCURVE_S1.);
#224 = CIRCLE('',#225,30.15);
#225 = AXIS2_PLACEMENT_3D('',#226,#227,#228);
#226 = CARTESIAN_POINT('',(0.,0.,0.));
#227 = DIRECTION('',(0.,0.,1.));
#228 = DIRECTION('',(1.,0.,0.));
#229 = PCURVE('',#55,#230);
#230 = DEFINITIONAL_REPRESENTATION('',(#231),#235);
#231 = LINE('',#232,#233);
#232 = CARTESIAN_POINT('',(-0.,-215.));
#233 = VECTOR('',#234,1.);
#234 = DIRECTION('',(-1.,0.));
#235 = ( GEOMETRIC_REPRESENTATION_CONTEXT(2) 
PARAMETRIC_REPRESENTATION_CONTEXT() REPRESENTATION_CONTEXT('2D SPACE',''
  ) );
#236 = PCURVE('',#237,#242);
#237 = PLANE('',#238);
#238 = AXIS2_PLACEMENT_3D('',#239,#240,#241);
#239 = CARTESIAN_POINT('',(-1.451346077654E-15,3.123268199818E-15,0.));
#240 = DIRECTION('',(0.,0.,1.));
#241 = DIRECTION('',(1.,0.,-0.));
#242 = DEFINITIONAL_REPRESENTATION('',(#243),#247);
#243 = CIRCLE('',#244,30.15);
#244 = AXIS2_PLACEMENT_2D('',#245,#246);
#245 = CARTESIAN_POINT('',(1.451346077654E-15,-3.123268199818E-15));
#246 = DIRECTION('',(1.,0.));
#247 = ( GEOMETRIC_REPRESENTATION_CONTEXT(2) 
PARAMETRIC_REPRESENTATION_CONTEXT() REPRESENTATION_CONTEXT('2D SPACE',''
  ) );
#248 = ORIENTED_EDGE('',*,*,#249,.T.);
#249 = EDGE_CURVE('',#221,#250,#252,.T.);
#250 = VERTEX_POINT('',#251);
#251 = CARTESIAN_POINT('',(-28.33676773386,-10.29806265261,-11.));
#252 = SURFACE_CURVE('',#253,(#257,#263),.PCURVE_S1.);
#253 = LINE('',#254,#255);
#254 = CARTESIAN_POINT('',(-28.33676773386,-10.29806265261,-215.));
#255 = VECTOR('',#256,1.);
#256 = DIRECTION('',(-0.,-0.,-1.));
#257 = PCURVE('',#55,#258);
#258 = DEFINITIONAL_REPRESENTATION('',(#259),#262);
#259 = B_SPLINE_CURVE_WITH_KNOTS('',1,(#260,#261),.UNSPECIFIED.,.F.,.F.,
  (2,2),(-215.0000006,-201.8),.PIECEWISE_BEZIER_KNOTS.);
#260 = CARTESIAN_POINT('',(-3.490169884445,-215.0000006));
#261 = CARTESIAN_POINT('',(-3.490169884445,-201.8));
#262 = ( GEOMETRIC_REPRESENTATION_CONTEXT(2) 
PARAMETRIC_REPRESENTATION_CONTEXT() REPRESENTATION_CONTEXT('2D SPACE',''
  ) );
#263 = PCURVE('',#264,#269);
#264 = PLANE('',#265);
#265 = AXIS2_PLACEMENT_3D('',#266,#267,#268);
#266 = CARTESIAN_POINT('',(-2.625,4.546633369868,-11.));
#267 = DIRECTION('',(0.5,-0.866025403784,0.));
#268 = DIRECTION('',(0.,0.,1.));
#269 = DEFINITIONAL_REPRESENTATION('',(#270),#273);
#270 = B_SPLINE_CURVE_WITH_KNOTS('',1,(#271,#272),.UNSPECIFIED.,.F.,.F.,
  (2,2),(-215.0000006,-201.8),.PIECEWISE_BEZIER_KNOTS.);
#271 = CARTESIAN_POINT('',(11.0000006,29.689392044971));
#272 = CARTESIAN_POINT('',(-2.2,29.689392044971));
#273 = ( GEOMETRIC_REPRESENTATION_CONTEXT(2) 
PARAMETRIC_REPRESENTATION_CONTEXT() REPRESENTATION_CONTEXT('2D SPACE',''
  ) );
#274 = ORIENTED_EDGE('',*,*,#275,.F.);
#275 = EDGE_CURVE('',#276,#250,#278,.T.);
#276 = VERTEX_POINT('',#277);
#277 = CARTESIAN_POINT('',(-23.08676773386,-19.39132939235,-11.));
#278 = SURFACE_CURVE('',#279,(#284,#291),.PCURVE_S1.);
#279 = CIRCLE('',#280,30.15);
#280 = AXIS2_PLACEMENT_3D('',#281,#282,#283);
#281 = CARTESIAN_POINT('',(0.,0.,-11.));
#282 = DIRECTION('',(0.,0.,-1.));
#283 = DIRECTION('',(1.,0.,0.));
#284 = PCURVE('',#55,#285);
#285 = DEFINITIONAL_REPRESENTATION('',(#286),#290);
#286 = LINE('',#287,#288);
#287 = CARTESIAN_POINT('',(-6.28318530718,-204.));
#288 = VECTOR('',#289,1.);
#289 = DIRECTION('',(1.,-0.));
#290 = ( GEOMETRIC_REPRESENTATION_CONTEXT(2) 
PARAMETRIC_REPRESENTATION_CONTEXT() REPRESENTATION_CONTEXT('2D SPACE',''
  ) );
#291 = PCURVE('',#292,#297);
#292 = PLANE('',#293);
#293 = AXIS2_PLACEMENT_3D('',#294,#295,#296);
#294 = CARTESIAN_POINT('',(-2.625,4.546633369868,-11.));
#295 = DIRECTION('',(0.,0.,1.));
#296 = DIRECTION('',(-0.866025403784,-0.5,0.));
#297 = DEFINITIONAL_REPRESENTATION('',(#298),#306);
#298 = ( BOUNDED_CURVE() B_SPLINE_CURVE(2,(#299,#300,#301,#302,#303,#304
,#305),.UNSPECIFIED.,.T.,.F.) B_SPLINE_CURVE_WITH_KNOTS((1,2,2,2,2,1),(
    -2.094395102393,0.,2.094395102393,4.188790204786,6.28318530718,
8.377580409573),.UNSPECIFIED.) CURVE() GEOMETRIC_REPRESENTATION_ITEM() 
RATIONAL_B_SPLINE_CURVE((1.,0.5,1.,0.5,1.,0.5,1.)) REPRESENTATION_ITEM(
  '') );
#299 = CARTESIAN_POINT('',(-26.1106659241,20.325));
#300 = CARTESIAN_POINT('',(4.440892098501E-16,65.55));
#301 = CARTESIAN_POINT('',(26.110665924101,20.325));
#302 = CARTESIAN_POINT('',(52.221331848202,-24.9));
#303 = CARTESIAN_POINT('',(1.287858708565E-14,-24.9));
#304 = CARTESIAN_POINT('',(-52.2213318482,-24.9));
#305 = CARTESIAN_POINT('',(-26.1106659241,20.325));
#306 = ( GEOMETRIC_REPRESENTATION_CONTEXT(2) 
PARAMETRIC_REPRESENTATION_CONTEXT() REPRESENTATION_CONTEXT('2D SPACE',''
  ) );
#307 = ORIENTED_EDGE('',*,*,#308,.F.);
#308 = EDGE_CURVE('',#309,#276,#311,.T.);
#309 = VERTEX_POINT('',#310);
#310 = CARTESIAN_POINT('',(-23.08676773386,-19.39132939235,0.));
#311 = SURFACE_CURVE('',#312,(#316,#322),.PCURVE_S1.);
#312 = LINE('',#313,#314);
#313 = CARTESIAN_POINT('',(-23.08676773386,-19.39132939235,-215.));
#314 = VECTOR('',#315,1.);
#315 = DIRECTION('',(-0.,-0.,-1.));
#316 = PCURVE('',#55,#317);
#317 = DEFINITIONAL_REPRESENTATION('',(#318),#321);
#318 = B_SPLINE_CURVE_WITH_KNOTS('',1,(#319,#320),.UNSPECIFIED.,.F.,.F.,
  (2,2),(-215.0000006,-201.8),.PIECEWISE_BEZIER_KNOTS.);
#319 = CARTESIAN_POINT('',(-3.840212973932,-215.0000006));
#320 = CARTESIAN_POINT('',(-3.840212973932,-201.8));
#321 = ( GEOMETRIC_REPRESENTATION_CONTEXT(2) 
PARAMETRIC_REPRESENTATION_CONTEXT() REPRESENTATION_CONTEXT('2D SPACE',''
  ) );
#322 = PCURVE('',#323,#328);
#323 = PLANE('',#324);
#324 = AXIS2_PLACEMENT_3D('',#325,#326,#327);
#325 = CARTESIAN_POINT('',(2.625,-4.546633369868,-11.));
#326 = DIRECTION('',(0.5,-0.866025403784,0.));
#327 = DIRECTION('',(0.,0.,1.));
#328 = DEFINITIONAL_REPRESENTATION('',(#329),#332);
#329 = B_SPLINE_CURVE_WITH_KNOTS('',1,(#330,#331),.UNSPECIFIED.,.F.,.F.,
  (2,2),(-215.0000006,-201.8),.PIECEWISE_BEZIER_KNOTS.);
#330 = CARTESIAN_POINT('',(11.0000006,29.689392044971));
#331 = CARTESIAN_POINT('',(-2.2,29.689392044971));
#332 = ( GEOMETRIC_REPRESENTATION_CONTEXT(2) 
PARAMETRIC_REPRESENTATION_CONTEXT() REPRESENTATION_CONTEXT('2D SPACE',''
  ) );
#333 = ORIENTED_EDGE('',*,*,#334,.T.);
#334 = EDGE_CURVE('',#309,#335,#337,.T.);
#335 = VERTEX_POINT('',#336);
#336 = CARTESIAN_POINT('',(23.086767733861,-19.39132939235,0.));
#337 = SURFACE_CURVE('',#338,(#343,#350),.PCURVE_S1.);
#338 = CIRCLE('',#339,30.15);
#339 = AXIS2_PLACEMENT_3D('',#340,#341,#342);
#340 = CARTESIAN_POINT('',(0.,0.,0.));
#341 = DIRECTION('',(0.,0.,1.));
#342 = DIRECTION('',(1.,0.,0.));
#343 = PCURVE('',#55,#344);
#344 = DEFINITIONAL_REPRESENTATION('',(#345),#349);
#345 = LINE('',#346,#347);
#346 = CARTESIAN_POINT('',(-0.,-215.));
#347 = VECTOR('',#348,1.);
#348 = DIRECTION('',(-1.,0.));
#349 = ( GEOMETRIC_REPRESENTATION_CONTEXT(2) 
PARAMETRIC_REPRESENTATION_CONTEXT() REPRESENTATION_CONTEXT('2D SPACE',''
  ) );
#350 = PCURVE('',#351,#356);
#351 = PLANE('',#352);
#352 = AXIS2_PLACEMENT_3D('',#353,#354,#355);
#353 = CARTESIAN_POINT('',(-1.451346077654E-15,3.123268199818E-15,0.));
#354 = DIRECTION('',(0.,0.,1.));
#355 = DIRECTION('',(1.,0.,-0.));
#356 = DEFINITIONAL_REPRESENTATION('',(#357),#361);
#357 = CIRCLE('',#358,30.15);
#358 = AXIS2_PLACEMENT_2D('',#359,#360);
#359 = CARTESIAN_POINT('',(1.451346077654E-15,-3.123268199818E-15));
#360 = DIRECTION('',(1.,0.));
#361 = ( GEOMETRIC_REPRESENTATION_CONTEXT(2) 
PARAMETRIC_REPRESENTATION_CONTEXT() REPRESENTATION_CONTEXT('2D SPACE',''
  ) );
#362 = ORIENTED_EDGE('',*,*,#363,.T.);
#363 = EDGE_CURVE('',#335,#364,#366,.T.);
#364 = VERTEX_POINT('',#365);
#365 = CARTESIAN_POINT('',(23.086767733861,-19.39132939235,-11.));
#366 = SURFACE_CURVE('',#367,(#371,#377),.PCURVE_S1.);
#367 = LINE('',#368,#369);
#368 = CARTESIAN_POINT('',(23.086767733861,-19.39132939235,-215.));
#369 = VECTOR('',#370,1.);
#370 = DIRECTION('',(-0.,-0.,-1.));
#371 = PCURVE('',#55,#372);
#372 = DEFINITIONAL_REPRESENTATION('',(#373),#376);
#373 = B_SPLINE_CURVE_WITH_KNOTS('',1,(#374,#375),.UNSPECIFIED.,.F.,.F.,
  (2,2),(-215.0000006,-201.8),.PIECEWISE_BEZIER_KNOTS.);
#374 = CARTESIAN_POINT('',(-5.584564986838,-215.0000006));
#375 = CARTESIAN_POINT('',(-5.584564986838,-201.8));
#376 = ( GEOMETRIC_REPRESENTATION_CONTEXT(2) 
PARAMETRIC_REPRESENTATION_CONTEXT() REPRESENTATION_CONTEXT('2D SPACE',''
  ) );
#377 = PCURVE('',#378,#383);
#378 = PLANE('',#379);
#379 = AXIS2_PLACEMENT_3D('',#380,#381,#382);
#380 = CARTESIAN_POINT('',(-2.625,-4.546633369868,-11.));
#381 = DIRECTION('',(0.5,0.866025403784,0.));
#382 = DIRECTION('',(0.,0.,1.));
#383 = DEFINITIONAL_REPRESENTATION('',(#384),#387);
#384 = B_SPLINE_CURVE_WITH_KNOTS('',1,(#385,#386),.UNSPECIFIED.,.F.,.F.,
  (2,2),(-215.0000006,-201.8),.PIECEWISE_BEZIER_KNOTS.);
#385 = CARTESIAN_POINT('',(11.0000006,29.689392044971));
#386 = CARTESIAN_POINT('',(-2.2,29.689392044971));
#387 = ( GEOMETRIC_REPRESENTATION_CONTEXT(2) 
PARAMETRIC_REPRESENTATION_CONTEXT() REPRESENTATION_CONTEXT('2D SPACE',''
  ) );
#388 = ORIENTED_EDGE('',*,*,#389,.F.);
#389 = EDGE_CURVE('',#390,#364,#392,.T.);
#390 = VERTEX_POINT('',#391);
#391 = CARTESIAN_POINT('',(28.336767733861,-10.29806265261,-11.));
#392 = SURFACE_CURVE('',#393,(#398,#405),.PCURVE_S1.);
#393 = CIRCLE('',#394,30.15);
#394 = AXIS2_PLACEMENT_3D('',#395,#396,#397);
#395 = CARTESIAN_POINT('',(0.,0.,-11.));
#396 = DIRECTION('',(0.,0.,-1.));
#397 = DIRECTION('',(1.,0.,0.));
#398 = PCURVE('',#55,#399);
#399 = DEFINITIONAL_REPRESENTATION('',(#400),#404);
#400 = LINE('',#401,#402);
#401 = CARTESIAN_POINT('',(-6.28318530718,-204.));
#402 = VECTOR('',#403,1.);
#403 = DIRECTION('',(1.,-0.));
#404 = ( GEOMETRIC_REPRESENTATION_CONTEXT(2) 
PARAMETRIC_REPRESENTATION_CONTEXT() REPRESENTATION_CONTEXT('2D SPACE',''
  ) );
#405 = PCURVE('',#406,#411);
#406 = PLANE('',#407);
#407 = AXIS2_PLACEMENT_3D('',#408,#409,#410);
#408 = CARTESIAN_POINT('',(-2.625,-4.546633369868,-11.));
#409 = DIRECTION('',(0.,0.,1.));
#410 = DIRECTION('',(0.866025403784,-0.5,0.));
#411 = DEFINITIONAL_REPRESENTATION('',(#412),#420);
#412 = ( BOUNDED_CURVE() B_SPLINE_CURVE(2,(#413,#414,#415,#416,#417,#418
,#419),.UNSPECIFIED.,.T.,.F.) B_SPLINE_CURVE_WITH_KNOTS((1,2,2,2,2,1),(
    -2.094395102393,0.,2.094395102393,4.188790204786,6.28318530718,
8.377580409573),.UNSPECIFIED.) CURVE() GEOMETRIC_REPRESENTATION_ITEM() 
RATIONAL_B_SPLINE_CURVE((1.,0.5,1.,0.5,1.,0.5,1.)) REPRESENTATION_ITEM(
  '') );
#413 = CARTESIAN_POINT('',(26.110665924101,20.325));
#414 = CARTESIAN_POINT('',(52.221331848202,-24.9));
#415 = CARTESIAN_POINT('',(2.30926389122E-14,-24.9));
#416 = CARTESIAN_POINT('',(-52.2213318482,-24.9));
#417 = CARTESIAN_POINT('',(-26.1106659241,20.325));
#418 = CARTESIAN_POINT('',(-7.815970093361E-14,65.55));
#419 = CARTESIAN_POINT('',(26.110665924101,20.325));
#420 = ( GEOMETRIC_REPRESENTATION_CONTEXT(2) 
PARAMETRIC_REPRESENTATION_CONTEXT() REPRESENTATION_CONTEXT('2D SPACE',''
  ) );
#421 = ORIENTED_EDGE('',*,*,#422,.F.);
#422 = EDGE_CURVE('',#423,#390,#425,.T.);
#423 = VERTEX_POINT('',#424);
#424 = CARTESIAN_POINT('',(28.336767733861,-10.29806265261,0.));
#425 = SURFACE_CURVE('',#426,(#430,#436),.PCURVE_S1.);
#426 = LINE('',#427,#428);
#427 = CARTESIAN_POINT('',(28.336767733861,-10.29806265261,-215.));
#428 = VECTOR('',#429,1.);
#429 = DIRECTION('',(-0.,-0.,-1.));
#430 = PCURVE('',#55,#431);
#431 = DEFINITIONAL_REPRESENTATION('',(#432),#435);
#432 = B_SPLINE_CURVE_WITH_KNOTS('',1,(#433,#434),.UNSPECIFIED.,.F.,.F.,
  (2,2),(-215.0000006,-201.8),.PIECEWISE_BEZIER_KNOTS.);
#433 = CARTESIAN_POINT('',(-5.934608076325,-215.0000006));
#434 = CARTESIAN_POINT('',(-5.934608076325,-201.8));
#435 = ( GEOMETRIC_REPRESENTATION_CONTEXT(2) 
PARAMETRIC_REPRESENTATION_CONTEXT() REPRESENTATION_CONTEXT('2D SPACE',''
  ) );
#436 = PCURVE('',#437,#442);
#437 = PLANE('',#438);
#438 = AXIS2_PLACEMENT_3D('',#439,#440,#441);
#439 = CARTESIAN_POINT('',(2.625,4.546633369868,-11.));
#440 = DIRECTION('',(0.5,0.866025403784,0.));
#441 = DIRECTION('',(0.,0.,1.));
#442 = DEFINITIONAL_REPRESENTATION('',(#443),#446);
#443 = B_SPLINE_CURVE_WITH_KNOTS('',1,(#444,#445),.UNSPECIFIED.,.F.,.F.,
  (2,2),(-215.0000006,-201.8),.PIECEWISE_BEZIER_KNOTS.);
#444 = CARTESIAN_POINT('',(11.0000006,29.689392044971));
#445 = CARTESIAN_POINT('',(-2.2,29.689392044971));
#446 = ( GEOMETRIC_REPRESENTATION_CONTEXT(2) 
PARAMETRIC_REPRESENTATION_CONTEXT() REPRESENTATION_CONTEXT('2D SPACE',''
  ) );
#447 = ORIENTED_EDGE('',*,*,#448,.T.);
#448 = EDGE_CURVE('',#423,#84,#449,.T.);
#449 = SURFACE_CURVE('',#450,(#455,#462),.PCURVE_S1.);
#450 = CIRCLE('',#451,30.15);
#451 = AXIS2_PLACEMENT_3D('',#452,#453,#454);
#452 = CARTESIAN_POINT('',(0.,0.,0.));
#453 = DIRECTION('',(0.,0.,1.));
#454 = DIRECTION('',(1.,0.,0.));
#455 = PCURVE('',#55,#456);
#456 = DEFINITIONAL_REPRESENTATION('',(#457),#461);
#457 = LINE('',#458,#459);
#458 = CARTESIAN_POINT('',(-0.,-215.));
#459 = VECTOR('',#460,1.);
#460 = DIRECTION('',(-1.,0.));
#461 = ( GEOMETRIC_REPRESENTATION_CONTEXT(2) 
PARAMETRIC_REPRESENTATION_CONTEXT() REPRESENTATION_CONTEXT('2D SPACE',''
  ) );
#462 = PCURVE('',#123,#463);
#463 = DEFINITIONAL_REPRESENTATION('',(#464),#468);
#464 = CIRCLE('',#465,30.15);
#465 = AXIS2_PLACEMENT_2D('',#466,#467);
#466 = CARTESIAN_POINT('',(1.451346077654E-15,-3.123268199818E-15));
#467 = DIRECTION('',(1.,0.));
#468 = ( GEOMETRIC_REPRESENTATION_CONTEXT(2) 
PARAMETRIC_REPRESENTATION_CONTEXT() REPRESENTATION_CONTEXT('2D SPACE',''
  ) );
#469 = ORIENTED_EDGE('',*,*,#83,.F.);
#470 = ORIENTED_EDGE('',*,*,#471,.T.);
#471 = EDGE_CURVE('',#46,#472,#474,.T.);
#472 = VERTEX_POINT('',#473);
#473 = CARTESIAN_POINT('',(29.50563505502,-6.2,-155.));
#474 = SURFACE_CURVE('',#475,(#480,#487),.PCURVE_S1.);
#475 = CIRCLE('',#476,30.15);
#476 = AXIS2_PLACEMENT_3D('',#477,#478,#479);
#477 = CARTESIAN_POINT('',(0.,0.,-155.));
#478 = DIRECTION('',(0.,0.,-1.));
#479 = DIRECTION('',(1.,0.,0.));
#480 = PCURVE('',#55,#481);
#481 = DEFINITIONAL_REPRESENTATION('',(#482),#486);
#482 = LINE('',#483,#484);
#483 = CARTESIAN_POINT('',(-6.28318530718,-60.));
#484 = VECTOR('',#485,1.);
#485 = DIRECTION('',(1.,-0.));
#486 = ( GEOMETRIC_REPRESENTATION_CONTEXT(2) 
PARAMETRIC_REPRESENTATION_CONTEXT() REPRESENTATION_CONTEXT('2D SPACE',''
  ) );
#487 = PCURVE('',#67,#488);
#488 = DEFINITIONAL_REPRESENTATION('',(#489),#497);
#489 = ( BOUNDED_CURVE() B_SPLINE_CURVE(2,(#490,#491,#492,#493,#494,#495
,#496),.UNSPECIFIED.,.T.,.F.) B_SPLINE_CURVE_WITH_KNOTS((1,2,2,2,2,1),(
    -2.094395102393,0.,2.094395102393,4.188790204786,6.28318530718,
8.377580409573),.UNSPECIFIED.) CURVE() GEOMETRIC_REPRESENTATION_ITEM() 
RATIONAL_B_SPLINE_CURVE((1.,0.5,1.,0.5,1.,0.5,1.)) REPRESENTATION_ITEM(
  '') );
#490 = CARTESIAN_POINT('',(65.3,6.2));
#491 = CARTESIAN_POINT('',(65.3,-46.0213318482));
#492 = CARTESIAN_POINT('',(20.075,-19.9106659241));
#493 = CARTESIAN_POINT('',(-25.15,6.2));
#494 = CARTESIAN_POINT('',(20.075,32.310665924101));
#495 = CARTESIAN_POINT('',(65.3,58.421331848202));
#496 = CARTESIAN_POINT('',(65.3,6.2));
#497 = ( GEOMETRIC_REPRESENTATION_CONTEXT(2) 
PARAMETRIC_REPRESENTATION_CONTEXT() REPRESENTATION_CONTEXT('2D SPACE',''
  ) );
#498 = ORIENTED_EDGE('',*,*,#499,.T.);
#499 = EDGE_CURVE('',#472,#500,#502,.T.);
#500 = VERTEX_POINT('',#501);
#501 = CARTESIAN_POINT('',(29.50563505502,-6.2,-215.));
#502 = SURFACE_CURVE('',#503,(#507,#513),.PCURVE_S1.);
#503 = LINE('',#504,#505);
#504 = CARTESIAN_POINT('',(29.50563505502,-6.2,-215.));
#505 = VECTOR('',#506,1.);
#506 = DIRECTION('',(-0.,-0.,-1.));
#507 = PCURVE('',#55,#508);
#508 = DEFINITIONAL_REPRESENTATION('',(#509),#512);
#509 = B_SPLINE_CURVE_WITH_KNOTS('',1,(#510,#511),.UNSPECIFIED.,.F.,.F.,
  (2,2),(-66.,5.999999928008E-07),.PIECEWISE_BEZIER_KNOTS.);
#510 = CARTESIAN_POINT('',(-6.076069226838,-66.));
#511 = CARTESIAN_POINT('',(-6.076069226838,5.999999928008E-07));
#512 = ( GEOMETRIC_REPRESENTATION_CONTEXT(2) 
PARAMETRIC_REPRESENTATION_CONTEXT() REPRESENTATION_CONTEXT('2D SPACE',''
  ) );
#513 = PCURVE('',#514,#519);
#514 = PLANE('',#515);
#515 = AXIS2_PLACEMENT_3D('',#516,#517,#518);
#516 = CARTESIAN_POINT('',(-35.15,-6.2,-215.));
#517 = DIRECTION('',(0.,1.,0.));
#518 = DIRECTION('',(0.,0.,1.));
#519 = DEFINITIONAL_REPRESENTATION('',(#520),#523);
#520 = B_SPLINE_CURVE_WITH_KNOTS('',1,(#521,#522),.UNSPECIFIED.,.F.,.F.,
  (2,2),(-66.,5.999999928008E-07),.PIECEWISE_BEZIER_KNOTS.);
#521 = CARTESIAN_POINT('',(66.,64.65563505502));
#522 = CARTESIAN_POINT('',(-5.999999928008E-07,64.65563505502));
#523 = ( GEOMETRIC_REPRESENTATION_CONTEXT(2) 
PARAMETRIC_REPRESENTATION_CONTEXT() REPRESENTATION_CONTEXT('2D SPACE',''
  ) );
#524 = ORIENTED_EDGE('',*,*,#525,.F.);
#525 = EDGE_CURVE('',#526,#500,#528,.T.);
#526 = VERTEX_POINT('',#527);
#527 = CARTESIAN_POINT('',(-29.50563505502,-6.2,-215.));
#528 = SURFACE_CURVE('',#529,(#534,#541),.PCURVE_S1.);
#529 = CIRCLE('',#530,30.15);
#530 = AXIS2_PLACEMENT_3D('',#531,#532,#533);
#531 = CARTESIAN_POINT('',(0.,0.,-215.));
#532 = DIRECTION('',(0.,0.,1.));
#533 = DIRECTION('',(1.,0.,0.));
#534 = PCURVE('',#55,#535);
#535 = DEFINITIONAL_REPRESENTATION('',(#536),#540);
#536 = LINE('',#537,#538);
#537 = CARTESIAN_POINT('',(-0.,0.));
#538 = VECTOR('',#539,1.);
#539 = DIRECTION('',(-1.,0.));
#540 = ( GEOMETRIC_REPRESENTATION_CONTEXT(2) 
PARAMETRIC_REPRESENTATION_CONTEXT() REPRESENTATION_CONTEXT('2D SPACE',''
  ) );
#541 = PCURVE('',#542,#547);
#542 = PLANE('',#543);
#543 = AXIS2_PLACEMENT_3D('',#544,#545,#546);
#544 = CARTESIAN_POINT('',(-1.451346077654E-15,3.123268199818E-15,-215.)
  );
#545 = DIRECTION('',(0.,0.,1.));
#546 = DIRECTION('',(1.,0.,-0.));
#547 = DEFINITIONAL_REPRESENTATION('',(#548),#552);
#548 = CIRCLE('',#549,30.15);
#549 = AXIS2_PLACEMENT_2D('',#550,#551);
#550 = CARTESIAN_POINT('',(1.451346077654E-15,-3.123268199818E-15));
#551 = DIRECTION('',(1.,0.));
#552 = ( GEOMETRIC_REPRESENTATION_CONTEXT(2) 
PARAMETRIC_REPRESENTATION_CONTEXT() REPRESENTATION_CONTEXT('2D SPACE',''
  ) );
#553 = ORIENTED_EDGE('',*,*,#554,.F.);
#554 = EDGE_CURVE('',#555,#526,#557,.T.);
#555 = VERTEX_POINT('',#556);
#556 = CARTESIAN_POINT('',(-29.50563505502,-6.2,-155.));
#557 = SURFACE_CURVE('',#558,(#562,#568),.PCURVE_S1.);
#558 = LINE('',#559,#560);
#559 = CARTESIAN_POINT('',(-29.50563505502,-6.2,-215.));
#560 = VECTOR('',#561,1.);
#561 = DIRECTION('',(-0.,-0.,-1.));
#562 = PCURVE('',#55,#563);
#563 = DEFINITIONAL_REPRESENTATION('',(#564),#567);
#564 = B_SPLINE_CURVE_WITH_KNOTS('',1,(#565,#566),.UNSPECIFIED.,.F.,.F.,
  (2,2),(-66.,5.999999928008E-07),.PIECEWISE_BEZIER_KNOTS.);
#565 = CARTESIAN_POINT('',(-3.348708733931,-66.));
#566 = CARTESIAN_POINT('',(-3.348708733931,5.999999928008E-07));
#567 = ( GEOMETRIC_REPRESENTATION_CONTEXT(2) 
PARAMETRIC_REPRESENTATION_CONTEXT() REPRESENTATION_CONTEXT('2D SPACE',''
  ) );
#568 = PCURVE('',#569,#574);
#569 = PLANE('',#570);
#570 = AXIS2_PLACEMENT_3D('',#571,#572,#573);
#571 = CARTESIAN_POINT('',(-35.15,-6.2,-215.));
#572 = DIRECTION('',(0.,1.,0.));
#573 = DIRECTION('',(0.,0.,1.));
#574 = DEFINITIONAL_REPRESENTATION('',(#575),#578);
#575 = B_SPLINE_CURVE_WITH_KNOTS('',1,(#576,#577),.UNSPECIFIED.,.F.,.F.,
  (2,2),(-66.,5.999999928008E-07),.PIECEWISE_BEZIER_KNOTS.);
#576 = CARTESIAN_POINT('',(66.,5.64436494498));
#577 = CARTESIAN_POINT('',(-5.999999928008E-07,5.64436494498));
#578 = ( GEOMETRIC_REPRESENTATION_CONTEXT(2) 
PARAMETRIC_REPRESENTATION_CONTEXT() REPRESENTATION_CONTEXT('2D SPACE',''
  ) );
#579 = ORIENTED_EDGE('',*,*,#580,.T.);
#580 = EDGE_CURVE('',#555,#581,#583,.T.);
#581 = VERTEX_POINT('',#582);
#582 = CARTESIAN_POINT('',(-29.50563505502,6.2,-155.));
#583 = SURFACE_CURVE('',#584,(#589,#596),.PCURVE_S1.);
#584 = CIRCLE('',#585,30.15);
#585 = AXIS2_PLACEMENT_3D('',#586,#587,#588);
#586 = CARTESIAN_POINT('',(0.,0.,-155.));
#587 = DIRECTION('',(0.,0.,-1.));
#588 = DIRECTION('',(1.,0.,0.));
#589 = PCURVE('',#55,#590);
#590 = DEFINITIONAL_REPRESENTATION('',(#591),#595);
#591 = LINE('',#592,#593);
#592 = CARTESIAN_POINT('',(-6.28318530718,-60.));
#593 = VECTOR('',#594,1.);
#594 = DIRECTION('',(1.,-0.));
#595 = ( GEOMETRIC_REPRESENTATION_CONTEXT(2) 
PARAMETRIC_REPRESENTATION_CONTEXT() REPRESENTATION_CONTEXT('2D SPACE',''
  ) );
#596 = PCURVE('',#597,#602);
#597 = PLANE('',#598);
#598 = AXIS2_PLACEMENT_3D('',#599,#600,#601);
#599 = CARTESIAN_POINT('',(-35.15,-6.2,-155.));
#600 = DIRECTION('',(0.,0.,1.));
#601 = DIRECTION('',(1.,0.,0.));
#602 = DEFINITIONAL_REPRESENTATION('',(#603),#611);
#603 = ( BOUNDED_CURVE() B_SPLINE_CURVE(2,(#604,#605,#606,#607,#608,#609
,#610),.UNSPECIFIED.,.T.,.F.) B_SPLINE_CURVE_WITH_KNOTS((1,2,2,2,2,1),(
    -2.094395102393,0.,2.094395102393,4.188790204786,6.28318530718,
8.377580409573),.UNSPECIFIED.) CURVE() GEOMETRIC_REPRESENTATION_ITEM() 
RATIONAL_B_SPLINE_CURVE((1.,0.5,1.,0.5,1.,0.5,1.)) REPRESENTATION_ITEM(
  '') );
#604 = CARTESIAN_POINT('',(65.3,6.2));
#605 = CARTESIAN_POINT('',(65.3,-46.0213318482));
#606 = CARTESIAN_POINT('',(20.075,-19.9106659241));
#607 = CARTESIAN_POINT('',(-25.15,6.2));
#608 = CARTESIAN_POINT('',(20.075,32.310665924101));
#609 = CARTESIAN_POINT('',(65.3,58.421331848202));
#610 = CARTESIAN_POINT('',(65.3,6.2));
#611 = ( GEOMETRIC_REPRESENTATION_CONTEXT(2) 
PARAMETRIC_REPRESENTATION_CONTEXT() REPRESENTATION_CONTEXT('2D SPACE',''
  ) );
#612 = ORIENTED_EDGE('',*,*,#613,.T.);
#613 = EDGE_CURVE('',#581,#614,#616,.T.);
#614 = VERTEX_POINT('',#615);
#615 = CARTESIAN_POINT('',(-29.50563505502,6.2,-215.));
#616 = SURFACE_CURVE('',#617,(#621,#627),.PCURVE_S1.);
#617 = LINE('',#618,#619);
#618 = CARTESIAN_POINT('',(-29.50563505502,6.2,-215.));
#619 = VECTOR('',#620,1.);
#620 = DIRECTION('',(-0.,-0.,-1.));
#621 = PCURVE('',#55,#622);
#622 = DEFINITIONAL_REPRESENTATION('',(#623),#626);
#623 = B_SPLINE_CURVE_WITH_KNOTS('',1,(#624,#625),.UNSPECIFIED.,.F.,.F.,
  (2,2),(-66.,5.999999928008E-07),.PIECEWISE_BEZIER_KNOTS.);
#624 = CARTESIAN_POINT('',(-2.934476573248,-66.));
#625 = CARTESIAN_POINT('',(-2.934476573248,5.999999928008E-07));
#626 = ( GEOMETRIC_REPRESENTATION_CONTEXT(2) 
PARAMETRIC_REPRESENTATION_CONTEXT() REPRESENTATION_CONTEXT('2D SPACE',''
  ) );
#627 = PCURVE('',#628,#633);
#628 = PLANE('',#629);
#629 = AXIS2_PLACEMENT_3D('',#630,#631,#632);
#630 = CARTESIAN_POINT('',(-35.15,6.2,-215.));
#631 = DIRECTION('',(0.,1.,0.));
#632 = DIRECTION('',(0.,0.,1.));
#633 = DEFINITIONAL_REPRESENTATION('',(#634),#637);
#634 = B_SPLINE_CURVE_WITH_KNOTS('',1,(#635,#636),.UNSPECIFIED.,.F.,.F.,
  (2,2),(-66.,5.999999928008E-07),.PIECEWISE_BEZIER_KNOTS.);
#635 = CARTESIAN_POINT('',(66.,5.64436494498));
#636 = CARTESIAN_POINT('',(-5.999999928008E-07,5.64436494498));
#637 = ( GEOMETRIC_REPRESENTATION_CONTEXT(2) 
PARAMETRIC_REPRESENTATION_CONTEXT() REPRESENTATION_CONTEXT('2D SPACE',''
  ) );
#638 = ORIENTED_EDGE('',*,*,#639,.F.);
#639 = EDGE_CURVE('',#640,#614,#642,.T.);
#640 = VERTEX_POINT('',#641);
#641 = CARTESIAN_POINT('',(29.50563505502,6.2,-215.));
#642 = SURFACE_CURVE('',#643,(#648,#655),.PCURVE_S1.);
#643 = CIRCLE('',#644,30.15);
#644 = AXIS2_PLACEMENT_3D('',#645,#646,#647);
#645 = CARTESIAN_POINT('',(0.,0.,-215.));
#646 = DIRECTION('',(0.,0.,1.));
#647 = DIRECTION('',(1.,0.,0.));
#648 = PCURVE('',#55,#649);
#649 = DEFINITIONAL_REPRESENTATION('',(#650),#654);
#650 = LINE('',#651,#652);
#651 = CARTESIAN_POINT('',(-0.,0.));
#652 = VECTOR('',#653,1.);
#653 = DIRECTION('',(-1.,0.));
#654 = ( GEOMETRIC_REPRESENTATION_CONTEXT(2) 
PARAMETRIC_REPRESENTATION_CONTEXT() REPRESENTATION_CONTEXT('2D SPACE',''
  ) );
#655 = PCURVE('',#656,#661);
#656 = PLANE('',#657);
#657 = AXIS2_PLACEMENT_3D('',#658,#659,#660);
#658 = CARTESIAN_POINT('',(-1.451346077654E-15,3.123268199818E-15,-215.)
  );
#659 = DIRECTION('',(0.,0.,1.));
#660 = DIRECTION('',(1.,0.,-0.));
#661 = DEFINITIONAL_REPRESENTATION('',(#662),#666);
#662 = CIRCLE('',#663,30.15);
#663 = AXIS2_PLACEMENT_2D('',#664,#665);
#664 = CARTESIAN_POINT('',(1.451346077654E-15,-3.123268199818E-15));
#665 = DIRECTION('',(1.,0.));
#666 = ( GEOMETRIC_REPRESENTATION_CONTEXT(2) 
PARAMETRIC_REPRESENTATION_CONTEXT() REPRESENTATION_CONTEXT('2D SPACE',''
  ) );
#667 = ORIENTED_EDGE('',*,*,#668,.F.);
#668 = EDGE_CURVE('',#44,#640,#669,.T.);
#669 = SURFACE_CURVE('',#670,(#674,#680),.PCURVE_S1.);
#670 = LINE('',#671,#672);
#671 = CARTESIAN_POINT('',(29.50563505502,6.2,-215.));
#672 = VECTOR('',#673,1.);
#673 = DIRECTION('',(-0.,-0.,-1.));
#674 = PCURVE('',#55,#675);
#675 = DEFINITIONAL_REPRESENTATION('',(#676),#679);
#676 = B_SPLINE_CURVE_WITH_KNOTS('',1,(#677,#678),.UNSPECIFIED.,.F.,.F.,
  (2,2),(-66.,5.999999928008E-07),.PIECEWISE_BEZIER_KNOTS.);
#677 = CARTESIAN_POINT('',(-0.207116080342,-66.));
#678 = CARTESIAN_POINT('',(-0.207116080342,5.999999928008E-07));
#679 = ( GEOMETRIC_REPRESENTATION_CONTEXT(2) 
PARAMETRIC_REPRESENTATION_CONTEXT() REPRESENTATION_CONTEXT('2D SPACE',''
  ) );
#680 = PCURVE('',#681,#686);
#681 = PLANE('',#682);
#682 = AXIS2_PLACEMENT_3D('',#683,#684,#685);
#683 = CARTESIAN_POINT('',(-35.15,6.2,-215.));
#684 = DIRECTION('',(0.,1.,0.));
#685 = DIRECTION('',(0.,0.,1.));
#686 = DEFINITIONAL_REPRESENTATION('',(#687),#690);
#687 = B_SPLINE_CURVE_WITH_KNOTS('',1,(#688,#689),.UNSPECIFIED.,.F.,.F.,
  (2,2),(-66.,5.999999928008E-07),.PIECEWISE_BEZIER_KNOTS.);
#688 = CARTESIAN_POINT('',(66.,64.65563505502));
#689 = CARTESIAN_POINT('',(-5.999999928008E-07,64.65563505502));
#690 = ( GEOMETRIC_REPRESENTATION_CONTEXT(2) 
PARAMETRIC_REPRESENTATION_CONTEXT() REPRESENTATION_CONTEXT('2D SPACE',''
  ) );
#691 = FACE_BOUND('',#692,.F.);
#692 = EDGE_LOOP('',(#693));
#693 = ORIENTED_EDGE('',*,*,#694,.F.);
#694 = EDGE_CURVE('',#695,#695,#697,.T.);
#695 = VERTEX_POINT('',#696);
#696 = CARTESIAN_POINT('',(4.95,29.740880955345,-63.5));
#697 = SURFACE_CURVE('',#698,(#749,#803),.PCURVE_S1.);
#698 = B_SPLINE_CURVE_WITH_KNOTS('',7,(#699,#700,#701,#702,#703,#704,
    #705,#706,#707,#708,#709,#710,#711,#712,#713,#714,#715,#716,#717,
    #718,#719,#720,#721,#722,#723,#724,#725,#726,#727,#728,#729,#730,
    #731,#732,#733,#734,#735,#736,#737,#738,#739,#740,#741,#742,#743,
    #744,#745,#746,#747,#748),.UNSPECIFIED.,.T.,.F.,(8,6,6,6,6,6,6,6,8),
  (0.,0.135664958922,0.252970148421,0.365912165454,0.501023078964,
    0.636133986593,0.752960106814,0.865440873564,1.),.UNSPECIFIED.);
#699 = CARTESIAN_POINT('',(4.95,29.740880955345,-63.5));
#700 = CARTESIAN_POINT('',(4.95,29.740880955345,-62.9836683278));
#701 = CARTESIAN_POINT('',(4.887165099947,29.751338858249,-62.4681767801
    ));
#702 = CARTESIAN_POINT('',(4.761865571027,29.77219431464,-61.95758208927
    ));
#703 = CARTESIAN_POINT('',(4.572396039501,29.802867580211,
    -61.45628065395));
#704 = CARTESIAN_POINT('',(4.315580677593,29.842203810198,
    -60.97036197777));
#705 = CARTESIAN_POINT('',(3.987075666932,29.887986996581,
    -60.50843295768));
#706 = CARTESIAN_POINT('',(3.232645457313,29.978269507722,
    -59.71720932533));
#707 = CARTESIAN_POINT('',(2.815300300187,30.023374739396,
    -59.36728618198));
#708 = CARTESIAN_POINT('',(2.331402677542,30.068276890499,
    -59.05672767771));
#709 = CARTESIAN_POINT('',(1.787335408284,30.108019532528,
    -58.80498660641));
#710 = CARTESIAN_POINT('',(1.194168886495,30.137119610442,
    -58.62848352777));
#711 = CARTESIAN_POINT('',(0.566349714322,30.151577555402,
    -58.54039003827));
#712 = CARTESIAN_POINT('',(-0.699436180092,30.148280349508,
    -58.56047547969));
#713 = CARTESIAN_POINT('',(-1.299870819854,30.131798044684,
    -58.66090001109));
#714 = CARTESIAN_POINT('',(-1.864911484314,30.102259351793,
    -58.84163332185));
#715 = CARTESIAN_POINT('',(-2.382637713823,30.063470114643,
    -59.0901870124));
#716 = CARTESIAN_POINT('',(-2.844113210943,30.020243319386,
    -59.39176312464));
#717 = CARTESIAN_POINT('',(-3.244280585745,29.976877134247,
    -59.72941189684));
#718 = CARTESIAN_POINT('',(-3.987070765879,29.887987583089,
    -60.50842781761));
#719 = CARTESIAN_POINT('',(-4.315581521082,29.842203859655,
    -60.97036003715));
#720 = CARTESIAN_POINT('',(-4.572398819854,29.802867083919,
    -61.4562847941));
#721 = CARTESIAN_POINT('',(-4.761867610235,29.772193992343,
    -61.95758857788));
#722 = CARTESIAN_POINT('',(-4.887165097272,29.751338854468,
    -62.46818147325));
#723 = CARTESIAN_POINT('',(-4.95,29.740880955345,-62.98366831099));
#724 = CARTESIAN_POINT('',(-4.95,29.740880955345,-64.01633166653));
#725 = CARTESIAN_POINT('',(-4.887165095822,29.751338858784,
    -64.53182324156));
#726 = CARTESIAN_POINT('',(-4.761865584443,29.772194312921,
    -65.04241787252));
#727 = CARTESIAN_POINT('',(-4.57239602051,29.802867582603,
    -65.54371938318));
#728 = CARTESIAN_POINT('',(-4.315580691388,29.8422038085,-66.02963800241
    ));
#729 = CARTESIAN_POINT('',(-3.987075662384,29.887986997125,
    -66.49156704708));
#730 = CARTESIAN_POINT('',(-3.232645457313,29.978269507722,
    -67.28279067466));
#731 = CARTESIAN_POINT('',(-2.815300300187,30.023374739396,
    -67.63271381801));
#732 = CARTESIAN_POINT('',(-2.331402677542,30.068276890499,
    -67.94327232228));
#733 = CARTESIAN_POINT('',(-1.787335408284,30.108019532528,
    -68.19501339358));
#734 = CARTESIAN_POINT('',(-1.194168886495,30.137119610442,
    -68.37151647222));
#735 = CARTESIAN_POINT('',(-0.566349714322,30.151577555402,
    -68.45960996172));
#736 = CARTESIAN_POINT('',(0.699436180026,30.148280349508,-68.4395245203
    ));
#737 = CARTESIAN_POINT('',(1.299870819916,30.131798044688,
    -68.33909998892));
#738 = CARTESIAN_POINT('',(1.86491148437,30.102259351784,-68.15836667809
    ));
#739 = CARTESIAN_POINT('',(2.382637713764,30.063470114647,
    -67.90981298759));
#740 = CARTESIAN_POINT('',(2.844113210901,30.020243319393,
    -67.60823687542));
#741 = CARTESIAN_POINT('',(3.244280585791,29.976877134242,-67.2705881031
    ));
#742 = CARTESIAN_POINT('',(3.987070765879,29.887987583089,
    -66.49157218238));
#743 = CARTESIAN_POINT('',(4.315581521082,29.842203859655,
    -66.02963996284));
#744 = CARTESIAN_POINT('',(4.572398819853,29.802867083919,
    -65.54371520589));
#745 = CARTESIAN_POINT('',(4.761867610235,29.772193992343,
    -65.04241142211));
#746 = CARTESIAN_POINT('',(4.887165097272,29.751338854468,
    -64.53181852674));
#747 = CARTESIAN_POINT('',(4.95,29.740880955345,-64.01633168901));
#748 = CARTESIAN_POINT('',(4.95,29.740880955345,-63.5));
#749 = PCURVE('',#55,#750);
#750 = DEFINITIONAL_REPRESENTATION('',(#751),#802);
#751 = B_SPLINE_CURVE_WITH_KNOTS('',7,(#752,#753,#754,#755,#756,#757,
    #758,#759,#760,#761,#762,#763,#764,#765,#766,#767,#768,#769,#770,
    #771,#772,#773,#774,#775,#776,#777,#778,#779,#780,#781,#782,#783,
    #784,#785,#786,#787,#788,#789,#790,#791,#792,#793,#794,#795,#796,
    #797,#798,#799,#800,#801),.UNSPECIFIED.,.T.,.F.,(8,6,6,6,6,6,6,6,8),
  (0.,0.135664958922,0.252970148421,0.365912165454,0.501023078964,
    0.636133986593,0.752960106814,0.865440873564,1.),.UNSPECIFIED.);
#752 = CARTESIAN_POINT('',(-1.405870561079,-151.5));
#753 = CARTESIAN_POINT('',(-1.405870561079,-152.0163316721));
#754 = CARTESIAN_POINT('',(-1.407983303323,-152.5318232198));
#755 = CARTESIAN_POINT('',(-1.412196358981,-153.0424179107));
#756 = CARTESIAN_POINT('',(-1.418562311216,-153.543719346));
#757 = CARTESIAN_POINT('',(-1.427178938517,-154.0296380222));
#758 = CARTESIAN_POINT('',(-1.43817787176,-154.4915670423));
#759 = CARTESIAN_POINT('',(-1.46337896799,-155.2827906746));
#760 = CARTESIAN_POINT('',(-1.477300944568,-155.632713818));
#761 = CARTESIAN_POINT('',(-1.493416551417,-155.9432723222));
#762 = CARTESIAN_POINT('',(-1.511502810222,-156.1950133935));
#763 = CARTESIAN_POINT('',(-1.531189968804,-156.3715164722));
#764 = CARTESIAN_POINT('',(-1.552011855372,-156.4596099617));
#765 = CARTESIAN_POINT('',(-1.593994946212,-156.4395245203));
#766 = CARTESIAN_POINT('',(-1.613911225956,-156.3390999889));
#767 = CARTESIAN_POINT('',(-1.63266890846,-156.1583666781));
#768 = CARTESIAN_POINT('',(-1.649882620785,-155.9098129875));
#769 = CARTESIAN_POINT('',(-1.665252926135,-155.6082368753));
#770 = CARTESIAN_POINT('',(-1.678602347119,-155.2705881031));
#771 = CARTESIAN_POINT('',(-1.703414618115,-154.4915721823));
#772 = CARTESIAN_POINT('',(-1.714413742634,-154.0296399628));
#773 = CARTESIAN_POINT('',(-1.723030435867,-153.5437152058));
#774 = CARTESIAN_POINT('',(-1.729396363172,-153.0424114221));
#775 = CARTESIAN_POINT('',(-1.733609350176,-152.5318185267));
#776 = CARTESIAN_POINT('',(-1.735722092511,-152.016331689));
#777 = CARTESIAN_POINT('',(-1.735722092511,-150.9836683334));
#778 = CARTESIAN_POINT('',(-1.733609350129,-150.4681767584));
#779 = CARTESIAN_POINT('',(-1.729396295058,-149.9575821274));
#780 = CARTESIAN_POINT('',(-1.723030341739,-149.4562806168));
#781 = CARTESIAN_POINT('',(-1.714413715534,-148.9703619975));
#782 = CARTESIAN_POINT('',(-1.703414781678,-148.5084329529));
#783 = CARTESIAN_POINT('',(-1.6782136856,-147.7172093253));
#784 = CARTESIAN_POINT('',(-1.664291709022,-147.3672861819));
#785 = CARTESIAN_POINT('',(-1.648176102173,-147.0567276777));
#786 = CARTESIAN_POINT('',(-1.630089843368,-146.8049866064));
#787 = CARTESIAN_POINT('',(-1.610402684786,-146.6284835277));
#788 = CARTESIAN_POINT('',(-1.589580798217,-146.5403900382));
#789 = CARTESIAN_POINT('',(-1.54759770738,-146.5604754796));
#790 = CARTESIAN_POINT('',(-1.527681427631,-146.660900011));
#791 = CARTESIAN_POINT('',(-1.508923745128,-146.8416333219));
#792 = CARTESIAN_POINT('',(-1.491710032807,-147.0901870124));
#793 = CARTESIAN_POINT('',(-1.476339727456,-147.3917631245));
#794 = CARTESIAN_POINT('',(-1.46299030647,-147.7294118968));
#795 = CARTESIAN_POINT('',(-1.438178035475,-148.5084278176));
#796 = CARTESIAN_POINT('',(-1.427178910956,-148.9703600371));
#797 = CARTESIAN_POINT('',(-1.418562217723,-149.4562847941));
#798 = CARTESIAN_POINT('',(-1.412196290417,-149.9575885778));
#799 = CARTESIAN_POINT('',(-1.407983303414,-150.4681814732));
#800 = CARTESIAN_POINT('',(-1.405870561079,-150.9836683109));
#801 = CARTESIAN_POINT('',(-1.405870561079,-151.5));
#802 = ( GEOMETRIC_REPRESENTATION_CONTEXT(2) 
PARAMETRIC_REPRESENTATION_CONTEXT() REPRESENTATION_CONTEXT('2D SPACE',''
  ) );
#803 = PCURVE('',#804,#809);
#804 = CYLINDRICAL_SURFACE('',#805,4.95);
#805 = AXIS2_PLACEMENT_3D('',#806,#807,#808);
#806 = CARTESIAN_POINT('',(0.,0.,-63.5));
#807 = DIRECTION('',(0.,-1.,0.));
#808 = DIRECTION('',(1.,0.,0.));
#809 = DEFINITIONAL_REPRESENTATION('',(#810),#861);
#810 = B_SPLINE_CURVE_WITH_KNOTS('',7,(#811,#812,#813,#814,#815,#816,
    #817,#818,#819,#820,#821,#822,#823,#824,#825,#826,#827,#828,#829,
    #830,#831,#832,#833,#834,#835,#836,#837,#838,#839,#840,#841,#842,
    #843,#844,#845,#846,#847,#848,#849,#850,#851,#852,#853,#854,#855,
    #856,#857,#858,#859,#860),.UNSPECIFIED.,.F.,.F.,(8,6,6,6,6,6,6,6,8),
  (0.,0.135664958922,0.252970148421,0.365912165454,0.501023078964,
    0.636133986593,0.752960106814,0.865440873564,1.),.UNSPECIFIED.);
#811 = CARTESIAN_POINT('',(0.,-29.74088095534));
#812 = CARTESIAN_POINT('',(0.104309428727,-29.74088095534));
#813 = CARTESIAN_POINT('',(0.208448904204,-29.75133885824));
#814 = CARTESIAN_POINT('',(0.3134541978,-29.77219431463));
#815 = CARTESIAN_POINT('',(0.420258658339,-29.80286758021));
#816 = CARTESIAN_POINT('',(0.529818761666,-29.84220381019));
#817 = CARTESIAN_POINT('',(0.643154110134,-29.88798699658));
#818 = CARTESIAN_POINT('',(0.864013085441,-29.97826950772));
#819 = CARTESIAN_POINT('',(0.97335721239,-30.02337473939));
#820 = CARTESIAN_POINT('',(1.087977059713,-30.06827689049));
#821 = CARTESIAN_POINT('',(1.206968568965,-30.10801953252));
#822 = CARTESIAN_POINT('',(1.329832765849,-30.13711961044));
#823 = CARTESIAN_POINT('',(1.456366508105,-30.1515775554));
#824 = CARTESIAN_POINT('',(1.712113021618,-30.1482803495));
#825 = CARTESIAN_POINT('',(1.833719567549,-30.13179804468));
#826 = CARTESIAN_POINT('',(1.951658705949,-30.10225935179));
#827 = CARTESIAN_POINT('',(2.065819038878,-30.06347011464));
#828 = CARTESIAN_POINT('',(2.17583111621,-30.02024331938));
#829 = CARTESIAN_POINT('',(2.280985744771,-29.97687713424));
#830 = CARTESIAN_POINT('',(2.498437108676,-29.88798758308));
#831 = CARTESIAN_POINT('',(2.611773719695,-29.84220385965));
#832 = CARTESIAN_POINT('',(2.721334918469,-29.80286708391));
#833 = CARTESIAN_POINT('',(2.828139793943,-29.77219399234));
#834 = CARTESIAN_POINT('',(2.933144690888,-29.75133885446));
#835 = CARTESIAN_POINT('',(3.037283221467,-29.74088095534));
#836 = CARTESIAN_POINT('',(3.245902081172,-29.74088095534));
#837 = CARTESIAN_POINT('',(3.350041562453,-29.75133885878));
#838 = CARTESIAN_POINT('',(3.455046842728,-29.77219431292));
#839 = CARTESIAN_POINT('',(3.561851320823,-29.8028675826));
#840 = CARTESIAN_POINT('',(3.671411410196,-29.8422038085));
#841 = CARTESIAN_POINT('',(3.784746765055,-29.88798699712));
#842 = CARTESIAN_POINT('',(4.005605739031,-29.97826950772));
#843 = CARTESIAN_POINT('',(4.114949865979,-30.02337473939));
#844 = CARTESIAN_POINT('',(4.229569713303,-30.06827689049));
#845 = CARTESIAN_POINT('',(4.348561222555,-30.10801953252));
#846 = CARTESIAN_POINT('',(4.471425419439,-30.13711961044));
#847 = CARTESIAN_POINT('',(4.597959161695,-30.1515775554));
#848 = CARTESIAN_POINT('',(4.853705675194,-30.1482803495));
#849 = CARTESIAN_POINT('',(4.975312221152,-30.13179804468));
#850 = CARTESIAN_POINT('',(5.093251359549,-30.10225935178));
#851 = CARTESIAN_POINT('',(5.20741169246,-30.06347011464));
#852 = CARTESIAN_POINT('',(5.317423769784,-30.02024331939));
#853 = CARTESIAN_POINT('',(5.422578398374,-29.97687713424));
#854 = CARTESIAN_POINT('',(5.640029762266,-29.88798758308));
#855 = CARTESIAN_POINT('',(5.753366373285,-29.84220385965));
#856 = CARTESIAN_POINT('',(5.862927572059,-29.80286708391));
#857 = CARTESIAN_POINT('',(5.969732447532,-29.77219399234));
#858 = CARTESIAN_POINT('',(6.074737344478,-29.75133885446));
#859 = CARTESIAN_POINT('',(6.178875875056,-29.74088095534));
#860 = CARTESIAN_POINT('',(6.28318530718,-29.74088095534));
#861 = ( GEOMETRIC_REPRESENTATION_CONTEXT(2) 
PARAMETRIC_REPRESENTATION_CONTEXT() REPRESENTATION_CONTEXT('2D SPACE',''
  ) );
#862 = FACE_BOUND('',#863,.F.);
#863 = EDGE_LOOP('',(#864));
#864 = ORIENTED_EDGE('',*,*,#865,.T.);
#865 = EDGE_CURVE('',#866,#866,#868,.T.);
#866 = VERTEX_POINT('',#867);
#867 = CARTESIAN_POINT('',(4.95,-29.74088095534,-63.5));
#868 = SURFACE_CURVE('',#869,(#920,#974),.PCURVE_S1.);
#869 = B_SPLINE_CURVE_WITH_KNOTS('',7,(#870,#871,#872,#873,#874,#875,
    #876,#877,#878,#879,#880,#881,#882,#883,#884,#885,#886,#887,#888,
    #889,#890,#891,#892,#893,#894,#895,#896,#897,#898,#899,#900,#901,
    #902,#903,#904,#905,#906,#907,#908,#909,#910,#911,#912,#913,#914,
    #915,#916,#917,#918,#919),.UNSPECIFIED.,.T.,.F.,(8,6,6,6,6,6,6,6,8),
  (0.,0.135664957095,0.252970146356,0.365912163142,0.501023076358,
    0.636133985175,0.75296010511,0.8654408723,1.),.UNSPECIFIED.);
#870 = CARTESIAN_POINT('',(4.95,-29.74088095534,-63.5));
#871 = CARTESIAN_POINT('',(4.95,-29.74088095534,-62.98366833346));
#872 = CARTESIAN_POINT('',(4.887165095822,-29.75133885878,
    -62.46817675843));
#873 = CARTESIAN_POINT('',(4.761865584443,-29.77219431292,
    -61.95758212747));
#874 = CARTESIAN_POINT('',(4.572396020509,-29.8028675826,-61.45628061681
    ));
#875 = CARTESIAN_POINT('',(4.315580691389,-29.84220380849,
    -60.97036199758));
#876 = CARTESIAN_POINT('',(3.987075662384,-29.88798699712,
    -60.50843295291));
#877 = CARTESIAN_POINT('',(3.232645457243,-29.97826950773,
    -59.71720932526));
#878 = CARTESIAN_POINT('',(2.815300300251,-30.02337473938,
    -59.36728618209));
#879 = CARTESIAN_POINT('',(2.331402677633,-30.06827689049,
    -59.05672767771));
#880 = CARTESIAN_POINT('',(1.787335408197,-30.10801953254,
    -58.80498660634));
#881 = CARTESIAN_POINT('',(1.194168886403,-30.13711961043,
    -58.62848352781));
#882 = CARTESIAN_POINT('',(0.566349714421,-30.1515775554,-58.54039003827
    ));
#883 = CARTESIAN_POINT('',(-0.699436180092,-30.1482803495,
    -58.56047547969));
#884 = CARTESIAN_POINT('',(-1.299870819854,-30.13179804468,
    -58.66090001109));
#885 = CARTESIAN_POINT('',(-1.864911484315,-30.10225935179,
    -58.84163332185));
#886 = CARTESIAN_POINT('',(-2.382637713822,-30.06347011464,
    -59.0901870124));
#887 = CARTESIAN_POINT('',(-2.844113210944,-30.02024331938,
    -59.39176312464));
#888 = CARTESIAN_POINT('',(-3.244280585744,-29.97687713424,
    -59.72941189684));
#889 = CARTESIAN_POINT('',(-3.98707076588,-29.88798758308,
    -60.50842781761));
#890 = CARTESIAN_POINT('',(-4.315581521081,-29.84220385965,
    -60.97036003714));
#891 = CARTESIAN_POINT('',(-4.572398819855,-29.80286708391,
    -61.4562847941));
#892 = CARTESIAN_POINT('',(-4.761867610234,-29.77219399234,
    -61.95758857788));
#893 = CARTESIAN_POINT('',(-4.887165097273,-29.75133885446,
    -62.46818147325));
#894 = CARTESIAN_POINT('',(-4.95,-29.74088095534,-62.98366831099));
#895 = CARTESIAN_POINT('',(-4.95,-29.74088095534,-64.01633167219));
#896 = CARTESIAN_POINT('',(-4.887165099947,-29.75133885824,
    -64.53182321989));
#897 = CARTESIAN_POINT('',(-4.761865571027,-29.77219431464,
    -65.04241791072));
#898 = CARTESIAN_POINT('',(-4.572396039502,-29.80286758021,
    -65.54371934604));
#899 = CARTESIAN_POINT('',(-4.315580677592,-29.84220381019,
    -66.02963802222));
#900 = CARTESIAN_POINT('',(-3.987075666932,-29.88798699658,
    -66.49156704231));
#901 = CARTESIAN_POINT('',(-3.232645457313,-29.97826950772,
    -67.28279067466));
#902 = CARTESIAN_POINT('',(-2.815300300187,-30.02337473939,
    -67.63271381801));
#903 = CARTESIAN_POINT('',(-2.331402677543,-30.06827689049,
    -67.94327232228));
#904 = CARTESIAN_POINT('',(-1.787335408281,-30.10801953252,
    -68.19501339358));
#905 = CARTESIAN_POINT('',(-1.194168886498,-30.13711961044,
    -68.37151647222));
#906 = CARTESIAN_POINT('',(-0.566349714321,-30.1515775554,
    -68.45960996172));
#907 = CARTESIAN_POINT('',(0.699436183976,-30.14828034949,
    -68.43952452024));
#908 = CARTESIAN_POINT('',(1.299870805703,-30.131798045,-68.33909999133)
  );
#909 = CARTESIAN_POINT('',(1.864911507843,-30.10225935085,
    -68.15836667077));
#910 = CARTESIAN_POINT('',(2.382637692591,-30.06347011587,
    -67.90981299754));
#911 = CARTESIAN_POINT('',(2.844113221143,-30.02024331856,
    -67.60823686846));
#912 = CARTESIAN_POINT('',(3.244280583688,-29.97687713449,
    -67.27058810531));
#913 = CARTESIAN_POINT('',(3.987070770609,-29.88798758252,
    -66.49157217742));
#914 = CARTESIAN_POINT('',(4.315581506735,-29.84220386142,-66.0296399832
    ));
#915 = CARTESIAN_POINT('',(4.57239883958,-29.80286708143,-65.54371516825
    ));
#916 = CARTESIAN_POINT('',(4.761867596333,-29.77219399412,-65.0424114601
    ));
#917 = CARTESIAN_POINT('',(4.887165101533,-29.75133885391,
    -64.53181850582));
#918 = CARTESIAN_POINT('',(4.95,-29.74088095534,-64.01633169419));
#919 = CARTESIAN_POINT('',(4.95,-29.74088095534,-63.5));
#920 = PCURVE('',#55,#921);
#921 = DEFINITIONAL_REPRESENTATION('',(#922),#973);
#922 = B_SPLINE_CURVE_WITH_KNOTS('',7,(#923,#924,#925,#926,#927,#928,
    #929,#930,#931,#932,#933,#934,#935,#936,#937,#938,#939,#940,#941,
    #942,#943,#944,#945,#946,#947,#948,#949,#950,#951,#952,#953,#954,
    #955,#956,#957,#958,#959,#960,#961,#962,#963,#964,#965,#966,#967,
    #968,#969,#970,#971,#972),.UNSPECIFIED.,.T.,.F.,(8,6,6,6,6,6,6,6,8),
  (0.,0.135664957095,0.252970146356,0.365912163142,0.501023076358,
    0.636133985175,0.75296010511,0.8654408723,1.),.UNSPECIFIED.);
#923 = CARTESIAN_POINT('',(-4.877314746101,-151.5));
#924 = CARTESIAN_POINT('',(-4.877314746101,-152.0163316665));
#925 = CARTESIAN_POINT('',(-4.875202003718,-152.5318232415));
#926 = CARTESIAN_POINT('',(-4.870988948647,-153.0424178725));
#927 = CARTESIAN_POINT('',(-4.864622995329,-153.5437193831));
#928 = CARTESIAN_POINT('',(-4.856006369124,-154.0296380024));
#929 = CARTESIAN_POINT('',(-4.845007435268,-154.491567047));
#930 = CARTESIAN_POINT('',(-4.819806339187,-155.2827906747));
#931 = CARTESIAN_POINT('',(-4.805884362614,-155.6327138179));
#932 = CARTESIAN_POINT('',(-4.789768755765,-155.9432723222));
#933 = CARTESIAN_POINT('',(-4.771682496955,-156.1950133936));
#934 = CARTESIAN_POINT('',(-4.751995338373,-156.3715164721));
#935 = CARTESIAN_POINT('',(-4.73117345181,-156.4596099617));
#936 = CARTESIAN_POINT('',(-4.689190360968,-156.4395245203));
#937 = CARTESIAN_POINT('',(-4.669274081223,-156.3390999889));
#938 = CARTESIAN_POINT('',(-4.65051639872,-156.1583666781));
#939 = CARTESIAN_POINT('',(-4.633302686395,-155.9098129875));
#940 = CARTESIAN_POINT('',(-4.617932381044,-155.6082368753));
#941 = CARTESIAN_POINT('',(-4.604582960061,-155.2705881031));
#942 = CARTESIAN_POINT('',(-4.579770689065,-154.4915721823));
#943 = CARTESIAN_POINT('',(-4.568771564546,-154.0296399628));
#944 = CARTESIAN_POINT('',(-4.560154871313,-153.5437152058));
#945 = CARTESIAN_POINT('',(-4.553788944007,-153.0424114221));
#946 = CARTESIAN_POINT('',(-4.549575957004,-152.5318185267));
#947 = CARTESIAN_POINT('',(-4.547463214669,-152.016331689));
#948 = CARTESIAN_POINT('',(-4.547463214669,-150.9836683278));
#949 = CARTESIAN_POINT('',(-4.549575956913,-150.4681767801));
#950 = CARTESIAN_POINT('',(-4.553789012571,-149.9575820892));
#951 = CARTESIAN_POINT('',(-4.560154964806,-149.4562806539));
#952 = CARTESIAN_POINT('',(-4.568771592107,-148.9703619777));
#953 = CARTESIAN_POINT('',(-4.579770525349,-148.5084329576));
#954 = CARTESIAN_POINT('',(-4.60497162158,-147.7172093253));
#955 = CARTESIAN_POINT('',(-4.618893598158,-147.3672861819));
#956 = CARTESIAN_POINT('',(-4.635009205007,-147.0567276777));
#957 = CARTESIAN_POINT('',(-4.653095463812,-146.8049866064));
#958 = CARTESIAN_POINT('',(-4.672782622394,-146.6284835277));
#959 = CARTESIAN_POINT('',(-4.693604508962,-146.5403900382));
#960 = CARTESIAN_POINT('',(-4.73558759993,-146.5604754797));
#961 = CARTESIAN_POINT('',(-4.755503879076,-146.6609000086));
#962 = CARTESIAN_POINT('',(-4.774261562832,-146.8416333292));
#963 = CARTESIAN_POINT('',(-4.791475273668,-147.0901870024));
#964 = CARTESIAN_POINT('',(-4.806845580065,-147.3917631315));
#965 = CARTESIAN_POINT('',(-4.82019500064,-147.7294118946));
#966 = CARTESIAN_POINT('',(-4.845007271862,-148.5084278225));
#967 = CARTESIAN_POINT('',(-4.856006395744,-148.9703600167));
#968 = CARTESIAN_POINT('',(-4.864623090116,-149.4562848317));
#969 = CARTESIAN_POINT('',(-4.870989016297,-149.9575885399));
#970 = CARTESIAN_POINT('',(-4.875202003908,-150.4681814941));
#971 = CARTESIAN_POINT('',(-4.877314746101,-150.9836683058));
#972 = CARTESIAN_POINT('',(-4.877314746101,-151.5));
#973 = ( GEOMETRIC_REPRESENTATION_CONTEXT(2) 
PARAMETRIC_REPRESENTATION_CONTEXT() REPRESENTATION_CONTEXT('2D SPACE',''
  ) );
#974 = PCURVE('',#975,#980);
#975 = CYLINDRICAL_SURFACE('',#976,4.95);
#976 = AXIS2_PLACEMENT_3D('',#977,#978,#979);
#977 = CARTESIAN_POINT('',(0.,0.,-63.5));
#978 = DIRECTION('',(-0.,1.,-0.));
#979 = DIRECTION('',(1.,0.,0.));
#980 = DEFINITIONAL_REPRESENTATION('',(#981),#1032);
#981 = B_SPLINE_CURVE_WITH_KNOTS('',7,(#982,#983,#984,#985,#986,#987,
    #988,#989,#990,#991,#992,#993,#994,#995,#996,#997,#998,#999,#1000,
    #1001,#1002,#1003,#1004,#1005,#1006,#1007,#1008,#1009,#1010,#1011,
    #1012,#1013,#1014,#1015,#1016,#1017,#1018,#1019,#1020,#1021,#1022,
    #1023,#1024,#1025,#1026,#1027,#1028,#1029,#1030,#1031),
  .UNSPECIFIED.,.F.,.F.,(8,6,6,6,6,6,6,6,8),(0.,0.135664957095,
    0.252970146356,0.365912163142,0.501023076358,0.636133985175,
    0.75296010511,0.8654408723,1.),.UNSPECIFIED.);
#982 = CARTESIAN_POINT('',(0.,-29.74088095534));
#983 = CARTESIAN_POINT('',(-0.104309427582,-29.74088095534));
#984 = CARTESIAN_POINT('',(-0.208448908863,-29.75133885878));
#985 = CARTESIAN_POINT('',(-0.31345418914,-29.77219431292));
#986 = CARTESIAN_POINT('',(-0.420258667233,-29.8028675826));
#987 = CARTESIAN_POINT('',(-0.529818756606,-29.84220380849));
#988 = CARTESIAN_POINT('',(-0.643154111465,-29.88798699712));
#989 = CARTESIAN_POINT('',(-0.864013085462,-29.97826950773));
#990 = CARTESIAN_POINT('',(-0.973357212366,-30.02337473938));
#991 = CARTESIAN_POINT('',(-1.087977059702,-30.06827689049));
#992 = CARTESIAN_POINT('',(-1.206968568981,-30.10801953254));
#993 = CARTESIAN_POINT('',(-1.329832765868,-30.13711961043));
#994 = CARTESIAN_POINT('',(-1.456366508085,-30.1515775554));
#995 = CARTESIAN_POINT('',(-1.712113021618,-30.1482803495));
#996 = CARTESIAN_POINT('',(-1.833719567549,-30.13179804468));
#997 = CARTESIAN_POINT('',(-1.951658705949,-30.10225935179));
#998 = CARTESIAN_POINT('',(-2.065819038878,-30.06347011464));
#999 = CARTESIAN_POINT('',(-2.17583111621,-30.02024331938));
#1000 = CARTESIAN_POINT('',(-2.28098574477,-29.97687713424));
#1001 = CARTESIAN_POINT('',(-2.498437108676,-29.88798758308));
#1002 = CARTESIAN_POINT('',(-2.611773719694,-29.84220385965));
#1003 = CARTESIAN_POINT('',(-2.72133491847,-29.80286708391));
#1004 = CARTESIAN_POINT('',(-2.828139793943,-29.77219399234));
#1005 = CARTESIAN_POINT('',(-2.933144690888,-29.75133885446));
#1006 = CARTESIAN_POINT('',(-3.037283221467,-29.74088095534));
#1007 = CARTESIAN_POINT('',(-3.245902082317,-29.74088095534));
#1008 = CARTESIAN_POINT('',(-3.350041557795,-29.75133885824));
#1009 = CARTESIAN_POINT('',(-3.45504685139,-29.77219431464));
#1010 = CARTESIAN_POINT('',(-3.561851311929,-29.80286758021));
#1011 = CARTESIAN_POINT('',(-3.671411415256,-29.84220381019));
#1012 = CARTESIAN_POINT('',(-3.784746763723,-29.88798699658));
#1013 = CARTESIAN_POINT('',(-4.005605739031,-29.97826950772));
#1014 = CARTESIAN_POINT('',(-4.114949865979,-30.02337473939));
#1015 = CARTESIAN_POINT('',(-4.229569713303,-30.06827689049));
#1016 = CARTESIAN_POINT('',(-4.348561222555,-30.10801953252));
#1017 = CARTESIAN_POINT('',(-4.471425419438,-30.13711961044));
#1018 = CARTESIAN_POINT('',(-4.597959161695,-30.1515775554));
#1019 = CARTESIAN_POINT('',(-4.853705675992,-30.14828034949));
#1020 = CARTESIAN_POINT('',(-4.975312218129,-30.131798045));
#1021 = CARTESIAN_POINT('',(-5.093251364799,-30.10225935085));
#1022 = CARTESIAN_POINT('',(-5.207411687438,-30.06347011587));
#1023 = CARTESIAN_POINT('',(-5.317423772413,-30.02024331856));
#1024 = CARTESIAN_POINT('',(-5.422578397758,-29.97687713449));
#1025 = CARTESIAN_POINT('',(-5.64002976365,-29.88798758252));
#1026 = CARTESIAN_POINT('',(-5.753366368071,-29.84220386142));
#1027 = CARTESIAN_POINT('',(-5.862927581108,-29.80286708143));
#1028 = CARTESIAN_POINT('',(-5.969732438882,-29.77219399412));
#1029 = CARTESIAN_POINT('',(-6.074737348993,-29.75133885391));
#1030 = CARTESIAN_POINT('',(-6.178875874009,-29.74088095534));
#1031 = CARTESIAN_POINT('',(-6.28318530718,-29.74088095534));
#1032 = ( GEOMETRIC_REPRESENTATION_CONTEXT(2) 
PARAMETRIC_REPRESENTATION_CONTEXT() REPRESENTATION_CONTEXT('2D SPACE',''
  ) );
#1033 = ADVANCED_FACE('',(#1034),#67,.F.);
#1034 = FACE_BOUND('',#1035,.F.);
#1035 = EDGE_LOOP('',(#1036,#1059,#1092,#1120,#1141,#1142));
#1036 = ORIENTED_EDGE('',*,*,#1037,.F.);
#1037 = EDGE_CURVE('',#1038,#44,#1040,.T.);
#1038 = VERTEX_POINT('',#1039);
#1039 = CARTESIAN_POINT('',(24.940930215211,6.2,-155.));
#1040 = SURFACE_CURVE('',#1041,(#1045,#1052),.PCURVE_S1.);
#1041 = LINE('',#1042,#1043);
#1042 = CARTESIAN_POINT('',(-35.15,6.2,-155.));
#1043 = VECTOR('',#1044,1.);
#1044 = DIRECTION('',(1.,0.,0.));
#1045 = PCURVE('',#67,#1046);
#1046 = DEFINITIONAL_REPRESENTATION('',(#1047),#1051);
#1047 = LINE('',#1048,#1049);
#1048 = CARTESIAN_POINT('',(0.,12.4));
#1049 = VECTOR('',#1050,1.);
#1050 = DIRECTION('',(1.,0.));
#1051 = ( GEOMETRIC_REPRESENTATION_CONTEXT(2) 
PARAMETRIC_REPRESENTATION_CONTEXT() REPRESENTATION_CONTEXT('2D SPACE',''
  ) );
#1052 = PCURVE('',#681,#1053);
#1053 = DEFINITIONAL_REPRESENTATION('',(#1054),#1058);
#1054 = LINE('',#1055,#1056);
#1055 = CARTESIAN_POINT('',(60.,0.));
#1056 = VECTOR('',#1057,1.);
#1057 = DIRECTION('',(0.,1.));
#1058 = ( GEOMETRIC_REPRESENTATION_CONTEXT(2) 
PARAMETRIC_REPRESENTATION_CONTEXT() REPRESENTATION_CONTEXT('2D SPACE',''
  ) );
#1059 = ORIENTED_EDGE('',*,*,#1060,.T.);
#1060 = EDGE_CURVE('',#1038,#1061,#1063,.T.);
#1061 = VERTEX_POINT('',#1062);
#1062 = CARTESIAN_POINT('',(25.7,9.426769296983E-16,-155.));
#1063 = SURFACE_CURVE('',#1064,(#1069,#1080),.PCURVE_S1.);
#1064 = CIRCLE('',#1065,25.7);
#1065 = AXIS2_PLACEMENT_3D('',#1066,#1067,#1068);
#1066 = CARTESIAN_POINT('',(1.432868933141E-13,9.426769296983E-16,-155.)
  );
#1067 = DIRECTION('',(0.,0.,-1.));
#1068 = DIRECTION('',(1.,0.,0.));
#1069 = PCURVE('',#67,#1070);
#1070 = DEFINITIONAL_REPRESENTATION('',(#1071),#1079);
#1071 = ( BOUNDED_CURVE() B_SPLINE_CURVE(2,(#1072,#1073,#1074,#1075,
#1076,#1077,#1078),.UNSPECIFIED.,.T.,.F.) B_SPLINE_CURVE_WITH_KNOTS((1,2
    ,2,2,2,1),(-2.094395102393,0.,2.094395102393,4.188790204786,
6.28318530718,8.377580409573),.UNSPECIFIED.) CURVE() 
GEOMETRIC_REPRESENTATION_ITEM() RATIONAL_B_SPLINE_CURVE((1.,0.5,1.,0.5,
1.,0.5,1.)) REPRESENTATION_ITEM('') );
#1072 = CARTESIAN_POINT('',(60.85,6.2));
#1073 = CARTESIAN_POINT('',(60.85,-38.31370575452));
#1074 = CARTESIAN_POINT('',(22.3,-16.05685287726));
#1075 = CARTESIAN_POINT('',(-16.25,6.2));
#1076 = CARTESIAN_POINT('',(22.3,28.45685287726));
#1077 = CARTESIAN_POINT('',(60.85,50.71370575452));
#1078 = CARTESIAN_POINT('',(60.85,6.2));
#1079 = ( GEOMETRIC_REPRESENTATION_CONTEXT(2) 
PARAMETRIC_REPRESENTATION_CONTEXT() REPRESENTATION_CONTEXT('2D SPACE',''
  ) );
#1080 = PCURVE('',#1081,#1086);
#1081 = CYLINDRICAL_SURFACE('',#1082,25.7);
#1082 = AXIS2_PLACEMENT_3D('',#1083,#1084,#1085);
#1083 = CARTESIAN_POINT('',(1.432868933141E-13,9.426769296983E-16,-215.)
  );
#1084 = DIRECTION('',(-0.,-0.,-1.));
#1085 = DIRECTION('',(1.,0.,0.));
#1086 = DEFINITIONAL_REPRESENTATION('',(#1087),#1091);
#1087 = LINE('',#1088,#1089);
#1088 = CARTESIAN_POINT('',(-6.28318530718,-60.));
#1089 = VECTOR('',#1090,1.);
#1090 = DIRECTION('',(1.,-0.));
#1091 = ( GEOMETRIC_REPRESENTATION_CONTEXT(2) 
PARAMETRIC_REPRESENTATION_CONTEXT() REPRESENTATION_CONTEXT('2D SPACE',''
  ) );
#1092 = ORIENTED_EDGE('',*,*,#1093,.T.);
#1093 = EDGE_CURVE('',#1061,#1094,#1096,.T.);
#1094 = VERTEX_POINT('',#1095);
#1095 = CARTESIAN_POINT('',(24.940930215211,-6.2,-155.));
#1096 = SURFACE_CURVE('',#1097,(#1102,#1113),.PCURVE_S1.);
#1097 = CIRCLE('',#1098,25.7);
#1098 = AXIS2_PLACEMENT_3D('',#1099,#1100,#1101);
#1099 = CARTESIAN_POINT('',(1.432868933141E-13,9.426769296983E-16,-155.)
  );
#1100 = DIRECTION('',(0.,0.,-1.));
#1101 = DIRECTION('',(1.,0.,0.));
#1102 = PCURVE('',#67,#1103);
#1103 = DEFINITIONAL_REPRESENTATION('',(#1104),#1112);
#1104 = ( BOUNDED_CURVE() B_SPLINE_CURVE(2,(#1105,#1106,#1107,#1108,
#1109,#1110,#1111),.UNSPECIFIED.,.T.,.F.) B_SPLINE_CURVE_WITH_KNOTS((1,2
    ,2,2,2,1),(-2.094395102393,0.,2.094395102393,4.188790204786,
6.28318530718,8.377580409573),.UNSPECIFIED.) CURVE() 
GEOMETRIC_REPRESENTATION_ITEM() RATIONAL_B_SPLINE_CURVE((1.,0.5,1.,0.5,
1.,0.5,1.)) REPRESENTATION_ITEM('') );
#1105 = CARTESIAN_POINT('',(60.85,6.2));
#1106 = CARTESIAN_POINT('',(60.85,-38.31370575452));
#1107 = CARTESIAN_POINT('',(22.3,-16.05685287726));
#1108 = CARTESIAN_POINT('',(-16.25,6.2));
#1109 = CARTESIAN_POINT('',(22.3,28.45685287726));
#1110 = CARTESIAN_POINT('',(60.85,50.71370575452));
#1111 = CARTESIAN_POINT('',(60.85,6.2));
#1112 = ( GEOMETRIC_REPRESENTATION_CONTEXT(2) 
PARAMETRIC_REPRESENTATION_CONTEXT() REPRESENTATION_CONTEXT('2D SPACE',''
  ) );
#1113 = PCURVE('',#1081,#1114);
#1114 = DEFINITIONAL_REPRESENTATION('',(#1115),#1119);
#1115 = LINE('',#1116,#1117);
#1116 = CARTESIAN_POINT('',(-6.28318530718,-60.));
#1117 = VECTOR('',#1118,1.);
#1118 = DIRECTION('',(1.,-0.));
#1119 = ( GEOMETRIC_REPRESENTATION_CONTEXT(2) 
PARAMETRIC_REPRESENTATION_CONTEXT() REPRESENTATION_CONTEXT('2D SPACE',''
  ) );
#1120 = ORIENTED_EDGE('',*,*,#1121,.T.);
#1121 = EDGE_CURVE('',#1094,#472,#1122,.T.);
#1122 = SURFACE_CURVE('',#1123,(#1127,#1134),.PCURVE_S1.);
#1123 = LINE('',#1124,#1125);
#1124 = CARTESIAN_POINT('',(-35.15,-6.2,-155.));
#1125 = VECTOR('',#1126,1.);
#1126 = DIRECTION('',(1.,0.,0.));
#1127 = PCURVE('',#67,#1128);
#1128 = DEFINITIONAL_REPRESENTATION('',(#1129),#1133);
#1129 = LINE('',#1130,#1131);
#1130 = CARTESIAN_POINT('',(0.,0.));
#1131 = VECTOR('',#1132,1.);
#1132 = DIRECTION('',(1.,0.));
#1133 = ( GEOMETRIC_REPRESENTATION_CONTEXT(2) 
PARAMETRIC_REPRESENTATION_CONTEXT() REPRESENTATION_CONTEXT('2D SPACE',''
  ) );
#1134 = PCURVE('',#514,#1135);
#1135 = DEFINITIONAL_REPRESENTATION('',(#1136),#1140);
#1136 = LINE('',#1137,#1138);
#1137 = CARTESIAN_POINT('',(60.,0.));
#1138 = VECTOR('',#1139,1.);
#1139 = DIRECTION('',(0.,1.));
#1140 = ( GEOMETRIC_REPRESENTATION_CONTEXT(2) 
PARAMETRIC_REPRESENTATION_CONTEXT() REPRESENTATION_CONTEXT('2D SPACE',''
  ) );
#1141 = ORIENTED_EDGE('',*,*,#471,.F.);
#1142 = ORIENTED_EDGE('',*,*,#43,.F.);
#1143 = ADVANCED_FACE('',(#1144),#681,.F.);
#1144 = FACE_BOUND('',#1145,.F.);
#1145 = EDGE_LOOP('',(#1146,#1169,#1188,#1189));
#1146 = ORIENTED_EDGE('',*,*,#1147,.F.);
#1147 = EDGE_CURVE('',#1148,#640,#1150,.T.);
#1148 = VERTEX_POINT('',#1149);
#1149 = CARTESIAN_POINT('',(24.940930215211,6.2,-215.));
#1150 = SURFACE_CURVE('',#1151,(#1155,#1162),.PCURVE_S1.);
#1151 = LINE('',#1152,#1153);
#1152 = CARTESIAN_POINT('',(-35.15,6.2,-215.));
#1153 = VECTOR('',#1154,1.);
#1154 = DIRECTION('',(1.,0.,0.));
#1155 = PCURVE('',#681,#1156);
#1156 = DEFINITIONAL_REPRESENTATION('',(#1157),#1161);
#1157 = LINE('',#1158,#1159);
#1158 = CARTESIAN_POINT('',(0.,0.));
#1159 = VECTOR('',#1160,1.);
#1160 = DIRECTION('',(0.,1.));
#1161 = ( GEOMETRIC_REPRESENTATION_CONTEXT(2) 
PARAMETRIC_REPRESENTATION_CONTEXT() REPRESENTATION_CONTEXT('2D SPACE',''
  ) );
#1162 = PCURVE('',#656,#1163);
#1163 = DEFINITIONAL_REPRESENTATION('',(#1164),#1168);
#1164 = LINE('',#1165,#1166);
#1165 = CARTESIAN_POINT('',(-35.15,6.2));
#1166 = VECTOR('',#1167,1.);
#1167 = DIRECTION('',(1.,0.));
#1168 = ( GEOMETRIC_REPRESENTATION_CONTEXT(2) 
PARAMETRIC_REPRESENTATION_CONTEXT() REPRESENTATION_CONTEXT('2D SPACE',''
  ) );
#1169 = ORIENTED_EDGE('',*,*,#1170,.F.);
#1170 = EDGE_CURVE('',#1038,#1148,#1171,.T.);
#1171 = SURFACE_CURVE('',#1172,(#1176,#1182),.PCURVE_S1.);
#1172 = LINE('',#1173,#1174);
#1173 = CARTESIAN_POINT('',(24.940930215211,6.2,-215.));
#1174 = VECTOR('',#1175,1.);
#1175 = DIRECTION('',(-0.,-0.,-1.));
#1176 = PCURVE('',#681,#1177);
#1177 = DEFINITIONAL_REPRESENTATION('',(#1178),#1181);
#1178 = B_SPLINE_CURVE_WITH_KNOTS('',1,(#1179,#1180),.UNSPECIFIED.,.F.,
  .F.,(2,2),(-66.,5.999999928008E-07),.PIECEWISE_BEZIER_KNOTS.);
#1179 = CARTESIAN_POINT('',(66.,60.090930215211));
#1180 = CARTESIAN_POINT('',(-5.999999928008E-07,60.090930215211));
#1181 = ( GEOMETRIC_REPRESENTATION_CONTEXT(2) 
PARAMETRIC_REPRESENTATION_CONTEXT() REPRESENTATION_CONTEXT('2D SPACE',''
  ) );
#1182 = PCURVE('',#1081,#1183);
#1183 = DEFINITIONAL_REPRESENTATION('',(#1184),#1187);
#1184 = B_SPLINE_CURVE_WITH_KNOTS('',1,(#1185,#1186),.UNSPECIFIED.,.F.,
  .F.,(2,2),(-66.,5.999999928008E-07),.PIECEWISE_BEZIER_KNOTS.);
#1185 = CARTESIAN_POINT('',(-0.243648678383,-66.));
#1186 = CARTESIAN_POINT('',(-0.243648678383,5.999999928008E-07));
#1187 = ( GEOMETRIC_REPRESENTATION_CONTEXT(2) 
PARAMETRIC_REPRESENTATION_CONTEXT() REPRESENTATION_CONTEXT('2D SPACE',''
  ) );
#1188 = ORIENTED_EDGE('',*,*,#1037,.T.);
#1189 = ORIENTED_EDGE('',*,*,#668,.T.);
#1190 = ADVANCED_FACE('',(#1191),#656,.F.);
#1191 = FACE_BOUND('',#1192,.F.);
#1192 = EDGE_LOOP('',(#1193,#1194,#1195,#1218));
#1193 = ORIENTED_EDGE('',*,*,#1147,.T.);
#1194 = ORIENTED_EDGE('',*,*,#639,.T.);
#1195 = ORIENTED_EDGE('',*,*,#1196,.T.);
#1196 = EDGE_CURVE('',#614,#1197,#1199,.T.);
#1197 = VERTEX_POINT('',#1198);
#1198 = CARTESIAN_POINT('',(-24.94093021521,6.2,-215.));
#1199 = SURFACE_CURVE('',#1200,(#1204,#1211),.PCURVE_S1.);
#1200 = LINE('',#1201,#1202);
#1201 = CARTESIAN_POINT('',(-35.15,6.2,-215.));
#1202 = VECTOR('',#1203,1.);
#1203 = DIRECTION('',(1.,0.,0.));
#1204 = PCURVE('',#656,#1205);
#1205 = DEFINITIONAL_REPRESENTATION('',(#1206),#1210);
#1206 = LINE('',#1207,#1208);
#1207 = CARTESIAN_POINT('',(-35.15,6.2));
#1208 = VECTOR('',#1209,1.);
#1209 = DIRECTION('',(1.,0.));
#1210 = ( GEOMETRIC_REPRESENTATION_CONTEXT(2) 
PARAMETRIC_REPRESENTATION_CONTEXT() REPRESENTATION_CONTEXT('2D SPACE',''
  ) );
#1211 = PCURVE('',#628,#1212);
#1212 = DEFINITIONAL_REPRESENTATION('',(#1213),#1217);
#1213 = LINE('',#1214,#1215);
#1214 = CARTESIAN_POINT('',(0.,0.));
#1215 = VECTOR('',#1216,1.);
#1216 = DIRECTION('',(0.,1.));
#1217 = ( GEOMETRIC_REPRESENTATION_CONTEXT(2) 
PARAMETRIC_REPRESENTATION_CONTEXT() REPRESENTATION_CONTEXT('2D SPACE',''
  ) );
#1218 = ORIENTED_EDGE('',*,*,#1219,.F.);
#1219 = EDGE_CURVE('',#1148,#1197,#1220,.T.);
#1220 = SURFACE_CURVE('',#1221,(#1226,#1233),.PCURVE_S1.);
#1221 = CIRCLE('',#1222,25.7);
#1222 = AXIS2_PLACEMENT_3D('',#1223,#1224,#1225);
#1223 = CARTESIAN_POINT('',(1.432868933141E-13,9.426769296983E-16,-215.)
  );
#1224 = DIRECTION('',(0.,0.,1.));
#1225 = DIRECTION('',(1.,0.,0.));
#1226 = PCURVE('',#656,#1227);
#1227 = DEFINITIONAL_REPRESENTATION('',(#1228),#1232);
#1228 = CIRCLE('',#1229,25.7);
#1229 = AXIS2_PLACEMENT_2D('',#1230,#1231);
#1230 = CARTESIAN_POINT('',(1.447382393918E-13,-2.18059127012E-15));
#1231 = DIRECTION('',(1.,0.));
#1232 = ( GEOMETRIC_REPRESENTATION_CONTEXT(2) 
PARAMETRIC_REPRESENTATION_CONTEXT() REPRESENTATION_CONTEXT('2D SPACE',''
  ) );
#1233 = PCURVE('',#1081,#1234);
#1234 = DEFINITIONAL_REPRESENTATION('',(#1235),#1239);
#1235 = LINE('',#1236,#1237);
#1236 = CARTESIAN_POINT('',(-0.,0.));
#1237 = VECTOR('',#1238,1.);
#1238 = DIRECTION('',(-1.,0.));
#1239 = ( GEOMETRIC_REPRESENTATION_CONTEXT(2) 
PARAMETRIC_REPRESENTATION_CONTEXT() REPRESENTATION_CONTEXT('2D SPACE',''
  ) );
#1240 = ADVANCED_FACE('',(#1241),#628,.F.);
#1241 = FACE_BOUND('',#1242,.F.);
#1242 = EDGE_LOOP('',(#1243,#1244,#1245,#1268));
#1243 = ORIENTED_EDGE('',*,*,#1196,.F.);
#1244 = ORIENTED_EDGE('',*,*,#613,.F.);
#1245 = ORIENTED_EDGE('',*,*,#1246,.T.);
#1246 = EDGE_CURVE('',#581,#1247,#1249,.T.);
#1247 = VERTEX_POINT('',#1248);
#1248 = CARTESIAN_POINT('',(-24.94093021521,6.2,-155.));
#1249 = SURFACE_CURVE('',#1250,(#1254,#1261),.PCURVE_S1.);
#1250 = LINE('',#1251,#1252);
#1251 = CARTESIAN_POINT('',(-35.15,6.2,-155.));
#1252 = VECTOR('',#1253,1.);
#1253 = DIRECTION('',(1.,0.,0.));
#1254 = PCURVE('',#628,#1255);
#1255 = DEFINITIONAL_REPRESENTATION('',(#1256),#1260);
#1256 = LINE('',#1257,#1258);
#1257 = CARTESIAN_POINT('',(60.,0.));
#1258 = VECTOR('',#1259,1.);
#1259 = DIRECTION('',(0.,1.));
#1260 = ( GEOMETRIC_REPRESENTATION_CONTEXT(2) 
PARAMETRIC_REPRESENTATION_CONTEXT() REPRESENTATION_CONTEXT('2D SPACE',''
  ) );
#1261 = PCURVE('',#597,#1262);
#1262 = DEFINITIONAL_REPRESENTATION('',(#1263),#1267);
#1263 = LINE('',#1264,#1265);
#1264 = CARTESIAN_POINT('',(0.,12.4));
#1265 = VECTOR('',#1266,1.);
#1266 = DIRECTION('',(1.,0.));
#1267 = ( GEOMETRIC_REPRESENTATION_CONTEXT(2) 
PARAMETRIC_REPRESENTATION_CONTEXT() REPRESENTATION_CONTEXT('2D SPACE',''
  ) );
#1268 = ORIENTED_EDGE('',*,*,#1269,.T.);
#1269 = EDGE_CURVE('',#1247,#1197,#1270,.T.);
#1270 = SURFACE_CURVE('',#1271,(#1275,#1281),.PCURVE_S1.);
#1271 = LINE('',#1272,#1273);
#1272 = CARTESIAN_POINT('',(-24.94093021521,6.2,-215.));
#1273 = VECTOR('',#1274,1.);
#1274 = DIRECTION('',(-0.,-0.,-1.));
#1275 = PCURVE('',#628,#1276);
#1276 = DEFINITIONAL_REPRESENTATION('',(#1277),#1280);
#1277 = B_SPLINE_CURVE_WITH_KNOTS('',1,(#1278,#1279),.UNSPECIFIED.,.F.,
  .F.,(2,2),(-66.,5.999999928008E-07),.PIECEWISE_BEZIER_KNOTS.);
#1278 = CARTESIAN_POINT('',(66.,10.20906978479));
#1279 = CARTESIAN_POINT('',(-5.999999928008E-07,10.20906978479));
#1280 = ( GEOMETRIC_REPRESENTATION_CONTEXT(2) 
PARAMETRIC_REPRESENTATION_CONTEXT() REPRESENTATION_CONTEXT('2D SPACE',''
  ) );
#1281 = PCURVE('',#1081,#1282);
#1282 = DEFINITIONAL_REPRESENTATION('',(#1283),#1286);
#1283 = B_SPLINE_CURVE_WITH_KNOTS('',1,(#1284,#1285),.UNSPECIFIED.,.F.,
  .F.,(2,2),(-66.,5.999999928008E-07),.PIECEWISE_BEZIER_KNOTS.);
#1284 = CARTESIAN_POINT('',(-2.897943975206,-66.));
#1285 = CARTESIAN_POINT('',(-2.897943975206,5.999999928008E-07));
#1286 = ( GEOMETRIC_REPRESENTATION_CONTEXT(2) 
PARAMETRIC_REPRESENTATION_CONTEXT() REPRESENTATION_CONTEXT('2D SPACE',''
  ) );
#1287 = ADVANCED_FACE('',(#1288),#597,.F.);
#1288 = FACE_BOUND('',#1289,.F.);
#1289 = EDGE_LOOP('',(#1290,#1291,#1292,#1315));
#1290 = ORIENTED_EDGE('',*,*,#1246,.F.);
#1291 = ORIENTED_EDGE('',*,*,#580,.F.);
#1292 = ORIENTED_EDGE('',*,*,#1293,.T.);
#1293 = EDGE_CURVE('',#555,#1294,#1296,.T.);
#1294 = VERTEX_POINT('',#1295);
#1295 = CARTESIAN_POINT('',(-24.94093021521,-6.2,-155.));
#1296 = SURFACE_CURVE('',#1297,(#1301,#1308),.PCURVE_S1.);
#1297 = LINE('',#1298,#1299);
#1298 = CARTESIAN_POINT('',(-35.15,-6.2,-155.));
#1299 = VECTOR('',#1300,1.);
#1300 = DIRECTION('',(1.,0.,0.));
#1301 = PCURVE('',#597,#1302);
#1302 = DEFINITIONAL_REPRESENTATION('',(#1303),#1307);
#1303 = LINE('',#1304,#1305);
#1304 = CARTESIAN_POINT('',(0.,0.));
#1305 = VECTOR('',#1306,1.);
#1306 = DIRECTION('',(1.,0.));
#1307 = ( GEOMETRIC_REPRESENTATION_CONTEXT(2) 
PARAMETRIC_REPRESENTATION_CONTEXT() REPRESENTATION_CONTEXT('2D SPACE',''
  ) );
#1308 = PCURVE('',#569,#1309);
#1309 = DEFINITIONAL_REPRESENTATION('',(#1310),#1314);
#1310 = LINE('',#1311,#1312);
#1311 = CARTESIAN_POINT('',(60.,0.));
#1312 = VECTOR('',#1313,1.);
#1313 = DIRECTION('',(0.,1.));
#1314 = ( GEOMETRIC_REPRESENTATION_CONTEXT(2) 
PARAMETRIC_REPRESENTATION_CONTEXT() REPRESENTATION_CONTEXT('2D SPACE',''
  ) );
#1315 = ORIENTED_EDGE('',*,*,#1316,.T.);
#1316 = EDGE_CURVE('',#1294,#1247,#1317,.T.);
#1317 = SURFACE_CURVE('',#1318,(#1323,#1334),.PCURVE_S1.);
#1318 = CIRCLE('',#1319,25.7);
#1319 = AXIS2_PLACEMENT_3D('',#1320,#1321,#1322);
#1320 = CARTESIAN_POINT('',(1.432868933141E-13,9.426769296983E-16,-155.)
  );
#1321 = DIRECTION('',(0.,0.,-1.));
#1322 = DIRECTION('',(1.,0.,0.));
#1323 = PCURVE('',#597,#1324);
#1324 = DEFINITIONAL_REPRESENTATION('',(#1325),#1333);
#1325 = ( BOUNDED_CURVE() B_SPLINE_CURVE(2,(#1326,#1327,#1328,#1329,
#1330,#1331,#1332),.UNSPECIFIED.,.T.,.F.) B_SPLINE_CURVE_WITH_KNOTS((1,2
    ,2,2,2,1),(-2.094395102393,0.,2.094395102393,4.188790204786,
6.28318530718,8.377580409573),.UNSPECIFIED.) CURVE() 
GEOMETRIC_REPRESENTATION_ITEM() RATIONAL_B_SPLINE_CURVE((1.,0.5,1.,0.5,
1.,0.5,1.)) REPRESENTATION_ITEM('') );
#1326 = CARTESIAN_POINT('',(60.85,6.2));
#1327 = CARTESIAN_POINT('',(60.85,-38.31370575452));
#1328 = CARTESIAN_POINT('',(22.3,-16.05685287726));
#1329 = CARTESIAN_POINT('',(-16.25,6.2));
#1330 = CARTESIAN_POINT('',(22.3,28.45685287726));
#1331 = CARTESIAN_POINT('',(60.85,50.71370575452));
#1332 = CARTESIAN_POINT('',(60.85,6.2));
#1333 = ( GEOMETRIC_REPRESENTATION_CONTEXT(2) 
PARAMETRIC_REPRESENTATION_CONTEXT() REPRESENTATION_CONTEXT('2D SPACE',''
  ) );
#1334 = PCURVE('',#1081,#1335);
#1335 = DEFINITIONAL_REPRESENTATION('',(#1336),#1340);
#1336 = LINE('',#1337,#1338);
#1337 = CARTESIAN_POINT('',(-6.28318530718,-60.));
#1338 = VECTOR('',#1339,1.);
#1339 = DIRECTION('',(1.,-0.));
#1340 = ( GEOMETRIC_REPRESENTATION_CONTEXT(2) 
PARAMETRIC_REPRESENTATION_CONTEXT() REPRESENTATION_CONTEXT('2D SPACE',''
  ) );
#1341 = ADVANCED_FACE('',(#1342),#569,.T.);
#1342 = FACE_BOUND('',#1343,.T.);
#1343 = EDGE_LOOP('',(#1344,#1367,#1368,#1369));
#1344 = ORIENTED_EDGE('',*,*,#1345,.F.);
#1345 = EDGE_CURVE('',#526,#1346,#1348,.T.);
#1346 = VERTEX_POINT('',#1347);
#1347 = CARTESIAN_POINT('',(-24.94093021521,-6.2,-215.));
#1348 = SURFACE_CURVE('',#1349,(#1353,#1360),.PCURVE_S1.);
#1349 = LINE('',#1350,#1351);
#1350 = CARTESIAN_POINT('',(-35.15,-6.2,-215.));
#1351 = VECTOR('',#1352,1.);
#1352 = DIRECTION('',(1.,0.,0.));
#1353 = PCURVE('',#569,#1354);
#1354 = DEFINITIONAL_REPRESENTATION('',(#1355),#1359);
#1355 = LINE('',#1356,#1357);
#1356 = CARTESIAN_POINT('',(0.,0.));
#1357 = VECTOR('',#1358,1.);
#1358 = DIRECTION('',(0.,1.));
#1359 = ( GEOMETRIC_REPRESENTATION_CONTEXT(2) 
PARAMETRIC_REPRESENTATION_CONTEXT() REPRESENTATION_CONTEXT('2D SPACE',''
  ) );
#1360 = PCURVE('',#542,#1361);
#1361 = DEFINITIONAL_REPRESENTATION('',(#1362),#1366);
#1362 = LINE('',#1363,#1364);
#1363 = CARTESIAN_POINT('',(-35.15,-6.2));
#1364 = VECTOR('',#1365,1.);
#1365 = DIRECTION('',(1.,0.));
#1366 = ( GEOMETRIC_REPRESENTATION_CONTEXT(2) 
PARAMETRIC_REPRESENTATION_CONTEXT() REPRESENTATION_CONTEXT('2D SPACE',''
  ) );
#1367 = ORIENTED_EDGE('',*,*,#554,.F.);
#1368 = ORIENTED_EDGE('',*,*,#1293,.T.);
#1369 = ORIENTED_EDGE('',*,*,#1370,.T.);
#1370 = EDGE_CURVE('',#1294,#1346,#1371,.T.);
#1371 = SURFACE_CURVE('',#1372,(#1376,#1382),.PCURVE_S1.);
#1372 = LINE('',#1373,#1374);
#1373 = CARTESIAN_POINT('',(-24.94093021521,-6.2,-215.));
#1374 = VECTOR('',#1375,1.);
#1375 = DIRECTION('',(-0.,-0.,-1.));
#1376 = PCURVE('',#569,#1377);
#1377 = DEFINITIONAL_REPRESENTATION('',(#1378),#1381);
#1378 = B_SPLINE_CURVE_WITH_KNOTS('',1,(#1379,#1380),.UNSPECIFIED.,.F.,
  .F.,(2,2),(-66.,5.999999928008E-07),.PIECEWISE_BEZIER_KNOTS.);
#1379 = CARTESIAN_POINT('',(66.,10.20906978479));
#1380 = CARTESIAN_POINT('',(-5.999999928008E-07,10.20906978479));
#1381 = ( GEOMETRIC_REPRESENTATION_CONTEXT(2) 
PARAMETRIC_REPRESENTATION_CONTEXT() REPRESENTATION_CONTEXT('2D SPACE',''
  ) );
#1382 = PCURVE('',#1081,#1383);
#1383 = DEFINITIONAL_REPRESENTATION('',(#1384),#1387);
#1384 = B_SPLINE_CURVE_WITH_KNOTS('',1,(#1385,#1386),.UNSPECIFIED.,.F.,
  .F.,(2,2),(-66.,5.999999928008E-07),.PIECEWISE_BEZIER_KNOTS.);
#1385 = CARTESIAN_POINT('',(-3.385241331973,-66.));
#1386 = CARTESIAN_POINT('',(-3.385241331973,5.999999928008E-07));
#1387 = ( GEOMETRIC_REPRESENTATION_CONTEXT(2) 
PARAMETRIC_REPRESENTATION_CONTEXT() REPRESENTATION_CONTEXT('2D SPACE',''
  ) );
#1388 = ADVANCED_FACE('',(#1389),#542,.F.);
#1389 = FACE_BOUND('',#1390,.F.);
#1390 = EDGE_LOOP('',(#1391,#1392,#1415,#1437));
#1391 = ORIENTED_EDGE('',*,*,#525,.T.);
#1392 = ORIENTED_EDGE('',*,*,#1393,.F.);
#1393 = EDGE_CURVE('',#1394,#500,#1396,.T.);
#1394 = VERTEX_POINT('',#1395);
#1395 = CARTESIAN_POINT('',(24.940930215211,-6.2,-215.));
#1396 = SURFACE_CURVE('',#1397,(#1401,#1408),.PCURVE_S1.);
#1397 = LINE('',#1398,#1399);
#1398 = CARTESIAN_POINT('',(-35.15,-6.2,-215.));
#1399 = VECTOR('',#1400,1.);
#1400 = DIRECTION('',(1.,0.,0.));
#1401 = PCURVE('',#542,#1402);
#1402 = DEFINITIONAL_REPRESENTATION('',(#1403),#1407);
#1403 = LINE('',#1404,#1405);
#1404 = CARTESIAN_POINT('',(-35.15,-6.2));
#1405 = VECTOR('',#1406,1.);
#1406 = DIRECTION('',(1.,0.));
#1407 = ( GEOMETRIC_REPRESENTATION_CONTEXT(2) 
PARAMETRIC_REPRESENTATION_CONTEXT() REPRESENTATION_CONTEXT('2D SPACE',''
  ) );
#1408 = PCURVE('',#514,#1409);
#1409 = DEFINITIONAL_REPRESENTATION('',(#1410),#1414);
#1410 = LINE('',#1411,#1412);
#1411 = CARTESIAN_POINT('',(0.,0.));
#1412 = VECTOR('',#1413,1.);
#1413 = DIRECTION('',(0.,1.));
#1414 = ( GEOMETRIC_REPRESENTATION_CONTEXT(2) 
PARAMETRIC_REPRESENTATION_CONTEXT() REPRESENTATION_CONTEXT('2D SPACE',''
  ) );
#1415 = ORIENTED_EDGE('',*,*,#1416,.F.);
#1416 = EDGE_CURVE('',#1346,#1394,#1417,.T.);
#1417 = SURFACE_CURVE('',#1418,(#1423,#1430),.PCURVE_S1.);
#1418 = CIRCLE('',#1419,25.7);
#1419 = AXIS2_PLACEMENT_3D('',#1420,#1421,#1422);
#1420 = CARTESIAN_POINT('',(1.432868933141E-13,9.426769296983E-16,-215.)
  );
#1421 = DIRECTION('',(0.,0.,1.));
#1422 = DIRECTION('',(1.,0.,0.));
#1423 = PCURVE('',#542,#1424);
#1424 = DEFINITIONAL_REPRESENTATION('',(#1425),#1429);
#1425 = CIRCLE('',#1426,25.7);
#1426 = AXIS2_PLACEMENT_2D('',#1427,#1428);
#1427 = CARTESIAN_POINT('',(1.447382393918E-13,-2.18059127012E-15));
#1428 = DIRECTION('',(1.,0.));
#1429 = ( GEOMETRIC_REPRESENTATION_CONTEXT(2) 
PARAMETRIC_REPRESENTATION_CONTEXT() REPRESENTATION_CONTEXT('2D SPACE',''
  ) );
#1430 = PCURVE('',#1081,#1431);
#1431 = DEFINITIONAL_REPRESENTATION('',(#1432),#1436);
#1432 = LINE('',#1433,#1434);
#1433 = CARTESIAN_POINT('',(-0.,0.));
#1434 = VECTOR('',#1435,1.);
#1435 = DIRECTION('',(-1.,0.));
#1436 = ( GEOMETRIC_REPRESENTATION_CONTEXT(2) 
PARAMETRIC_REPRESENTATION_CONTEXT() REPRESENTATION_CONTEXT('2D SPACE',''
  ) );
#1437 = ORIENTED_EDGE('',*,*,#1345,.F.);
#1438 = ADVANCED_FACE('',(#1439),#514,.T.);
#1439 = FACE_BOUND('',#1440,.T.);
#1440 = EDGE_LOOP('',(#1441,#1442,#1461,#1462));
#1441 = ORIENTED_EDGE('',*,*,#1393,.F.);
#1442 = ORIENTED_EDGE('',*,*,#1443,.F.);
#1443 = EDGE_CURVE('',#1094,#1394,#1444,.T.);
#1444 = SURFACE_CURVE('',#1445,(#1449,#1455),.PCURVE_S1.);
#1445 = LINE('',#1446,#1447);
#1446 = CARTESIAN_POINT('',(24.940930215211,-6.2,-215.));
#1447 = VECTOR('',#1448,1.);
#1448 = DIRECTION('',(-0.,-0.,-1.));
#1449 = PCURVE('',#514,#1450);
#1450 = DEFINITIONAL_REPRESENTATION('',(#1451),#1454);
#1451 = B_SPLINE_CURVE_WITH_KNOTS('',1,(#1452,#1453),.UNSPECIFIED.,.F.,
  .F.,(2,2),(-66.,5.999999928008E-07),.PIECEWISE_BEZIER_KNOTS.);
#1452 = CARTESIAN_POINT('',(66.,60.090930215211));
#1453 = CARTESIAN_POINT('',(-5.999999928008E-07,60.090930215211));
#1454 = ( GEOMETRIC_REPRESENTATION_CONTEXT(2) 
PARAMETRIC_REPRESENTATION_CONTEXT() REPRESENTATION_CONTEXT('2D SPACE',''
  ) );
#1455 = PCURVE('',#1081,#1456);
#1456 = DEFINITIONAL_REPRESENTATION('',(#1457),#1460);
#1457 = B_SPLINE_CURVE_WITH_KNOTS('',1,(#1458,#1459),.UNSPECIFIED.,.F.,
  .F.,(2,2),(-66.,5.999999928008E-07),.PIECEWISE_BEZIER_KNOTS.);
#1458 = CARTESIAN_POINT('',(-6.039536628796,-66.));
#1459 = CARTESIAN_POINT('',(-6.039536628796,5.999999928008E-07));
#1460 = ( GEOMETRIC_REPRESENTATION_CONTEXT(2) 
PARAMETRIC_REPRESENTATION_CONTEXT() REPRESENTATION_CONTEXT('2D SPACE',''
  ) );
#1461 = ORIENTED_EDGE('',*,*,#1121,.T.);
#1462 = ORIENTED_EDGE('',*,*,#499,.T.);
#1463 = ADVANCED_FACE('',(#1464),#123,.T.);
#1464 = FACE_BOUND('',#1465,.T.);
#1465 = EDGE_LOOP('',(#1466,#1487,#1488,#1489,#1510,#1534));
#1466 = ORIENTED_EDGE('',*,*,#1467,.F.);
#1467 = EDGE_CURVE('',#423,#1468,#1470,.T.);
#1468 = VERTEX_POINT('',#1469);
#1469 = CARTESIAN_POINT('',(24.412510757312,-8.032391830838,0.));
#1470 = SURFACE_CURVE('',#1471,(#1475,#1481),.PCURVE_S1.);
#1471 = LINE('',#1472,#1473);
#1472 = CARTESIAN_POINT('',(2.625,4.546633369868,0.));
#1473 = VECTOR('',#1474,1.);
#1474 = DIRECTION('',(-0.866025403784,0.5,0.));
#1475 = PCURVE('',#123,#1476);
#1476 = DEFINITIONAL_REPRESENTATION('',(#1477),#1480);
#1477 = B_SPLINE_CURVE_WITH_KNOTS('',1,(#1478,#1479),.UNSPECIFIED.,.F.,
  .F.,(2,2),(-31.78313231888,-2.04195603153E-15),
  .PIECEWISE_BEZIER_KNOTS.);
#1478 = CARTESIAN_POINT('',(30.15,-11.34493278957));
#1479 = CARTESIAN_POINT('',(2.625,4.546633369868));
#1480 = ( GEOMETRIC_REPRESENTATION_CONTEXT(2) 
PARAMETRIC_REPRESENTATION_CONTEXT() REPRESENTATION_CONTEXT('2D SPACE',''
  ) );
#1481 = PCURVE('',#437,#1482);
#1482 = DEFINITIONAL_REPRESENTATION('',(#1483),#1486);
#1483 = B_SPLINE_CURVE_WITH_KNOTS('',1,(#1484,#1485),.UNSPECIFIED.,.F.,
  .F.,(2,2),(-31.78313231888,-2.04195603153E-15),
  .PIECEWISE_BEZIER_KNOTS.);
#1484 = CARTESIAN_POINT('',(11.,31.783132318889));
#1485 = CARTESIAN_POINT('',(11.,0.));
#1486 = ( GEOMETRIC_REPRESENTATION_CONTEXT(2) 
PARAMETRIC_REPRESENTATION_CONTEXT() REPRESENTATION_CONTEXT('2D SPACE',''
  ) );
#1487 = ORIENTED_EDGE('',*,*,#448,.T.);
#1488 = ORIENTED_EDGE('',*,*,#106,.T.);
#1489 = ORIENTED_EDGE('',*,*,#1490,.T.);
#1490 = EDGE_CURVE('',#107,#1491,#1493,.T.);
#1491 = VERTEX_POINT('',#1492);
#1492 = CARTESIAN_POINT('',(5.25,25.158050401412,0.));
#1493 = SURFACE_CURVE('',#1494,(#1498,#1504),.PCURVE_S1.);
#1494 = LINE('',#1495,#1496);
#1495 = CARTESIAN_POINT('',(5.25,9.787670119809E-16,0.));
#1496 = VECTOR('',#1497,1.);
#1497 = DIRECTION('',(-1.110223024625E-16,-1.,0.));
#1498 = PCURVE('',#123,#1499);
#1499 = DEFINITIONAL_REPRESENTATION('',(#1500),#1503);
#1500 = B_SPLINE_CURVE_WITH_KNOTS('',1,(#1501,#1502),.UNSPECIFIED.,.F.,
  .F.,(2,2),(-30.15,1.561634099909E-15),.PIECEWISE_BEZIER_KNOTS.);
#1501 = CARTESIAN_POINT('',(5.25,30.15));
#1502 = CARTESIAN_POINT('',(5.25,-3.706135287746E-15));
#1503 = ( GEOMETRIC_REPRESENTATION_CONTEXT(2) 
PARAMETRIC_REPRESENTATION_CONTEXT() REPRESENTATION_CONTEXT('2D SPACE',''
  ) );
#1504 = PCURVE('',#150,#1505);
#1505 = DEFINITIONAL_REPRESENTATION('',(#1506),#1509);
#1506 = B_SPLINE_CURVE_WITH_KNOTS('',1,(#1507,#1508),.UNSPECIFIED.,.F.,
  .F.,(2,2),(-30.15,1.561634099909E-15),.PIECEWISE_BEZIER_KNOTS.);
#1507 = CARTESIAN_POINT('',(11.,30.15));
#1508 = CARTESIAN_POINT('',(11.,0.));
#1509 = ( GEOMETRIC_REPRESENTATION_CONTEXT(2) 
PARAMETRIC_REPRESENTATION_CONTEXT() REPRESENTATION_CONTEXT('2D SPACE',''
  ) );
#1510 = ORIENTED_EDGE('',*,*,#1511,.F.);
#1511 = EDGE_CURVE('',#1512,#1491,#1514,.T.);
#1512 = VERTEX_POINT('',#1513);
#1513 = CARTESIAN_POINT('',(25.7,9.426769296983E-16,0.));
#1514 = SURFACE_CURVE('',#1515,(#1520,#1527),.PCURVE_S1.);
#1515 = CIRCLE('',#1516,25.7);
#1516 = AXIS2_PLACEMENT_3D('',#1517,#1518,#1519);
#1517 = CARTESIAN_POINT('',(1.432868933141E-13,9.426769296983E-16,0.));
#1518 = DIRECTION('',(0.,0.,1.));
#1519 = DIRECTION('',(1.,0.,0.));
#1520 = PCURVE('',#123,#1521);
#1521 = DEFINITIONAL_REPRESENTATION('',(#1522),#1526);
#1522 = CIRCLE('',#1523,25.7);
#1523 = AXIS2_PLACEMENT_2D('',#1524,#1525);
#1524 = CARTESIAN_POINT('',(1.447382393918E-13,-2.18059127012E-15));
#1525 = DIRECTION('',(1.,0.));
#1526 = ( GEOMETRIC_REPRESENTATION_CONTEXT(2) 
PARAMETRIC_REPRESENTATION_CONTEXT() REPRESENTATION_CONTEXT('2D SPACE',''
  ) );
#1527 = PCURVE('',#1081,#1528);
#1528 = DEFINITIONAL_REPRESENTATION('',(#1529),#1533);
#1529 = LINE('',#1530,#1531);
#1530 = CARTESIAN_POINT('',(-0.,-215.));
#1531 = VECTOR('',#1532,1.);
#1532 = DIRECTION('',(-1.,0.));
#1533 = ( GEOMETRIC_REPRESENTATION_CONTEXT(2) 
PARAMETRIC_REPRESENTATION_CONTEXT() REPRESENTATION_CONTEXT('2D SPACE',''
  ) );
#1534 = ORIENTED_EDGE('',*,*,#1535,.F.);
#1535 = EDGE_CURVE('',#1468,#1512,#1536,.T.);
#1536 = SURFACE_CURVE('',#1537,(#1542,#1549),.PCURVE_S1.);
#1537 = CIRCLE('',#1538,25.7);
#1538 = AXIS2_PLACEMENT_3D('',#1539,#1540,#1541);
#1539 = CARTESIAN_POINT('',(1.432868933141E-13,9.426769296983E-16,0.));
#1540 = DIRECTION('',(0.,0.,1.));
#1541 = DIRECTION('',(1.,0.,0.));
#1542 = PCURVE('',#123,#1543);
#1543 = DEFINITIONAL_REPRESENTATION('',(#1544),#1548);
#1544 = CIRCLE('',#1545,25.7);
#1545 = AXIS2_PLACEMENT_2D('',#1546,#1547);
#1546 = CARTESIAN_POINT('',(1.447382393918E-13,-2.18059127012E-15));
#1547 = DIRECTION('',(1.,0.));
#1548 = ( GEOMETRIC_REPRESENTATION_CONTEXT(2) 
PARAMETRIC_REPRESENTATION_CONTEXT() REPRESENTATION_CONTEXT('2D SPACE',''
  ) );
#1549 = PCURVE('',#1081,#1550);
#1550 = DEFINITIONAL_REPRESENTATION('',(#1551),#1555);
#1551 = LINE('',#1552,#1553);
#1552 = CARTESIAN_POINT('',(-0.,-215.));
#1553 = VECTOR('',#1554,1.);
#1554 = DIRECTION('',(-1.,0.));
#1555 = ( GEOMETRIC_REPRESENTATION_CONTEXT(2) 
PARAMETRIC_REPRESENTATION_CONTEXT() REPRESENTATION_CONTEXT('2D SPACE',''
  ) );
#1556 = ADVANCED_FACE('',(#1557),#437,.F.);
#1557 = FACE_BOUND('',#1558,.F.);
#1558 = EDGE_LOOP('',(#1559,#1582,#1601,#1602));
#1559 = ORIENTED_EDGE('',*,*,#1560,.F.);
#1560 = EDGE_CURVE('',#1561,#390,#1563,.T.);
#1561 = VERTEX_POINT('',#1562);
#1562 = CARTESIAN_POINT('',(24.412510757312,-8.032391830838,-11.));
#1563 = SURFACE_CURVE('',#1564,(#1568,#1575),.PCURVE_S1.);
#1564 = LINE('',#1565,#1566);
#1565 = CARTESIAN_POINT('',(2.625,4.546633369868,-11.));
#1566 = VECTOR('',#1567,1.);
#1567 = DIRECTION('',(0.866025403784,-0.5,0.));
#1568 = PCURVE('',#437,#1569);
#1569 = DEFINITIONAL_REPRESENTATION('',(#1570),#1574);
#1570 = LINE('',#1571,#1572);
#1571 = CARTESIAN_POINT('',(0.,0.));
#1572 = VECTOR('',#1573,1.);
#1573 = DIRECTION('',(0.,1.));
#1574 = ( GEOMETRIC_REPRESENTATION_CONTEXT(2) 
PARAMETRIC_REPRESENTATION_CONTEXT() REPRESENTATION_CONTEXT('2D SPACE',''
  ) );
#1575 = PCURVE('',#406,#1576);
#1576 = DEFINITIONAL_REPRESENTATION('',(#1577),#1581);
#1577 = LINE('',#1578,#1579);
#1578 = CARTESIAN_POINT('',(0.,10.5));
#1579 = VECTOR('',#1580,1.);
#1580 = DIRECTION('',(1.,0.));
#1581 = ( GEOMETRIC_REPRESENTATION_CONTEXT(2) 
PARAMETRIC_REPRESENTATION_CONTEXT() REPRESENTATION_CONTEXT('2D SPACE',''
  ) );
#1582 = ORIENTED_EDGE('',*,*,#1583,.F.);
#1583 = EDGE_CURVE('',#1468,#1561,#1584,.T.);
#1584 = SURFACE_CURVE('',#1585,(#1589,#1595),.PCURVE_S1.);
#1585 = LINE('',#1586,#1587);
#1586 = CARTESIAN_POINT('',(24.412510757312,-8.032391830838,-215.));
#1587 = VECTOR('',#1588,1.);
#1588 = DIRECTION('',(-0.,-0.,-1.));
#1589 = PCURVE('',#437,#1590);
#1590 = DEFINITIONAL_REPRESENTATION('',(#1591),#1594);
#1591 = B_SPLINE_CURVE_WITH_KNOTS('',1,(#1592,#1593),.UNSPECIFIED.,.F.,
  .F.,(2,2),(-215.0000006,-201.8),.PIECEWISE_BEZIER_KNOTS.);
#1592 = CARTESIAN_POINT('',(11.0000006,25.158050401412));
#1593 = CARTESIAN_POINT('',(-2.2,25.158050401412));
#1594 = ( GEOMETRIC_REPRESENTATION_CONTEXT(2) 
PARAMETRIC_REPRESENTATION_CONTEXT() REPRESENTATION_CONTEXT('2D SPACE',''
  ) );
#1595 = PCURVE('',#1081,#1596);
#1596 = DEFINITIONAL_REPRESENTATION('',(#1597),#1600);
#1597 = B_SPLINE_CURVE_WITH_KNOTS('',1,(#1598,#1599),.UNSPECIFIED.,.F.,
  .F.,(2,2),(-215.0000006,-201.8),.PIECEWISE_BEZIER_KNOTS.);
#1598 = CARTESIAN_POINT('',(-5.965314831248,-215.0000006));
#1599 = CARTESIAN_POINT('',(-5.965314831248,-201.8));
#1600 = ( GEOMETRIC_REPRESENTATION_CONTEXT(2) 
PARAMETRIC_REPRESENTATION_CONTEXT() REPRESENTATION_CONTEXT('2D SPACE',''
  ) );
#1601 = ORIENTED_EDGE('',*,*,#1467,.F.);
#1602 = ORIENTED_EDGE('',*,*,#422,.T.);
#1603 = ADVANCED_FACE('',(#1604),#406,.T.);
#1604 = FACE_BOUND('',#1605,.T.);
#1605 = EDGE_LOOP('',(#1606,#1607,#1635,#1656));
#1606 = ORIENTED_EDGE('',*,*,#1560,.F.);
#1607 = ORIENTED_EDGE('',*,*,#1608,.T.);
#1608 = EDGE_CURVE('',#1561,#1609,#1611,.T.);
#1609 = VERTEX_POINT('',#1610);
#1610 = CARTESIAN_POINT('',(19.162510757312,-17.12565857057,-11.));
#1611 = SURFACE_CURVE('',#1612,(#1617,#1628),.PCURVE_S1.);
#1612 = CIRCLE('',#1613,25.7);
#1613 = AXIS2_PLACEMENT_3D('',#1614,#1615,#1616);
#1614 = CARTESIAN_POINT('',(1.432868933141E-13,9.426769296983E-16,-11.)
  );
#1615 = DIRECTION('',(0.,0.,-1.));
#1616 = DIRECTION('',(1.,0.,0.));
#1617 = PCURVE('',#406,#1618);
#1618 = DEFINITIONAL_REPRESENTATION('',(#1619),#1627);
#1619 = ( BOUNDED_CURVE() B_SPLINE_CURVE(2,(#1620,#1621,#1622,#1623,
#1624,#1625,#1626),.UNSPECIFIED.,.T.,.F.) B_SPLINE_CURVE_WITH_KNOTS((1,2
    ,2,2,2,1),(-2.094395102393,0.,2.094395102393,4.188790204786,
6.28318530718,8.377580409573),.UNSPECIFIED.) CURVE() 
GEOMETRIC_REPRESENTATION_ITEM() RATIONAL_B_SPLINE_CURVE((1.,0.5,1.,0.5,
1.,0.5,1.)) REPRESENTATION_ITEM('') );
#1620 = CARTESIAN_POINT('',(22.25685287726,18.1));
#1621 = CARTESIAN_POINT('',(44.51370575452,-20.45));
#1622 = CARTESIAN_POINT('',(1.429967255717E-13,-20.45));
#1623 = CARTESIAN_POINT('',(-44.51370575452,-20.45));
#1624 = CARTESIAN_POINT('',(-22.25685287726,18.1));
#1625 = CARTESIAN_POINT('',(5.595524044111E-14,56.65));
#1626 = CARTESIAN_POINT('',(22.25685287726,18.1));
#1627 = ( GEOMETRIC_REPRESENTATION_CONTEXT(2) 
PARAMETRIC_REPRESENTATION_CONTEXT() REPRESENTATION_CONTEXT('2D SPACE',''
  ) );
#1628 = PCURVE('',#1081,#1629);
#1629 = DEFINITIONAL_REPRESENTATION('',(#1630),#1634);
#1630 = LINE('',#1631,#1632);
#1631 = CARTESIAN_POINT('',(-6.28318530718,-204.));
#1632 = VECTOR('',#1633,1.);
#1633 = DIRECTION('',(1.,-0.));
#1634 = ( GEOMETRIC_REPRESENTATION_CONTEXT(2) 
PARAMETRIC_REPRESENTATION_CONTEXT() REPRESENTATION_CONTEXT('2D SPACE',''
  ) );
#1635 = ORIENTED_EDGE('',*,*,#1636,.T.);
#1636 = EDGE_CURVE('',#1609,#364,#1637,.T.);
#1637 = SURFACE_CURVE('',#1638,(#1642,#1649),.PCURVE_S1.);
#1638 = LINE('',#1639,#1640);
#1639 = CARTESIAN_POINT('',(-2.625,-4.546633369868,-11.));
#1640 = VECTOR('',#1641,1.);
#1641 = DIRECTION('',(0.866025403784,-0.5,0.));
#1642 = PCURVE('',#406,#1643);
#1643 = DEFINITIONAL_REPRESENTATION('',(#1644),#1648);
#1644 = LINE('',#1645,#1646);
#1645 = CARTESIAN_POINT('',(0.,0.));
#1646 = VECTOR('',#1647,1.);
#1647 = DIRECTION('',(1.,0.));
#1648 = ( GEOMETRIC_REPRESENTATION_CONTEXT(2) 
PARAMETRIC_REPRESENTATION_CONTEXT() REPRESENTATION_CONTEXT('2D SPACE',''
  ) );
#1649 = PCURVE('',#378,#1650);
#1650 = DEFINITIONAL_REPRESENTATION('',(#1651),#1655);
#1651 = LINE('',#1652,#1653);
#1652 = CARTESIAN_POINT('',(0.,0.));
#1653 = VECTOR('',#1654,1.);
#1654 = DIRECTION('',(0.,1.));
#1655 = ( GEOMETRIC_REPRESENTATION_CONTEXT(2) 
PARAMETRIC_REPRESENTATION_CONTEXT() REPRESENTATION_CONTEXT('2D SPACE',''
  ) );
#1656 = ORIENTED_EDGE('',*,*,#389,.F.);
#1657 = ADVANCED_FACE('',(#1658),#378,.T.);
#1658 = FACE_BOUND('',#1659,.T.);
#1659 = EDGE_LOOP('',(#1660,#1661,#1682,#1701));
#1660 = ORIENTED_EDGE('',*,*,#1636,.F.);
#1661 = ORIENTED_EDGE('',*,*,#1662,.F.);
#1662 = EDGE_CURVE('',#1663,#1609,#1665,.T.);
#1663 = VERTEX_POINT('',#1664);
#1664 = CARTESIAN_POINT('',(19.162510757312,-17.12565857057,0.));
#1665 = SURFACE_CURVE('',#1666,(#1670,#1676),.PCURVE_S1.);
#1666 = LINE('',#1667,#1668);
#1667 = CARTESIAN_POINT('',(19.162510757312,-17.12565857057,-215.));
#1668 = VECTOR('',#1669,1.);
#1669 = DIRECTION('',(-0.,-0.,-1.));
#1670 = PCURVE('',#378,#1671);
#1671 = DEFINITIONAL_REPRESENTATION('',(#1672),#1675);
#1672 = B_SPLINE_CURVE_WITH_KNOTS('',1,(#1673,#1674),.UNSPECIFIED.,.F.,
  .F.,(2,2),(-215.0000006,-201.8),.PIECEWISE_BEZIER_KNOTS.);
#1673 = CARTESIAN_POINT('',(11.0000006,25.158050401412));
#1674 = CARTESIAN_POINT('',(-2.2,25.158050401412));
#1675 = ( GEOMETRIC_REPRESENTATION_CONTEXT(2) 
PARAMETRIC_REPRESENTATION_CONTEXT() REPRESENTATION_CONTEXT('2D SPACE',''
  ) );
#1676 = PCURVE('',#1081,#1677);
#1677 = DEFINITIONAL_REPRESENTATION('',(#1678),#1681);
#1678 = B_SPLINE_CURVE_WITH_KNOTS('',1,(#1679,#1680),.UNSPECIFIED.,.F.,
  .F.,(2,2),(-215.0000006,-201.8),.PIECEWISE_BEZIER_KNOTS.);
#1679 = CARTESIAN_POINT('',(-5.553858231915,-215.0000006));
#1680 = CARTESIAN_POINT('',(-5.553858231915,-201.8));
#1681 = ( GEOMETRIC_REPRESENTATION_CONTEXT(2) 
PARAMETRIC_REPRESENTATION_CONTEXT() REPRESENTATION_CONTEXT('2D SPACE',''
  ) );
#1682 = ORIENTED_EDGE('',*,*,#1683,.F.);
#1683 = EDGE_CURVE('',#335,#1663,#1684,.T.);
#1684 = SURFACE_CURVE('',#1685,(#1689,#1695),.PCURVE_S1.);
#1685 = LINE('',#1686,#1687);
#1686 = CARTESIAN_POINT('',(-2.625,-4.546633369868,0.));
#1687 = VECTOR('',#1688,1.);
#1688 = DIRECTION('',(-0.866025403784,0.5,0.));
#1689 = PCURVE('',#378,#1690);
#1690 = DEFINITIONAL_REPRESENTATION('',(#1691),#1694);
#1691 = B_SPLINE_CURVE_WITH_KNOTS('',1,(#1692,#1693),.UNSPECIFIED.,.F.,
  .F.,(2,2),(-37.84531014538,-1.59786682168E-15),
  .PIECEWISE_BEZIER_KNOTS.);
#1692 = CARTESIAN_POINT('',(11.,37.84531014538));
#1693 = CARTESIAN_POINT('',(11.,0.));
#1694 = ( GEOMETRIC_REPRESENTATION_CONTEXT(2) 
PARAMETRIC_REPRESENTATION_CONTEXT() REPRESENTATION_CONTEXT('2D SPACE',''
  ) );
#1695 = PCURVE('',#351,#1696);
#1696 = DEFINITIONAL_REPRESENTATION('',(#1697),#1700);
#1697 = B_SPLINE_CURVE_WITH_KNOTS('',1,(#1698,#1699),.UNSPECIFIED.,.F.,
  .F.,(2,2),(-37.84531014538,-1.59786682168E-15),
  .PIECEWISE_BEZIER_KNOTS.);
#1698 = CARTESIAN_POINT('',(30.15,-23.46928844255));
#1699 = CARTESIAN_POINT('',(-2.625,-4.546633369868));
#1700 = ( GEOMETRIC_REPRESENTATION_CONTEXT(2) 
PARAMETRIC_REPRESENTATION_CONTEXT() REPRESENTATION_CONTEXT('2D SPACE',''
  ) );
#1701 = ORIENTED_EDGE('',*,*,#363,.T.);
#1702 = ADVANCED_FACE('',(#1703),#351,.T.);
#1703 = FACE_BOUND('',#1704,.T.);
#1704 = EDGE_LOOP('',(#1705,#1726,#1727,#1728));
#1705 = ORIENTED_EDGE('',*,*,#1706,.F.);
#1706 = EDGE_CURVE('',#309,#1707,#1709,.T.);
#1707 = VERTEX_POINT('',#1708);
#1708 = CARTESIAN_POINT('',(-19.16251075731,-17.12565857057,0.));
#1709 = SURFACE_CURVE('',#1710,(#1714,#1720),.PCURVE_S1.);
#1710 = LINE('',#1711,#1712);
#1711 = CARTESIAN_POINT('',(2.625,-4.546633369868,0.));
#1712 = VECTOR('',#1713,1.);
#1713 = DIRECTION('',(0.866025403784,0.5,-0.));
#1714 = PCURVE('',#351,#1715);
#1715 = DEFINITIONAL_REPRESENTATION('',(#1716),#1719);
#1716 = B_SPLINE_CURVE_WITH_KNOTS('',1,(#1717,#1718),.UNSPECIFIED.,.F.,
  .F.,(2,2),(-37.84531014538,-3.845925372767E-16),
  .PIECEWISE_BEZIER_KNOTS.);
#1717 = CARTESIAN_POINT('',(-30.15,-23.46928844255));
#1718 = CARTESIAN_POINT('',(2.625,-4.546633369868));
#1719 = ( GEOMETRIC_REPRESENTATION_CONTEXT(2) 
PARAMETRIC_REPRESENTATION_CONTEXT() REPRESENTATION_CONTEXT('2D SPACE',''
  ) );
#1720 = PCURVE('',#323,#1721);
#1721 = DEFINITIONAL_REPRESENTATION('',(#1722),#1725);
#1722 = B_SPLINE_CURVE_WITH_KNOTS('',1,(#1723,#1724),.UNSPECIFIED.,.F.,
  .F.,(2,2),(-37.84531014538,-3.845925372767E-16),
  .PIECEWISE_BEZIER_KNOTS.);
#1723 = CARTESIAN_POINT('',(11.,37.84531014538));
#1724 = CARTESIAN_POINT('',(11.,0.));
#1725 = ( GEOMETRIC_REPRESENTATION_CONTEXT(2) 
PARAMETRIC_REPRESENTATION_CONTEXT() REPRESENTATION_CONTEXT('2D SPACE',''
  ) );
#1726 = ORIENTED_EDGE('',*,*,#334,.T.);
#1727 = ORIENTED_EDGE('',*,*,#1683,.T.);
#1728 = ORIENTED_EDGE('',*,*,#1729,.F.);
#1729 = EDGE_CURVE('',#1707,#1663,#1730,.T.);
#1730 = SURFACE_CURVE('',#1731,(#1736,#1743),.PCURVE_S1.);
#1731 = CIRCLE('',#1732,25.7);
#1732 = AXIS2_PLACEMENT_3D('',#1733,#1734,#1735);
#1733 = CARTESIAN_POINT('',(1.432868933141E-13,9.426769296983E-16,0.));
#1734 = DIRECTION('',(0.,0.,1.));
#1735 = DIRECTION('',(1.,0.,0.));
#1736 = PCURVE('',#351,#1737);
#1737 = DEFINITIONAL_REPRESENTATION('',(#1738),#1742);
#1738 = CIRCLE('',#1739,25.7);
#1739 = AXIS2_PLACEMENT_2D('',#1740,#1741);
#1740 = CARTESIAN_POINT('',(1.447382393918E-13,-2.18059127012E-15));
#1741 = DIRECTION('',(1.,0.));
#1742 = ( GEOMETRIC_REPRESENTATION_CONTEXT(2) 
PARAMETRIC_REPRESENTATION_CONTEXT() REPRESENTATION_CONTEXT('2D SPACE',''
  ) );
#1743 = PCURVE('',#1081,#1744);
#1744 = DEFINITIONAL_REPRESENTATION('',(#1745),#1749);
#1745 = LINE('',#1746,#1747);
#1746 = CARTESIAN_POINT('',(-0.,-215.));
#1747 = VECTOR('',#1748,1.);
#1748 = DIRECTION('',(-1.,0.));
#1749 = ( GEOMETRIC_REPRESENTATION_CONTEXT(2) 
PARAMETRIC_REPRESENTATION_CONTEXT() REPRESENTATION_CONTEXT('2D SPACE',''
  ) );
#1750 = ADVANCED_FACE('',(#1751),#323,.F.);
#1751 = FACE_BOUND('',#1752,.F.);
#1752 = EDGE_LOOP('',(#1753,#1776,#1795,#1796));
#1753 = ORIENTED_EDGE('',*,*,#1754,.F.);
#1754 = EDGE_CURVE('',#1755,#276,#1757,.T.);
#1755 = VERTEX_POINT('',#1756);
#1756 = CARTESIAN_POINT('',(-19.16251075731,-17.12565857057,-11.));
#1757 = SURFACE_CURVE('',#1758,(#1762,#1769),.PCURVE_S1.);
#1758 = LINE('',#1759,#1760);
#1759 = CARTESIAN_POINT('',(2.625,-4.546633369868,-11.));
#1760 = VECTOR('',#1761,1.);
#1761 = DIRECTION('',(-0.866025403784,-0.5,0.));
#1762 = PCURVE('',#323,#1763);
#1763 = DEFINITIONAL_REPRESENTATION('',(#1764),#1768);
#1764 = LINE('',#1765,#1766);
#1765 = CARTESIAN_POINT('',(0.,0.));
#1766 = VECTOR('',#1767,1.);
#1767 = DIRECTION('',(0.,1.));
#1768 = ( GEOMETRIC_REPRESENTATION_CONTEXT(2) 
PARAMETRIC_REPRESENTATION_CONTEXT() REPRESENTATION_CONTEXT('2D SPACE',''
  ) );
#1769 = PCURVE('',#292,#1770);
#1770 = DEFINITIONAL_REPRESENTATION('',(#1771),#1775);
#1771 = LINE('',#1772,#1773);
#1772 = CARTESIAN_POINT('',(8.881784197001E-16,10.5));
#1773 = VECTOR('',#1774,1.);
#1774 = DIRECTION('',(1.,0.));
#1775 = ( GEOMETRIC_REPRESENTATION_CONTEXT(2) 
PARAMETRIC_REPRESENTATION_CONTEXT() REPRESENTATION_CONTEXT('2D SPACE',''
  ) );
#1776 = ORIENTED_EDGE('',*,*,#1777,.F.);
#1777 = EDGE_CURVE('',#1707,#1755,#1778,.T.);
#1778 = SURFACE_CURVE('',#1779,(#1783,#1789),.PCURVE_S1.);
#1779 = LINE('',#1780,#1781);
#1780 = CARTESIAN_POINT('',(-19.16251075731,-17.12565857057,-215.));
#1781 = VECTOR('',#1782,1.);
#1782 = DIRECTION('',(-0.,-0.,-1.));
#1783 = PCURVE('',#323,#1784);
#1784 = DEFINITIONAL_REPRESENTATION('',(#1785),#1788);
#1785 = B_SPLINE_CURVE_WITH_KNOTS('',1,(#1786,#1787),.UNSPECIFIED.,.F.,
  .F.,(2,2),(-215.0000006,-201.8),.PIECEWISE_BEZIER_KNOTS.);
#1786 = CARTESIAN_POINT('',(11.0000006,25.158050401412));
#1787 = CARTESIAN_POINT('',(-2.2,25.158050401412));
#1788 = ( GEOMETRIC_REPRESENTATION_CONTEXT(2) 
PARAMETRIC_REPRESENTATION_CONTEXT() REPRESENTATION_CONTEXT('2D SPACE',''
  ) );
#1789 = PCURVE('',#1081,#1790);
#1790 = DEFINITIONAL_REPRESENTATION('',(#1791),#1794);
#1791 = B_SPLINE_CURVE_WITH_KNOTS('',1,(#1792,#1793),.UNSPECIFIED.,.F.,
  .F.,(2,2),(-215.0000006,-201.8),.PIECEWISE_BEZIER_KNOTS.);
#1792 = CARTESIAN_POINT('',(-3.870919728854,-215.0000006));
#1793 = CARTESIAN_POINT('',(-3.870919728854,-201.8));
#1794 = ( GEOMETRIC_REPRESENTATION_CONTEXT(2) 
PARAMETRIC_REPRESENTATION_CONTEXT() REPRESENTATION_CONTEXT('2D SPACE',''
  ) );
#1795 = ORIENTED_EDGE('',*,*,#1706,.F.);
#1796 = ORIENTED_EDGE('',*,*,#308,.T.);
#1797 = ADVANCED_FACE('',(#1798),#292,.T.);
#1798 = FACE_BOUND('',#1799,.T.);
#1799 = EDGE_LOOP('',(#1800,#1801,#1829,#1850));
#1800 = ORIENTED_EDGE('',*,*,#1754,.F.);
#1801 = ORIENTED_EDGE('',*,*,#1802,.T.);
#1802 = EDGE_CURVE('',#1755,#1803,#1805,.T.);
#1803 = VERTEX_POINT('',#1804);
#1804 = CARTESIAN_POINT('',(-24.41251075731,-8.032391830838,-11.));
#1805 = SURFACE_CURVE('',#1806,(#1811,#1822),.PCURVE_S1.);
#1806 = CIRCLE('',#1807,25.7);
#1807 = AXIS2_PLACEMENT_3D('',#1808,#1809,#1810);
#1808 = CARTESIAN_POINT('',(1.432868933141E-13,9.426769296983E-16,-11.)
  );
#1809 = DIRECTION('',(0.,0.,-1.));
#1810 = DIRECTION('',(1.,0.,0.));
#1811 = PCURVE('',#292,#1812);
#1812 = DEFINITIONAL_REPRESENTATION('',(#1813),#1821);
#1813 = ( BOUNDED_CURVE() B_SPLINE_CURVE(2,(#1814,#1815,#1816,#1817,
#1818,#1819,#1820),.UNSPECIFIED.,.T.,.F.) B_SPLINE_CURVE_WITH_KNOTS((1,2
    ,2,2,2,1),(-2.094395102393,0.,2.094395102393,4.188790204786,
6.28318530718,8.377580409573),.UNSPECIFIED.) CURVE() 
GEOMETRIC_REPRESENTATION_ITEM() RATIONAL_B_SPLINE_CURVE((1.,0.5,1.,0.5,
1.,0.5,1.)) REPRESENTATION_ITEM('') );
#1814 = CARTESIAN_POINT('',(-22.25685287726,18.1));
#1815 = CARTESIAN_POINT('',(-1.278976924368E-13,56.65));
#1816 = CARTESIAN_POINT('',(22.25685287726,18.1));
#1817 = CARTESIAN_POINT('',(44.51370575452,-20.45));
#1818 = CARTESIAN_POINT('',(-1.136868377216E-13,-20.45));
#1819 = CARTESIAN_POINT('',(-44.51370575452,-20.45));
#1820 = CARTESIAN_POINT('',(-22.25685287726,18.1));
#1821 = ( GEOMETRIC_REPRESENTATION_CONTEXT(2) 
PARAMETRIC_REPRESENTATION_CONTEXT() REPRESENTATION_CONTEXT('2D SPACE',''
  ) );
#1822 = PCURVE('',#1081,#1823);
#1823 = DEFINITIONAL_REPRESENTATION('',(#1824),#1828);
#1824 = LINE('',#1825,#1826);
#1825 = CARTESIAN_POINT('',(-6.28318530718,-204.));
#1826 = VECTOR('',#1827,1.);
#1827 = DIRECTION('',(1.,-0.));
#1828 = ( GEOMETRIC_REPRESENTATION_CONTEXT(2) 
PARAMETRIC_REPRESENTATION_CONTEXT() REPRESENTATION_CONTEXT('2D SPACE',''
  ) );
#1829 = ORIENTED_EDGE('',*,*,#1830,.T.);
#1830 = EDGE_CURVE('',#1803,#250,#1831,.T.);
#1831 = SURFACE_CURVE('',#1832,(#1836,#1843),.PCURVE_S1.);
#1832 = LINE('',#1833,#1834);
#1833 = CARTESIAN_POINT('',(-2.625,4.546633369868,-11.));
#1834 = VECTOR('',#1835,1.);
#1835 = DIRECTION('',(-0.866025403784,-0.5,0.));
#1836 = PCURVE('',#292,#1837);
#1837 = DEFINITIONAL_REPRESENTATION('',(#1838),#1842);
#1838 = LINE('',#1839,#1840);
#1839 = CARTESIAN_POINT('',(0.,0.));
#1840 = VECTOR('',#1841,1.);
#1841 = DIRECTION('',(1.,0.));
#1842 = ( GEOMETRIC_REPRESENTATION_CONTEXT(2) 
PARAMETRIC_REPRESENTATION_CONTEXT() REPRESENTATION_CONTEXT('2D SPACE',''
  ) );
#1843 = PCURVE('',#264,#1844);
#1844 = DEFINITIONAL_REPRESENTATION('',(#1845),#1849);
#1845 = LINE('',#1846,#1847);
#1846 = CARTESIAN_POINT('',(0.,0.));
#1847 = VECTOR('',#1848,1.);
#1848 = DIRECTION('',(0.,1.));
#1849 = ( GEOMETRIC_REPRESENTATION_CONTEXT(2) 
PARAMETRIC_REPRESENTATION_CONTEXT() REPRESENTATION_CONTEXT('2D SPACE',''
  ) );
#1850 = ORIENTED_EDGE('',*,*,#275,.F.);
#1851 = ADVANCED_FACE('',(#1852),#264,.T.);
#1852 = FACE_BOUND('',#1853,.T.);
#1853 = EDGE_LOOP('',(#1854,#1855,#1876,#1895));
#1854 = ORIENTED_EDGE('',*,*,#1830,.F.);
#1855 = ORIENTED_EDGE('',*,*,#1856,.F.);
#1856 = EDGE_CURVE('',#1857,#1803,#1859,.T.);
#1857 = VERTEX_POINT('',#1858);
#1858 = CARTESIAN_POINT('',(-24.41251075731,-8.032391830838,0.));
#1859 = SURFACE_CURVE('',#1860,(#1864,#1870),.PCURVE_S1.);
#1860 = LINE('',#1861,#1862);
#1861 = CARTESIAN_POINT('',(-24.41251075731,-8.032391830838,-215.));
#1862 = VECTOR('',#1863,1.);
#1863 = DIRECTION('',(-0.,-0.,-1.));
#1864 = PCURVE('',#264,#1865);
#1865 = DEFINITIONAL_REPRESENTATION('',(#1866),#1869);
#1866 = B_SPLINE_CURVE_WITH_KNOTS('',1,(#1867,#1868),.UNSPECIFIED.,.F.,
  .F.,(2,2),(-215.0000006,-201.8),.PIECEWISE_BEZIER_KNOTS.);
#1867 = CARTESIAN_POINT('',(11.0000006,25.158050401412));
#1868 = CARTESIAN_POINT('',(-2.2,25.158050401412));
#1869 = ( GEOMETRIC_REPRESENTATION_CONTEXT(2) 
PARAMETRIC_REPRESENTATION_CONTEXT() REPRESENTATION_CONTEXT('2D SPACE',''
  ) );
#1870 = PCURVE('',#1081,#1871);
#1871 = DEFINITIONAL_REPRESENTATION('',(#1872),#1875);
#1872 = B_SPLINE_CURVE_WITH_KNOTS('',1,(#1873,#1874),.UNSPECIFIED.,.F.,
  .F.,(2,2),(-215.0000006,-201.8),.PIECEWISE_BEZIER_KNOTS.);
#1873 = CARTESIAN_POINT('',(-3.459463129522,-215.0000006));
#1874 = CARTESIAN_POINT('',(-3.459463129522,-201.8));
#1875 = ( GEOMETRIC_REPRESENTATION_CONTEXT(2) 
PARAMETRIC_REPRESENTATION_CONTEXT() REPRESENTATION_CONTEXT('2D SPACE',''
  ) );
#1876 = ORIENTED_EDGE('',*,*,#1877,.F.);
#1877 = EDGE_CURVE('',#221,#1857,#1878,.T.);
#1878 = SURFACE_CURVE('',#1879,(#1883,#1889),.PCURVE_S1.);
#1879 = LINE('',#1880,#1881);
#1880 = CARTESIAN_POINT('',(-2.625,4.546633369868,0.));
#1881 = VECTOR('',#1882,1.);
#1882 = DIRECTION('',(0.866025403784,0.5,-0.));
#1883 = PCURVE('',#264,#1884);
#1884 = DEFINITIONAL_REPRESENTATION('',(#1885),#1888);
#1885 = B_SPLINE_CURVE_WITH_KNOTS('',1,(#1886,#1887),.UNSPECIFIED.,.F.,
  .F.,(2,2),(-31.78313231888,-3.845925372767E-16),
  .PIECEWISE_BEZIER_KNOTS.);
#1886 = CARTESIAN_POINT('',(11.,31.783132318889));
#1887 = CARTESIAN_POINT('',(11.,0.));
#1888 = ( GEOMETRIC_REPRESENTATION_CONTEXT(2) 
PARAMETRIC_REPRESENTATION_CONTEXT() REPRESENTATION_CONTEXT('2D SPACE',''
  ) );
#1889 = PCURVE('',#237,#1890);
#1890 = DEFINITIONAL_REPRESENTATION('',(#1891),#1894);
#1891 = B_SPLINE_CURVE_WITH_KNOTS('',1,(#1892,#1893),.UNSPECIFIED.,.F.,
  .F.,(2,2),(-31.78313231888,-3.845925372767E-16),
  .PIECEWISE_BEZIER_KNOTS.);
#1892 = CARTESIAN_POINT('',(-30.15,-11.34493278957));
#1893 = CARTESIAN_POINT('',(-2.625,4.546633369868));
#1894 = ( GEOMETRIC_REPRESENTATION_CONTEXT(2) 
PARAMETRIC_REPRESENTATION_CONTEXT() REPRESENTATION_CONTEXT('2D SPACE',''
  ) );
#1895 = ORIENTED_EDGE('',*,*,#249,.T.);
#1896 = ADVANCED_FACE('',(#1897),#237,.T.);
#1897 = FACE_BOUND('',#1898,.T.);
#1898 = EDGE_LOOP('',(#1899,#1920,#1921,#1922));
#1899 = ORIENTED_EDGE('',*,*,#1900,.F.);
#1900 = EDGE_CURVE('',#195,#1901,#1903,.T.);
#1901 = VERTEX_POINT('',#1902);
#1902 = CARTESIAN_POINT('',(-5.25,25.158050401412,0.));
#1903 = SURFACE_CURVE('',#1904,(#1908,#1914),.PCURVE_S1.);
#1904 = LINE('',#1905,#1906);
#1905 = CARTESIAN_POINT('',(-5.25,2.144501187837E-15,0.));
#1906 = VECTOR('',#1907,1.);
#1907 = DIRECTION('',(-1.110223024625E-16,-1.,0.));
#1908 = PCURVE('',#237,#1909);
#1909 = DEFINITIONAL_REPRESENTATION('',(#1910),#1913);
#1910 = B_SPLINE_CURVE_WITH_KNOTS('',1,(#1911,#1912),.UNSPECIFIED.,.F.,
  .F.,(2,2),(-30.15,1.561634099909E-15),.PIECEWISE_BEZIER_KNOTS.);
#1911 = CARTESIAN_POINT('',(-5.25,30.15));
#1912 = CARTESIAN_POINT('',(-5.25,-2.54040111189E-15));
#1913 = ( GEOMETRIC_REPRESENTATION_CONTEXT(2) 
PARAMETRIC_REPRESENTATION_CONTEXT() REPRESENTATION_CONTEXT('2D SPACE',''
  ) );
#1914 = PCURVE('',#209,#1915);
#1915 = DEFINITIONAL_REPRESENTATION('',(#1916),#1919);
#1916 = B_SPLINE_CURVE_WITH_KNOTS('',1,(#1917,#1918),.UNSPECIFIED.,.F.,
  .F.,(2,2),(-30.15,1.561634099909E-15),.PIECEWISE_BEZIER_KNOTS.);
#1917 = CARTESIAN_POINT('',(11.,30.15));
#1918 = CARTESIAN_POINT('',(11.,0.));
#1919 = ( GEOMETRIC_REPRESENTATION_CONTEXT(2) 
PARAMETRIC_REPRESENTATION_CONTEXT() REPRESENTATION_CONTEXT('2D SPACE',''
  ) );
#1920 = ORIENTED_EDGE('',*,*,#220,.T.);
#1921 = ORIENTED_EDGE('',*,*,#1877,.T.);
#1922 = ORIENTED_EDGE('',*,*,#1923,.F.);
#1923 = EDGE_CURVE('',#1901,#1857,#1924,.T.);
#1924 = SURFACE_CURVE('',#1925,(#1930,#1937),.PCURVE_S1.);
#1925 = CIRCLE('',#1926,25.7);
#1926 = AXIS2_PLACEMENT_3D('',#1927,#1928,#1929);
#1927 = CARTESIAN_POINT('',(1.432868933141E-13,9.426769296983E-16,0.));
#1928 = DIRECTION('',(0.,0.,1.));
#1929 = DIRECTION('',(1.,0.,0.));
#1930 = PCURVE('',#237,#1931);
#1931 = DEFINITIONAL_REPRESENTATION('',(#1932),#1936);
#1932 = CIRCLE('',#1933,25.7);
#1933 = AXIS2_PLACEMENT_2D('',#1934,#1935);
#1934 = CARTESIAN_POINT('',(1.447382393918E-13,-2.18059127012E-15));
#1935 = DIRECTION('',(1.,0.));
#1936 = ( GEOMETRIC_REPRESENTATION_CONTEXT(2) 
PARAMETRIC_REPRESENTATION_CONTEXT() REPRESENTATION_CONTEXT('2D SPACE',''
  ) );
#1937 = PCURVE('',#1081,#1938);
#1938 = DEFINITIONAL_REPRESENTATION('',(#1939),#1943);
#1939 = LINE('',#1940,#1941);
#1940 = CARTESIAN_POINT('',(-0.,-215.));
#1941 = VECTOR('',#1942,1.);
#1942 = DIRECTION('',(-1.,0.));
#1943 = ( GEOMETRIC_REPRESENTATION_CONTEXT(2) 
PARAMETRIC_REPRESENTATION_CONTEXT() REPRESENTATION_CONTEXT('2D SPACE',''
  ) );
#1944 = ADVANCED_FACE('',(#1945),#209,.F.);
#1945 = FACE_BOUND('',#1946,.F.);
#1946 = EDGE_LOOP('',(#1947,#1970,#1989,#1990));
#1947 = ORIENTED_EDGE('',*,*,#1948,.F.);
#1948 = EDGE_CURVE('',#1949,#162,#1951,.T.);
#1949 = VERTEX_POINT('',#1950);
#1950 = CARTESIAN_POINT('',(-5.25,25.158050401412,-11.));
#1951 = SURFACE_CURVE('',#1952,(#1956,#1963),.PCURVE_S1.);
#1952 = LINE('',#1953,#1954);
#1953 = CARTESIAN_POINT('',(-5.25,5.828670879282E-16,-11.));
#1954 = VECTOR('',#1955,1.);
#1955 = DIRECTION('',(1.110223024625E-16,1.,0.));
#1956 = PCURVE('',#209,#1957);
#1957 = DEFINITIONAL_REPRESENTATION('',(#1958),#1962);
#1958 = LINE('',#1959,#1960);
#1959 = CARTESIAN_POINT('',(0.,0.));
#1960 = VECTOR('',#1961,1.);
#1961 = DIRECTION('',(0.,1.));
#1962 = ( GEOMETRIC_REPRESENTATION_CONTEXT(2) 
PARAMETRIC_REPRESENTATION_CONTEXT() REPRESENTATION_CONTEXT('2D SPACE',''
  ) );
#1963 = PCURVE('',#178,#1964);
#1964 = DEFINITIONAL_REPRESENTATION('',(#1965),#1969);
#1965 = LINE('',#1966,#1967);
#1966 = CARTESIAN_POINT('',(0.,10.5));
#1967 = VECTOR('',#1968,1.);
#1968 = DIRECTION('',(1.,0.));
#1969 = ( GEOMETRIC_REPRESENTATION_CONTEXT(2) 
PARAMETRIC_REPRESENTATION_CONTEXT() REPRESENTATION_CONTEXT('2D SPACE',''
  ) );
#1970 = ORIENTED_EDGE('',*,*,#1971,.F.);
#1971 = EDGE_CURVE('',#1901,#1949,#1972,.T.);
#1972 = SURFACE_CURVE('',#1973,(#1977,#1983),.PCURVE_S1.);
#1973 = LINE('',#1974,#1975);
#1974 = CARTESIAN_POINT('',(-5.25,25.158050401412,-215.));
#1975 = VECTOR('',#1976,1.);
#1976 = DIRECTION('',(-0.,-0.,-1.));
#1977 = PCURVE('',#209,#1978);
#1978 = DEFINITIONAL_REPRESENTATION('',(#1979),#1982);
#1979 = B_SPLINE_CURVE_WITH_KNOTS('',1,(#1980,#1981),.UNSPECIFIED.,.F.,
  .F.,(2,2),(-215.0000006,-201.8),.PIECEWISE_BEZIER_KNOTS.);
#1980 = CARTESIAN_POINT('',(11.0000006,25.158050401412));
#1981 = CARTESIAN_POINT('',(-2.2,25.158050401412));
#1982 = ( GEOMETRIC_REPRESENTATION_CONTEXT(2) 
PARAMETRIC_REPRESENTATION_CONTEXT() REPRESENTATION_CONTEXT('2D SPACE',''
  ) );
#1983 = PCURVE('',#1081,#1984);
#1984 = DEFINITIONAL_REPRESENTATION('',(#1985),#1988);
#1985 = B_SPLINE_CURVE_WITH_KNOTS('',1,(#1986,#1987),.UNSPECIFIED.,.F.,
  .F.,(2,2),(-215.0000006,-201.8),.PIECEWISE_BEZIER_KNOTS.);
#1986 = CARTESIAN_POINT('',(-1.776524626461,-215.0000006));
#1987 = CARTESIAN_POINT('',(-1.776524626461,-201.8));
#1988 = ( GEOMETRIC_REPRESENTATION_CONTEXT(2) 
PARAMETRIC_REPRESENTATION_CONTEXT() REPRESENTATION_CONTEXT('2D SPACE',''
  ) );
#1989 = ORIENTED_EDGE('',*,*,#1900,.F.);
#1990 = ORIENTED_EDGE('',*,*,#194,.T.);
#1991 = ADVANCED_FACE('',(#1992),#178,.T.);
#1992 = FACE_BOUND('',#1993,.T.);
#1993 = EDGE_LOOP('',(#1994,#1995,#2023,#2044));
#1994 = ORIENTED_EDGE('',*,*,#1948,.F.);
#1995 = ORIENTED_EDGE('',*,*,#1996,.T.);
#1996 = EDGE_CURVE('',#1949,#1997,#1999,.T.);
#1997 = VERTEX_POINT('',#1998);
#1998 = CARTESIAN_POINT('',(5.25,25.158050401412,-11.));
#1999 = SURFACE_CURVE('',#2000,(#2005,#2016),.PCURVE_S1.);
#2000 = CIRCLE('',#2001,25.7);
#2001 = AXIS2_PLACEMENT_3D('',#2002,#2003,#2004);
#2002 = CARTESIAN_POINT('',(1.432868933141E-13,9.426769296983E-16,-11.)
  );
#2003 = DIRECTION('',(0.,0.,-1.));
#2004 = DIRECTION('',(1.,0.,0.));
#2005 = PCURVE('',#178,#2006);
#2006 = DEFINITIONAL_REPRESENTATION('',(#2007),#2015);
#2007 = ( BOUNDED_CURVE() B_SPLINE_CURVE(2,(#2008,#2009,#2010,#2011,
#2012,#2013,#2014),.UNSPECIFIED.,.T.,.F.) B_SPLINE_CURVE_WITH_KNOTS((1,2
    ,2,2,2,1),(-2.094395102393,0.,2.094395102393,4.188790204786,
6.28318530718,8.377580409573),.UNSPECIFIED.) CURVE() 
GEOMETRIC_REPRESENTATION_ITEM() RATIONAL_B_SPLINE_CURVE((1.,0.5,1.,0.5,
1.,0.5,1.)) REPRESENTATION_ITEM('') );
#2008 = CARTESIAN_POINT('',(3.795950102985E-15,-20.45));
#2009 = CARTESIAN_POINT('',(-44.51370575452,-20.45));
#2010 = CARTESIAN_POINT('',(-22.25685287726,18.1));
#2011 = CARTESIAN_POINT('',(-1.105855396449E-14,56.65));
#2012 = CARTESIAN_POINT('',(22.25685287726,18.1));
#2013 = CARTESIAN_POINT('',(44.51370575452,-20.45));
#2014 = CARTESIAN_POINT('',(3.795950102985E-15,-20.45));
#2015 = ( GEOMETRIC_REPRESENTATION_CONTEXT(2) 
PARAMETRIC_REPRESENTATION_CONTEXT() REPRESENTATION_CONTEXT('2D SPACE',''
  ) );
#2016 = PCURVE('',#1081,#2017);
#2017 = DEFINITIONAL_REPRESENTATION('',(#2018),#2022);
#2018 = LINE('',#2019,#2020);
#2019 = CARTESIAN_POINT('',(-6.28318530718,-204.));
#2020 = VECTOR('',#2021,1.);
#2021 = DIRECTION('',(1.,-0.));
#2022 = ( GEOMETRIC_REPRESENTATION_CONTEXT(2) 
PARAMETRIC_REPRESENTATION_CONTEXT() REPRESENTATION_CONTEXT('2D SPACE',''
  ) );
#2023 = ORIENTED_EDGE('',*,*,#2024,.T.);
#2024 = EDGE_CURVE('',#1997,#136,#2025,.T.);
#2025 = SURFACE_CURVE('',#2026,(#2030,#2037),.PCURVE_S1.);
#2026 = LINE('',#2027,#2028);
#2027 = CARTESIAN_POINT('',(5.25,-5.828670879282E-16,-11.));
#2028 = VECTOR('',#2029,1.);
#2029 = DIRECTION('',(1.110223024625E-16,1.,0.));
#2030 = PCURVE('',#178,#2031);
#2031 = DEFINITIONAL_REPRESENTATION('',(#2032),#2036);
#2032 = LINE('',#2033,#2034);
#2033 = CARTESIAN_POINT('',(0.,0.));
#2034 = VECTOR('',#2035,1.);
#2035 = DIRECTION('',(1.,0.));
#2036 = ( GEOMETRIC_REPRESENTATION_CONTEXT(2) 
PARAMETRIC_REPRESENTATION_CONTEXT() REPRESENTATION_CONTEXT('2D SPACE',''
  ) );
#2037 = PCURVE('',#150,#2038);
#2038 = DEFINITIONAL_REPRESENTATION('',(#2039),#2043);
#2039 = LINE('',#2040,#2041);
#2040 = CARTESIAN_POINT('',(0.,0.));
#2041 = VECTOR('',#2042,1.);
#2042 = DIRECTION('',(0.,1.));
#2043 = ( GEOMETRIC_REPRESENTATION_CONTEXT(2) 
PARAMETRIC_REPRESENTATION_CONTEXT() REPRESENTATION_CONTEXT('2D SPACE',''
  ) );
#2044 = ORIENTED_EDGE('',*,*,#161,.F.);
#2045 = ADVANCED_FACE('',(#2046),#150,.T.);
#2046 = FACE_BOUND('',#2047,.T.);
#2047 = EDGE_LOOP('',(#2048,#2049,#2068,#2069));
#2048 = ORIENTED_EDGE('',*,*,#2024,.F.);
#2049 = ORIENTED_EDGE('',*,*,#2050,.F.);
#2050 = EDGE_CURVE('',#1491,#1997,#2051,.T.);
#2051 = SURFACE_CURVE('',#2052,(#2056,#2062),.PCURVE_S1.);
#2052 = LINE('',#2053,#2054);
#2053 = CARTESIAN_POINT('',(5.25,25.158050401412,-215.));
#2054 = VECTOR('',#2055,1.);
#2055 = DIRECTION('',(-0.,-0.,-1.));
#2056 = PCURVE('',#150,#2057);
#2057 = DEFINITIONAL_REPRESENTATION('',(#2058),#2061);
#2058 = B_SPLINE_CURVE_WITH_KNOTS('',1,(#2059,#2060),.UNSPECIFIED.,.F.,
  .F.,(2,2),(-215.0000006,-201.8),.PIECEWISE_BEZIER_KNOTS.);
#2059 = CARTESIAN_POINT('',(11.0000006,25.158050401412));
#2060 = CARTESIAN_POINT('',(-2.2,25.158050401412));
#2061 = ( GEOMETRIC_REPRESENTATION_CONTEXT(2) 
PARAMETRIC_REPRESENTATION_CONTEXT() REPRESENTATION_CONTEXT('2D SPACE',''
  ) );
#2062 = PCURVE('',#1081,#2063);
#2063 = DEFINITIONAL_REPRESENTATION('',(#2064),#2067);
#2064 = B_SPLINE_CURVE_WITH_KNOTS('',1,(#2065,#2066),.UNSPECIFIED.,.F.,
  .F.,(2,2),(-215.0000006,-201.8),.PIECEWISE_BEZIER_KNOTS.);
#2065 = CARTESIAN_POINT('',(-1.365068027129,-215.0000006));
#2066 = CARTESIAN_POINT('',(-1.365068027129,-201.8));
#2067 = ( GEOMETRIC_REPRESENTATION_CONTEXT(2) 
PARAMETRIC_REPRESENTATION_CONTEXT() REPRESENTATION_CONTEXT('2D SPACE',''
  ) );
#2068 = ORIENTED_EDGE('',*,*,#1490,.F.);
#2069 = ORIENTED_EDGE('',*,*,#135,.T.);
#2070 = ADVANCED_FACE('',(#2071),#804,.F.);
#2071 = FACE_BOUND('',#2072,.F.);
#2072 = EDGE_LOOP('',(#2073,#2237,#2258,#2259));
#2073 = ORIENTED_EDGE('',*,*,#2074,.F.);
#2074 = EDGE_CURVE('',#2075,#2075,#2077,.T.);
#2075 = VERTEX_POINT('',#2076);
#2076 = CARTESIAN_POINT('',(4.95,25.218792595999,-63.5));
#2077 = SURFACE_CURVE('',#2078,(#2129,#2183),.PCURVE_S1.);
#2078 = B_SPLINE_CURVE_WITH_KNOTS('',7,(#2079,#2080,#2081,#2082,#2083,
    #2084,#2085,#2086,#2087,#2088,#2089,#2090,#2091,#2092,#2093,#2094,
    #2095,#2096,#2097,#2098,#2099,#2100,#2101,#2102,#2103,#2104,#2105,
    #2106,#2107,#2108,#2109,#2110,#2111,#2112,#2113,#2114,#2115,#2116,
    #2117,#2118,#2119,#2120,#2121,#2122,#2123,#2124,#2125,#2126,#2127,
    #2128),.UNSPECIFIED.,.T.,.F.,(8,6,6,6,6,6,6,6,8),(0.,0.135659377928,
    0.252995959929,0.365964289382,0.501053272648,0.636142308291,
    0.752985579847,0.865478964005,1.),.UNSPECIFIED.);
#2079 = CARTESIAN_POINT('',(4.95,25.218792595999,-63.5));
#2080 = CARTESIAN_POINT('',(4.95,25.218792595999,-62.98327222961));
#2081 = CARTESIAN_POINT('',(4.887068646979,25.231144704462,
    -62.46741648855));
#2082 = CARTESIAN_POINT('',(4.761590547208,25.255774775149,
    -61.95658417075));
#2083 = CARTESIAN_POINT('',(4.571930363584,25.291972084768,
    -61.45524946397));
#2084 = CARTESIAN_POINT('',(4.315023444824,25.338325711507,
    -60.96952645169));
#2085 = CARTESIAN_POINT('',(3.986642686,25.392188988926,-60.50797886035)
  );
#2086 = CARTESIAN_POINT('',(3.232911940163,25.49829214321,-59.7174888045
    ));
#2087 = CARTESIAN_POINT('',(2.815883775449,25.551283657414,
    -59.36776439573));
#2088 = CARTESIAN_POINT('',(2.332319067274,25.604010617296,
    -59.05728631683));
#2089 = CARTESIAN_POINT('',(1.788520082885,25.650659114205,
    -58.80546899607));
#2090 = CARTESIAN_POINT('',(1.195411189124,25.68484066219,
    -58.62873526206));
#2091 = CARTESIAN_POINT('',(0.567241895316,25.701853440747,
    -58.54037588117));
#2092 = CARTESIAN_POINT('',(-0.700273643725,25.697980027302,
    -58.56048876853));
#2093 = CARTESIAN_POINT('',(-1.301030014652,25.678595375881,
    -58.66116372912));
#2094 = CARTESIAN_POINT('',(-1.866010092277,25.643901870533,
    -58.84210344173));
#2095 = CARTESIAN_POINT('',(-2.3834768284,25.598369730623,
    -59.09071469953));
#2096 = CARTESIAN_POINT('',(-2.844634211153,25.547609451464,
    -59.39219874919));
#2097 = CARTESIAN_POINT('',(-3.244508983571,25.496659620067,
    -59.72965143358));
#2098 = CARTESIAN_POINT('',(-3.98663775449,25.392189683138,
    -60.50797368833));
#2099 = CARTESIAN_POINT('',(-4.315024259916,25.338325776039,
    -60.96952445118));
#2100 = CARTESIAN_POINT('',(-4.57193318414,25.291971493834,
    -61.45525367965));
#2101 = CARTESIAN_POINT('',(-4.761592584047,25.255774394821,
    -61.9565906086));
#2102 = CARTESIAN_POINT('',(-4.887068706464,25.231144688036,
    -62.46742134817));
#2103 = CARTESIAN_POINT('',(-4.95,25.218792595999,-62.98327242433));
#2104 = CARTESIAN_POINT('',(-4.95,25.218792595999,-64.01672777601));
#2105 = CARTESIAN_POINT('',(-4.887068651066,25.231144703838,
    -64.53258348992));
#2106 = CARTESIAN_POINT('',(-4.761590533922,25.255774777153,
    -65.04341586715));
#2107 = CARTESIAN_POINT('',(-4.571930382384,25.291972081981,
    -65.5447504992));
#2108 = CARTESIAN_POINT('',(-4.315023431173,25.338325713485,
    -66.03047356792));
#2109 = CARTESIAN_POINT('',(-3.986642690499,25.392188988293,
    -66.49202113492));
#2110 = CARTESIAN_POINT('',(-3.232911940108,25.498292143218,
    -67.28251119555));
#2111 = CARTESIAN_POINT('',(-2.815883775502,25.551283657405,
    -67.63223560418));
#2112 = CARTESIAN_POINT('',(-2.332319067341,25.604010617292,
    -67.94271368316));
#2113 = CARTESIAN_POINT('',(-1.788520082819,25.650659114218,
    -68.19453100397));
#2114 = CARTESIAN_POINT('',(-1.195411189052,25.684840662185,
    -68.3712647379));
#2115 = CARTESIAN_POINT('',(-0.567241895394,25.701853440747,
    -68.45962411882));
#2116 = CARTESIAN_POINT('',(0.700273643772,25.697980027302,
    -68.43951123146));
#2117 = CARTESIAN_POINT('',(1.301030014607,25.678595375878,
    -68.33883627086));
#2118 = CARTESIAN_POINT('',(1.866010092243,25.64390187054,
    -68.15789655829));
#2119 = CARTESIAN_POINT('',(2.383476828438,25.59836973062,
    -67.90928530046));
#2120 = CARTESIAN_POINT('',(2.844634211183,25.547609451458,
    -67.60780125076));
#2121 = CARTESIAN_POINT('',(3.24450898354,25.496659620072,
    -67.27034856644));
#2122 = CARTESIAN_POINT('',(3.986637749812,25.392189683796,
    -66.49202631656));
#2123 = CARTESIAN_POINT('',(4.315024274113,25.338325773981,
    -66.03047552865));
#2124 = CARTESIAN_POINT('',(4.571933164614,25.291971496731,
    -65.54474635766));
#2125 = CARTESIAN_POINT('',(4.761592597813,25.255774392744,
    -65.04340935371));
#2126 = CARTESIAN_POINT('',(4.887068702244,25.23114468868,
    -64.53257867259));
#2127 = CARTESIAN_POINT('',(4.95,25.218792595999,-64.01672757051));
#2128 = CARTESIAN_POINT('',(4.95,25.218792595999,-63.5));
#2129 = PCURVE('',#804,#2130);
#2130 = DEFINITIONAL_REPRESENTATION('',(#2131),#2182);
#2131 = B_SPLINE_CURVE_WITH_KNOTS('',7,(#2132,#2133,#2134,#2135,#2136,
    #2137,#2138,#2139,#2140,#2141,#2142,#2143,#2144,#2145,#2146,#2147,
    #2148,#2149,#2150,#2151,#2152,#2153,#2154,#2155,#2156,#2157,#2158,
    #2159,#2160,#2161,#2162,#2163,#2164,#2165,#2166,#2167,#2168,#2169,
    #2170,#2171,#2172,#2173,#2174,#2175,#2176,#2177,#2178,#2179,#2180,
    #2181),.UNSPECIFIED.,.F.,.F.,(8,6,6,6,6,6,6,6,8),(0.,0.135659377928,
    0.252995959929,0.365964289382,0.501053272648,0.636142308291,
    0.752985579847,0.865478964005,1.),.UNSPECIFIED.);
#2132 = CARTESIAN_POINT('',(0.,-25.21879259599));
#2133 = CARTESIAN_POINT('',(0.104389448562,-25.21879259599));
#2134 = CARTESIAN_POINT('',(0.208602503757,-25.23114470446));
#2135 = CARTESIAN_POINT('',(0.313660046107,-25.25577477514));
#2136 = CARTESIAN_POINT('',(0.420483025414,-25.29197208476));
#2137 = CARTESIAN_POINT('',(0.530018611886,-25.3383257115));
#2138 = CARTESIAN_POINT('',(0.643280865032,-25.39218898892));
#2139 = CARTESIAN_POINT('',(0.863935072753,-25.49829214321));
#2140 = CARTESIAN_POINT('',(0.973205937931,-25.55128365741));
#2141 = CARTESIAN_POINT('',(1.087763671715,-25.60401061729));
#2142 = CARTESIAN_POINT('',(1.206715871241,-25.6506591142));
#2143 = CARTESIAN_POINT('',(1.329582620569,-25.68484066219));
#2144 = CARTESIAN_POINT('',(1.456186246831,-25.70185344074));
#2145 = CARTESIAN_POINT('',(1.712282227488,-25.6979800273));
#2146 = CARTESIAN_POINT('',(1.833954578464,-25.67859537588));
#2147 = CARTESIAN_POINT('',(1.951895119737,-25.64390187053));
#2148 = CARTESIAN_POINT('',(2.06601632745,-25.59836973062));
#2149 = CARTESIAN_POINT('',(2.175967454603,-25.54760945146));
#2150 = CARTESIAN_POINT('',(2.281052608092,-25.49665962006));
#2151 = CARTESIAN_POINT('',(2.498310344861,-25.39218968313));
#2152 = CARTESIAN_POINT('',(2.611573856285,-25.33832577603));
#2153 = CARTESIAN_POINT('',(2.721110569085,-25.29197149383));
#2154 = CARTESIAN_POINT('',(2.827933935857,-25.25577439482));
#2155 = CARTESIAN_POINT('',(2.932991125532,-25.23114468803));
#2156 = CARTESIAN_POINT('',(3.037203244365,-25.21879259599));
#2157 = CARTESIAN_POINT('',(3.24598210329,-25.21879259599));
#2158 = CARTESIAN_POINT('',(3.350195152722,-25.23114470383));
#2159 = CARTESIAN_POINT('',(3.455252708289,-25.25577477715));
#2160 = CARTESIAN_POINT('',(3.562075670188,-25.29197208198));
#2161 = CARTESIAN_POINT('',(3.671611270487,-25.33832571348));
#2162 = CARTESIAN_POINT('',(3.784873517305,-25.39218898829));
#2163 = CARTESIAN_POINT('',(4.005527726358,-25.49829214321));
#2164 = CARTESIAN_POINT('',(4.114798591501,-25.5512836574));
#2165 = CARTESIAN_POINT('',(4.229356325296,-25.60401061729));
#2166 = CARTESIAN_POINT('',(4.348308524843,-25.65065911421));
#2167 = CARTESIAN_POINT('',(4.471175274173,-25.68484066218));
#2168 = CARTESIAN_POINT('',(4.597778900405,-25.70185344074));
#2169 = CARTESIAN_POINT('',(4.853874881088,-25.6979800273));
#2170 = CARTESIAN_POINT('',(4.975547232045,-25.67859537587));
#2171 = CARTESIAN_POINT('',(5.093487773321,-25.64390187054));
#2172 = CARTESIAN_POINT('',(5.207608981044,-25.59836973062));
#2173 = CARTESIAN_POINT('',(5.317560108204,-25.54760945145));
#2174 = CARTESIAN_POINT('',(5.422645261673,-25.49665962007));
#2175 = CARTESIAN_POINT('',(5.639902997081,-25.39218968379));
#2176 = CARTESIAN_POINT('',(5.753166515037,-25.33832577398));
#2177 = CARTESIAN_POINT('',(5.862703213707,-25.29197149673));
#2178 = CARTESIAN_POINT('',(5.969526598027,-25.25577439274));
#2179 = CARTESIAN_POINT('',(6.07458377464,-25.23114468868));
#2180 = CARTESIAN_POINT('',(6.178795898996,-25.21879259599));
#2181 = CARTESIAN_POINT('',(6.28318530718,-25.21879259599));
#2182 = ( GEOMETRIC_REPRESENTATION_CONTEXT(2) 
PARAMETRIC_REPRESENTATION_CONTEXT() REPRESENTATION_CONTEXT('2D SPACE',''
  ) );
#2183 = PCURVE('',#1081,#2184);
#2184 = DEFINITIONAL_REPRESENTATION('',(#2185),#2236);
#2185 = B_SPLINE_CURVE_WITH_KNOTS('',7,(#2186,#2187,#2188,#2189,#2190,
    #2191,#2192,#2193,#2194,#2195,#2196,#2197,#2198,#2199,#2200,#2201,
    #2202,#2203,#2204,#2205,#2206,#2207,#2208,#2209,#2210,#2211,#2212,
    #2213,#2214,#2215,#2216,#2217,#2218,#2219,#2220,#2221,#2222,#2223,
    #2224,#2225,#2226,#2227,#2228,#2229,#2230,#2231,#2232,#2233,#2234,
    #2235),.UNSPECIFIED.,.T.,.F.,(8,6,6,6,6,6,6,6,8),(0.,0.135659377928,
    0.252995959929,0.365964289382,0.501053272648,0.636142308291,
    0.752985579847,0.865478964005,1.),.UNSPECIFIED.);
#2186 = CARTESIAN_POINT('',(-1.376978120572,-151.5));
#2187 = CARTESIAN_POINT('',(-1.376978120572,-152.0167277703));
#2188 = CARTESIAN_POINT('',(-1.379473531319,-152.5325835114));
#2189 = CARTESIAN_POINT('',(-1.384449133506,-153.0434158292));
#2190 = CARTESIAN_POINT('',(-1.391961957081,-153.544750536));
#2191 = CARTESIAN_POINT('',(-1.402118688806,-154.0304735483));
#2192 = CARTESIAN_POINT('',(-1.415063555426,-154.4920211396));
#2193 = CARTESIAN_POINT('',(-1.44468076221,-155.2825111954));
#2194 = CARTESIAN_POINT('',(-1.461036516763,-155.6322356042));
#2195 = CARTESIAN_POINT('',(-1.479958887396,-155.9427136831));
#2196 = CARTESIAN_POINT('',(-1.501184502256,-156.1945310039));
#2197 = CARTESIAN_POINT('',(-1.524284272119,-156.3712647379));
#2198 = CARTESIAN_POINT('',(-1.548724545145,-156.4596241188));
#2199 = CARTESIAN_POINT('',(-1.598044446212,-156.4395112314));
#2200 = CARTESIAN_POINT('',(-1.621422391179,-156.3388362708));
#2201 = CARTESIAN_POINT('',(-1.643433117818,-156.1578965582));
#2202 = CARTESIAN_POINT('',(-1.663635946634,-155.9092853004));
#2203 = CARTESIAN_POINT('',(-1.681683828768,-155.6078012508));
#2204 = CARTESIAN_POINT('',(-1.697367587309,-155.2703485664));
#2205 = CARTESIAN_POINT('',(-1.726528904385,-154.4920263116));
#2206 = CARTESIAN_POINT('',(-1.739473995803,-154.0304755488));
#2207 = CARTESIAN_POINT('',(-1.749630808346,-153.5447463203));
#2208 = CARTESIAN_POINT('',(-1.757143600851,-153.0434093914));
#2209 = CARTESIAN_POINT('',(-1.762119124627,-152.5325786518));
#2210 = CARTESIAN_POINT('',(-1.764614533018,-152.0167275756));
#2211 = CARTESIAN_POINT('',(-1.764614533018,-150.9832722239));
#2212 = CARTESIAN_POINT('',(-1.762119122432,-150.46741651));
#2213 = CARTESIAN_POINT('',(-1.757143519561,-149.9565841328));
#2214 = CARTESIAN_POINT('',(-1.749630697248,-149.4552495007));
#2215 = CARTESIAN_POINT('',(-1.739473964248,-148.969526432));
#2216 = CARTESIAN_POINT('',(-1.726529098341,-148.507978865));
#2217 = CARTESIAN_POINT('',(-1.696911891377,-147.7174888044));
#2218 = CARTESIAN_POINT('',(-1.680556136829,-147.3677643958));
#2219 = CARTESIAN_POINT('',(-1.661633766197,-147.0572863168));
#2220 = CARTESIAN_POINT('',(-1.640408151331,-146.805468996));
#2221 = CARTESIAN_POINT('',(-1.617308381468,-146.628735262));
#2222 = CARTESIAN_POINT('',(-1.592868108448,-146.5403758811));
#2223 = CARTESIAN_POINT('',(-1.543548207376,-146.5604887685));
#2224 = CARTESIAN_POINT('',(-1.520170262413,-146.6611637291));
#2225 = CARTESIAN_POINT('',(-1.498159535773,-146.8421034417));
#2226 = CARTESIAN_POINT('',(-1.477956706955,-147.0907146995));
#2227 = CARTESIAN_POINT('',(-1.45990882482,-147.3921987492));
#2228 = CARTESIAN_POINT('',(-1.444225066282,-147.7296514335));
#2229 = CARTESIAN_POINT('',(-1.415063749389,-148.5079736834));
#2230 = CARTESIAN_POINT('',(-1.402118657228,-148.9695244713));
#2231 = CARTESIAN_POINT('',(-1.391961846012,-149.4552536423));
#2232 = CARTESIAN_POINT('',(-1.384449052197,-149.9565906462));
#2233 = CARTESIAN_POINT('',(-1.379473529129,-150.4674213274));
#2234 = CARTESIAN_POINT('',(-1.376978120572,-150.9832724294));
#2235 = CARTESIAN_POINT('',(-1.376978120572,-151.5));
#2236 = ( GEOMETRIC_REPRESENTATION_CONTEXT(2) 
PARAMETRIC_REPRESENTATION_CONTEXT() REPRESENTATION_CONTEXT('2D SPACE',''
  ) );
#2237 = ORIENTED_EDGE('',*,*,#2238,.T.);
#2238 = EDGE_CURVE('',#2075,#695,#2239,.T.);
#2239 = SEAM_CURVE('',#2240,(#2244,#2251),.PCURVE_S1.);
#2240 = LINE('',#2241,#2242);
#2241 = CARTESIAN_POINT('',(4.95,0.,-63.5));
#2242 = VECTOR('',#2243,1.);
#2243 = DIRECTION('',(-0.,1.,-0.));
#2244 = PCURVE('',#804,#2245);
#2245 = DEFINITIONAL_REPRESENTATION('',(#2246),#2250);
#2246 = LINE('',#2247,#2248);
#2247 = CARTESIAN_POINT('',(6.28318530718,0.));
#2248 = VECTOR('',#2249,1.);
#2249 = DIRECTION('',(0.,-1.));
#2250 = ( GEOMETRIC_REPRESENTATION_CONTEXT(2) 
PARAMETRIC_REPRESENTATION_CONTEXT() REPRESENTATION_CONTEXT('2D SPACE',''
  ) );
#2251 = PCURVE('',#804,#2252);
#2252 = DEFINITIONAL_REPRESENTATION('',(#2253),#2257);
#2253 = LINE('',#2254,#2255);
#2254 = CARTESIAN_POINT('',(0.,0.));
#2255 = VECTOR('',#2256,1.);
#2256 = DIRECTION('',(0.,-1.));
#2257 = ( GEOMETRIC_REPRESENTATION_CONTEXT(2) 
PARAMETRIC_REPRESENTATION_CONTEXT() REPRESENTATION_CONTEXT('2D SPACE',''
  ) );
#2258 = ORIENTED_EDGE('',*,*,#694,.T.);
#2259 = ORIENTED_EDGE('',*,*,#2238,.F.);
#2260 = ADVANCED_FACE('',(#2261),#975,.F.);
#2261 = FACE_BOUND('',#2262,.T.);
#2262 = EDGE_LOOP('',(#2263,#2427,#2448,#2449));
#2263 = ORIENTED_EDGE('',*,*,#2264,.F.);
#2264 = EDGE_CURVE('',#2265,#2265,#2267,.T.);
#2265 = VERTEX_POINT('',#2266);
#2266 = CARTESIAN_POINT('',(4.95,-25.21879259599,-63.5));
#2267 = SURFACE_CURVE('',#2268,(#2319,#2373),.PCURVE_S1.);
#2268 = B_SPLINE_CURVE_WITH_KNOTS('',7,(#2269,#2270,#2271,#2272,#2273,
    #2274,#2275,#2276,#2277,#2278,#2279,#2280,#2281,#2282,#2283,#2284,
    #2285,#2286,#2287,#2288,#2289,#2290,#2291,#2292,#2293,#2294,#2295,
    #2296,#2297,#2298,#2299,#2300,#2301,#2302,#2303,#2304,#2305,#2306,
    #2307,#2308,#2309,#2310,#2311,#2312,#2313,#2314,#2315,#2316,#2317,
    #2318),.UNSPECIFIED.,.T.,.F.,(8,6,6,6,6,6,6,6,8),(0.,0.135659377932,
    0.252995959937,0.365964289396,0.501053272664,0.636142308311,
    0.752985579851,0.865478964005,1.),.UNSPECIFIED.);
#2269 = CARTESIAN_POINT('',(4.95,-25.21879259599,-63.5));
#2270 = CARTESIAN_POINT('',(4.95,-25.21879259599,-62.98327222961));
#2271 = CARTESIAN_POINT('',(4.887068646979,-25.23114470446,
    -62.46741648855));
#2272 = CARTESIAN_POINT('',(4.761590547208,-25.25577477514,
    -61.95658417075));
#2273 = CARTESIAN_POINT('',(4.571930363584,-25.29197208476,
    -61.45524946397));
#2274 = CARTESIAN_POINT('',(4.315023444824,-25.3383257115,
    -60.96952645169));
#2275 = CARTESIAN_POINT('',(3.986642686,-25.39218898892,-60.50797886035)
  );
#2276 = CARTESIAN_POINT('',(3.232911940163,-25.49829214321,
    -59.7174888045));
#2277 = CARTESIAN_POINT('',(2.81588377545,-25.55128365741,
    -59.36776439573));
#2278 = CARTESIAN_POINT('',(2.332319067272,-25.60401061729,
    -59.05728631683));
#2279 = CARTESIAN_POINT('',(1.788520082886,-25.6506591142,
    -58.80546899607));
#2280 = CARTESIAN_POINT('',(1.195411189124,-25.68484066219,
    -58.62873526206));
#2281 = CARTESIAN_POINT('',(0.567241895316,-25.70185344074,
    -58.54037588117));
#2282 = CARTESIAN_POINT('',(-0.700273643739,-25.6979800273,
    -58.56048876853));
#2283 = CARTESIAN_POINT('',(-1.301030014639,-25.67859537588,
    -58.66116372912));
#2284 = CARTESIAN_POINT('',(-1.866010092267,-25.64390187053,
    -58.84210344172));
#2285 = CARTESIAN_POINT('',(-2.383476828412,-25.59836973062,
    -59.09071469953));
#2286 = CARTESIAN_POINT('',(-2.844634211161,-25.54760945146,
    -59.3921987492));
#2287 = CARTESIAN_POINT('',(-3.244508983562,-25.49665962006,
    -59.72965143358));
#2288 = CARTESIAN_POINT('',(-3.98663775449,-25.39218968313,
    -60.50797368833));
#2289 = CARTESIAN_POINT('',(-4.315024259917,-25.33832577603,
    -60.96952445118));
#2290 = CARTESIAN_POINT('',(-4.57193318414,-25.29197149383,
    -61.45525367965));
#2291 = CARTESIAN_POINT('',(-4.761592584047,-25.25577439482,
    -61.95659060859));
#2292 = CARTESIAN_POINT('',(-4.887068706464,-25.23114468803,
    -62.46742134817));
#2293 = CARTESIAN_POINT('',(-4.95,-25.21879259599,-62.98327242433));
#2294 = CARTESIAN_POINT('',(-4.95,-25.21879259599,-64.01672777601));
#2295 = CARTESIAN_POINT('',(-4.887068651066,-25.23114470383,
    -64.53258348992));
#2296 = CARTESIAN_POINT('',(-4.761590533922,-25.25577477715,
    -65.04341586715));
#2297 = CARTESIAN_POINT('',(-4.571930382385,-25.29197208198,
    -65.5447504992));
#2298 = CARTESIAN_POINT('',(-4.315023431172,-25.33832571348,
    -66.03047356792));
#2299 = CARTESIAN_POINT('',(-3.986642690499,-25.39218898829,
    -66.49202113492));
#2300 = CARTESIAN_POINT('',(-3.232911940162,-25.49829214321,
    -67.28251119549));
#2301 = CARTESIAN_POINT('',(-2.815883775452,-25.55128365741,
    -67.63223560426));
#2302 = CARTESIAN_POINT('',(-2.33231906727,-25.60401061729,
    -67.94271368316));
#2303 = CARTESIAN_POINT('',(-1.788520082886,-25.6506591142,
    -68.19453100392));
#2304 = CARTESIAN_POINT('',(-1.195411189125,-25.68484066219,
    -68.37126473793));
#2305 = CARTESIAN_POINT('',(-0.567241895315,-25.70185344074,
    -68.45962411882));
#2306 = CARTESIAN_POINT('',(0.700273643753,-25.6979800273,
    -68.43951123146));
#2307 = CARTESIAN_POINT('',(1.301030014625,-25.67859537587,
    -68.33883627086));
#2308 = CARTESIAN_POINT('',(1.866010092254,-25.64390187053,
    -68.15789655828));
#2309 = CARTESIAN_POINT('',(2.383476828425,-25.59836973062,
    -67.90928530046));
#2310 = CARTESIAN_POINT('',(2.844634211171,-25.54760945146,
    -67.60780125078));
#2311 = CARTESIAN_POINT('',(3.244508983552,-25.49665962007,
    -67.27034856643));
#2312 = CARTESIAN_POINT('',(3.986637749813,-25.39218968379,
    -66.49202631656));
#2313 = CARTESIAN_POINT('',(4.315024274111,-25.33832577398,
    -66.03047552865));
#2314 = CARTESIAN_POINT('',(4.571933164616,-25.29197149673,
    -65.54474635766));
#2315 = CARTESIAN_POINT('',(4.761592597811,-25.25577439274,
    -65.0434093537));
#2316 = CARTESIAN_POINT('',(4.887068702244,-25.23114468868,
    -64.53257867259));
#2317 = CARTESIAN_POINT('',(4.95,-25.21879259599,-64.01672757051));
#2318 = CARTESIAN_POINT('',(4.95,-25.21879259599,-63.5));
#2319 = PCURVE('',#975,#2320);
#2320 = DEFINITIONAL_REPRESENTATION('',(#2321),#2372);
#2321 = B_SPLINE_CURVE_WITH_KNOTS('',7,(#2322,#2323,#2324,#2325,#2326,
    #2327,#2328,#2329,#2330,#2331,#2332,#2333,#2334,#2335,#2336,#2337,
    #2338,#2339,#2340,#2341,#2342,#2343,#2344,#2345,#2346,#2347,#2348,
    #2349,#2350,#2351,#2352,#2353,#2354,#2355,#2356,#2357,#2358,#2359,
    #2360,#2361,#2362,#2363,#2364,#2365,#2366,#2367,#2368,#2369,#2370,
    #2371),.UNSPECIFIED.,.F.,.F.,(8,6,6,6,6,6,6,6,8),(0.,0.135659377932,
    0.252995959937,0.365964289396,0.501053272664,0.636142308311,
    0.752985579851,0.865478964005,1.),.UNSPECIFIED.);
#2322 = CARTESIAN_POINT('',(0.,-25.21879259599));
#2323 = CARTESIAN_POINT('',(-0.104389448562,-25.21879259599));
#2324 = CARTESIAN_POINT('',(-0.208602503757,-25.23114470446));
#2325 = CARTESIAN_POINT('',(-0.313660046107,-25.25577477514));
#2326 = CARTESIAN_POINT('',(-0.420483025414,-25.29197208476));
#2327 = CARTESIAN_POINT('',(-0.530018611886,-25.3383257115));
#2328 = CARTESIAN_POINT('',(-0.643280865032,-25.39218898892));
#2329 = CARTESIAN_POINT('',(-0.863935072753,-25.49829214321));
#2330 = CARTESIAN_POINT('',(-0.973205937931,-25.55128365741));
#2331 = CARTESIAN_POINT('',(-1.087763671715,-25.60401061729));
#2332 = CARTESIAN_POINT('',(-1.206715871241,-25.6506591142));
#2333 = CARTESIAN_POINT('',(-1.329582620569,-25.68484066219));
#2334 = CARTESIAN_POINT('',(-1.456186246831,-25.70185344074));
#2335 = CARTESIAN_POINT('',(-1.712282227491,-25.6979800273));
#2336 = CARTESIAN_POINT('',(-1.833954578461,-25.67859537588));
#2337 = CARTESIAN_POINT('',(-1.951895119735,-25.64390187053));
#2338 = CARTESIAN_POINT('',(-2.066016327451,-25.59836973062));
#2339 = CARTESIAN_POINT('',(-2.175967454606,-25.54760945146));
#2340 = CARTESIAN_POINT('',(-2.28105260809,-25.49665962006));
#2341 = CARTESIAN_POINT('',(-2.498310344861,-25.39218968313));
#2342 = CARTESIAN_POINT('',(-2.611573856285,-25.33832577603));
#2343 = CARTESIAN_POINT('',(-2.721110569085,-25.29197149383));
#2344 = CARTESIAN_POINT('',(-2.827933935857,-25.25577439482));
#2345 = CARTESIAN_POINT('',(-2.932991125532,-25.23114468803));
#2346 = CARTESIAN_POINT('',(-3.037203244365,-25.21879259599));
#2347 = CARTESIAN_POINT('',(-3.24598210329,-25.21879259599));
#2348 = CARTESIAN_POINT('',(-3.350195152722,-25.23114470383));
#2349 = CARTESIAN_POINT('',(-3.455252708289,-25.25577477715));
#2350 = CARTESIAN_POINT('',(-3.562075670188,-25.29197208198));
#2351 = CARTESIAN_POINT('',(-3.671611270487,-25.33832571348));
#2352 = CARTESIAN_POINT('',(-3.784873517305,-25.39218898829));
#2353 = CARTESIAN_POINT('',(-4.005527726343,-25.49829214321));
#2354 = CARTESIAN_POINT('',(-4.11479859152,-25.55128365741));
#2355 = CARTESIAN_POINT('',(-4.229356325305,-25.60401061729));
#2356 = CARTESIAN_POINT('',(-4.34830852483,-25.6506591142));
#2357 = CARTESIAN_POINT('',(-4.471175274158,-25.68484066219));
#2358 = CARTESIAN_POINT('',(-4.597778900421,-25.70185344074));
#2359 = CARTESIAN_POINT('',(-4.853874881084,-25.6979800273));
#2360 = CARTESIAN_POINT('',(-4.975547232048,-25.67859537587));
#2361 = CARTESIAN_POINT('',(-5.093487773323,-25.64390187053));
#2362 = CARTESIAN_POINT('',(-5.207608981042,-25.59836973062));
#2363 = CARTESIAN_POINT('',(-5.317560108199,-25.54760945146));
#2364 = CARTESIAN_POINT('',(-5.422645261677,-25.49665962007));
#2365 = CARTESIAN_POINT('',(-5.639902997081,-25.39218968379));
#2366 = CARTESIAN_POINT('',(-5.753166515037,-25.33832577398));
#2367 = CARTESIAN_POINT('',(-5.862703213707,-25.29197149673));
#2368 = CARTESIAN_POINT('',(-5.969526598028,-25.25577439274));
#2369 = CARTESIAN_POINT('',(-6.074583774639,-25.23114468868));
#2370 = CARTESIAN_POINT('',(-6.178795898996,-25.21879259599));
#2371 = CARTESIAN_POINT('',(-6.28318530718,-25.21879259599));
#2372 = ( GEOMETRIC_REPRESENTATION_CONTEXT(2) 
PARAMETRIC_REPRESENTATION_CONTEXT() REPRESENTATION_CONTEXT('2D SPACE',''
  ) );
#2373 = PCURVE('',#1081,#2374);
#2374 = DEFINITIONAL_REPRESENTATION('',(#2375),#2426);
#2375 = B_SPLINE_CURVE_WITH_KNOTS('',7,(#2376,#2377,#2378,#2379,#2380,
    #2381,#2382,#2383,#2384,#2385,#2386,#2387,#2388,#2389,#2390,#2391,
    #2392,#2393,#2394,#2395,#2396,#2397,#2398,#2399,#2400,#2401,#2402,
    #2403,#2404,#2405,#2406,#2407,#2408,#2409,#2410,#2411,#2412,#2413,
    #2414,#2415,#2416,#2417,#2418,#2419,#2420,#2421,#2422,#2423,#2424,
    #2425),.UNSPECIFIED.,.T.,.F.,(8,6,6,6,6,6,6,6,8),(0.,0.135659377932,
    0.252995959937,0.365964289396,0.501053272664,0.636142308311,
    0.752985579851,0.865478964005,1.),.UNSPECIFIED.);
#2376 = CARTESIAN_POINT('',(-4.906207186608,-151.5));
#2377 = CARTESIAN_POINT('',(-4.906207186608,-152.0167277703));
#2378 = CARTESIAN_POINT('',(-4.903711775861,-152.5325835114));
#2379 = CARTESIAN_POINT('',(-4.898736173673,-153.0434158292));
#2380 = CARTESIAN_POINT('',(-4.891223350098,-153.544750536));
#2381 = CARTESIAN_POINT('',(-4.881066618374,-154.0304735483));
#2382 = CARTESIAN_POINT('',(-4.868121751754,-154.4920211396));
#2383 = CARTESIAN_POINT('',(-4.838504544969,-155.2825111954));
#2384 = CARTESIAN_POINT('',(-4.822148790416,-155.6322356042));
#2385 = CARTESIAN_POINT('',(-4.803226419784,-155.9427136831));
#2386 = CARTESIAN_POINT('',(-4.782000804924,-156.1945310039));
#2387 = CARTESIAN_POINT('',(-4.758901035061,-156.3712647379));
#2388 = CARTESIAN_POINT('',(-4.734460762035,-156.4596241188));
#2389 = CARTESIAN_POINT('',(-4.685140860967,-156.4395112314));
#2390 = CARTESIAN_POINT('',(-4.661762916002,-156.3388362708));
#2391 = CARTESIAN_POINT('',(-4.639752189362,-156.1578965582));
#2392 = CARTESIAN_POINT('',(-4.619549360546,-155.9092853004));
#2393 = CARTESIAN_POINT('',(-4.601501478411,-155.6078012507));
#2394 = CARTESIAN_POINT('',(-4.585817719871,-155.2703485664));
#2395 = CARTESIAN_POINT('',(-4.556656402795,-154.4920263116));
#2396 = CARTESIAN_POINT('',(-4.543711311376,-154.0304755488));
#2397 = CARTESIAN_POINT('',(-4.533554498833,-153.5447463203));
#2398 = CARTESIAN_POINT('',(-4.526041706329,-153.0434093914));
#2399 = CARTESIAN_POINT('',(-4.521066182553,-152.5325786518));
#2400 = CARTESIAN_POINT('',(-4.518570774161,-152.0167275756));
#2401 = CARTESIAN_POINT('',(-4.518570774161,-150.9832722239));
#2402 = CARTESIAN_POINT('',(-4.521066184747,-150.46741651));
#2403 = CARTESIAN_POINT('',(-4.526041787619,-149.9565841328));
#2404 = CARTESIAN_POINT('',(-4.533554609932,-149.4552495007));
#2405 = CARTESIAN_POINT('',(-4.543711342932,-148.969526432));
#2406 = CARTESIAN_POINT('',(-4.556656208839,-148.507978865));
#2407 = CARTESIAN_POINT('',(-4.5862734158,-147.7174888045));
#2408 = CARTESIAN_POINT('',(-4.602629170353,-147.3677643957));
#2409 = CARTESIAN_POINT('',(-4.621551540986,-147.0572863168));
#2410 = CARTESIAN_POINT('',(-4.642777155846,-146.805468996));
#2411 = CARTESIAN_POINT('',(-4.665876925709,-146.628735262));
#2412 = CARTESIAN_POINT('',(-4.690317198735,-146.5403758811));
#2413 = CARTESIAN_POINT('',(-4.739637099803,-146.5604887685));
#2414 = CARTESIAN_POINT('',(-4.763015044767,-146.6611637291));
#2415 = CARTESIAN_POINT('',(-4.785025771407,-146.8421034417));
#2416 = CARTESIAN_POINT('',(-4.805228600224,-147.0907146995));
#2417 = CARTESIAN_POINT('',(-4.823276482359,-147.3921987492));
#2418 = CARTESIAN_POINT('',(-4.838960240898,-147.7296514335));
#2419 = CARTESIAN_POINT('',(-4.868121557791,-148.5079736834));
#2420 = CARTESIAN_POINT('',(-4.881066649951,-148.9695244713));
#2421 = CARTESIAN_POINT('',(-4.891223461168,-149.4552536423));
#2422 = CARTESIAN_POINT('',(-4.898736254983,-149.9565906462));
#2423 = CARTESIAN_POINT('',(-4.903711778051,-150.4674213274));
#2424 = CARTESIAN_POINT('',(-4.906207186608,-150.9832724294));
#2425 = CARTESIAN_POINT('',(-4.906207186608,-151.5));
#2426 = ( GEOMETRIC_REPRESENTATION_CONTEXT(2) 
PARAMETRIC_REPRESENTATION_CONTEXT() REPRESENTATION_CONTEXT('2D SPACE',''
  ) );
#2427 = ORIENTED_EDGE('',*,*,#2428,.T.);
#2428 = EDGE_CURVE('',#2265,#866,#2429,.T.);
#2429 = SEAM_CURVE('',#2430,(#2434,#2441),.PCURVE_S1.);
#2430 = LINE('',#2431,#2432);
#2431 = CARTESIAN_POINT('',(4.95,0.,-63.5));
#2432 = VECTOR('',#2433,1.);
#2433 = DIRECTION('',(0.,-1.,0.));
#2434 = PCURVE('',#975,#2435);
#2435 = DEFINITIONAL_REPRESENTATION('',(#2436),#2440);
#2436 = LINE('',#2437,#2438);
#2437 = CARTESIAN_POINT('',(-6.28318530718,0.));
#2438 = VECTOR('',#2439,1.);
#2439 = DIRECTION('',(-0.,-1.));
#2440 = ( GEOMETRIC_REPRESENTATION_CONTEXT(2) 
PARAMETRIC_REPRESENTATION_CONTEXT() REPRESENTATION_CONTEXT('2D SPACE',''
  ) );
#2441 = PCURVE('',#975,#2442);
#2442 = DEFINITIONAL_REPRESENTATION('',(#2443),#2447);
#2443 = LINE('',#2444,#2445);
#2444 = CARTESIAN_POINT('',(-0.,0.));
#2445 = VECTOR('',#2446,1.);
#2446 = DIRECTION('',(-0.,-1.));
#2447 = ( GEOMETRIC_REPRESENTATION_CONTEXT(2) 
PARAMETRIC_REPRESENTATION_CONTEXT() REPRESENTATION_CONTEXT('2D SPACE',''
  ) );
#2448 = ORIENTED_EDGE('',*,*,#865,.T.);
#2449 = ORIENTED_EDGE('',*,*,#2428,.F.);
#2450 = ADVANCED_FACE('',(#2451,#2497,#2500),#1081,.F.);
#2451 = FACE_BOUND('',#2452,.T.);
#2452 = EDGE_LOOP('',(#2453,#2454,#2475,#2476,#2477,#2478,#2479,#2480,
    #2481,#2482,#2483,#2484,#2485,#2486,#2487,#2488,#2489,#2490,#2491,
    #2492,#2493,#2494,#2495,#2496));
#2453 = ORIENTED_EDGE('',*,*,#1060,.T.);
#2454 = ORIENTED_EDGE('',*,*,#2455,.T.);
#2455 = EDGE_CURVE('',#1061,#1512,#2456,.T.);
#2456 = SEAM_CURVE('',#2457,(#2461,#2468),.PCURVE_S1.);
#2457 = LINE('',#2458,#2459);
#2458 = CARTESIAN_POINT('',(25.7,9.426769296983E-16,-215.));
#2459 = VECTOR('',#2460,1.);
#2460 = DIRECTION('',(0.,0.,1.));
#2461 = PCURVE('',#1081,#2462);
#2462 = DEFINITIONAL_REPRESENTATION('',(#2463),#2467);
#2463 = LINE('',#2464,#2465);
#2464 = CARTESIAN_POINT('',(-6.28318530718,0.));
#2465 = VECTOR('',#2466,1.);
#2466 = DIRECTION('',(-0.,-1.));
#2467 = ( GEOMETRIC_REPRESENTATION_CONTEXT(2) 
PARAMETRIC_REPRESENTATION_CONTEXT() REPRESENTATION_CONTEXT('2D SPACE',''
  ) );
#2468 = PCURVE('',#1081,#2469);
#2469 = DEFINITIONAL_REPRESENTATION('',(#2470),#2474);
#2470 = LINE('',#2471,#2472);
#2471 = CARTESIAN_POINT('',(-0.,0.));
#2472 = VECTOR('',#2473,1.);
#2473 = DIRECTION('',(-0.,-1.));
#2474 = ( GEOMETRIC_REPRESENTATION_CONTEXT(2) 
PARAMETRIC_REPRESENTATION_CONTEXT() REPRESENTATION_CONTEXT('2D SPACE',''
  ) );
#2475 = ORIENTED_EDGE('',*,*,#1511,.T.);
#2476 = ORIENTED_EDGE('',*,*,#2050,.T.);
#2477 = ORIENTED_EDGE('',*,*,#1996,.F.);
#2478 = ORIENTED_EDGE('',*,*,#1971,.F.);
#2479 = ORIENTED_EDGE('',*,*,#1923,.T.);
#2480 = ORIENTED_EDGE('',*,*,#1856,.T.);
#2481 = ORIENTED_EDGE('',*,*,#1802,.F.);
#2482 = ORIENTED_EDGE('',*,*,#1777,.F.);
#2483 = ORIENTED_EDGE('',*,*,#1729,.T.);
#2484 = ORIENTED_EDGE('',*,*,#1662,.T.);
#2485 = ORIENTED_EDGE('',*,*,#1608,.F.);
#2486 = ORIENTED_EDGE('',*,*,#1583,.F.);
#2487 = ORIENTED_EDGE('',*,*,#1535,.T.);
#2488 = ORIENTED_EDGE('',*,*,#2455,.F.);
#2489 = ORIENTED_EDGE('',*,*,#1093,.T.);
#2490 = ORIENTED_EDGE('',*,*,#1443,.T.);
#2491 = ORIENTED_EDGE('',*,*,#1416,.F.);
#2492 = ORIENTED_EDGE('',*,*,#1370,.F.);
#2493 = ORIENTED_EDGE('',*,*,#1316,.T.);
#2494 = ORIENTED_EDGE('',*,*,#1269,.T.);
#2495 = ORIENTED_EDGE('',*,*,#1219,.F.);
#2496 = ORIENTED_EDGE('',*,*,#1170,.F.);
#2497 = FACE_BOUND('',#2498,.T.);
#2498 = EDGE_LOOP('',(#2499));
#2499 = ORIENTED_EDGE('',*,*,#2264,.T.);
#2500 = FACE_BOUND('',#2501,.T.);
#2501 = EDGE_LOOP('',(#2502));
#2502 = ORIENTED_EDGE('',*,*,#2074,.F.);
#2503 = ( GEOMETRIC_REPRESENTATION_CONTEXT(3) 
GLOBAL_UNCERTAINTY_ASSIGNED_CONTEXT((#2507)) 
GLOBAL_UNIT_ASSIGNED_CONTEXT((#2504,#2505,#2506)) REPRESENTATION_CONTEXT
('Context #1','3D Context with UNIT and UNCERTAINTY') );
#2504 = ( LENGTH_UNIT() NAMED_UNIT(*) SI_UNIT(.MILLI.,.METRE.) );
#2505 = ( NAMED_UNIT(*) PLANE_ANGLE_UNIT() SI_UNIT($,.RADIAN.) );
#2506 = ( NAMED_UNIT(*) SI_UNIT($,.STERADIAN.) SOLID_ANGLE_UNIT() );
#2507 = UNCERTAINTY_MEASURE_WITH_UNIT(LENGTH_MEASURE(1.E-07),#2504,
  'distance_accuracy_value','confusion accuracy');
#2508 = CONTEXT_DEPENDENT_SHAPE_REPRESENTATION(#2509,#2511);
#2509 = ( REPRESENTATION_RELATIONSHIP('','',#36,#10) 
REPRESENTATION_RELATIONSHIP_WITH_TRANSFORMATION(#2510) 
SHAPE_REPRESENTATION_RELATIONSHIP() );
#2510 = ITEM_DEFINED_TRANSFORMATION('','',#11,#15);
#2511 = PRODUCT_DEFINITION_SHAPE('Placement','Placement of an item',
  #2512);
#2512 = NEXT_ASSEMBLY_USAGE_OCCURRENCE('103','','',#5,#31,$);
#2513 = PRODUCT_RELATED_PRODUCT_CATEGORY('part',$,(#33));
#2514 = SHAPE_DEFINITION_REPRESENTATION(#2515,#2521);
#2515 = PRODUCT_DEFINITION_SHAPE('','',#2516);
#2516 = PRODUCT_DEFINITION('design','',#2517,#2520);
#2517 = PRODUCT_DEFINITION_FORMATION('','',#2518);
#2518 = PRODUCT('Open CASCADE STEP translator 7.9 21.2',
  'Open CASCADE STEP translator 7.9 21.2','',(#2519));
#2519 = PRODUCT_CONTEXT('',#2,'mechanical');
#2520 = PRODUCT_DEFINITION_CONTEXT('part definition',#2,'design');
#2521 = ADVANCED_BREP_SHAPE_REPRESENTATION('',(#11,#2522),#8496);
#2522 = MANIFOLD_SOLID_BREP('',#2523);
#2523 = CLOSED_SHELL('',(#2524,#2644,#2720,#2796,#4848,#6545,#6572,#6599
    ,#6626,#6653,#6680,#6707,#6734,#6761,#6788,#6815,#6842,#6869,#6896,
    #6923,#6950,#6977,#7004,#7031,#7058,#7085,#7112,#7139,#7166,#7193,
    #7220,#7247,#7274,#7301,#7328,#7355,#7382,#7409,#7436,#7463,#7490,
    #7517,#7544,#7571,#7598,#7625,#7652,#7679,#7706,#7733,#7760,#7787,
    #7814,#7841,#7868,#7895,#7922,#7949,#7976,#8003,#8030,#8057,#8084,
    #8111,#8138,#8165,#8192,#8219,#8246,#8273,#8300,#8327,#8354,#8381,
    #8408,#8435,#8442,#8469));
#2524 = ADVANCED_FACE('',(#2525),#2539,.T.);
#2525 = FACE_BOUND('',#2526,.T.);
#2526 = EDGE_LOOP('',(#2527,#2562,#2590,#2618));
#2527 = ORIENTED_EDGE('',*,*,#2528,.T.);
#2528 = EDGE_CURVE('',#2529,#2531,#2533,.T.);
#2529 = VERTEX_POINT('',#2530);
#2530 = CARTESIAN_POINT('',(-71.98906633944,6.,-215.0081349785));
#2531 = VERTEX_POINT('',#2532);
#2532 = CARTESIAN_POINT('',(-71.98906633944,-6.,-215.0081349785));
#2533 = SURFACE_CURVE('',#2534,(#2538,#2550),.PCURVE_S1.);
#2534 = LINE('',#2535,#2536);
#2535 = CARTESIAN_POINT('',(-71.98906633944,6.,-215.0081349785));
#2536 = VECTOR('',#2537,1.);
#2537 = DIRECTION('',(0.,-1.,1.110223024625E-16));
#2538 = PCURVE('',#2539,#2544);
#2539 = PLANE('',#2540);
#2540 = AXIS2_PLACEMENT_3D('',#2541,#2542,#2543);
#2541 = CARTESIAN_POINT('',(-71.98906633944,6.,-215.0081349785));
#2542 = DIRECTION('',(-2.712648066555E-04,1.110222983777E-16,
    0.999999963208));
#2543 = DIRECTION('',(0.999999963208,3.011644341194E-20,
    2.712648066555E-04));
#2544 = DEFINITIONAL_REPRESENTATION('',(#2545),#2549);
#2545 = LINE('',#2546,#2547);
#2546 = CARTESIAN_POINT('',(0.,0.));
#2547 = VECTOR('',#2548,1.);
#2548 = DIRECTION('',(0.,-1.));
#2549 = ( GEOMETRIC_REPRESENTATION_CONTEXT(2) 
PARAMETRIC_REPRESENTATION_CONTEXT() REPRESENTATION_CONTEXT('2D SPACE',''
  ) );
#2550 = PCURVE('',#2551,#2556);
#2551 = PLANE('',#2552);
#2552 = AXIS2_PLACEMENT_3D('',#2553,#2554,#2555);
#2553 = CARTESIAN_POINT('',(-59.99250173301,6.,-254.9936932288));
#2554 = DIRECTION('',(-0.957820370332,-3.190421273011E-17,
    -0.287367601126));
#2555 = DIRECTION('',(-0.287367601126,1.063394228598E-16,0.957820370332)
  );
#2556 = DEFINITIONAL_REPRESENTATION('',(#2557),#2561);
#2557 = LINE('',#2558,#2559);
#2558 = CARTESIAN_POINT('',(41.74640620387,1.603356311383E-18));
#2559 = VECTOR('',#2560,1.);
#2560 = DIRECTION('',(0.,-1.));
#2561 = ( GEOMETRIC_REPRESENTATION_CONTEXT(2) 
PARAMETRIC_REPRESENTATION_CONTEXT() REPRESENTATION_CONTEXT('2D SPACE',''
  ) );
#2562 = ORIENTED_EDGE('',*,*,#2563,.T.);
#2563 = EDGE_CURVE('',#2531,#2564,#2566,.T.);
#2564 = VERTEX_POINT('',#2565);
#2565 = CARTESIAN_POINT('',(-42.,-6.,-215.));
#2566 = SURFACE_CURVE('',#2567,(#2571,#2578),.PCURVE_S1.);
#2567 = LINE('',#2568,#2569);
#2568 = CARTESIAN_POINT('',(-71.98906633944,-6.,-215.0081349785));
#2569 = VECTOR('',#2570,1.);
#2570 = DIRECTION('',(0.999999963208,3.011644341194E-20,
    2.712648066555E-04));
#2571 = PCURVE('',#2539,#2572);
#2572 = DEFINITIONAL_REPRESENTATION('',(#2573),#2577);
#2573 = LINE('',#2574,#2575);
#2574 = CARTESIAN_POINT('',(-3.613973209432E-19,-12.));
#2575 = VECTOR('',#2576,1.);
#2576 = DIRECTION('',(1.,0.));
#2577 = ( GEOMETRIC_REPRESENTATION_CONTEXT(2) 
PARAMETRIC_REPRESENTATION_CONTEXT() REPRESENTATION_CONTEXT('2D SPACE',''
  ) );
#2578 = PCURVE('',#2579,#2584);
#2579 = PLANE('',#2580);
#2580 = AXIS2_PLACEMENT_3D('',#2581,#2582,#2583);
#2581 = CARTESIAN_POINT('',(11.748599711825,-6.,-234.7181073449));
#2582 = DIRECTION('',(-0.,1.,-1.110223024625E-16));
#2583 = DIRECTION('',(-1.,0.,0.));
#2584 = DEFINITIONAL_REPRESENTATION('',(#2585),#2589);
#2585 = LINE('',#2586,#2587);
#2586 = CARTESIAN_POINT('',(83.737666051267,19.709972366329));
#2587 = VECTOR('',#2588,1.);
#2588 = DIRECTION('',(-0.999999963208,2.712648066555E-04));
#2589 = ( GEOMETRIC_REPRESENTATION_CONTEXT(2) 
PARAMETRIC_REPRESENTATION_CONTEXT() REPRESENTATION_CONTEXT('2D SPACE',''
  ) );
#2590 = ORIENTED_EDGE('',*,*,#2591,.F.);
#2591 = EDGE_CURVE('',#2592,#2564,#2594,.T.);
#2592 = VERTEX_POINT('',#2593);
#2593 = CARTESIAN_POINT('',(-42.,6.,-215.));
#2594 = SURFACE_CURVE('',#2595,(#2599,#2606),.PCURVE_S1.);
#2595 = LINE('',#2596,#2597);
#2596 = CARTESIAN_POINT('',(-42.,6.,-215.));
#2597 = VECTOR('',#2598,1.);
#2598 = DIRECTION('',(0.,-1.,1.110223024625E-16));
#2599 = PCURVE('',#2539,#2600);
#2600 = DEFINITIONAL_REPRESENTATION('',(#2601),#2605);
#2601 = LINE('',#2602,#2603);
#2602 = CARTESIAN_POINT('',(29.989067442809,-9.031640526166E-19));
#2603 = VECTOR('',#2604,1.);
#2604 = DIRECTION('',(0.,-1.));
#2605 = ( GEOMETRIC_REPRESENTATION_CONTEXT(2) 
PARAMETRIC_REPRESENTATION_CONTEXT() REPRESENTATION_CONTEXT('2D SPACE',''
  ) );
#2606 = PCURVE('',#2607,#2612);
#2607 = PLANE('',#2608);
#2608 = AXIS2_PLACEMENT_3D('',#2609,#2610,#2611);
#2609 = CARTESIAN_POINT('',(-42.,6.,-215.));
#2610 = DIRECTION('',(-6.540312923014E-02,1.107845951907E-16,
    0.997858923239));
#2611 = DIRECTION('',(0.997858923239,7.261205995384E-18,
    6.540312923014E-02));
#2612 = DEFINITIONAL_REPRESENTATION('',(#2613),#2617);
#2613 = LINE('',#2614,#2615);
#2614 = CARTESIAN_POINT('',(0.,0.));
#2615 = VECTOR('',#2616,1.);
#2616 = DIRECTION('',(0.,-1.));
#2617 = ( GEOMETRIC_REPRESENTATION_CONTEXT(2) 
PARAMETRIC_REPRESENTATION_CONTEXT() REPRESENTATION_CONTEXT('2D SPACE',''
  ) );
#2618 = ORIENTED_EDGE('',*,*,#2619,.F.);
#2619 = EDGE_CURVE('',#2529,#2592,#2620,.T.);
#2620 = SURFACE_CURVE('',#2621,(#2625,#2632),.PCURVE_S1.);
#2621 = LINE('',#2622,#2623);
#2622 = CARTESIAN_POINT('',(-71.98906633944,6.,-215.0081349785));
#2623 = VECTOR('',#2624,1.);
#2624 = DIRECTION('',(0.999999963208,3.011644341194E-20,
    2.712648066555E-04));
#2625 = PCURVE('',#2539,#2626);
#2626 = DEFINITIONAL_REPRESENTATION('',(#2627),#2631);
#2627 = LINE('',#2628,#2629);
#2628 = CARTESIAN_POINT('',(0.,0.));
#2629 = VECTOR('',#2630,1.);
#2630 = DIRECTION('',(1.,0.));
#2631 = ( GEOMETRIC_REPRESENTATION_CONTEXT(2) 
PARAMETRIC_REPRESENTATION_CONTEXT() REPRESENTATION_CONTEXT('2D SPACE',''
  ) );
#2632 = PCURVE('',#2633,#2638);
#2633 = PLANE('',#2634);
#2634 = AXIS2_PLACEMENT_3D('',#2635,#2636,#2637);
#2635 = CARTESIAN_POINT('',(11.748599711825,6.,-234.7181073449));
#2636 = DIRECTION('',(-0.,1.,-1.110223024625E-16));
#2637 = DIRECTION('',(-1.,0.,0.));
#2638 = DEFINITIONAL_REPRESENTATION('',(#2639),#2643);
#2639 = LINE('',#2640,#2641);
#2640 = CARTESIAN_POINT('',(83.737666051267,19.709972366329));
#2641 = VECTOR('',#2642,1.);
#2642 = DIRECTION('',(-0.999999963208,2.712648066555E-04));
#2643 = ( GEOMETRIC_REPRESENTATION_CONTEXT(2) 
PARAMETRIC_REPRESENTATION_CONTEXT() REPRESENTATION_CONTEXT('2D SPACE',''
  ) );
#2644 = ADVANCED_FACE('',(#2645),#2551,.T.);
#2645 = FACE_BOUND('',#2646,.T.);
#2646 = EDGE_LOOP('',(#2647,#2677,#2698,#2699));
#2647 = ORIENTED_EDGE('',*,*,#2648,.T.);
#2648 = EDGE_CURVE('',#2649,#2651,#2653,.T.);
#2649 = VERTEX_POINT('',#2650);
#2650 = CARTESIAN_POINT('',(-59.99250173301,6.,-254.9936932288));
#2651 = VERTEX_POINT('',#2652);
#2652 = CARTESIAN_POINT('',(-59.99250173301,-6.,-254.9936932288));
#2653 = SURFACE_CURVE('',#2654,(#2658,#2665),.PCURVE_S1.);
#2654 = LINE('',#2655,#2656);
#2655 = CARTESIAN_POINT('',(-59.99250173301,6.,-254.9936932288));
#2656 = VECTOR('',#2657,1.);
#2657 = DIRECTION('',(0.,-1.,1.110223024625E-16));
#2658 = PCURVE('',#2551,#2659);
#2659 = DEFINITIONAL_REPRESENTATION('',(#2660),#2664);
#2660 = LINE('',#2661,#2662);
#2661 = CARTESIAN_POINT('',(0.,0.));
#2662 = VECTOR('',#2663,1.);
#2663 = DIRECTION('',(0.,-1.));
#2664 = ( GEOMETRIC_REPRESENTATION_CONTEXT(2) 
PARAMETRIC_REPRESENTATION_CONTEXT() REPRESENTATION_CONTEXT('2D SPACE',''
  ) );
#2665 = PCURVE('',#2666,#2671);
#2666 = PLANE('',#2667);
#2667 = AXIS2_PLACEMENT_3D('',#2668,#2669,#2670);
#2668 = CARTESIAN_POINT('',(-24.10370378624,6.,-272.9481481068));
#2669 = DIRECTION('',(-0.447414053871,-9.929023533717E-17,
    -0.894326933732));
#2670 = DIRECTION('',(-0.894326933732,4.967293841488E-17,0.447414053871)
  );
#2671 = DEFINITIONAL_REPRESENTATION('',(#2672),#2676);
#2672 = LINE('',#2673,#2674);
#2673 = CARTESIAN_POINT('',(40.129394065106,-2.169880806223E-16));
#2674 = VECTOR('',#2675,1.);
#2675 = DIRECTION('',(0.,-1.));
#2676 = ( GEOMETRIC_REPRESENTATION_CONTEXT(2) 
PARAMETRIC_REPRESENTATION_CONTEXT() REPRESENTATION_CONTEXT('2D SPACE',''
  ) );
#2677 = ORIENTED_EDGE('',*,*,#2678,.T.);
#2678 = EDGE_CURVE('',#2651,#2531,#2679,.T.);
#2679 = SURFACE_CURVE('',#2680,(#2684,#2691),.PCURVE_S1.);
#2680 = LINE('',#2681,#2682);
#2681 = CARTESIAN_POINT('',(-59.99250173301,-6.,-254.9936932288));
#2682 = VECTOR('',#2683,1.);
#2683 = DIRECTION('',(-0.287367601126,1.063394228598E-16,0.957820370332)
  );
#2684 = PCURVE('',#2551,#2685);
#2685 = DEFINITIONAL_REPRESENTATION('',(#2686),#2690);
#2686 = LINE('',#2687,#2688);
#2687 = CARTESIAN_POINT('',(-1.276073074317E-15,-12.));
#2688 = VECTOR('',#2689,1.);
#2689 = DIRECTION('',(1.,0.));
#2690 = ( GEOMETRIC_REPRESENTATION_CONTEXT(2) 
PARAMETRIC_REPRESENTATION_CONTEXT() REPRESENTATION_CONTEXT('2D SPACE',''
  ) );
#2691 = PCURVE('',#2579,#2692);
#2692 = DEFINITIONAL_REPRESENTATION('',(#2693),#2697);
#2693 = LINE('',#2694,#2695);
#2694 = CARTESIAN_POINT('',(71.741101444838,-20.27558588389));
#2695 = VECTOR('',#2696,1.);
#2696 = DIRECTION('',(0.287367601126,0.957820370332));
#2697 = ( GEOMETRIC_REPRESENTATION_CONTEXT(2) 
PARAMETRIC_REPRESENTATION_CONTEXT() REPRESENTATION_CONTEXT('2D SPACE',''
  ) );
#2698 = ORIENTED_EDGE('',*,*,#2528,.F.);
#2699 = ORIENTED_EDGE('',*,*,#2700,.F.);
#2700 = EDGE_CURVE('',#2649,#2529,#2701,.T.);
#2701 = SURFACE_CURVE('',#2702,(#2706,#2713),.PCURVE_S1.);
#2702 = LINE('',#2703,#2704);
#2703 = CARTESIAN_POINT('',(-59.99250173301,6.,-254.9936932288));
#2704 = VECTOR('',#2705,1.);
#2705 = DIRECTION('',(-0.287367601126,1.063394228598E-16,0.957820370332)
  );
#2706 = PCURVE('',#2551,#2707);
#2707 = DEFINITIONAL_REPRESENTATION('',(#2708),#2712);
#2708 = LINE('',#2709,#2710);
#2709 = CARTESIAN_POINT('',(0.,0.));
#2710 = VECTOR('',#2711,1.);
#2711 = DIRECTION('',(1.,0.));
#2712 = ( GEOMETRIC_REPRESENTATION_CONTEXT(2) 
PARAMETRIC_REPRESENTATION_CONTEXT() REPRESENTATION_CONTEXT('2D SPACE',''
  ) );
#2713 = PCURVE('',#2633,#2714);
#2714 = DEFINITIONAL_REPRESENTATION('',(#2715),#2719);
#2715 = LINE('',#2716,#2717);
#2716 = CARTESIAN_POINT('',(71.741101444838,-20.27558588389));
#2717 = VECTOR('',#2718,1.);
#2718 = DIRECTION('',(0.287367601126,0.957820370332));
#2719 = ( GEOMETRIC_REPRESENTATION_CONTEXT(2) 
PARAMETRIC_REPRESENTATION_CONTEXT() REPRESENTATION_CONTEXT('2D SPACE',''
  ) );
#2720 = ADVANCED_FACE('',(#2721),#2607,.T.);
#2721 = FACE_BOUND('',#2722,.T.);
#2722 = EDGE_LOOP('',(#2723,#2724,#2747,#2775));
#2723 = ORIENTED_EDGE('',*,*,#2591,.T.);
#2724 = ORIENTED_EDGE('',*,*,#2725,.T.);
#2725 = EDGE_CURVE('',#2564,#2726,#2728,.T.);
#2726 = VERTEX_POINT('',#2727);
#2727 = CARTESIAN_POINT('',(-41.47789523112,-6.,-214.9657794454));
#2728 = SURFACE_CURVE('',#2729,(#2733,#2740),.PCURVE_S1.);
#2729 = LINE('',#2730,#2731);
#2730 = CARTESIAN_POINT('',(-42.,-6.,-215.));
#2731 = VECTOR('',#2732,1.);
#2732 = DIRECTION('',(0.997858923239,7.261205995384E-18,
    6.540312923014E-02));
#2733 = PCURVE('',#2607,#2734);
#2734 = DEFINITIONAL_REPRESENTATION('',(#2735),#2739);
#2735 = LINE('',#2736,#2737);
#2736 = CARTESIAN_POINT('',(-8.713447194461E-17,-12.));
#2737 = VECTOR('',#2738,1.);
#2738 = DIRECTION('',(1.,0.));
#2739 = ( GEOMETRIC_REPRESENTATION_CONTEXT(2) 
PARAMETRIC_REPRESENTATION_CONTEXT() REPRESENTATION_CONTEXT('2D SPACE',''
  ) );
#2740 = PCURVE('',#2579,#2741);
#2741 = DEFINITIONAL_REPRESENTATION('',(#2742),#2746);
#2742 = LINE('',#2743,#2744);
#2743 = CARTESIAN_POINT('',(53.748599711825,19.718107344911));
#2744 = VECTOR('',#2745,1.);
#2745 = DIRECTION('',(-0.997858923239,6.540312923014E-02));
#2746 = ( GEOMETRIC_REPRESENTATION_CONTEXT(2) 
PARAMETRIC_REPRESENTATION_CONTEXT() REPRESENTATION_CONTEXT('2D SPACE',''
  ) );
#2747 = ORIENTED_EDGE('',*,*,#2748,.F.);
#2748 = EDGE_CURVE('',#2749,#2726,#2751,.T.);
#2749 = VERTEX_POINT('',#2750);
#2750 = CARTESIAN_POINT('',(-41.47789523112,6.,-214.9657794454));
#2751 = SURFACE_CURVE('',#2752,(#2756,#2763),.PCURVE_S1.);
#2752 = LINE('',#2753,#2754);
#2753 = CARTESIAN_POINT('',(-41.47789523112,6.,-214.9657794454));
#2754 = VECTOR('',#2755,1.);
#2755 = DIRECTION('',(0.,-1.,1.110223024625E-16));
#2756 = PCURVE('',#2607,#2757);
#2757 = DEFINITIONAL_REPRESENTATION('',(#2758),#2762);
#2758 = LINE('',#2759,#2760);
#2759 = CARTESIAN_POINT('',(0.523225033841,-3.799244752664E-18));
#2760 = VECTOR('',#2761,1.);
#2761 = DIRECTION('',(0.,-1.));
#2762 = ( GEOMETRIC_REPRESENTATION_CONTEXT(2) 
PARAMETRIC_REPRESENTATION_CONTEXT() REPRESENTATION_CONTEXT('2D SPACE',''
  ) );
#2763 = PCURVE('',#2764,#2769);
#2764 = PLANE('',#2765);
#2765 = AXIS2_PLACEMENT_3D('',#2766,#2767,#2768);
#2766 = CARTESIAN_POINT('',(-41.47789523112,6.,-214.9657794454));
#2767 = DIRECTION('',(-0.195090322016,1.088890400517E-16,0.980785280403)
  );
#2768 = DIRECTION('',(0.980785280403,2.165937673838E-17,0.195090322016)
  );
#2769 = DEFINITIONAL_REPRESENTATION('',(#2770),#2774);
#2770 = LINE('',#2771,#2772);
#2771 = CARTESIAN_POINT('',(0.,0.));
#2772 = VECTOR('',#2773,1.);
#2773 = DIRECTION('',(0.,-1.));
#2774 = ( GEOMETRIC_REPRESENTATION_CONTEXT(2) 
PARAMETRIC_REPRESENTATION_CONTEXT() REPRESENTATION_CONTEXT('2D SPACE',''
  ) );
#2775 = ORIENTED_EDGE('',*,*,#2776,.F.);
#2776 = EDGE_CURVE('',#2592,#2749,#2777,.T.);
#2777 = SURFACE_CURVE('',#2778,(#2782,#2789),.PCURVE_S1.);
#2778 = LINE('',#2779,#2780);
#2779 = CARTESIAN_POINT('',(-42.,6.,-215.));
#2780 = VECTOR('',#2781,1.);
#2781 = DIRECTION('',(0.997858923239,7.261205995384E-18,
    6.540312923014E-02));
#2782 = PCURVE('',#2607,#2783);
#2783 = DEFINITIONAL_REPRESENTATION('',(#2784),#2788);
#2784 = LINE('',#2785,#2786);
#2785 = CARTESIAN_POINT('',(0.,0.));
#2786 = VECTOR('',#2787,1.);
#2787 = DIRECTION('',(1.,0.));
#2788 = ( GEOMETRIC_REPRESENTATION_CONTEXT(2) 
PARAMETRIC_REPRESENTATION_CONTEXT() REPRESENTATION_CONTEXT('2D SPACE',''
  ) );
#2789 = PCURVE('',#2633,#2790);
#2790 = DEFINITIONAL_REPRESENTATION('',(#2791),#2795);
#2791 = LINE('',#2792,#2793);
#2792 = CARTESIAN_POINT('',(53.748599711825,19.718107344911));
#2793 = VECTOR('',#2794,1.);
#2794 = DIRECTION('',(-0.997858923239,6.540312923014E-02));
#2795 = ( GEOMETRIC_REPRESENTATION_CONTEXT(2) 
PARAMETRIC_REPRESENTATION_CONTEXT() REPRESENTATION_CONTEXT('2D SPACE',''
  ) );
#2796 = ADVANCED_FACE('',(#2797,#4778,#4813),#2633,.T.);
#2797 = FACE_BOUND('',#2798,.T.);
#2798 = EDGE_LOOP('',(#2799,#2800,#2801,#2824,#2852,#2880,#2908,#2936,
    #2964,#2992,#3020,#3048,#3076,#3104,#3132,#3160,#3188,#3216,#3244,
    #3272,#3300,#3328,#3356,#3384,#3412,#3440,#3468,#3496,#3524,#3552,
    #3580,#3608,#3636,#3664,#3692,#3720,#3748,#3776,#3804,#3832,#3860,
    #3888,#3916,#3944,#3972,#4000,#4028,#4056,#4084,#4112,#4140,#4168,
    #4196,#4224,#4252,#4280,#4308,#4336,#4364,#4392,#4420,#4448,#4476,
    #4504,#4532,#4560,#4588,#4616,#4644,#4672,#4700,#4728,#4756,#4777));
#2799 = ORIENTED_EDGE('',*,*,#2619,.T.);
#2800 = ORIENTED_EDGE('',*,*,#2776,.T.);
#2801 = ORIENTED_EDGE('',*,*,#2802,.T.);
#2802 = EDGE_CURVE('',#2749,#2803,#2805,.T.);
#2803 = VERTEX_POINT('',#2804);
#2804 = CARTESIAN_POINT('',(-40.96472381959,6.,-214.8637033051));
#2805 = SURFACE_CURVE('',#2806,(#2810,#2817),.PCURVE_S1.);
#2806 = LINE('',#2807,#2808);
#2807 = CARTESIAN_POINT('',(-41.47789523112,6.,-214.9657794454));
#2808 = VECTOR('',#2809,1.);
#2809 = DIRECTION('',(0.980785280403,2.165937673838E-17,0.195090322016)
  );
#2810 = PCURVE('',#2633,#2811);
#2811 = DEFINITIONAL_REPRESENTATION('',(#2812),#2816);
#2812 = LINE('',#2813,#2814);
#2813 = CARTESIAN_POINT('',(53.226494942945,19.752327899416));
#2814 = VECTOR('',#2815,1.);
#2815 = DIRECTION('',(-0.980785280403,0.195090322016));
#2816 = ( GEOMETRIC_REPRESENTATION_CONTEXT(2) 
PARAMETRIC_REPRESENTATION_CONTEXT() REPRESENTATION_CONTEXT('2D SPACE',''
  ) );
#2817 = PCURVE('',#2764,#2818);
#2818 = DEFINITIONAL_REPRESENTATION('',(#2819),#2823);
#2819 = LINE('',#2820,#2821);
#2820 = CARTESIAN_POINT('',(0.,0.));
#2821 = VECTOR('',#2822,1.);
#2822 = DIRECTION('',(1.,0.));
#2823 = ( GEOMETRIC_REPRESENTATION_CONTEXT(2) 
PARAMETRIC_REPRESENTATION_CONTEXT() REPRESENTATION_CONTEXT('2D SPACE',''
  ) );
#2824 = ORIENTED_EDGE('',*,*,#2825,.T.);
#2825 = EDGE_CURVE('',#2803,#2826,#2828,.T.);
#2826 = VERTEX_POINT('',#2827);
#2827 = CARTESIAN_POINT('',(-40.46926627054,6.,-214.69551813));
#2828 = SURFACE_CURVE('',#2829,(#2833,#2840),.PCURVE_S1.);
#2829 = LINE('',#2830,#2831);
#2830 = CARTESIAN_POINT('',(-40.96472381959,6.,-214.8637033051));
#2831 = VECTOR('',#2832,1.);
#2832 = DIRECTION('',(0.946930129495,3.568694954028E-17,0.321439465303)
  );
#2833 = PCURVE('',#2633,#2834);
#2834 = DEFINITIONAL_REPRESENTATION('',(#2835),#2839);
#2835 = LINE('',#2836,#2837);
#2836 = CARTESIAN_POINT('',(52.713323531415,19.854404039755));
#2837 = VECTOR('',#2838,1.);
#2838 = DIRECTION('',(-0.946930129495,0.321439465303));
#2839 = ( GEOMETRIC_REPRESENTATION_CONTEXT(2) 
PARAMETRIC_REPRESENTATION_CONTEXT() REPRESENTATION_CONTEXT('2D SPACE',''
  ) );
#2840 = PCURVE('',#2841,#2846);
#2841 = PLANE('',#2842);
#2842 = AXIS2_PLACEMENT_3D('',#2843,#2844,#2845);
#2843 = CARTESIAN_POINT('',(-40.96472381959,6.,-214.8637033051));
#2844 = DIRECTION('',(-0.321439465303,1.051303632477E-16,0.946930129495)
  );
#2845 = DIRECTION('',(0.946930129495,3.568694954028E-17,0.321439465303)
  );
#2846 = DEFINITIONAL_REPRESENTATION('',(#2847),#2851);
#2847 = LINE('',#2848,#2849);
#2848 = CARTESIAN_POINT('',(0.,0.));
#2849 = VECTOR('',#2850,1.);
#2850 = DIRECTION('',(1.,0.));
#2851 = ( GEOMETRIC_REPRESENTATION_CONTEXT(2) 
PARAMETRIC_REPRESENTATION_CONTEXT() REPRESENTATION_CONTEXT('2D SPACE',''
  ) );
#2852 = ORIENTED_EDGE('',*,*,#2853,.T.);
#2853 = EDGE_CURVE('',#2826,#2854,#2856,.T.);
#2854 = VERTEX_POINT('',#2855);
#2855 = CARTESIAN_POINT('',(-40.,6.,-214.4641016151));
#2856 = SURFACE_CURVE('',#2857,(#2861,#2868),.PCURVE_S1.);
#2857 = LINE('',#2858,#2859);
#2858 = CARTESIAN_POINT('',(-40.46926627054,6.,-214.69551813));
#2859 = VECTOR('',#2860,1.);
#2860 = DIRECTION('',(0.896872741533,4.910390874124E-17,0.442288690219)
  );
#2861 = PCURVE('',#2633,#2862);
#2862 = DEFINITIONAL_REPRESENTATION('',(#2863),#2867);
#2863 = LINE('',#2864,#2865);
#2864 = CARTESIAN_POINT('',(52.217865982365,20.022589214866));
#2865 = VECTOR('',#2866,1.);
#2866 = DIRECTION('',(-0.896872741533,0.442288690219));
#2867 = ( GEOMETRIC_REPRESENTATION_CONTEXT(2) 
PARAMETRIC_REPRESENTATION_CONTEXT() REPRESENTATION_CONTEXT('2D SPACE',''
  ) );
#2868 = PCURVE('',#2869,#2874);
#2869 = PLANE('',#2870);
#2870 = AXIS2_PLACEMENT_3D('',#2871,#2872,#2873);
#2871 = CARTESIAN_POINT('',(-40.46926627054,6.,-214.69551813));
#2872 = DIRECTION('',(-0.442288690219,9.957287678083E-17,0.896872741533)
  );
#2873 = DIRECTION('',(0.896872741533,4.910390874124E-17,0.442288690219)
  );
#2874 = DEFINITIONAL_REPRESENTATION('',(#2875),#2879);
#2875 = LINE('',#2876,#2877);
#2876 = CARTESIAN_POINT('',(0.,0.));
#2877 = VECTOR('',#2878,1.);
#2878 = DIRECTION('',(1.,0.));
#2879 = ( GEOMETRIC_REPRESENTATION_CONTEXT(2) 
PARAMETRIC_REPRESENTATION_CONTEXT() REPRESENTATION_CONTEXT('2D SPACE',''
  ) );
#2880 = ORIENTED_EDGE('',*,*,#2881,.T.);
#2881 = EDGE_CURVE('',#2854,#2882,#2884,.T.);
#2882 = VERTEX_POINT('',#2883);
#2883 = CARTESIAN_POINT('',(-39.56495428396,6.,-214.1734133611));
#2884 = SURFACE_CURVE('',#2885,(#2889,#2896),.PCURVE_S1.);
#2885 = LINE('',#2886,#2887);
#2886 = CARTESIAN_POINT('',(-40.,6.,-214.4641016151));
#2887 = VECTOR('',#2888,1.);
#2888 = DIRECTION('',(0.831469612303,6.168068644947E-17,0.55557023302));
#2889 = PCURVE('',#2633,#2890);
#2890 = DEFINITIONAL_REPRESENTATION('',(#2891),#2895);
#2891 = LINE('',#2892,#2893);
#2892 = CARTESIAN_POINT('',(51.748599711825,20.254005729773));
#2893 = VECTOR('',#2894,1.);
#2894 = DIRECTION('',(-0.831469612303,0.55557023302));
#2895 = ( GEOMETRIC_REPRESENTATION_CONTEXT(2) 
PARAMETRIC_REPRESENTATION_CONTEXT() REPRESENTATION_CONTEXT('2D SPACE',''
  ) );
#2896 = PCURVE('',#2897,#2902);
#2897 = PLANE('',#2898);
#2898 = AXIS2_PLACEMENT_3D('',#2899,#2900,#2901);
#2899 = CARTESIAN_POINT('',(-40.,6.,-214.4641016151));
#2900 = DIRECTION('',(-0.55557023302,9.231167078544E-17,0.831469612303)
  );
#2901 = DIRECTION('',(0.831469612303,6.168068644947E-17,0.55557023302));
#2902 = DEFINITIONAL_REPRESENTATION('',(#2903),#2907);
#2903 = LINE('',#2904,#2905);
#2904 = CARTESIAN_POINT('',(0.,0.));
#2905 = VECTOR('',#2906,1.);
#2906 = DIRECTION('',(1.,0.));
#2907 = ( GEOMETRIC_REPRESENTATION_CONTEXT(2) 
PARAMETRIC_REPRESENTATION_CONTEXT() REPRESENTATION_CONTEXT('2D SPACE',''
  ) );
#2908 = ORIENTED_EDGE('',*,*,#2909,.T.);
#2909 = EDGE_CURVE('',#2882,#2910,#2912,.T.);
#2910 = VERTEX_POINT('',#2911);
#2911 = CARTESIAN_POINT('',(-39.17157287525,6.,-213.8284271247));
#2912 = SURFACE_CURVE('',#2913,(#2917,#2924),.PCURVE_S1.);
#2913 = LINE('',#2914,#2915);
#2914 = CARTESIAN_POINT('',(-39.56495428396,6.,-214.1734133611));
#2915 = VECTOR('',#2916,1.);
#2916 = DIRECTION('',(0.751839807479,7.320209051143E-17,0.6593458151));
#2917 = PCURVE('',#2633,#2918);
#2918 = DEFINITIONAL_REPRESENTATION('',(#2919),#2923);
#2919 = LINE('',#2920,#2921);
#2920 = CARTESIAN_POINT('',(51.31355399579,20.544693983746));
#2921 = VECTOR('',#2922,1.);
#2922 = DIRECTION('',(-0.751839807479,0.6593458151));
#2923 = ( GEOMETRIC_REPRESENTATION_CONTEXT(2) 
PARAMETRIC_REPRESENTATION_CONTEXT() REPRESENTATION_CONTEXT('2D SPACE',''
  ) );
#2924 = PCURVE('',#2925,#2930);
#2925 = PLANE('',#2926);
#2926 = AXIS2_PLACEMENT_3D('',#2927,#2928,#2929);
#2927 = CARTESIAN_POINT('',(-39.56495428396,6.,-214.1734133611));
#2928 = DIRECTION('',(-0.6593458151,8.347098650929E-17,0.751839807479));
#2929 = DIRECTION('',(0.751839807479,7.320209051143E-17,0.6593458151));
#2930 = DEFINITIONAL_REPRESENTATION('',(#2931),#2935);
#2931 = LINE('',#2932,#2933);
#2932 = CARTESIAN_POINT('',(0.,0.));
#2933 = VECTOR('',#2934,1.);
#2934 = DIRECTION('',(1.,0.));
#2935 = ( GEOMETRIC_REPRESENTATION_CONTEXT(2) 
PARAMETRIC_REPRESENTATION_CONTEXT() REPRESENTATION_CONTEXT('2D SPACE',''
  ) );
#2936 = ORIENTED_EDGE('',*,*,#2937,.T.);
#2937 = EDGE_CURVE('',#2910,#2938,#2940,.T.);
#2938 = VERTEX_POINT('',#2939);
#2939 = CARTESIAN_POINT('',(-38.82658663883,6.,-213.435045716));
#2940 = SURFACE_CURVE('',#2941,(#2945,#2952),.PCURVE_S1.);
#2941 = LINE('',#2942,#2943);
#2942 = CARTESIAN_POINT('',(-39.17157287525,6.,-213.8284271247));
#2943 = VECTOR('',#2944,1.);
#2944 = DIRECTION('',(0.6593458151,8.347098650929E-17,0.751839807479));
#2945 = PCURVE('',#2633,#2946);
#2946 = DEFINITIONAL_REPRESENTATION('',(#2947),#2951);
#2947 = LINE('',#2948,#2949);
#2948 = CARTESIAN_POINT('',(50.920172587079,20.889680220165));
#2949 = VECTOR('',#2950,1.);
#2950 = DIRECTION('',(-0.6593458151,0.751839807479));
#2951 = ( GEOMETRIC_REPRESENTATION_CONTEXT(2) 
PARAMETRIC_REPRESENTATION_CONTEXT() REPRESENTATION_CONTEXT('2D SPACE',''
  ) );
#2952 = PCURVE('',#2953,#2958);
#2953 = PLANE('',#2954);
#2954 = AXIS2_PLACEMENT_3D('',#2955,#2956,#2957);
#2955 = CARTESIAN_POINT('',(-39.17157287525,6.,-213.8284271247));
#2956 = DIRECTION('',(-0.751839807479,7.320209051143E-17,0.6593458151));
#2957 = DIRECTION('',(0.6593458151,8.347098650929E-17,0.751839807479));
#2958 = DEFINITIONAL_REPRESENTATION('',(#2959),#2963);
#2959 = LINE('',#2960,#2961);
#2960 = CARTESIAN_POINT('',(0.,0.));
#2961 = VECTOR('',#2962,1.);
#2962 = DIRECTION('',(1.,0.));
#2963 = ( GEOMETRIC_REPRESENTATION_CONTEXT(2) 
PARAMETRIC_REPRESENTATION_CONTEXT() REPRESENTATION_CONTEXT('2D SPACE',''
  ) );
#2964 = ORIENTED_EDGE('',*,*,#2965,.T.);
#2965 = EDGE_CURVE('',#2938,#2966,#2968,.T.);
#2966 = VERTEX_POINT('',#2967);
#2967 = CARTESIAN_POINT('',(-38.53589838486,6.,-213.));
#2968 = SURFACE_CURVE('',#2969,(#2973,#2980),.PCURVE_S1.);
#2969 = LINE('',#2970,#2971);
#2970 = CARTESIAN_POINT('',(-38.82658663883,6.,-213.435045716));
#2971 = VECTOR('',#2972,1.);
#2972 = DIRECTION('',(0.55557023302,9.231167078544E-17,0.831469612303));
#2973 = PCURVE('',#2633,#2974);
#2974 = DEFINITIONAL_REPRESENTATION('',(#2975),#2979);
#2975 = LINE('',#2976,#2977);
#2976 = CARTESIAN_POINT('',(50.57518635066,21.283061628876));
#2977 = VECTOR('',#2978,1.);
#2978 = DIRECTION('',(-0.55557023302,0.831469612303));
#2979 = ( GEOMETRIC_REPRESENTATION_CONTEXT(2) 
PARAMETRIC_REPRESENTATION_CONTEXT() REPRESENTATION_CONTEXT('2D SPACE',''
  ) );
#2980 = PCURVE('',#2981,#2986);
#2981 = PLANE('',#2982);
#2982 = AXIS2_PLACEMENT_3D('',#2983,#2984,#2985);
#2983 = CARTESIAN_POINT('',(-38.82658663883,6.,-213.435045716));
#2984 = DIRECTION('',(-0.831469612303,6.168068644947E-17,0.55557023302)
  );
#2985 = DIRECTION('',(0.55557023302,9.231167078544E-17,0.831469612303));
#2986 = DEFINITIONAL_REPRESENTATION('',(#2987),#2991);
#2987 = LINE('',#2988,#2989);
#2988 = CARTESIAN_POINT('',(0.,0.));
#2989 = VECTOR('',#2990,1.);
#2990 = DIRECTION('',(1.,0.));
#2991 = ( GEOMETRIC_REPRESENTATION_CONTEXT(2) 
PARAMETRIC_REPRESENTATION_CONTEXT() REPRESENTATION_CONTEXT('2D SPACE',''
  ) );
#2992 = ORIENTED_EDGE('',*,*,#2993,.T.);
#2993 = EDGE_CURVE('',#2966,#2994,#2996,.T.);
#2994 = VERTEX_POINT('',#2995);
#2995 = CARTESIAN_POINT('',(-38.30448186995,6.,-212.5307337294));
#2996 = SURFACE_CURVE('',#2997,(#3001,#3008),.PCURVE_S1.);
#2997 = LINE('',#2998,#2999);
#2998 = CARTESIAN_POINT('',(-38.53589838486,6.,-213.));
#2999 = VECTOR('',#3000,1.);
#3000 = DIRECTION('',(0.442288690219,9.957287678083E-17,0.896872741533)
  );
#3001 = PCURVE('',#2633,#3002);
#3002 = DEFINITIONAL_REPRESENTATION('',(#3003),#3007);
#3003 = LINE('',#3004,#3005);
#3004 = CARTESIAN_POINT('',(50.284498096687,21.718107344911));
#3005 = VECTOR('',#3006,1.);
#3006 = DIRECTION('',(-0.442288690219,0.896872741533));
#3007 = ( GEOMETRIC_REPRESENTATION_CONTEXT(2) 
PARAMETRIC_REPRESENTATION_CONTEXT() REPRESENTATION_CONTEXT('2D SPACE',''
  ) );
#3008 = PCURVE('',#3009,#3014);
#3009 = PLANE('',#3010);
#3010 = AXIS2_PLACEMENT_3D('',#3011,#3012,#3013);
#3011 = CARTESIAN_POINT('',(-38.53589838486,6.,-213.));
#3012 = DIRECTION('',(-0.896872741533,4.910390874124E-17,0.442288690219)
  );
#3013 = DIRECTION('',(0.442288690219,9.957287678083E-17,0.896872741533)
  );
#3014 = DEFINITIONAL_REPRESENTATION('',(#3015),#3019);
#3015 = LINE('',#3016,#3017);
#3016 = CARTESIAN_POINT('',(0.,0.));
#3017 = VECTOR('',#3018,1.);
#3018 = DIRECTION('',(1.,0.));
#3019 = ( GEOMETRIC_REPRESENTATION_CONTEXT(2) 
PARAMETRIC_REPRESENTATION_CONTEXT() REPRESENTATION_CONTEXT('2D SPACE',''
  ) );
#3020 = ORIENTED_EDGE('',*,*,#3021,.T.);
#3021 = EDGE_CURVE('',#2994,#3022,#3024,.T.);
#3022 = VERTEX_POINT('',#3023);
#3023 = CARTESIAN_POINT('',(-38.13629669484,6.,-212.0352761804));
#3024 = SURFACE_CURVE('',#3025,(#3029,#3036),.PCURVE_S1.);
#3025 = LINE('',#3026,#3027);
#3026 = CARTESIAN_POINT('',(-38.30448186995,6.,-212.5307337294));
#3027 = VECTOR('',#3028,1.);
#3028 = DIRECTION('',(0.321439465303,1.051303632477E-16,0.946930129495)
  );
#3029 = PCURVE('',#2633,#3030);
#3030 = DEFINITIONAL_REPRESENTATION('',(#3031),#3035);
#3031 = LINE('',#3032,#3033);
#3032 = CARTESIAN_POINT('',(50.05308158178,22.187373615451));
#3033 = VECTOR('',#3034,1.);
#3034 = DIRECTION('',(-0.321439465303,0.946930129495));
#3035 = ( GEOMETRIC_REPRESENTATION_CONTEXT(2) 
PARAMETRIC_REPRESENTATION_CONTEXT() REPRESENTATION_CONTEXT('2D SPACE',''
  ) );
#3036 = PCURVE('',#3037,#3042);
#3037 = PLANE('',#3038);
#3038 = AXIS2_PLACEMENT_3D('',#3039,#3040,#3041);
#3039 = CARTESIAN_POINT('',(-38.30448186995,6.,-212.5307337294));
#3040 = DIRECTION('',(-0.946930129495,3.568694954028E-17,0.321439465303)
  );
#3041 = DIRECTION('',(0.321439465303,1.051303632477E-16,0.946930129495)
  );
#3042 = DEFINITIONAL_REPRESENTATION('',(#3043),#3047);
#3043 = LINE('',#3044,#3045);
#3044 = CARTESIAN_POINT('',(0.,0.));
#3045 = VECTOR('',#3046,1.);
#3046 = DIRECTION('',(1.,0.));
#3047 = ( GEOMETRIC_REPRESENTATION_CONTEXT(2) 
PARAMETRIC_REPRESENTATION_CONTEXT() REPRESENTATION_CONTEXT('2D SPACE',''
  ) );
#3048 = ORIENTED_EDGE('',*,*,#3049,.T.);
#3049 = EDGE_CURVE('',#3022,#3050,#3052,.T.);
#3050 = VERTEX_POINT('',#3051);
#3051 = CARTESIAN_POINT('',(-38.0342205545,6.,-211.5221047688));
#3052 = SURFACE_CURVE('',#3053,(#3057,#3064),.PCURVE_S1.);
#3053 = LINE('',#3054,#3055);
#3054 = CARTESIAN_POINT('',(-38.13629669484,6.,-212.0352761804));
#3055 = VECTOR('',#3056,1.);
#3056 = DIRECTION('',(0.195090322016,1.088890400517E-16,0.980785280403)
  );
#3057 = PCURVE('',#2633,#3058);
#3058 = DEFINITIONAL_REPRESENTATION('',(#3059),#3063);
#3059 = LINE('',#3060,#3061);
#3060 = CARTESIAN_POINT('',(49.884896406669,22.682831164501));
#3061 = VECTOR('',#3062,1.);
#3062 = DIRECTION('',(-0.195090322016,0.980785280403));
#3063 = ( GEOMETRIC_REPRESENTATION_CONTEXT(2) 
PARAMETRIC_REPRESENTATION_CONTEXT() REPRESENTATION_CONTEXT('2D SPACE',''
  ) );
#3064 = PCURVE('',#3065,#3070);
#3065 = PLANE('',#3066);
#3066 = AXIS2_PLACEMENT_3D('',#3067,#3068,#3069);
#3067 = CARTESIAN_POINT('',(-38.13629669484,6.,-212.0352761804));
#3068 = DIRECTION('',(-0.980785280403,2.165937673839E-17,0.195090322016)
  );
#3069 = DIRECTION('',(0.195090322016,1.088890400517E-16,0.980785280403)
  );
#3070 = DEFINITIONAL_REPRESENTATION('',(#3071),#3075);
#3071 = LINE('',#3072,#3073);
#3072 = CARTESIAN_POINT('',(0.,0.));
#3073 = VECTOR('',#3074,1.);
#3074 = DIRECTION('',(1.,0.));
#3075 = ( GEOMETRIC_REPRESENTATION_CONTEXT(2) 
PARAMETRIC_REPRESENTATION_CONTEXT() REPRESENTATION_CONTEXT('2D SPACE',''
  ) );
#3076 = ORIENTED_EDGE('',*,*,#3077,.T.);
#3077 = EDGE_CURVE('',#3050,#3078,#3080,.T.);
#3078 = VERTEX_POINT('',#3079);
#3079 = CARTESIAN_POINT('',(-38.,6.,-211.));
#3080 = SURFACE_CURVE('',#3081,(#3085,#3092),.PCURVE_S1.);
#3081 = LINE('',#3082,#3083);
#3082 = CARTESIAN_POINT('',(-38.0342205545,6.,-211.5221047688));
#3083 = VECTOR('',#3084,1.);
#3084 = DIRECTION('',(6.540312923014E-02,1.107845951907E-16,
    0.997858923239));
#3085 = PCURVE('',#2633,#3086);
#3086 = DEFINITIONAL_REPRESENTATION('',(#3087),#3091);
#3087 = LINE('',#3088,#3089);
#3088 = CARTESIAN_POINT('',(49.78282026633,23.196002576031));
#3089 = VECTOR('',#3090,1.);
#3090 = DIRECTION('',(-6.540312923014E-02,0.997858923239));
#3091 = ( GEOMETRIC_REPRESENTATION_CONTEXT(2) 
PARAMETRIC_REPRESENTATION_CONTEXT() REPRESENTATION_CONTEXT('2D SPACE',''
  ) );
#3092 = PCURVE('',#3093,#3098);
#3093 = PLANE('',#3094);
#3094 = AXIS2_PLACEMENT_3D('',#3095,#3096,#3097);
#3095 = CARTESIAN_POINT('',(-38.0342205545,6.,-211.5221047688));
#3096 = DIRECTION('',(-0.997858923239,7.261205995383E-18,
    6.540312923014E-02));
#3097 = DIRECTION('',(6.540312923014E-02,1.107845951907E-16,
    0.997858923239));
#3098 = DEFINITIONAL_REPRESENTATION('',(#3099),#3103);
#3099 = LINE('',#3100,#3101);
#3100 = CARTESIAN_POINT('',(0.,0.));
#3101 = VECTOR('',#3102,1.);
#3102 = DIRECTION('',(1.,0.));
#3103 = ( GEOMETRIC_REPRESENTATION_CONTEXT(2) 
PARAMETRIC_REPRESENTATION_CONTEXT() REPRESENTATION_CONTEXT('2D SPACE',''
  ) );
#3104 = ORIENTED_EDGE('',*,*,#3105,.T.);
#3105 = EDGE_CURVE('',#3078,#3106,#3108,.T.);
#3106 = VERTEX_POINT('',#3107);
#3107 = CARTESIAN_POINT('',(-37.99194525279,6.,-155.0080547472));
#3108 = SURFACE_CURVE('',#3109,(#3113,#3120),.PCURVE_S1.);
#3109 = LINE('',#3110,#3111);
#3110 = CARTESIAN_POINT('',(-38.,6.,-211.));
#3111 = VECTOR('',#3112,1.);
#3112 = DIRECTION('',(1.438554614517E-04,1.110223013137E-16,
    0.999999989653));
#3113 = PCURVE('',#2633,#3114);
#3114 = DEFINITIONAL_REPRESENTATION('',(#3115),#3119);
#3115 = LINE('',#3116,#3117);
#3116 = CARTESIAN_POINT('',(49.748599711825,23.718107344911));
#3117 = VECTOR('',#3118,1.);
#3118 = DIRECTION('',(-1.438554614517E-04,0.999999989653));
#3119 = ( GEOMETRIC_REPRESENTATION_CONTEXT(2) 
PARAMETRIC_REPRESENTATION_CONTEXT() REPRESENTATION_CONTEXT('2D SPACE',''
  ) );
#3120 = PCURVE('',#3121,#3126);
#3121 = PLANE('',#3122);
#3122 = AXIS2_PLACEMENT_3D('',#3123,#3124,#3125);
#3123 = CARTESIAN_POINT('',(-38.,6.,-211.));
#3124 = DIRECTION('',(-0.999999989653,1.597116455218E-20,
    1.438554614517E-04));
#3125 = DIRECTION('',(1.438554614517E-04,1.110223013137E-16,
    0.999999989653));
#3126 = DEFINITIONAL_REPRESENTATION('',(#3127),#3131);
#3127 = LINE('',#3128,#3129);
#3128 = CARTESIAN_POINT('',(0.,0.));
#3129 = VECTOR('',#3130,1.);
#3130 = DIRECTION('',(1.,0.));
#3131 = ( GEOMETRIC_REPRESENTATION_CONTEXT(2) 
PARAMETRIC_REPRESENTATION_CONTEXT() REPRESENTATION_CONTEXT('2D SPACE',''
  ) );
#3132 = ORIENTED_EDGE('',*,*,#3133,.T.);
#3133 = EDGE_CURVE('',#3106,#3134,#3136,.T.);
#3134 = VERTEX_POINT('',#3135);
#3135 = CARTESIAN_POINT('',(37.991945252795,6.,-155.0080547472));
#3136 = SURFACE_CURVE('',#3137,(#3141,#3148),.PCURVE_S1.);
#3137 = LINE('',#3138,#3139);
#3138 = CARTESIAN_POINT('',(-37.99194525279,6.,-155.0080547472));
#3139 = VECTOR('',#3140,1.);
#3140 = DIRECTION('',(1.,1.03819493839E-32,9.351228675344E-17));
#3141 = PCURVE('',#2633,#3142);
#3142 = DEFINITIONAL_REPRESENTATION('',(#3143),#3147);
#3143 = LINE('',#3144,#3145);
#3144 = CARTESIAN_POINT('',(49.74054496462,79.710052597706));
#3145 = VECTOR('',#3146,1.);
#3146 = DIRECTION('',(-1.,9.351228675344E-17));
#3147 = ( GEOMETRIC_REPRESENTATION_CONTEXT(2) 
PARAMETRIC_REPRESENTATION_CONTEXT() REPRESENTATION_CONTEXT('2D SPACE',''
  ) );
#3148 = PCURVE('',#3149,#3154);
#3149 = PLANE('',#3150);
#3150 = AXIS2_PLACEMENT_3D('',#3151,#3152,#3153);
#3151 = CARTESIAN_POINT('',(-37.99194525279,6.,-155.0080547472));
#3152 = DIRECTION('',(-9.351228675344E-17,1.110223024625E-16,1.));
#3153 = DIRECTION('',(1.,1.03819493839E-32,9.351228675344E-17));
#3154 = DEFINITIONAL_REPRESENTATION('',(#3155),#3159);
#3155 = LINE('',#3156,#3157);
#3156 = CARTESIAN_POINT('',(0.,0.));
#3157 = VECTOR('',#3158,1.);
#3158 = DIRECTION('',(1.,0.));
#3159 = ( GEOMETRIC_REPRESENTATION_CONTEXT(2) 
PARAMETRIC_REPRESENTATION_CONTEXT() REPRESENTATION_CONTEXT('2D SPACE',''
  ) );
#3160 = ORIENTED_EDGE('',*,*,#3161,.T.);
#3161 = EDGE_CURVE('',#3134,#3162,#3164,.T.);
#3162 = VERTEX_POINT('',#3163);
#3163 = CARTESIAN_POINT('',(38.,6.,-211.));
#3164 = SURFACE_CURVE('',#3165,(#3169,#3176),.PCURVE_S1.);
#3165 = LINE('',#3166,#3167);
#3166 = CARTESIAN_POINT('',(37.991945252795,6.,-155.0080547472));
#3167 = VECTOR('',#3168,1.);
#3168 = DIRECTION('',(1.438554614517E-04,-1.110223013137E-16,
    -0.999999989653));
#3169 = PCURVE('',#2633,#3170);
#3170 = DEFINITIONAL_REPRESENTATION('',(#3171),#3175);
#3171 = LINE('',#3172,#3173);
#3172 = CARTESIAN_POINT('',(-26.24334554097,79.710052597706));
#3173 = VECTOR('',#3174,1.);
#3174 = DIRECTION('',(-1.438554614517E-04,-0.999999989653));
#3175 = ( GEOMETRIC_REPRESENTATION_CONTEXT(2) 
PARAMETRIC_REPRESENTATION_CONTEXT() REPRESENTATION_CONTEXT('2D SPACE',''
  ) );
#3176 = PCURVE('',#3177,#3182);
#3177 = PLANE('',#3178);
#3178 = AXIS2_PLACEMENT_3D('',#3179,#3180,#3181);
#3179 = CARTESIAN_POINT('',(37.991945252795,6.,-155.0080547472));
#3180 = DIRECTION('',(0.999999989653,1.597116455218E-20,
    1.438554614517E-04));
#3181 = DIRECTION('',(1.438554614517E-04,-1.110223013137E-16,
    -0.999999989653));
#3182 = DEFINITIONAL_REPRESENTATION('',(#3183),#3187);
#3183 = LINE('',#3184,#3185);
#3184 = CARTESIAN_POINT('',(0.,0.));
#3185 = VECTOR('',#3186,1.);
#3186 = DIRECTION('',(1.,0.));
#3187 = ( GEOMETRIC_REPRESENTATION_CONTEXT(2) 
PARAMETRIC_REPRESENTATION_CONTEXT() REPRESENTATION_CONTEXT('2D SPACE',''
  ) );
#3188 = ORIENTED_EDGE('',*,*,#3189,.T.);
#3189 = EDGE_CURVE('',#3162,#3190,#3192,.T.);
#3190 = VERTEX_POINT('',#3191);
#3191 = CARTESIAN_POINT('',(38.034220554505,6.,-211.5221047688));
#3192 = SURFACE_CURVE('',#3193,(#3197,#3204),.PCURVE_S1.);
#3193 = LINE('',#3194,#3195);
#3194 = CARTESIAN_POINT('',(38.,6.,-211.));
#3195 = VECTOR('',#3196,1.);
#3196 = DIRECTION('',(6.540312923014E-02,-1.107845951907E-16,
    -0.997858923239));
#3197 = PCURVE('',#2633,#3198);
#3198 = DEFINITIONAL_REPRESENTATION('',(#3199),#3203);
#3199 = LINE('',#3200,#3201);
#3200 = CARTESIAN_POINT('',(-26.25140028817,23.718107344911));
#3201 = VECTOR('',#3202,1.);
#3202 = DIRECTION('',(-6.540312923014E-02,-0.997858923239));
#3203 = ( GEOMETRIC_REPRESENTATION_CONTEXT(2) 
PARAMETRIC_REPRESENTATION_CONTEXT() REPRESENTATION_CONTEXT('2D SPACE',''
  ) );
#3204 = PCURVE('',#3205,#3210);
#3205 = PLANE('',#3206);
#3206 = AXIS2_PLACEMENT_3D('',#3207,#3208,#3209);
#3207 = CARTESIAN_POINT('',(38.,6.,-211.));
#3208 = DIRECTION('',(0.997858923239,7.261205995383E-18,
    6.540312923014E-02));
#3209 = DIRECTION('',(6.540312923014E-02,-1.107845951907E-16,
    -0.997858923239));
#3210 = DEFINITIONAL_REPRESENTATION('',(#3211),#3215);
#3211 = LINE('',#3212,#3213);
#3212 = CARTESIAN_POINT('',(0.,0.));
#3213 = VECTOR('',#3214,1.);
#3214 = DIRECTION('',(1.,0.));
#3215 = ( GEOMETRIC_REPRESENTATION_CONTEXT(2) 
PARAMETRIC_REPRESENTATION_CONTEXT() REPRESENTATION_CONTEXT('2D SPACE',''
  ) );
#3216 = ORIENTED_EDGE('',*,*,#3217,.T.);
#3217 = EDGE_CURVE('',#3190,#3218,#3220,.T.);
#3218 = VERTEX_POINT('',#3219);
#3219 = CARTESIAN_POINT('',(38.136296694844,6.,-212.0352761804));
#3220 = SURFACE_CURVE('',#3221,(#3225,#3232),.PCURVE_S1.);
#3221 = LINE('',#3222,#3223);
#3222 = CARTESIAN_POINT('',(38.034220554505,6.,-211.5221047688));
#3223 = VECTOR('',#3224,1.);
#3224 = DIRECTION('',(0.195090322016,-1.088890400517E-16,-0.980785280403
    ));
#3225 = PCURVE('',#2633,#3226);
#3226 = DEFINITIONAL_REPRESENTATION('',(#3227),#3231);
#3227 = LINE('',#3228,#3229);
#3228 = CARTESIAN_POINT('',(-26.28562084268,23.196002576031));
#3229 = VECTOR('',#3230,1.);
#3230 = DIRECTION('',(-0.195090322016,-0.980785280403));
#3231 = ( GEOMETRIC_REPRESENTATION_CONTEXT(2) 
PARAMETRIC_REPRESENTATION_CONTEXT() REPRESENTATION_CONTEXT('2D SPACE',''
  ) );
#3232 = PCURVE('',#3233,#3238);
#3233 = PLANE('',#3234);
#3234 = AXIS2_PLACEMENT_3D('',#3235,#3236,#3237);
#3235 = CARTESIAN_POINT('',(38.034220554505,6.,-211.5221047688));
#3236 = DIRECTION('',(0.980785280403,2.165937673838E-17,0.195090322016)
  );
#3237 = DIRECTION('',(0.195090322016,-1.088890400517E-16,-0.980785280403
    ));
#3238 = DEFINITIONAL_REPRESENTATION('',(#3239),#3243);
#3239 = LINE('',#3240,#3241);
#3240 = CARTESIAN_POINT('',(0.,0.));
#3241 = VECTOR('',#3242,1.);
#3242 = DIRECTION('',(1.,0.));
#3243 = ( GEOMETRIC_REPRESENTATION_CONTEXT(2) 
PARAMETRIC_REPRESENTATION_CONTEXT() REPRESENTATION_CONTEXT('2D SPACE',''
  ) );
#3244 = ORIENTED_EDGE('',*,*,#3245,.T.);
#3245 = EDGE_CURVE('',#3218,#3246,#3248,.T.);
#3246 = VERTEX_POINT('',#3247);
#3247 = CARTESIAN_POINT('',(38.304481869955,6.,-212.5307337294));
#3248 = SURFACE_CURVE('',#3249,(#3253,#3260),.PCURVE_S1.);
#3249 = LINE('',#3250,#3251);
#3250 = CARTESIAN_POINT('',(38.136296694844,6.,-212.0352761804));
#3251 = VECTOR('',#3252,1.);
#3252 = DIRECTION('',(0.321439465303,-1.051303632477E-16,-0.946930129495
    ));
#3253 = PCURVE('',#2633,#3254);
#3254 = DEFINITIONAL_REPRESENTATION('',(#3255),#3259);
#3255 = LINE('',#3256,#3257);
#3256 = CARTESIAN_POINT('',(-26.38769698301,22.682831164501));
#3257 = VECTOR('',#3258,1.);
#3258 = DIRECTION('',(-0.321439465303,-0.946930129495));
#3259 = ( GEOMETRIC_REPRESENTATION_CONTEXT(2) 
PARAMETRIC_REPRESENTATION_CONTEXT() REPRESENTATION_CONTEXT('2D SPACE',''
  ) );
#3260 = PCURVE('',#3261,#3266);
#3261 = PLANE('',#3262);
#3262 = AXIS2_PLACEMENT_3D('',#3263,#3264,#3265);
#3263 = CARTESIAN_POINT('',(38.136296694844,6.,-212.0352761804));
#3264 = DIRECTION('',(0.946930129495,3.568694954028E-17,0.321439465303)
  );
#3265 = DIRECTION('',(0.321439465303,-1.051303632477E-16,-0.946930129495
    ));
#3266 = DEFINITIONAL_REPRESENTATION('',(#3267),#3271);
#3267 = LINE('',#3268,#3269);
#3268 = CARTESIAN_POINT('',(0.,0.));
#3269 = VECTOR('',#3270,1.);
#3270 = DIRECTION('',(1.,0.));
#3271 = ( GEOMETRIC_REPRESENTATION_CONTEXT(2) 
PARAMETRIC_REPRESENTATION_CONTEXT() REPRESENTATION_CONTEXT('2D SPACE',''
  ) );
#3272 = ORIENTED_EDGE('',*,*,#3273,.T.);
#3273 = EDGE_CURVE('',#3246,#3274,#3276,.T.);
#3274 = VERTEX_POINT('',#3275);
#3275 = CARTESIAN_POINT('',(38.535898384862,6.,-213.));
#3276 = SURFACE_CURVE('',#3277,(#3281,#3288),.PCURVE_S1.);
#3277 = LINE('',#3278,#3279);
#3278 = CARTESIAN_POINT('',(38.304481869955,6.,-212.5307337294));
#3279 = VECTOR('',#3280,1.);
#3280 = DIRECTION('',(0.442288690219,-9.957287678083E-17,-0.896872741533
    ));
#3281 = PCURVE('',#2633,#3282);
#3282 = DEFINITIONAL_REPRESENTATION('',(#3283),#3287);
#3283 = LINE('',#3284,#3285);
#3284 = CARTESIAN_POINT('',(-26.55588215813,22.187373615451));
#3285 = VECTOR('',#3286,1.);
#3286 = DIRECTION('',(-0.442288690219,-0.896872741533));
#3287 = ( GEOMETRIC_REPRESENTATION_CONTEXT(2) 
PARAMETRIC_REPRESENTATION_CONTEXT() REPRESENTATION_CONTEXT('2D SPACE',''
  ) );
#3288 = PCURVE('',#3289,#3294);
#3289 = PLANE('',#3290);
#3290 = AXIS2_PLACEMENT_3D('',#3291,#3292,#3293);
#3291 = CARTESIAN_POINT('',(38.304481869955,6.,-212.5307337294));
#3292 = DIRECTION('',(0.896872741533,4.910390874124E-17,0.442288690219)
  );
#3293 = DIRECTION('',(0.442288690219,-9.957287678083E-17,-0.896872741533
    ));
#3294 = DEFINITIONAL_REPRESENTATION('',(#3295),#3299);
#3295 = LINE('',#3296,#3297);
#3296 = CARTESIAN_POINT('',(0.,0.));
#3297 = VECTOR('',#3298,1.);
#3298 = DIRECTION('',(1.,0.));
#3299 = ( GEOMETRIC_REPRESENTATION_CONTEXT(2) 
PARAMETRIC_REPRESENTATION_CONTEXT() REPRESENTATION_CONTEXT('2D SPACE',''
  ) );
#3300 = ORIENTED_EDGE('',*,*,#3301,.T.);
#3301 = EDGE_CURVE('',#3274,#3302,#3304,.T.);
#3302 = VERTEX_POINT('',#3303);
#3303 = CARTESIAN_POINT('',(38.826586638835,6.,-213.435045716));
#3304 = SURFACE_CURVE('',#3305,(#3309,#3316),.PCURVE_S1.);
#3305 = LINE('',#3306,#3307);
#3306 = CARTESIAN_POINT('',(38.535898384862,6.,-213.));
#3307 = VECTOR('',#3308,1.);
#3308 = DIRECTION('',(0.55557023302,-9.231167078544E-17,-0.831469612303)
  );
#3309 = PCURVE('',#2633,#3310);
#3310 = DEFINITIONAL_REPRESENTATION('',(#3311),#3315);
#3311 = LINE('',#3312,#3313);
#3312 = CARTESIAN_POINT('',(-26.78729867303,21.718107344911));
#3313 = VECTOR('',#3314,1.);
#3314 = DIRECTION('',(-0.55557023302,-0.831469612303));
#3315 = ( GEOMETRIC_REPRESENTATION_CONTEXT(2) 
PARAMETRIC_REPRESENTATION_CONTEXT() REPRESENTATION_CONTEXT('2D SPACE',''
  ) );
#3316 = PCURVE('',#3317,#3322);
#3317 = PLANE('',#3318);
#3318 = AXIS2_PLACEMENT_3D('',#3319,#3320,#3321);
#3319 = CARTESIAN_POINT('',(38.535898384862,6.,-213.));
#3320 = DIRECTION('',(0.831469612303,6.168068644947E-17,0.55557023302));
#3321 = DIRECTION('',(0.55557023302,-9.231167078544E-17,-0.831469612303)
  );
#3322 = DEFINITIONAL_REPRESENTATION('',(#3323),#3327);
#3323 = LINE('',#3324,#3325);
#3324 = CARTESIAN_POINT('',(0.,0.));
#3325 = VECTOR('',#3326,1.);
#3326 = DIRECTION('',(1.,0.));
#3327 = ( GEOMETRIC_REPRESENTATION_CONTEXT(2) 
PARAMETRIC_REPRESENTATION_CONTEXT() REPRESENTATION_CONTEXT('2D SPACE',''
  ) );
#3328 = ORIENTED_EDGE('',*,*,#3329,.T.);
#3329 = EDGE_CURVE('',#3302,#3330,#3332,.T.);
#3330 = VERTEX_POINT('',#3331);
#3331 = CARTESIAN_POINT('',(39.171572875254,6.,-213.8284271247));
#3332 = SURFACE_CURVE('',#3333,(#3337,#3344),.PCURVE_S1.);
#3333 = LINE('',#3334,#3335);
#3334 = CARTESIAN_POINT('',(38.826586638835,6.,-213.435045716));
#3335 = VECTOR('',#3336,1.);
#3336 = DIRECTION('',(0.6593458151,-8.347098650929E-17,-0.751839807479)
  );
#3337 = PCURVE('',#2633,#3338);
#3338 = DEFINITIONAL_REPRESENTATION('',(#3339),#3343);
#3339 = LINE('',#3340,#3341);
#3340 = CARTESIAN_POINT('',(-27.07798692701,21.283061628876));
#3341 = VECTOR('',#3342,1.);
#3342 = DIRECTION('',(-0.6593458151,-0.751839807479));
#3343 = ( GEOMETRIC_REPRESENTATION_CONTEXT(2) 
PARAMETRIC_REPRESENTATION_CONTEXT() REPRESENTATION_CONTEXT('2D SPACE',''
  ) );
#3344 = PCURVE('',#3345,#3350);
#3345 = PLANE('',#3346);
#3346 = AXIS2_PLACEMENT_3D('',#3347,#3348,#3349);
#3347 = CARTESIAN_POINT('',(38.826586638835,6.,-213.435045716));
#3348 = DIRECTION('',(0.751839807479,7.320209051143E-17,0.6593458151));
#3349 = DIRECTION('',(0.6593458151,-8.347098650929E-17,-0.751839807479)
  );
#3350 = DEFINITIONAL_REPRESENTATION('',(#3351),#3355);
#3351 = LINE('',#3352,#3353);
#3352 = CARTESIAN_POINT('',(0.,0.));
#3353 = VECTOR('',#3354,1.);
#3354 = DIRECTION('',(1.,0.));
#3355 = ( GEOMETRIC_REPRESENTATION_CONTEXT(2) 
PARAMETRIC_REPRESENTATION_CONTEXT() REPRESENTATION_CONTEXT('2D SPACE',''
  ) );
#3356 = ORIENTED_EDGE('',*,*,#3357,.T.);
#3357 = EDGE_CURVE('',#3330,#3358,#3360,.T.);
#3358 = VERTEX_POINT('',#3359);
#3359 = CARTESIAN_POINT('',(39.564954283965,6.,-214.1734133611));
#3360 = SURFACE_CURVE('',#3361,(#3365,#3372),.PCURVE_S1.);
#3361 = LINE('',#3362,#3363);
#3362 = CARTESIAN_POINT('',(39.171572875254,6.,-213.8284271247));
#3363 = VECTOR('',#3364,1.);
#3364 = DIRECTION('',(0.751839807479,-7.320209051143E-17,-0.6593458151)
  );
#3365 = PCURVE('',#2633,#3366);
#3366 = DEFINITIONAL_REPRESENTATION('',(#3367),#3371);
#3367 = LINE('',#3368,#3369);
#3368 = CARTESIAN_POINT('',(-27.42297316342,20.889680220165));
#3369 = VECTOR('',#3370,1.);
#3370 = DIRECTION('',(-0.751839807479,-0.6593458151));
#3371 = ( GEOMETRIC_REPRESENTATION_CONTEXT(2) 
PARAMETRIC_REPRESENTATION_CONTEXT() REPRESENTATION_CONTEXT('2D SPACE',''
  ) );
#3372 = PCURVE('',#3373,#3378);
#3373 = PLANE('',#3374);
#3374 = AXIS2_PLACEMENT_3D('',#3375,#3376,#3377);
#3375 = CARTESIAN_POINT('',(39.171572875254,6.,-213.8284271247));
#3376 = DIRECTION('',(0.6593458151,8.347098650929E-17,0.751839807479));
#3377 = DIRECTION('',(0.751839807479,-7.320209051143E-17,-0.6593458151)
  );
#3378 = DEFINITIONAL_REPRESENTATION('',(#3379),#3383);
#3379 = LINE('',#3380,#3381);
#3380 = CARTESIAN_POINT('',(0.,0.));
#3381 = VECTOR('',#3382,1.);
#3382 = DIRECTION('',(1.,0.));
#3383 = ( GEOMETRIC_REPRESENTATION_CONTEXT(2) 
PARAMETRIC_REPRESENTATION_CONTEXT() REPRESENTATION_CONTEXT('2D SPACE',''
  ) );
#3384 = ORIENTED_EDGE('',*,*,#3385,.T.);
#3385 = EDGE_CURVE('',#3358,#3386,#3388,.T.);
#3386 = VERTEX_POINT('',#3387);
#3387 = CARTESIAN_POINT('',(40.,6.,-214.4641016151));
#3388 = SURFACE_CURVE('',#3389,(#3393,#3400),.PCURVE_S1.);
#3389 = LINE('',#3390,#3391);
#3390 = CARTESIAN_POINT('',(39.564954283965,6.,-214.1734133611));
#3391 = VECTOR('',#3392,1.);
#3392 = DIRECTION('',(0.831469612303,-6.168068644947E-17,-0.55557023302)
  );
#3393 = PCURVE('',#2633,#3394);
#3394 = DEFINITIONAL_REPRESENTATION('',(#3395),#3399);
#3395 = LINE('',#3396,#3397);
#3396 = CARTESIAN_POINT('',(-27.81635457214,20.544693983746));
#3397 = VECTOR('',#3398,1.);
#3398 = DIRECTION('',(-0.831469612303,-0.55557023302));
#3399 = ( GEOMETRIC_REPRESENTATION_CONTEXT(2) 
PARAMETRIC_REPRESENTATION_CONTEXT() REPRESENTATION_CONTEXT('2D SPACE',''
  ) );
#3400 = PCURVE('',#3401,#3406);
#3401 = PLANE('',#3402);
#3402 = AXIS2_PLACEMENT_3D('',#3403,#3404,#3405);
#3403 = CARTESIAN_POINT('',(39.564954283965,6.,-214.1734133611));
#3404 = DIRECTION('',(0.55557023302,9.231167078544E-17,0.831469612303));
#3405 = DIRECTION('',(0.831469612303,-6.168068644947E-17,-0.55557023302)
  );
#3406 = DEFINITIONAL_REPRESENTATION('',(#3407),#3411);
#3407 = LINE('',#3408,#3409);
#3408 = CARTESIAN_POINT('',(0.,0.));
#3409 = VECTOR('',#3410,1.);
#3410 = DIRECTION('',(1.,0.));
#3411 = ( GEOMETRIC_REPRESENTATION_CONTEXT(2) 
PARAMETRIC_REPRESENTATION_CONTEXT() REPRESENTATION_CONTEXT('2D SPACE',''
  ) );
#3412 = ORIENTED_EDGE('',*,*,#3413,.T.);
#3413 = EDGE_CURVE('',#3386,#3414,#3416,.T.);
#3414 = VERTEX_POINT('',#3415);
#3415 = CARTESIAN_POINT('',(40.46926627054,6.,-214.69551813));
#3416 = SURFACE_CURVE('',#3417,(#3421,#3428),.PCURVE_S1.);
#3417 = LINE('',#3418,#3419);
#3418 = CARTESIAN_POINT('',(40.,6.,-214.4641016151));
#3419 = VECTOR('',#3420,1.);
#3420 = DIRECTION('',(0.896872741533,-4.910390874124E-17,-0.442288690219
    ));
#3421 = PCURVE('',#2633,#3422);
#3422 = DEFINITIONAL_REPRESENTATION('',(#3423),#3427);
#3423 = LINE('',#3424,#3425);
#3424 = CARTESIAN_POINT('',(-28.25140028817,20.254005729773));
#3425 = VECTOR('',#3426,1.);
#3426 = DIRECTION('',(-0.896872741533,-0.442288690219));
#3427 = ( GEOMETRIC_REPRESENTATION_CONTEXT(2) 
PARAMETRIC_REPRESENTATION_CONTEXT() REPRESENTATION_CONTEXT('2D SPACE',''
  ) );
#3428 = PCURVE('',#3429,#3434);
#3429 = PLANE('',#3430);
#3430 = AXIS2_PLACEMENT_3D('',#3431,#3432,#3433);
#3431 = CARTESIAN_POINT('',(40.,6.,-214.4641016151));
#3432 = DIRECTION('',(0.442288690219,9.957287678083E-17,0.896872741533)
  );
#3433 = DIRECTION('',(0.896872741533,-4.910390874124E-17,-0.442288690219
    ));
#3434 = DEFINITIONAL_REPRESENTATION('',(#3435),#3439);
#3435 = LINE('',#3436,#3437);
#3436 = CARTESIAN_POINT('',(0.,0.));
#3437 = VECTOR('',#3438,1.);
#3438 = DIRECTION('',(1.,0.));
#3439 = ( GEOMETRIC_REPRESENTATION_CONTEXT(2) 
PARAMETRIC_REPRESENTATION_CONTEXT() REPRESENTATION_CONTEXT('2D SPACE',''
  ) );
#3440 = ORIENTED_EDGE('',*,*,#3441,.T.);
#3441 = EDGE_CURVE('',#3414,#3442,#3444,.T.);
#3442 = VERTEX_POINT('',#3443);
#3443 = CARTESIAN_POINT('',(40.96472381959,6.,-214.8637033051));
#3444 = SURFACE_CURVE('',#3445,(#3449,#3456),.PCURVE_S1.);
#3445 = LINE('',#3446,#3447);
#3446 = CARTESIAN_POINT('',(40.46926627054,6.,-214.69551813));
#3447 = VECTOR('',#3448,1.);
#3448 = DIRECTION('',(0.946930129495,-3.568694954028E-17,-0.321439465303
    ));
#3449 = PCURVE('',#2633,#3450);
#3450 = DEFINITIONAL_REPRESENTATION('',(#3451),#3455);
#3451 = LINE('',#3452,#3453);
#3452 = CARTESIAN_POINT('',(-28.72066655871,20.022589214866));
#3453 = VECTOR('',#3454,1.);
#3454 = DIRECTION('',(-0.946930129495,-0.321439465303));
#3455 = ( GEOMETRIC_REPRESENTATION_CONTEXT(2) 
PARAMETRIC_REPRESENTATION_CONTEXT() REPRESENTATION_CONTEXT('2D SPACE',''
  ) );
#3456 = PCURVE('',#3457,#3462);
#3457 = PLANE('',#3458);
#3458 = AXIS2_PLACEMENT_3D('',#3459,#3460,#3461);
#3459 = CARTESIAN_POINT('',(40.46926627054,6.,-214.69551813));
#3460 = DIRECTION('',(0.321439465303,1.051303632477E-16,0.946930129495)
  );
#3461 = DIRECTION('',(0.946930129495,-3.568694954028E-17,-0.321439465303
    ));
#3462 = DEFINITIONAL_REPRESENTATION('',(#3463),#3467);
#3463 = LINE('',#3464,#3465);
#3464 = CARTESIAN_POINT('',(0.,0.));
#3465 = VECTOR('',#3466,1.);
#3466 = DIRECTION('',(1.,0.));
#3467 = ( GEOMETRIC_REPRESENTATION_CONTEXT(2) 
PARAMETRIC_REPRESENTATION_CONTEXT() REPRESENTATION_CONTEXT('2D SPACE',''
  ) );
#3468 = ORIENTED_EDGE('',*,*,#3469,.T.);
#3469 = EDGE_CURVE('',#3442,#3470,#3472,.T.);
#3470 = VERTEX_POINT('',#3471);
#3471 = CARTESIAN_POINT('',(41.47789523112,6.,-214.9657794454));
#3472 = SURFACE_CURVE('',#3473,(#3477,#3484),.PCURVE_S1.);
#3473 = LINE('',#3474,#3475);
#3474 = CARTESIAN_POINT('',(40.96472381959,6.,-214.8637033051));
#3475 = VECTOR('',#3476,1.);
#3476 = DIRECTION('',(0.980785280403,-2.165937673838E-17,-0.195090322016
    ));
#3477 = PCURVE('',#2633,#3478);
#3478 = DEFINITIONAL_REPRESENTATION('',(#3479),#3483);
#3479 = LINE('',#3480,#3481);
#3480 = CARTESIAN_POINT('',(-29.21612410776,19.854404039755));
#3481 = VECTOR('',#3482,1.);
#3482 = DIRECTION('',(-0.980785280403,-0.195090322016));
#3483 = ( GEOMETRIC_REPRESENTATION_CONTEXT(2) 
PARAMETRIC_REPRESENTATION_CONTEXT() REPRESENTATION_CONTEXT('2D SPACE',''
  ) );
#3484 = PCURVE('',#3485,#3490);
#3485 = PLANE('',#3486);
#3486 = AXIS2_PLACEMENT_3D('',#3487,#3488,#3489);
#3487 = CARTESIAN_POINT('',(40.96472381959,6.,-214.8637033051));
#3488 = DIRECTION('',(0.195090322016,1.088890400517E-16,0.980785280403)
  );
#3489 = DIRECTION('',(0.980785280403,-2.165937673838E-17,-0.195090322016
    ));
#3490 = DEFINITIONAL_REPRESENTATION('',(#3491),#3495);
#3491 = LINE('',#3492,#3493);
#3492 = CARTESIAN_POINT('',(0.,0.));
#3493 = VECTOR('',#3494,1.);
#3494 = DIRECTION('',(1.,0.));
#3495 = ( GEOMETRIC_REPRESENTATION_CONTEXT(2) 
PARAMETRIC_REPRESENTATION_CONTEXT() REPRESENTATION_CONTEXT('2D SPACE',''
  ) );
#3496 = ORIENTED_EDGE('',*,*,#3497,.T.);
#3497 = EDGE_CURVE('',#3470,#3498,#3500,.T.);
#3498 = VERTEX_POINT('',#3499);
#3499 = CARTESIAN_POINT('',(42.,6.,-215.));
#3500 = SURFACE_CURVE('',#3501,(#3505,#3512),.PCURVE_S1.);
#3501 = LINE('',#3502,#3503);
#3502 = CARTESIAN_POINT('',(41.47789523112,6.,-214.9657794454));
#3503 = VECTOR('',#3504,1.);
#3504 = DIRECTION('',(0.997858923239,-7.261205995384E-18,
    -6.540312923014E-02));
#3505 = PCURVE('',#2633,#3506);
#3506 = DEFINITIONAL_REPRESENTATION('',(#3507),#3511);
#3507 = LINE('',#3508,#3509);
#3508 = CARTESIAN_POINT('',(-29.72929551929,19.752327899416));
#3509 = VECTOR('',#3510,1.);
#3510 = DIRECTION('',(-0.997858923239,-6.540312923014E-02));
#3511 = ( GEOMETRIC_REPRESENTATION_CONTEXT(2) 
PARAMETRIC_REPRESENTATION_CONTEXT() REPRESENTATION_CONTEXT('2D SPACE',''
  ) );
#3512 = PCURVE('',#3513,#3518);
#3513 = PLANE('',#3514);
#3514 = AXIS2_PLACEMENT_3D('',#3515,#3516,#3517);
#3515 = CARTESIAN_POINT('',(41.47789523112,6.,-214.9657794454));
#3516 = DIRECTION('',(6.540312923014E-02,1.107845951907E-16,
    0.997858923239));
#3517 = DIRECTION('',(0.997858923239,-7.261205995384E-18,
    -6.540312923014E-02));
#3518 = DEFINITIONAL_REPRESENTATION('',(#3519),#3523);
#3519 = LINE('',#3520,#3521);
#3520 = CARTESIAN_POINT('',(0.,0.));
#3521 = VECTOR('',#3522,1.);
#3522 = DIRECTION('',(1.,0.));
#3523 = ( GEOMETRIC_REPRESENTATION_CONTEXT(2) 
PARAMETRIC_REPRESENTATION_CONTEXT() REPRESENTATION_CONTEXT('2D SPACE',''
  ) );
#3524 = ORIENTED_EDGE('',*,*,#3525,.T.);
#3525 = EDGE_CURVE('',#3498,#3526,#3528,.T.);
#3526 = VERTEX_POINT('',#3527);
#3527 = CARTESIAN_POINT('',(71.997091273458,6.,-215.0074777596));
#3528 = SURFACE_CURVE('',#3529,(#3533,#3540),.PCURVE_S1.);
#3529 = LINE('',#3530,#3531);
#3530 = CARTESIAN_POINT('',(42.,6.,-215.));
#3531 = VECTOR('',#3532,1.);
#3532 = DIRECTION('',(0.999999968929,-2.767595228447E-20,
    -2.492828167909E-04));
#3533 = PCURVE('',#2633,#3534);
#3534 = DEFINITIONAL_REPRESENTATION('',(#3535),#3539);
#3535 = LINE('',#3536,#3537);
#3536 = CARTESIAN_POINT('',(-30.25140028817,19.718107344911));
#3537 = VECTOR('',#3538,1.);
#3538 = DIRECTION('',(-0.999999968929,-2.492828167909E-04));
#3539 = ( GEOMETRIC_REPRESENTATION_CONTEXT(2) 
PARAMETRIC_REPRESENTATION_CONTEXT() REPRESENTATION_CONTEXT('2D SPACE',''
  ) );
#3540 = PCURVE('',#3541,#3546);
#3541 = PLANE('',#3542);
#3542 = AXIS2_PLACEMENT_3D('',#3543,#3544,#3545);
#3543 = CARTESIAN_POINT('',(42.,6.,-215.));
#3544 = DIRECTION('',(2.492828167909E-04,1.110222990129E-16,
    0.999999968929));
#3545 = DIRECTION('',(0.999999968929,-2.767595228447E-20,
    -2.492828167909E-04));
#3546 = DEFINITIONAL_REPRESENTATION('',(#3547),#3551);
#3547 = LINE('',#3548,#3549);
#3548 = CARTESIAN_POINT('',(0.,0.));
#3549 = VECTOR('',#3550,1.);
#3550 = DIRECTION('',(1.,0.));
#3551 = ( GEOMETRIC_REPRESENTATION_CONTEXT(2) 
PARAMETRIC_REPRESENTATION_CONTEXT() REPRESENTATION_CONTEXT('2D SPACE',''
  ) );
#3552 = ORIENTED_EDGE('',*,*,#3553,.T.);
#3553 = EDGE_CURVE('',#3526,#3554,#3556,.T.);
#3554 = VERTEX_POINT('',#3555);
#3555 = CARTESIAN_POINT('',(95.991955757114,6.,-237.0027719933));
#3556 = SURFACE_CURVE('',#3557,(#3561,#3568),.PCURVE_S1.);
#3557 = LINE('',#3558,#3559);
#3558 = CARTESIAN_POINT('',(71.997091273458,6.,-215.0074777596));
#3559 = VECTOR('',#3560,1.);
#3560 = DIRECTION('',(0.737154112804,-7.502050740685E-17,-0.675724658405
    ));
#3561 = PCURVE('',#2633,#3562);
#3562 = DEFINITIONAL_REPRESENTATION('',(#3563),#3567);
#3563 = LINE('',#3564,#3565);
#3564 = CARTESIAN_POINT('',(-60.24849156163,19.71062958527));
#3565 = VECTOR('',#3566,1.);
#3566 = DIRECTION('',(-0.737154112804,-0.675724658405));
#3567 = ( GEOMETRIC_REPRESENTATION_CONTEXT(2) 
PARAMETRIC_REPRESENTATION_CONTEXT() REPRESENTATION_CONTEXT('2D SPACE',''
  ) );
#3568 = PCURVE('',#3569,#3574);
#3569 = PLANE('',#3570);
#3570 = AXIS2_PLACEMENT_3D('',#3571,#3572,#3573);
#3571 = CARTESIAN_POINT('',(71.997091273458,6.,-215.0074777596));
#3572 = DIRECTION('',(0.675724658405,8.184054687316E-17,0.737154112804)
  );
#3573 = DIRECTION('',(0.737154112804,-7.502050740685E-17,-0.675724658405
    ));
#3574 = DEFINITIONAL_REPRESENTATION('',(#3575),#3579);
#3575 = LINE('',#3576,#3577);
#3576 = CARTESIAN_POINT('',(0.,0.));
#3577 = VECTOR('',#3578,1.);
#3578 = DIRECTION('',(1.,0.));
#3579 = ( GEOMETRIC_REPRESENTATION_CONTEXT(2) 
PARAMETRIC_REPRESENTATION_CONTEXT() REPRESENTATION_CONTEXT('2D SPACE',''
  ) );
#3580 = ORIENTED_EDGE('',*,*,#3581,.T.);
#3581 = EDGE_CURVE('',#3554,#3582,#3584,.T.);
#3582 = VERTEX_POINT('',#3583);
#3583 = CARTESIAN_POINT('',(87.99393092265,6.,-284.9887226512));
#3584 = SURFACE_CURVE('',#3585,(#3589,#3596),.PCURVE_S1.);
#3585 = LINE('',#3586,#3587);
#3586 = CARTESIAN_POINT('',(95.991955757114,6.,-237.0027719933));
#3587 = VECTOR('',#3588,1.);
#3588 = DIRECTION('',(-0.16440631524,-1.095115889617E-16,-0.986392702482
    ));
#3589 = PCURVE('',#2633,#3590);
#3590 = DEFINITIONAL_REPRESENTATION('',(#3591),#3595);
#3591 = LINE('',#3592,#3593);
#3592 = CARTESIAN_POINT('',(-84.24335604528,-2.284664648433));
#3593 = VECTOR('',#3594,1.);
#3594 = DIRECTION('',(0.16440631524,-0.986392702482));
#3595 = ( GEOMETRIC_REPRESENTATION_CONTEXT(2) 
PARAMETRIC_REPRESENTATION_CONTEXT() REPRESENTATION_CONTEXT('2D SPACE',''
  ) );
#3596 = PCURVE('',#3597,#3602);
#3597 = PLANE('',#3598);
#3598 = AXIS2_PLACEMENT_3D('',#3599,#3600,#3601);
#3599 = CARTESIAN_POINT('',(95.991955757114,6.,-237.0027719933));
#3600 = DIRECTION('',(0.986392702482,-1.825276765737E-17,-0.16440631524)
  );
#3601 = DIRECTION('',(-0.16440631524,-1.095115889617E-16,-0.986392702482
    ));
#3602 = DEFINITIONAL_REPRESENTATION('',(#3603),#3607);
#3603 = LINE('',#3604,#3605);
#3604 = CARTESIAN_POINT('',(-0.,0.));
#3605 = VECTOR('',#3606,1.);
#3606 = DIRECTION('',(1.,0.));
#3607 = ( GEOMETRIC_REPRESENTATION_CONTEXT(2) 
PARAMETRIC_REPRESENTATION_CONTEXT() REPRESENTATION_CONTEXT('2D SPACE',''
  ) );
#3608 = ORIENTED_EDGE('',*,*,#3609,.T.);
#3609 = EDGE_CURVE('',#3582,#3610,#3612,.T.);
#3610 = VERTEX_POINT('',#3611);
#3611 = CARTESIAN_POINT('',(70.005397247451,6.,-276.9945572069));
#3612 = SURFACE_CURVE('',#3613,(#3617,#3624),.PCURVE_S1.);
#3613 = LINE('',#3614,#3615);
#3614 = CARTESIAN_POINT('',(87.99393092265,6.,-284.9887226512));
#3615 = VECTOR('',#3616,1.);
#3616 = DIRECTION('',(-0.913825469922,4.508694991544E-17,0.406107141677)
  );
#3617 = PCURVE('',#2633,#3618);
#3618 = DEFINITIONAL_REPRESENTATION('',(#3619),#3623);
#3619 = LINE('',#3620,#3621);
#3620 = CARTESIAN_POINT('',(-76.24533121082,-50.27061530637));
#3621 = VECTOR('',#3622,1.);
#3622 = DIRECTION('',(0.913825469922,0.406107141677));
#3623 = ( GEOMETRIC_REPRESENTATION_CONTEXT(2) 
PARAMETRIC_REPRESENTATION_CONTEXT() REPRESENTATION_CONTEXT('2D SPACE',''
  ) );
#3624 = PCURVE('',#3625,#3630);
#3625 = PLANE('',#3626);
#3626 = AXIS2_PLACEMENT_3D('',#3627,#3628,#3629);
#3627 = CARTESIAN_POINT('',(87.99393092265,6.,-284.9887226512));
#3628 = DIRECTION('',(-0.406107141677,-1.014550077197E-16,
    -0.913825469922));
#3629 = DIRECTION('',(-0.913825469922,4.508694991544E-17,0.406107141677)
  );
#3630 = DEFINITIONAL_REPRESENTATION('',(#3631),#3635);
#3631 = LINE('',#3632,#3633);
#3632 = CARTESIAN_POINT('',(0.,0.));
#3633 = VECTOR('',#3634,1.);
#3634 = DIRECTION('',(1.,0.));
#3635 = ( GEOMETRIC_REPRESENTATION_CONTEXT(2) 
PARAMETRIC_REPRESENTATION_CONTEXT() REPRESENTATION_CONTEXT('2D SPACE',''
  ) );
#3636 = ORIENTED_EDGE('',*,*,#3637,.T.);
#3637 = EDGE_CURVE('',#3610,#3638,#3640,.T.);
#3638 = VERTEX_POINT('',#3639);
#3639 = CARTESIAN_POINT('',(61.717650789896,6.,-258.7788317377));
#3640 = SURFACE_CURVE('',#3641,(#3645,#3652),.PCURVE_S1.);
#3641 = LINE('',#3642,#3643);
#3642 = CARTESIAN_POINT('',(70.005397247451,6.,-276.9945572069));
#3643 = VECTOR('',#3644,1.);
#3644 = DIRECTION('',(-0.414128885778,1.010545260615E-16,0.91021825183)
  );
#3645 = PCURVE('',#2633,#3646);
#3646 = DEFINITIONAL_REPRESENTATION('',(#3647),#3651);
#3647 = LINE('',#3648,#3649);
#3648 = CARTESIAN_POINT('',(-58.25679753562,-42.27644986205));
#3649 = VECTOR('',#3650,1.);
#3650 = DIRECTION('',(0.414128885778,0.91021825183));
#3651 = ( GEOMETRIC_REPRESENTATION_CONTEXT(2) 
PARAMETRIC_REPRESENTATION_CONTEXT() REPRESENTATION_CONTEXT('2D SPACE',''
  ) );
#3652 = PCURVE('',#3653,#3658);
#3653 = PLANE('',#3654);
#3654 = AXIS2_PLACEMENT_3D('',#3655,#3656,#3657);
#3655 = CARTESIAN_POINT('',(70.005397247451,6.,-276.9945572069));
#3656 = DIRECTION('',(-0.91021825183,-4.597754241536E-17,-0.414128885778
    ));
#3657 = DIRECTION('',(-0.414128885778,1.010545260615E-16,0.91021825183)
  );
#3658 = DEFINITIONAL_REPRESENTATION('',(#3659),#3663);
#3659 = LINE('',#3660,#3661);
#3660 = CARTESIAN_POINT('',(0.,0.));
#3661 = VECTOR('',#3662,1.);
#3662 = DIRECTION('',(1.,0.));
#3663 = ( GEOMETRIC_REPRESENTATION_CONTEXT(2) 
PARAMETRIC_REPRESENTATION_CONTEXT() REPRESENTATION_CONTEXT('2D SPACE',''
  ) );
#3664 = ORIENTED_EDGE('',*,*,#3665,.T.);
#3665 = EDGE_CURVE('',#3638,#3666,#3668,.T.);
#3666 = VERTEX_POINT('',#3667);
#3667 = CARTESIAN_POINT('',(61.463903927391,6.,-258.3072243745));
#3668 = SURFACE_CURVE('',#3669,(#3673,#3680),.PCURVE_S1.);
#3669 = LINE('',#3670,#3671);
#3670 = CARTESIAN_POINT('',(61.717650789896,6.,-258.7788317377));
#3671 = VECTOR('',#3672,1.);
#3672 = DIRECTION('',(-0.473816705931,9.776884733887E-17,0.880623488888)
  );
#3673 = PCURVE('',#2633,#3674);
#3674 = DEFINITIONAL_REPRESENTATION('',(#3675),#3679);
#3675 = LINE('',#3676,#3677);
#3676 = CARTESIAN_POINT('',(-49.96905107807,-24.06072439286));
#3677 = VECTOR('',#3678,1.);
#3678 = DIRECTION('',(0.473816705931,0.880623488888));
#3679 = ( GEOMETRIC_REPRESENTATION_CONTEXT(2) 
PARAMETRIC_REPRESENTATION_CONTEXT() REPRESENTATION_CONTEXT('2D SPACE',''
  ) );
#3680 = PCURVE('',#3681,#3686);
#3681 = PLANE('',#3682);
#3682 = AXIS2_PLACEMENT_3D('',#3683,#3684,#3685);
#3683 = CARTESIAN_POINT('',(61.717650789896,6.,-258.7788317377));
#3684 = DIRECTION('',(-0.880623488888,-5.260422163769E-17,
    -0.473816705931));
#3685 = DIRECTION('',(-0.473816705931,9.776884733887E-17,0.880623488888)
  );
#3686 = DEFINITIONAL_REPRESENTATION('',(#3687),#3691);
#3687 = LINE('',#3688,#3689);
#3688 = CARTESIAN_POINT('',(0.,0.));
#3689 = VECTOR('',#3690,1.);
#3690 = DIRECTION('',(1.,0.));
#3691 = ( GEOMETRIC_REPRESENTATION_CONTEXT(2) 
PARAMETRIC_REPRESENTATION_CONTEXT() REPRESENTATION_CONTEXT('2D SPACE',''
  ) );
#3692 = ORIENTED_EDGE('',*,*,#3693,.T.);
#3693 = EDGE_CURVE('',#3666,#3694,#3696,.T.);
#3694 = VERTEX_POINT('',#3695);
#3695 = CARTESIAN_POINT('',(61.149431994457,6.,-257.8737403739));
#3696 = SURFACE_CURVE('',#3697,(#3701,#3708),.PCURVE_S1.);
#3697 = LINE('',#3698,#3699);
#3698 = CARTESIAN_POINT('',(61.463903927391,6.,-258.3072243745));
#3699 = VECTOR('',#3700,1.);
#3700 = DIRECTION('',(-0.587207478744,8.986549908375E-17,0.809436456374)
  );
#3701 = PCURVE('',#2633,#3702);
#3702 = DEFINITIONAL_REPRESENTATION('',(#3703),#3707);
#3703 = LINE('',#3704,#3705);
#3704 = CARTESIAN_POINT('',(-49.71530421556,-23.5891170296));
#3705 = VECTOR('',#3706,1.);
#3706 = DIRECTION('',(0.587207478744,0.809436456374));
#3707 = ( GEOMETRIC_REPRESENTATION_CONTEXT(2) 
PARAMETRIC_REPRESENTATION_CONTEXT() REPRESENTATION_CONTEXT('2D SPACE',''
  ) );
#3708 = PCURVE('',#3709,#3714);
#3709 = PLANE('',#3710);
#3710 = AXIS2_PLACEMENT_3D('',#3711,#3712,#3713);
#3711 = CARTESIAN_POINT('',(61.463903927391,6.,-258.3072243745));
#3712 = DIRECTION('',(-0.809436456374,-6.519312631334E-17,
    -0.587207478744));
#3713 = DIRECTION('',(-0.587207478744,8.986549908375E-17,0.809436456374)
  );
#3714 = DEFINITIONAL_REPRESENTATION('',(#3715),#3719);
#3715 = LINE('',#3716,#3717);
#3716 = CARTESIAN_POINT('',(0.,0.));
#3717 = VECTOR('',#3718,1.);
#3718 = DIRECTION('',(1.,0.));
#3719 = ( GEOMETRIC_REPRESENTATION_CONTEXT(2) 
PARAMETRIC_REPRESENTATION_CONTEXT() REPRESENTATION_CONTEXT('2D SPACE',''
  ) );
#3720 = ORIENTED_EDGE('',*,*,#3721,.T.);
#3721 = EDGE_CURVE('',#3694,#3722,#3724,.T.);
#3722 = VERTEX_POINT('',#3723);
#3723 = CARTESIAN_POINT('',(60.779871919661,6.,-257.4861499633));
#3724 = SURFACE_CURVE('',#3725,(#3729,#3736),.PCURVE_S1.);
#3725 = LINE('',#3726,#3727);
#3726 = CARTESIAN_POINT('',(61.149431994457,6.,-257.8737403739));
#3727 = VECTOR('',#3728,1.);
#3728 = DIRECTION('',(-0.690072521705,8.035130627962E-17,0.723740226039)
  );
#3729 = PCURVE('',#2633,#3730);
#3730 = DEFINITIONAL_REPRESENTATION('',(#3731),#3735);
#3731 = LINE('',#3732,#3733);
#3732 = CARTESIAN_POINT('',(-49.40083228263,-23.15563302907));
#3733 = VECTOR('',#3734,1.);
#3734 = DIRECTION('',(0.690072521705,0.723740226039));
#3735 = ( GEOMETRIC_REPRESENTATION_CONTEXT(2) 
PARAMETRIC_REPRESENTATION_CONTEXT() REPRESENTATION_CONTEXT('2D SPACE',''
  ) );
#3736 = PCURVE('',#3737,#3742);
#3737 = PLANE('',#3738);
#3738 = AXIS2_PLACEMENT_3D('',#3739,#3740,#3741);
#3739 = CARTESIAN_POINT('',(61.149431994457,6.,-257.8737403739));
#3740 = DIRECTION('',(-0.723740226039,-7.661344022584E-17,
    -0.690072521705));
#3741 = DIRECTION('',(-0.690072521705,8.035130627962E-17,0.723740226039)
  );
#3742 = DEFINITIONAL_REPRESENTATION('',(#3743),#3747);
#3743 = LINE('',#3744,#3745);
#3744 = CARTESIAN_POINT('',(0.,0.));
#3745 = VECTOR('',#3746,1.);
#3746 = DIRECTION('',(1.,0.));
#3747 = ( GEOMETRIC_REPRESENTATION_CONTEXT(2) 
PARAMETRIC_REPRESENTATION_CONTEXT() REPRESENTATION_CONTEXT('2D SPACE',''
  ) );
#3748 = ORIENTED_EDGE('',*,*,#3749,.T.);
#3749 = EDGE_CURVE('',#3722,#3750,#3752,.T.);
#3750 = VERTEX_POINT('',#3751);
#3751 = CARTESIAN_POINT('',(60.361848089871,6.,-257.1514007242));
#3752 = SURFACE_CURVE('',#3753,(#3757,#3764),.PCURVE_S1.);
#3753 = LINE('',#3754,#3755);
#3754 = CARTESIAN_POINT('',(60.779871919661,6.,-257.4861499633));
#3755 = VECTOR('',#3756,1.);
#3756 = DIRECTION('',(-0.78056797265,6.939681141244E-17,0.625070908035)
  );
#3757 = PCURVE('',#2633,#3758);
#3758 = DEFINITIONAL_REPRESENTATION('',(#3759),#3763);
#3759 = LINE('',#3760,#3761);
#3760 = CARTESIAN_POINT('',(-49.03127220783,-22.76804261842));
#3761 = VECTOR('',#3762,1.);
#3762 = DIRECTION('',(0.78056797265,0.625070908035));
#3763 = ( GEOMETRIC_REPRESENTATION_CONTEXT(2) 
PARAMETRIC_REPRESENTATION_CONTEXT() REPRESENTATION_CONTEXT('2D SPACE',''
  ) );
#3764 = PCURVE('',#3765,#3770);
#3765 = PLANE('',#3766);
#3766 = AXIS2_PLACEMENT_3D('',#3767,#3768,#3769);
#3767 = CARTESIAN_POINT('',(60.779871919661,6.,-257.4861499633));
#3768 = DIRECTION('',(-0.625070908035,-8.666045355215E-17,-0.78056797265
    ));
#3769 = DIRECTION('',(-0.78056797265,6.939681141244E-17,0.625070908035)
  );
#3770 = DEFINITIONAL_REPRESENTATION('',(#3771),#3775);
#3771 = LINE('',#3772,#3773);
#3772 = CARTESIAN_POINT('',(0.,0.));
#3773 = VECTOR('',#3774,1.);
#3774 = DIRECTION('',(1.,0.));
#3775 = ( GEOMETRIC_REPRESENTATION_CONTEXT(2) 
PARAMETRIC_REPRESENTATION_CONTEXT() REPRESENTATION_CONTEXT('2D SPACE',''
  ) );
#3776 = ORIENTED_EDGE('',*,*,#3777,.T.);
#3777 = EDGE_CURVE('',#3750,#3778,#3780,.T.);
#3778 = VERTEX_POINT('',#3779);
#3779 = CARTESIAN_POINT('',(59.902853607717,6.,-256.8754930573));
#3780 = SURFACE_CURVE('',#3781,(#3785,#3792),.PCURVE_S1.);
#3781 = LINE('',#3782,#3783);
#3782 = CARTESIAN_POINT('',(60.361848089871,6.,-257.1514007242));
#3783 = VECTOR('',#3784,1.);
#3784 = DIRECTION('',(-0.857071695105,5.719837447046E-17,0.515197155903)
  );
#3785 = PCURVE('',#2633,#3786);
#3786 = DEFINITIONAL_REPRESENTATION('',(#3787),#3791);
#3787 = LINE('',#3788,#3789);
#3788 = CARTESIAN_POINT('',(-48.61324837804,-22.43329337937));
#3789 = VECTOR('',#3790,1.);
#3790 = DIRECTION('',(0.857071695105,0.515197155903));
#3791 = ( GEOMETRIC_REPRESENTATION_CONTEXT(2) 
PARAMETRIC_REPRESENTATION_CONTEXT() REPRESENTATION_CONTEXT('2D SPACE',''
  ) );
#3792 = PCURVE('',#3793,#3798);
#3793 = PLANE('',#3794);
#3794 = AXIS2_PLACEMENT_3D('',#3795,#3796,#3797);
#3795 = CARTESIAN_POINT('',(60.361848089871,6.,-257.1514007242));
#3796 = DIRECTION('',(-0.515197155903,-9.515407296598E-17,
    -0.857071695105));
#3797 = DIRECTION('',(-0.857071695105,5.719837447046E-17,0.515197155903)
  );
#3798 = DEFINITIONAL_REPRESENTATION('',(#3799),#3803);
#3799 = LINE('',#3800,#3801);
#3800 = CARTESIAN_POINT('',(0.,0.));
#3801 = VECTOR('',#3802,1.);
#3802 = DIRECTION('',(1.,0.));
#3803 = ( GEOMETRIC_REPRESENTATION_CONTEXT(2) 
PARAMETRIC_REPRESENTATION_CONTEXT() REPRESENTATION_CONTEXT('2D SPACE',''
  ) );
#3804 = ORIENTED_EDGE('',*,*,#3805,.T.);
#3805 = EDGE_CURVE('',#3778,#3806,#3808,.T.);
#3806 = VERTEX_POINT('',#3807);
#3807 = CARTESIAN_POINT('',(59.411115977272,6.,-256.6633726243));
#3808 = SURFACE_CURVE('',#3809,(#3813,#3820),.PCURVE_S1.);
#3809 = LINE('',#3810,#3811);
#3810 = CARTESIAN_POINT('',(59.902853607717,6.,-256.8754930573));
#3811 = VECTOR('',#3812,1.);
#3812 = DIRECTION('',(-0.91821235518,4.397465317946E-17,0.396088463346)
  );
#3813 = PCURVE('',#2633,#3814);
#3814 = DEFINITIONAL_REPRESENTATION('',(#3815),#3819);
#3815 = LINE('',#3816,#3817);
#3816 = CARTESIAN_POINT('',(-48.15425389589,-22.15738571245));
#3817 = VECTOR('',#3818,1.);
#3818 = DIRECTION('',(0.91821235518,0.396088463346));
#3819 = ( GEOMETRIC_REPRESENTATION_CONTEXT(2) 
PARAMETRIC_REPRESENTATION_CONTEXT() REPRESENTATION_CONTEXT('2D SPACE',''
  ) );
#3820 = PCURVE('',#3821,#3826);
#3821 = PLANE('',#3822);
#3822 = AXIS2_PLACEMENT_3D('',#3823,#3824,#3825);
#3823 = CARTESIAN_POINT('',(59.902853607717,6.,-256.8754930573));
#3824 = DIRECTION('',(-0.396088463346,-1.019420498216E-16,-0.91821235518
    ));
#3825 = DIRECTION('',(-0.91821235518,4.397465317946E-17,0.396088463346)
  );
#3826 = DEFINITIONAL_REPRESENTATION('',(#3827),#3831);
#3827 = LINE('',#3828,#3829);
#3828 = CARTESIAN_POINT('',(0.,0.));
#3829 = VECTOR('',#3830,1.);
#3830 = DIRECTION('',(1.,0.));
#3831 = ( GEOMETRIC_REPRESENTATION_CONTEXT(2) 
PARAMETRIC_REPRESENTATION_CONTEXT() REPRESENTATION_CONTEXT('2D SPACE',''
  ) );
#3832 = ORIENTED_EDGE('',*,*,#3833,.T.);
#3833 = EDGE_CURVE('',#3806,#3834,#3836,.T.);
#3834 = VERTEX_POINT('',#3835);
#3835 = CARTESIAN_POINT('',(58.895449625535,6.,-256.5188416968));
#3836 = SURFACE_CURVE('',#3837,(#3841,#3848),.PCURVE_S1.);
#3837 = LINE('',#3838,#3839);
#3838 = CARTESIAN_POINT('',(59.411115977272,6.,-256.6633726243));
#3839 = VECTOR('',#3840,1.);
#3840 = DIRECTION('',(-0.962894002816,2.996268354964E-17,0.269879860938)
  );
#3841 = PCURVE('',#2633,#3842);
#3842 = DEFINITIONAL_REPRESENTATION('',(#3843),#3847);
#3843 = LINE('',#3844,#3845);
#3844 = CARTESIAN_POINT('',(-47.66251626544,-21.9452652794));
#3845 = VECTOR('',#3846,1.);
#3846 = DIRECTION('',(0.962894002816,0.269879860938));
#3847 = ( GEOMETRIC_REPRESENTATION_CONTEXT(2) 
PARAMETRIC_REPRESENTATION_CONTEXT() REPRESENTATION_CONTEXT('2D SPACE',''
  ) );
#3848 = PCURVE('',#3849,#3854);
#3849 = PLANE('',#3850);
#3850 = AXIS2_PLACEMENT_3D('',#3851,#3852,#3853);
#3851 = CARTESIAN_POINT('',(59.411115977272,6.,-256.6633726243));
#3852 = DIRECTION('',(-0.269879860938,-1.0690270922E-16,-0.962894002816)
  );
#3853 = DIRECTION('',(-0.962894002816,2.996268354964E-17,0.269879860938)
  );
#3854 = DEFINITIONAL_REPRESENTATION('',(#3855),#3859);
#3855 = LINE('',#3856,#3857);
#3856 = CARTESIAN_POINT('',(0.,0.));
#3857 = VECTOR('',#3858,1.);
#3858 = DIRECTION('',(1.,0.));
#3859 = ( GEOMETRIC_REPRESENTATION_CONTEXT(2) 
PARAMETRIC_REPRESENTATION_CONTEXT() REPRESENTATION_CONTEXT('2D SPACE',''
  ) );
#3860 = ORIENTED_EDGE('',*,*,#3861,.T.);
#3861 = EDGE_CURVE('',#3834,#3862,#3864,.T.);
#3862 = VERTEX_POINT('',#3863);
#3863 = CARTESIAN_POINT('',(58.365097903295,6.,-256.4444910005));
#3864 = SURFACE_CURVE('',#3865,(#3869,#3876),.PCURVE_S1.);
#3865 = LINE('',#3866,#3867);
#3866 = CARTESIAN_POINT('',(58.895449625535,6.,-256.5188416968));
#3867 = VECTOR('',#3868,1.);
#3868 = DIRECTION('',(-0.990315716758,1.541363099077E-17,0.138833645573)
  );
#3869 = PCURVE('',#2633,#3870);
#3870 = DEFINITIONAL_REPRESENTATION('',(#3871),#3875);
#3871 = LINE('',#3872,#3873);
#3872 = CARTESIAN_POINT('',(-47.14684991371,-21.80073435192));
#3873 = VECTOR('',#3874,1.);
#3874 = DIRECTION('',(0.990315716758,0.138833645573));
#3875 = ( GEOMETRIC_REPRESENTATION_CONTEXT(2) 
PARAMETRIC_REPRESENTATION_CONTEXT() REPRESENTATION_CONTEXT('2D SPACE',''
  ) );
#3876 = PCURVE('',#3877,#3882);
#3877 = PLANE('',#3878);
#3878 = AXIS2_PLACEMENT_3D('',#3879,#3880,#3881);
#3879 = CARTESIAN_POINT('',(58.895449625535,6.,-256.5188416968));
#3880 = DIRECTION('',(-0.138833645573,-1.099471310392E-16,
    -0.990315716758));
#3881 = DIRECTION('',(-0.990315716758,1.541363099077E-17,0.138833645573)
  );
#3882 = DEFINITIONAL_REPRESENTATION('',(#3883),#3887);
#3883 = LINE('',#3884,#3885);
#3884 = CARTESIAN_POINT('',(0.,0.));
#3885 = VECTOR('',#3886,1.);
#3886 = DIRECTION('',(1.,0.));
#3887 = ( GEOMETRIC_REPRESENTATION_CONTEXT(2) 
PARAMETRIC_REPRESENTATION_CONTEXT() REPRESENTATION_CONTEXT('2D SPACE',''
  ) );
#3888 = ORIENTED_EDGE('',*,*,#3889,.T.);
#3889 = EDGE_CURVE('',#3862,#3890,#3892,.T.);
#3890 = VERTEX_POINT('',#3891);
#3891 = CARTESIAN_POINT('',(57.829567397502,6.,-256.4416532763));
#3892 = SURFACE_CURVE('',#3893,(#3897,#3904),.PCURVE_S1.);
#3893 = LINE('',#3894,#3895);
#3894 = CARTESIAN_POINT('',(58.365097903295,6.,-256.4444910005));
#3895 = VECTOR('',#3896,1.);
#3896 = DIRECTION('',(-0.999985961109,5.882881568074E-19,
    5.298828647568E-03));
#3897 = PCURVE('',#2633,#3898);
#3898 = DEFINITIONAL_REPRESENTATION('',(#3899),#3903);
#3899 = LINE('',#3900,#3901);
#3900 = CARTESIAN_POINT('',(-46.61649819147,-21.72638365568));
#3901 = VECTOR('',#3902,1.);
#3902 = DIRECTION('',(0.999985961109,5.298828647568E-03));
#3903 = ( GEOMETRIC_REPRESENTATION_CONTEXT(2) 
PARAMETRIC_REPRESENTATION_CONTEXT() REPRESENTATION_CONTEXT('2D SPACE',''
  ) );
#3904 = PCURVE('',#3905,#3910);
#3905 = PLANE('',#3906);
#3906 = AXIS2_PLACEMENT_3D('',#3907,#3908,#3909);
#3907 = CARTESIAN_POINT('',(58.365097903295,6.,-256.4444910005));
#3908 = DIRECTION('',(-5.298828647568E-03,-1.110207438325E-16,
    -0.999985961109));
#3909 = DIRECTION('',(-0.999985961109,5.882881568074E-19,
    5.298828647568E-03));
#3910 = DEFINITIONAL_REPRESENTATION('',(#3911),#3915);
#3911 = LINE('',#3912,#3913);
#3912 = CARTESIAN_POINT('',(0.,0.));
#3913 = VECTOR('',#3914,1.);
#3914 = DIRECTION('',(1.,0.));
#3915 = ( GEOMETRIC_REPRESENTATION_CONTEXT(2) 
PARAMETRIC_REPRESENTATION_CONTEXT() REPRESENTATION_CONTEXT('2D SPACE',''
  ) );
#3916 = ORIENTED_EDGE('',*,*,#3917,.T.);
#3917 = EDGE_CURVE('',#3890,#3918,#3920,.T.);
#3918 = VERTEX_POINT('',#3919);
#3919 = CARTESIAN_POINT('',(57.298457525117,6.,-256.5103793905));
#3920 = SURFACE_CURVE('',#3921,(#3925,#3932),.PCURVE_S1.);
#3921 = LINE('',#3922,#3923);
#3922 = CARTESIAN_POINT('',(57.829567397502,6.,-256.4416532763));
#3923 = VECTOR('',#3924,1.);
#3924 = DIRECTION('',(-0.991731396151,-1.424759977822E-17,
    -0.128330970104));
#3925 = PCURVE('',#2633,#3926);
#3926 = DEFINITIONAL_REPRESENTATION('',(#3927),#3931);
#3927 = LINE('',#3928,#3929);
#3928 = CARTESIAN_POINT('',(-46.08096768567,-21.72354593146));
#3929 = VECTOR('',#3930,1.);
#3930 = DIRECTION('',(0.991731396151,-0.128330970104));
#3931 = ( GEOMETRIC_REPRESENTATION_CONTEXT(2) 
PARAMETRIC_REPRESENTATION_CONTEXT() REPRESENTATION_CONTEXT('2D SPACE',''
  ) );
#3932 = PCURVE('',#3933,#3938);
#3933 = PLANE('',#3934);
#3934 = AXIS2_PLACEMENT_3D('',#3935,#3936,#3937);
#3935 = CARTESIAN_POINT('',(57.829567397502,6.,-256.4416532763));
#3936 = DIRECTION('',(0.128330970104,-1.101043030251E-16,-0.991731396151
    ));
#3937 = DIRECTION('',(-0.991731396151,-1.424759977822E-17,
    -0.128330970104));
#3938 = DEFINITIONAL_REPRESENTATION('',(#3939),#3943);
#3939 = LINE('',#3940,#3941);
#3940 = CARTESIAN_POINT('',(-0.,0.));
#3941 = VECTOR('',#3942,1.);
#3942 = DIRECTION('',(1.,0.));
#3943 = ( GEOMETRIC_REPRESENTATION_CONTEXT(2) 
PARAMETRIC_REPRESENTATION_CONTEXT() REPRESENTATION_CONTEXT('2D SPACE',''
  ) );
#3944 = ORIENTED_EDGE('',*,*,#3945,.T.);
#3945 = EDGE_CURVE('',#3918,#3946,#3948,.T.);
#3946 = VERTEX_POINT('',#3947);
#3947 = CARTESIAN_POINT('',(56.781288462977,6.,-256.6494374233));
#3948 = SURFACE_CURVE('',#3949,(#3953,#3960),.PCURVE_S1.);
#3949 = LINE('',#3950,#3951);
#3950 = CARTESIAN_POINT('',(57.298457525117,6.,-256.5103793905));
#3951 = VECTOR('',#3952,1.);
#3952 = DIRECTION('',(-0.965699985464,-2.882809861873E-17,
    -0.259660428394));
#3953 = PCURVE('',#2633,#3954);
#3954 = DEFINITIONAL_REPRESENTATION('',(#3955),#3959);
#3955 = LINE('',#3956,#3957);
#3956 = CARTESIAN_POINT('',(-45.54985781329,-21.79227204562));
#3957 = VECTOR('',#3958,1.);
#3958 = DIRECTION('',(0.965699985464,-0.259660428394));
#3959 = ( GEOMETRIC_REPRESENTATION_CONTEXT(2) 
PARAMETRIC_REPRESENTATION_CONTEXT() REPRESENTATION_CONTEXT('2D SPACE',''
  ) );
#3960 = PCURVE('',#3961,#3966);
#3961 = PLANE('',#3962);
#3962 = AXIS2_PLACEMENT_3D('',#3963,#3964,#3965);
#3963 = CARTESIAN_POINT('',(57.298457525117,6.,-256.5103793905));
#3964 = DIRECTION('',(0.259660428394,-1.072142358743E-16,-0.965699985464
    ));
#3965 = DIRECTION('',(-0.965699985464,-2.882809861873E-17,
    -0.259660428394));
#3966 = DEFINITIONAL_REPRESENTATION('',(#3967),#3971);
#3967 = LINE('',#3968,#3969);
#3968 = CARTESIAN_POINT('',(-0.,0.));
#3969 = VECTOR('',#3970,1.);
#3970 = DIRECTION('',(1.,0.));
#3971 = ( GEOMETRIC_REPRESENTATION_CONTEXT(2) 
PARAMETRIC_REPRESENTATION_CONTEXT() REPRESENTATION_CONTEXT('2D SPACE',''
  ) );
#3972 = ORIENTED_EDGE('',*,*,#3973,.T.);
#3973 = EDGE_CURVE('',#3946,#3974,#3976,.T.);
#3974 = VERTEX_POINT('',#3975);
#3975 = CARTESIAN_POINT('',(56.287330498046,6.,-256.8563347509));
#3976 = SURFACE_CURVE('',#3977,(#3981,#3988),.PCURVE_S1.);
#3977 = LINE('',#3978,#3979);
#3978 = CARTESIAN_POINT('',(56.781288462977,6.,-256.6494374233));
#3979 = VECTOR('',#3980,1.);
#3980 = DIRECTION('',(-0.922358343672,-4.289185203423E-17,
    -0.386335457677));
#3981 = PCURVE('',#2633,#3982);
#3982 = DEFINITIONAL_REPRESENTATION('',(#3983),#3987);
#3983 = LINE('',#3984,#3985);
#3984 = CARTESIAN_POINT('',(-45.03268875115,-21.9313300784));
#3985 = VECTOR('',#3986,1.);
#3986 = DIRECTION('',(0.922358343672,-0.386335457677));
#3987 = ( GEOMETRIC_REPRESENTATION_CONTEXT(2) 
PARAMETRIC_REPRESENTATION_CONTEXT() REPRESENTATION_CONTEXT('2D SPACE',''
  ) );
#3988 = PCURVE('',#3989,#3994);
#3989 = PLANE('',#3990);
#3990 = AXIS2_PLACEMENT_3D('',#3991,#3992,#3993);
#3991 = CARTESIAN_POINT('',(56.781288462977,6.,-256.6494374233));
#3992 = DIRECTION('',(0.386335457677,-1.0240234701E-16,-0.922358343672)
  );
#3993 = DIRECTION('',(-0.922358343672,-4.289185203423E-17,
    -0.386335457677));
#3994 = DEFINITIONAL_REPRESENTATION('',(#3995),#3999);
#3995 = LINE('',#3996,#3997);
#3996 = CARTESIAN_POINT('',(-0.,0.));
#3997 = VECTOR('',#3998,1.);
#3998 = DIRECTION('',(1.,0.));
#3999 = ( GEOMETRIC_REPRESENTATION_CONTEXT(2) 
PARAMETRIC_REPRESENTATION_CONTEXT() REPRESENTATION_CONTEXT('2D SPACE',''
  ) );
#4000 = ORIENTED_EDGE('',*,*,#4001,.T.);
#4001 = EDGE_CURVE('',#3974,#4002,#4004,.T.);
#4002 = VERTEX_POINT('',#4003);
#4003 = CARTESIAN_POINT('',(23.998433381481,6.,-272.9933636974));
#4004 = SURFACE_CURVE('',#4005,(#4009,#4016),.PCURVE_S1.);
#4005 = LINE('',#4006,#4007);
#4006 = CARTESIAN_POINT('',(56.287330498046,6.,-256.8563347509));
#4007 = VECTOR('',#4008,1.);
#4008 = DIRECTION('',(-0.894509395013,-4.963242591192E-17,
    -0.447049149685));
#4009 = PCURVE('',#2633,#4010);
#4010 = DEFINITIONAL_REPRESENTATION('',(#4011),#4015);
#4011 = LINE('',#4012,#4013);
#4012 = CARTESIAN_POINT('',(-44.53873078622,-22.13822740606));
#4013 = VECTOR('',#4014,1.);
#4014 = DIRECTION('',(0.894509395013,-0.447049149685));
#4015 = ( GEOMETRIC_REPRESENTATION_CONTEXT(2) 
PARAMETRIC_REPRESENTATION_CONTEXT() REPRESENTATION_CONTEXT('2D SPACE',''
  ) );
#4016 = PCURVE('',#4017,#4022);
#4017 = PLANE('',#4018);
#4018 = AXIS2_PLACEMENT_3D('',#4019,#4020,#4021);
#4019 = CARTESIAN_POINT('',(56.287330498046,6.,-256.8563347509));
#4020 = DIRECTION('',(0.447049149685,-9.931049260867E-17,-0.894509395013
    ));
#4021 = DIRECTION('',(-0.894509395013,-4.963242591192E-17,
    -0.447049149685));
#4022 = DEFINITIONAL_REPRESENTATION('',(#4023),#4027);
#4023 = LINE('',#4024,#4025);
#4024 = CARTESIAN_POINT('',(-0.,0.));
#4025 = VECTOR('',#4026,1.);
#4026 = DIRECTION('',(1.,0.));
#4027 = ( GEOMETRIC_REPRESENTATION_CONTEXT(2) 
PARAMETRIC_REPRESENTATION_CONTEXT() REPRESENTATION_CONTEXT('2D SPACE',''
  ) );
#4028 = ORIENTED_EDGE('',*,*,#4029,.T.);
#4029 = EDGE_CURVE('',#4002,#4030,#4032,.T.);
#4030 = VERTEX_POINT('',#4031);
#4031 = CARTESIAN_POINT('',(20.062638841586,6.,-273.));
#4032 = SURFACE_CURVE('',#4033,(#4037,#4044),.PCURVE_S1.);
#4033 = LINE('',#4034,#4035);
#4034 = CARTESIAN_POINT('',(23.998433381481,6.,-272.9933636974));
#4035 = VECTOR('',#4036,1.);
#4036 = DIRECTION('',(-0.999998578468,-1.871989335191E-19,
    -1.686138094481E-03));
#4037 = PCURVE('',#2633,#4038);
#4038 = DEFINITIONAL_REPRESENTATION('',(#4039),#4043);
#4039 = LINE('',#4040,#4041);
#4040 = CARTESIAN_POINT('',(-12.24983366965,-38.27525635254));
#4041 = VECTOR('',#4042,1.);
#4042 = DIRECTION('',(0.999998578468,-1.686138094481E-03));
#4043 = ( GEOMETRIC_REPRESENTATION_CONTEXT(2) 
PARAMETRIC_REPRESENTATION_CONTEXT() REPRESENTATION_CONTEXT('2D SPACE',''
  ) );
#4044 = PCURVE('',#4045,#4050);
#4045 = PLANE('',#4046);
#4046 = AXIS2_PLACEMENT_3D('',#4047,#4048,#4049);
#4047 = CARTESIAN_POINT('',(23.998433381481,6.,-272.9933636974));
#4048 = DIRECTION('',(1.686138094481E-03,-1.110221446408E-16,
    -0.999998578468));
#4049 = DIRECTION('',(-0.999998578468,-1.871989335191E-19,
    -1.686138094481E-03));
#4050 = DEFINITIONAL_REPRESENTATION('',(#4051),#4055);
#4051 = LINE('',#4052,#4053);
#4052 = CARTESIAN_POINT('',(-0.,0.));
#4053 = VECTOR('',#4054,1.);
#4054 = DIRECTION('',(1.,0.));
#4055 = ( GEOMETRIC_REPRESENTATION_CONTEXT(2) 
PARAMETRIC_REPRESENTATION_CONTEXT() REPRESENTATION_CONTEXT('2D SPACE',''
  ) );
#4056 = ORIENTED_EDGE('',*,*,#4057,.T.);
#4057 = EDGE_CURVE('',#4030,#4058,#4060,.T.);
#4058 = VERTEX_POINT('',#4059);
#4059 = CARTESIAN_POINT('',(19.537074630668,6.,-273.0346775338));
#4060 = SURFACE_CURVE('',#4061,(#4065,#4072),.PCURVE_S1.);
#4061 = LINE('',#4062,#4063);
#4062 = CARTESIAN_POINT('',(20.062638841586,6.,-273.));
#4063 = VECTOR('',#4064,1.);
#4064 = DIRECTION('',(-0.997830300333,-7.309528079138E-18,
    -6.583837586692E-02));
#4065 = PCURVE('',#2633,#4066);
#4066 = DEFINITIONAL_REPRESENTATION('',(#4067),#4071);
#4067 = LINE('',#4068,#4069);
#4068 = CARTESIAN_POINT('',(-8.314039129761,-38.28189265508));
#4069 = VECTOR('',#4070,1.);
#4070 = DIRECTION('',(0.997830300333,-6.583837586692E-02));
#4071 = ( GEOMETRIC_REPRESENTATION_CONTEXT(2) 
PARAMETRIC_REPRESENTATION_CONTEXT() REPRESENTATION_CONTEXT('2D SPACE',''
  ) );
#4072 = PCURVE('',#4073,#4078);
#4073 = PLANE('',#4074);
#4074 = AXIS2_PLACEMENT_3D('',#4075,#4076,#4077);
#4075 = CARTESIAN_POINT('',(20.062638841586,6.,-273.));
#4076 = DIRECTION('',(6.583837586692E-02,-1.107814174099E-16,
    -0.997830300333));
#4077 = DIRECTION('',(-0.997830300333,-7.309528079138E-18,
    -6.583837586692E-02));
#4078 = DEFINITIONAL_REPRESENTATION('',(#4079),#4083);
#4079 = LINE('',#4080,#4081);
#4080 = CARTESIAN_POINT('',(-0.,0.));
#4081 = VECTOR('',#4082,1.);
#4082 = DIRECTION('',(1.,0.));
#4083 = ( GEOMETRIC_REPRESENTATION_CONTEXT(2) 
PARAMETRIC_REPRESENTATION_CONTEXT() REPRESENTATION_CONTEXT('2D SPACE',''
  ) );
#4084 = ORIENTED_EDGE('',*,*,#4085,.T.);
#4085 = EDGE_CURVE('',#4058,#4086,#4088,.T.);
#4086 = VERTEX_POINT('',#4087);
#4087 = CARTESIAN_POINT('',(19.020623055119,6.,-273.1381088698));
#4088 = SURFACE_CURVE('',#4089,(#4093,#4100),.PCURVE_S1.);
#4089 = LINE('',#4090,#4091);
#4090 = CARTESIAN_POINT('',(19.537074630668,6.,-273.0346775338));
#4091 = VECTOR('',#4092,1.);
#4092 = DIRECTION('',(-0.980529153303,-2.180184603356E-17,
    -0.196373571345));
#4093 = PCURVE('',#2633,#4094);
#4094 = DEFINITIONAL_REPRESENTATION('',(#4095),#4099);
#4095 = LINE('',#4096,#4097);
#4096 = CARTESIAN_POINT('',(-7.788474918843,-38.31657018898));
#4097 = VECTOR('',#4098,1.);
#4098 = DIRECTION('',(0.980529153303,-0.196373571345));
#4099 = ( GEOMETRIC_REPRESENTATION_CONTEXT(2) 
PARAMETRIC_REPRESENTATION_CONTEXT() REPRESENTATION_CONTEXT('2D SPACE',''
  ) );
#4100 = PCURVE('',#4101,#4106);
#4101 = PLANE('',#4102);
#4102 = AXIS2_PLACEMENT_3D('',#4103,#4104,#4105);
#4103 = CARTESIAN_POINT('',(19.537074630668,6.,-273.0346775338));
#4104 = DIRECTION('',(0.196373571345,-1.088606042313E-16,-0.980529153303
    ));
#4105 = DIRECTION('',(-0.980529153303,-2.180184603356E-17,
    -0.196373571345));
#4106 = DEFINITIONAL_REPRESENTATION('',(#4107),#4111);
#4107 = LINE('',#4108,#4109);
#4108 = CARTESIAN_POINT('',(-0.,0.));
#4109 = VECTOR('',#4110,1.);
#4110 = DIRECTION('',(1.,0.));
#4111 = ( GEOMETRIC_REPRESENTATION_CONTEXT(2) 
PARAMETRIC_REPRESENTATION_CONTEXT() REPRESENTATION_CONTEXT('2D SPACE',''
  ) );
#4112 = ORIENTED_EDGE('',*,*,#4113,.T.);
#4113 = EDGE_CURVE('',#4086,#4114,#4116,.T.);
#4114 = VERTEX_POINT('',#4115);
#4115 = CARTESIAN_POINT('',(18.522238748447,6.,-273.3085006361));
#4116 = SURFACE_CURVE('',#4117,(#4121,#4128),.PCURVE_S1.);
#4117 = LINE('',#4118,#4119);
#4118 = CARTESIAN_POINT('',(19.020623055119,6.,-273.1381088698));
#4119 = VECTOR('',#4120,1.);
#4120 = DIRECTION('',(-0.946226839799,-3.591614686058E-17,
    -0.323503891236));
#4121 = PCURVE('',#2633,#4122);
#4122 = DEFINITIONAL_REPRESENTATION('',(#4123),#4127);
#4123 = LINE('',#4124,#4125);
#4124 = CARTESIAN_POINT('',(-7.272023343294,-38.42000152498));
#4125 = VECTOR('',#4126,1.);
#4126 = DIRECTION('',(0.946226839799,-0.323503891236));
#4127 = ( GEOMETRIC_REPRESENTATION_CONTEXT(2) 
PARAMETRIC_REPRESENTATION_CONTEXT() REPRESENTATION_CONTEXT('2D SPACE',''
  ) );
#4128 = PCURVE('',#4129,#4134);
#4129 = PLANE('',#4130);
#4130 = AXIS2_PLACEMENT_3D('',#4131,#4132,#4133);
#4131 = CARTESIAN_POINT('',(19.020623055119,6.,-273.1381088698));
#4132 = DIRECTION('',(0.323503891236,-1.050522824063E-16,-0.946226839799
    ));
#4133 = DIRECTION('',(-0.946226839799,-3.591614686058E-17,
    -0.323503891236));
#4134 = DEFINITIONAL_REPRESENTATION('',(#4135),#4139);
#4135 = LINE('',#4136,#4137);
#4136 = CARTESIAN_POINT('',(-0.,0.));
#4137 = VECTOR('',#4138,1.);
#4138 = DIRECTION('',(1.,0.));
#4139 = ( GEOMETRIC_REPRESENTATION_CONTEXT(2) 
PARAMETRIC_REPRESENTATION_CONTEXT() REPRESENTATION_CONTEXT('2D SPACE',''
  ) );
#4140 = ORIENTED_EDGE('',*,*,#4141,.T.);
#4141 = EDGE_CURVE('',#4114,#4142,#4144,.T.);
#4142 = VERTEX_POINT('',#4143);
#4143 = CARTESIAN_POINT('',(18.050563079995,6.,-273.5428984496));
#4144 = SURFACE_CURVE('',#4145,(#4149,#4156),.PCURVE_S1.);
#4145 = LINE('',#4146,#4147);
#4146 = CARTESIAN_POINT('',(18.522238748447,6.,-273.3085006361));
#4147 = VECTOR('',#4148,1.);
#4148 = DIRECTION('',(-0.89551811964,-4.940770598755E-17,-0.44502505255)
  );
#4149 = PCURVE('',#2633,#4150);
#4150 = DEFINITIONAL_REPRESENTATION('',(#4151),#4155);
#4151 = LINE('',#4152,#4153);
#4152 = CARTESIAN_POINT('',(-6.773639036622,-38.59039329127));
#4153 = VECTOR('',#4154,1.);
#4154 = DIRECTION('',(0.89551811964,-0.44502505255));
#4155 = ( GEOMETRIC_REPRESENTATION_CONTEXT(2) 
PARAMETRIC_REPRESENTATION_CONTEXT() REPRESENTATION_CONTEXT('2D SPACE',''
  ) );
#4156 = PCURVE('',#4157,#4162);
#4157 = PLANE('',#4158);
#4158 = AXIS2_PLACEMENT_3D('',#4159,#4160,#4161);
#4159 = CARTESIAN_POINT('',(18.522238748447,6.,-273.3085006361));
#4160 = DIRECTION('',(0.44502505255,-9.942248353932E-17,-0.89551811964)
  );
#4161 = DIRECTION('',(-0.89551811964,-4.940770598755E-17,-0.44502505255)
  );
#4162 = DEFINITIONAL_REPRESENTATION('',(#4163),#4167);
#4163 = LINE('',#4164,#4165);
#4164 = CARTESIAN_POINT('',(-0.,0.));
#4165 = VECTOR('',#4166,1.);
#4166 = DIRECTION('',(1.,0.));
#4167 = ( GEOMETRIC_REPRESENTATION_CONTEXT(2) 
PARAMETRIC_REPRESENTATION_CONTEXT() REPRESENTATION_CONTEXT('2D SPACE',''
  ) );
#4168 = ORIENTED_EDGE('',*,*,#4169,.T.);
#4169 = EDGE_CURVE('',#4142,#4170,#4172,.T.);
#4170 = VERTEX_POINT('',#4171);
#4171 = CARTESIAN_POINT('',(17.613774324253,6.,-273.8372381411));
#4172 = SURFACE_CURVE('',#4173,(#4177,#4184),.PCURVE_S1.);
#4173 = LINE('',#4174,#4175);
#4174 = CARTESIAN_POINT('',(18.050563079995,6.,-273.5428984496));
#4175 = VECTOR('',#4176,1.);
#4176 = DIRECTION('',(-0.829282219508,-6.2042596415E-17,-0.558830028191)
  );
#4177 = PCURVE('',#2633,#4178);
#4178 = DEFINITIONAL_REPRESENTATION('',(#4179),#4183);
#4179 = LINE('',#4180,#4181);
#4180 = CARTESIAN_POINT('',(-6.30196336817,-38.82479110471));
#4181 = VECTOR('',#4182,1.);
#4182 = DIRECTION('',(0.829282219508,-0.558830028191));
#4183 = ( GEOMETRIC_REPRESENTATION_CONTEXT(2) 
PARAMETRIC_REPRESENTATION_CONTEXT() REPRESENTATION_CONTEXT('2D SPACE',''
  ) );
#4184 = PCURVE('',#4185,#4190);
#4185 = PLANE('',#4186);
#4186 = AXIS2_PLACEMENT_3D('',#4187,#4188,#4189);
#4187 = CARTESIAN_POINT('',(18.050563079995,6.,-273.5428984496));
#4188 = DIRECTION('',(0.558830028191,-9.206882140097E-17,-0.829282219508
    ));
#4189 = DIRECTION('',(-0.829282219508,-6.2042596415E-17,-0.558830028191)
  );
#4190 = DEFINITIONAL_REPRESENTATION('',(#4191),#4195);
#4191 = LINE('',#4192,#4193);
#4192 = CARTESIAN_POINT('',(-0.,0.));
#4193 = VECTOR('',#4194,1.);
#4194 = DIRECTION('',(1.,0.));
#4195 = ( GEOMETRIC_REPRESENTATION_CONTEXT(2) 
PARAMETRIC_REPRESENTATION_CONTEXT() REPRESENTATION_CONTEXT('2D SPACE',''
  ) );
#4196 = ORIENTED_EDGE('',*,*,#4197,.T.);
#4197 = EDGE_CURVE('',#4170,#4198,#4200,.T.);
#4198 = VERTEX_POINT('',#4199);
#4199 = CARTESIAN_POINT('',(17.219445859663,6.,-274.1864162234));
#4200 = SURFACE_CURVE('',#4201,(#4205,#4212),.PCURVE_S1.);
#4201 = LINE('',#4202,#4203);
#4202 = CARTESIAN_POINT('',(17.613774324253,6.,-273.8372381411));
#4203 = VECTOR('',#4204,1.);
#4204 = DIRECTION('',(-0.748667588238,-7.360174472242E-17,
    -0.662945580211));
#4205 = PCURVE('',#2633,#4206);
#4206 = DEFINITIONAL_REPRESENTATION('',(#4207),#4211);
#4207 = LINE('',#4208,#4209);
#4208 = CARTESIAN_POINT('',(-5.865174612428,-39.11913079624));
#4209 = VECTOR('',#4210,1.);
#4210 = DIRECTION('',(0.748667588238,-0.662945580211));
#4211 = ( GEOMETRIC_REPRESENTATION_CONTEXT(2) 
PARAMETRIC_REPRESENTATION_CONTEXT() REPRESENTATION_CONTEXT('2D SPACE',''
  ) );
#4212 = PCURVE('',#4213,#4218);
#4213 = PLANE('',#4214);
#4214 = AXIS2_PLACEMENT_3D('',#4215,#4216,#4217);
#4215 = CARTESIAN_POINT('',(17.613774324253,6.,-273.8372381411));
#4216 = DIRECTION('',(0.662945580211,-8.311879942524E-17,-0.748667588238
    ));
#4217 = DIRECTION('',(-0.748667588238,-7.360174472242E-17,
    -0.662945580211));
#4218 = DEFINITIONAL_REPRESENTATION('',(#4219),#4223);
#4219 = LINE('',#4220,#4221);
#4220 = CARTESIAN_POINT('',(-0.,0.));
#4221 = VECTOR('',#4222,1.);
#4222 = DIRECTION('',(1.,0.));
#4223 = ( GEOMETRIC_REPRESENTATION_CONTEXT(2) 
PARAMETRIC_REPRESENTATION_CONTEXT() REPRESENTATION_CONTEXT('2D SPACE',''
  ) );
#4224 = ORIENTED_EDGE('',*,*,#4225,.T.);
#4225 = EDGE_CURVE('',#4198,#4226,#4228,.T.);
#4226 = VERTEX_POINT('',#4227);
#4227 = CARTESIAN_POINT('',(16.874414855572,6.,-274.5843783791));
#4228 = SURFACE_CURVE('',#4229,(#4233,#4240),.PCURVE_S1.);
#4229 = LINE('',#4230,#4231);
#4230 = CARTESIAN_POINT('',(17.219445859663,6.,-274.1864162234));
#4231 = VECTOR('',#4232,1.);
#4232 = DIRECTION('',(-0.655071984135,-8.388472953119E-17,
    -0.755566473318));
#4233 = PCURVE('',#2633,#4234);
#4234 = DEFINITIONAL_REPRESENTATION('',(#4235),#4239);
#4235 = LINE('',#4236,#4237);
#4236 = CARTESIAN_POINT('',(-5.470846147838,-39.46830887856));
#4237 = VECTOR('',#4238,1.);
#4238 = DIRECTION('',(0.655071984135,-0.755566473318));
#4239 = ( GEOMETRIC_REPRESENTATION_CONTEXT(2) 
PARAMETRIC_REPRESENTATION_CONTEXT() REPRESENTATION_CONTEXT('2D SPACE',''
  ) );
#4240 = PCURVE('',#4241,#4246);
#4241 = PLANE('',#4242);
#4242 = AXIS2_PLACEMENT_3D('',#4243,#4244,#4245);
#4243 = CARTESIAN_POINT('',(17.219445859663,6.,-274.1864162234));
#4244 = DIRECTION('',(0.755566473318,-7.272759995735E-17,-0.655071984135
    ));
#4245 = DIRECTION('',(-0.655071984135,-8.388472953119E-17,
    -0.755566473318));
#4246 = DEFINITIONAL_REPRESENTATION('',(#4247),#4251);
#4247 = LINE('',#4248,#4249);
#4248 = CARTESIAN_POINT('',(-0.,0.));
#4249 = VECTOR('',#4250,1.);
#4250 = DIRECTION('',(1.,0.));
#4251 = ( GEOMETRIC_REPRESENTATION_CONTEXT(2) 
PARAMETRIC_REPRESENTATION_CONTEXT() REPRESENTATION_CONTEXT('2D SPACE',''
  ) );
#4252 = ORIENTED_EDGE('',*,*,#4253,.T.);
#4253 = EDGE_CURVE('',#4226,#4254,#4256,.T.);
#4254 = VERTEX_POINT('',#4255);
#4255 = CARTESIAN_POINT('',(16.58466372415,6.,-275.0242244351));
#4256 = SURFACE_CURVE('',#4257,(#4261,#4268),.PCURVE_S1.);
#4257 = LINE('',#4258,#4259);
#4258 = CARTESIAN_POINT('',(16.874414855572,6.,-274.5843783791));
#4259 = VECTOR('',#4260,1.);
#4260 = DIRECTION('',(-0.550118239565,-9.27132565642E-17,-0.83508677543)
  );
#4261 = PCURVE('',#2633,#4262);
#4262 = DEFINITIONAL_REPRESENTATION('',(#4263),#4267);
#4263 = LINE('',#4264,#4265);
#4264 = CARTESIAN_POINT('',(-5.125815143747,-39.86627103426));
#4265 = VECTOR('',#4266,1.);
#4266 = DIRECTION('',(0.550118239565,-0.83508677543));
#4267 = ( GEOMETRIC_REPRESENTATION_CONTEXT(2) 
PARAMETRIC_REPRESENTATION_CONTEXT() REPRESENTATION_CONTEXT('2D SPACE',''
  ) );
#4268 = PCURVE('',#4269,#4274);
#4269 = PLANE('',#4270);
#4270 = AXIS2_PLACEMENT_3D('',#4271,#4272,#4273);
#4271 = CARTESIAN_POINT('',(16.874414855572,6.,-274.5843783791));
#4272 = DIRECTION('',(0.83508677543,-6.107539358318E-17,-0.550118239565)
  );
#4273 = DIRECTION('',(-0.550118239565,-9.27132565642E-17,-0.83508677543)
  );
#4274 = DEFINITIONAL_REPRESENTATION('',(#4275),#4279);
#4275 = LINE('',#4276,#4277);
#4276 = CARTESIAN_POINT('',(-0.,0.));
#4277 = VECTOR('',#4278,1.);
#4278 = DIRECTION('',(1.,0.));
#4279 = ( GEOMETRIC_REPRESENTATION_CONTEXT(2) 
PARAMETRIC_REPRESENTATION_CONTEXT() REPRESENTATION_CONTEXT('2D SPACE',''
  ) );
#4280 = ORIENTED_EDGE('',*,*,#4281,.T.);
#4281 = EDGE_CURVE('',#4254,#4282,#4284,.T.);
#4282 = VERTEX_POINT('',#4283);
#4283 = CARTESIAN_POINT('',(16.355216392737,6.,-275.4983280032));
#4284 = SURFACE_CURVE('',#4285,(#4289,#4296),.PCURVE_S1.);
#4285 = LINE('',#4286,#4287);
#4286 = CARTESIAN_POINT('',(16.58466372415,6.,-275.0242244351));
#4287 = VECTOR('',#4288,1.);
#4288 = DIRECTION('',(-0.435626123047,-9.993425004872E-17,
    -0.900127702562));
#4289 = PCURVE('',#2633,#4290);
#4290 = DEFINITIONAL_REPRESENTATION('',(#4291),#4295);
#4291 = LINE('',#4292,#4293);
#4292 = CARTESIAN_POINT('',(-4.836064012325,-40.30611709028));
#4293 = VECTOR('',#4294,1.);
#4294 = DIRECTION('',(0.435626123047,-0.900127702562));
#4295 = ( GEOMETRIC_REPRESENTATION_CONTEXT(2) 
PARAMETRIC_REPRESENTATION_CONTEXT() REPRESENTATION_CONTEXT('2D SPACE',''
  ) );
#4296 = PCURVE('',#4297,#4302);
#4297 = PLANE('',#4298);
#4298 = AXIS2_PLACEMENT_3D('',#4299,#4300,#4301);
#4299 = CARTESIAN_POINT('',(16.58466372415,6.,-275.0242244351));
#4300 = DIRECTION('',(0.900127702562,-4.836421519345E-17,-0.435626123047
    ));
#4301 = DIRECTION('',(-0.435626123047,-9.993425004872E-17,
    -0.900127702562));
#4302 = DEFINITIONAL_REPRESENTATION('',(#4303),#4307);
#4303 = LINE('',#4304,#4305);
#4304 = CARTESIAN_POINT('',(-0.,0.));
#4305 = VECTOR('',#4306,1.);
#4306 = DIRECTION('',(1.,0.));
#4307 = ( GEOMETRIC_REPRESENTATION_CONTEXT(2) 
PARAMETRIC_REPRESENTATION_CONTEXT() REPRESENTATION_CONTEXT('2D SPACE',''
  ) );
#4308 = ORIENTED_EDGE('',*,*,#4309,.T.);
#4309 = EDGE_CURVE('',#4282,#4310,#4312,.T.);
#4310 = VERTEX_POINT('',#4311);
#4311 = CARTESIAN_POINT('',(16.19005119514,6.,-275.9984687121));
#4312 = SURFACE_CURVE('',#4313,(#4317,#4324),.PCURVE_S1.);
#4313 = LINE('',#4314,#4315);
#4314 = CARTESIAN_POINT('',(16.355216392737,6.,-275.4983280032));
#4315 = VECTOR('',#4316,1.);
#4316 = DIRECTION('',(-0.313580786704,-1.054225068616E-16,
    -0.949561525237));
#4317 = PCURVE('',#2633,#4318);
#4318 = DEFINITIONAL_REPRESENTATION('',(#4319),#4323);
#4319 = LINE('',#4320,#4321);
#4320 = CARTESIAN_POINT('',(-4.606616680912,-40.78022065835));
#4321 = VECTOR('',#4322,1.);
#4322 = DIRECTION('',(0.313580786704,-0.949561525237));
#4323 = ( GEOMETRIC_REPRESENTATION_CONTEXT(2) 
PARAMETRIC_REPRESENTATION_CONTEXT() REPRESENTATION_CONTEXT('2D SPACE',''
  ) );
#4324 = PCURVE('',#4325,#4330);
#4325 = PLANE('',#4326);
#4326 = AXIS2_PLACEMENT_3D('',#4327,#4328,#4329);
#4327 = CARTESIAN_POINT('',(16.355216392737,6.,-275.4983280032));
#4328 = DIRECTION('',(0.949561525237,-3.481446094791E-17,-0.313580786704
    ));
#4329 = DIRECTION('',(-0.313580786704,-1.054225068616E-16,
    -0.949561525237));
#4330 = DEFINITIONAL_REPRESENTATION('',(#4331),#4335);
#4331 = LINE('',#4332,#4333);
#4332 = CARTESIAN_POINT('',(-0.,0.));
#4333 = VECTOR('',#4334,1.);
#4334 = DIRECTION('',(1.,0.));
#4335 = ( GEOMETRIC_REPRESENTATION_CONTEXT(2) 
PARAMETRIC_REPRESENTATION_CONTEXT() REPRESENTATION_CONTEXT('2D SPACE',''
  ) );
#4336 = ORIENTED_EDGE('',*,*,#4337,.T.);
#4337 = EDGE_CURVE('',#4310,#4338,#4340,.T.);
#4338 = VERTEX_POINT('',#4339);
#4339 = CARTESIAN_POINT('',(2.99359289226,6.,-326.9917250808));
#4340 = SURFACE_CURVE('',#4341,(#4345,#4352),.PCURVE_S1.);
#4341 = LINE('',#4342,#4343);
#4342 = CARTESIAN_POINT('',(16.19005119514,6.,-275.9984687121));
#4343 = VECTOR('',#4344,1.);
#4344 = DIRECTION('',(-0.250534914213,-1.074815308604E-16,
    -0.968107564664));
#4345 = PCURVE('',#2633,#4346);
#4346 = DEFINITIONAL_REPRESENTATION('',(#4347),#4351);
#4347 = LINE('',#4348,#4349);
#4348 = CARTESIAN_POINT('',(-4.441451483315,-41.28036136721));
#4349 = VECTOR('',#4350,1.);
#4350 = DIRECTION('',(0.250534914213,-0.968107564664));
#4351 = ( GEOMETRIC_REPRESENTATION_CONTEXT(2) 
PARAMETRIC_REPRESENTATION_CONTEXT() REPRESENTATION_CONTEXT('2D SPACE',''
  ) );
#4352 = PCURVE('',#4353,#4358);
#4353 = PLANE('',#4354);
#4354 = AXIS2_PLACEMENT_3D('',#4355,#4356,#4357);
#4355 = CARTESIAN_POINT('',(16.19005119514,6.,-275.9984687121));
#4356 = DIRECTION('',(0.968107564664,-2.781496302323E-17,-0.250534914213
    ));
#4357 = DIRECTION('',(-0.250534914213,-1.074815308604E-16,
    -0.968107564664));
#4358 = DEFINITIONAL_REPRESENTATION('',(#4359),#4363);
#4359 = LINE('',#4360,#4361);
#4360 = CARTESIAN_POINT('',(-0.,0.));
#4361 = VECTOR('',#4362,1.);
#4362 = DIRECTION('',(1.,0.));
#4363 = ( GEOMETRIC_REPRESENTATION_CONTEXT(2) 
PARAMETRIC_REPRESENTATION_CONTEXT() REPRESENTATION_CONTEXT('2D SPACE',''
  ) );
#4364 = ORIENTED_EDGE('',*,*,#4365,.T.);
#4365 = EDGE_CURVE('',#4338,#4366,#4368,.T.);
#4366 = VERTEX_POINT('',#4367);
#4367 = CARTESIAN_POINT('',(-2.99359289226,6.,-326.9917250808));
#4368 = SURFACE_CURVE('',#4369,(#4373,#4380),.PCURVE_S1.);
#4369 = LINE('',#4370,#4371);
#4370 = CARTESIAN_POINT('',(2.99359289226,6.,-326.9917250808));
#4371 = VECTOR('',#4372,1.);
#4372 = DIRECTION('',(-1.,0.,0.));
#4373 = PCURVE('',#2633,#4374);
#4374 = DEFINITIONAL_REPRESENTATION('',(#4375),#4379);
#4375 = LINE('',#4376,#4377);
#4376 = CARTESIAN_POINT('',(8.755006819565,-92.2736177359));
#4377 = VECTOR('',#4378,1.);
#4378 = DIRECTION('',(1.,0.));
#4379 = ( GEOMETRIC_REPRESENTATION_CONTEXT(2) 
PARAMETRIC_REPRESENTATION_CONTEXT() REPRESENTATION_CONTEXT('2D SPACE',''
  ) );
#4380 = PCURVE('',#4381,#4386);
#4381 = PLANE('',#4382);
#4382 = AXIS2_PLACEMENT_3D('',#4383,#4384,#4385);
#4383 = CARTESIAN_POINT('',(2.99359289226,6.,-326.9917250808));
#4384 = DIRECTION('',(0.,-1.110223024625E-16,-1.));
#4385 = DIRECTION('',(-1.,0.,0.));
#4386 = DEFINITIONAL_REPRESENTATION('',(#4387),#4391);
#4387 = LINE('',#4388,#4389);
#4388 = CARTESIAN_POINT('',(0.,0.));
#4389 = VECTOR('',#4390,1.);
#4390 = DIRECTION('',(1.,0.));
#4391 = ( GEOMETRIC_REPRESENTATION_CONTEXT(2) 
PARAMETRIC_REPRESENTATION_CONTEXT() REPRESENTATION_CONTEXT('2D SPACE',''
  ) );
#4392 = ORIENTED_EDGE('',*,*,#4393,.T.);
#4393 = EDGE_CURVE('',#4366,#4394,#4396,.T.);
#4394 = VERTEX_POINT('',#4395);
#4395 = CARTESIAN_POINT('',(-16.19005119514,6.,-275.9984687121));
#4396 = SURFACE_CURVE('',#4397,(#4401,#4408),.PCURVE_S1.);
#4397 = LINE('',#4398,#4399);
#4398 = CARTESIAN_POINT('',(-2.99359289226,6.,-326.9917250808));
#4399 = VECTOR('',#4400,1.);
#4400 = DIRECTION('',(-0.250534914213,1.074815308604E-16,0.968107564664)
  );
#4401 = PCURVE('',#2633,#4402);
#4402 = DEFINITIONAL_REPRESENTATION('',(#4403),#4407);
#4403 = LINE('',#4404,#4405);
#4404 = CARTESIAN_POINT('',(14.742192604085,-92.2736177359));
#4405 = VECTOR('',#4406,1.);
#4406 = DIRECTION('',(0.250534914213,0.968107564664));
#4407 = ( GEOMETRIC_REPRESENTATION_CONTEXT(2) 
PARAMETRIC_REPRESENTATION_CONTEXT() REPRESENTATION_CONTEXT('2D SPACE',''
  ) );
#4408 = PCURVE('',#4409,#4414);
#4409 = PLANE('',#4410);
#4410 = AXIS2_PLACEMENT_3D('',#4411,#4412,#4413);
#4411 = CARTESIAN_POINT('',(-2.99359289226,6.,-326.9917250808));
#4412 = DIRECTION('',(-0.968107564664,-2.781496302323E-17,
    -0.250534914213));
#4413 = DIRECTION('',(-0.250534914213,1.074815308604E-16,0.968107564664)
  );
#4414 = DEFINITIONAL_REPRESENTATION('',(#4415),#4419);
#4415 = LINE('',#4416,#4417);
#4416 = CARTESIAN_POINT('',(0.,0.));
#4417 = VECTOR('',#4418,1.);
#4418 = DIRECTION('',(1.,0.));
#4419 = ( GEOMETRIC_REPRESENTATION_CONTEXT(2) 
PARAMETRIC_REPRESENTATION_CONTEXT() REPRESENTATION_CONTEXT('2D SPACE',''
  ) );
#4420 = ORIENTED_EDGE('',*,*,#4421,.T.);
#4421 = EDGE_CURVE('',#4394,#4422,#4424,.T.);
#4422 = VERTEX_POINT('',#4423);
#4423 = CARTESIAN_POINT('',(-16.35521639273,6.,-275.4983280032));
#4424 = SURFACE_CURVE('',#4425,(#4429,#4436),.PCURVE_S1.);
#4425 = LINE('',#4426,#4427);
#4426 = CARTESIAN_POINT('',(-16.19005119514,6.,-275.9984687121));
#4427 = VECTOR('',#4428,1.);
#4428 = DIRECTION('',(-0.313580786704,1.054225068616E-16,0.949561525237)
  );
#4429 = PCURVE('',#2633,#4430);
#4430 = DEFINITIONAL_REPRESENTATION('',(#4431),#4435);
#4431 = LINE('',#4432,#4433);
#4432 = CARTESIAN_POINT('',(27.938650906965,-41.28036136721));
#4433 = VECTOR('',#4434,1.);
#4434 = DIRECTION('',(0.313580786704,0.949561525237));
#4435 = ( GEOMETRIC_REPRESENTATION_CONTEXT(2) 
PARAMETRIC_REPRESENTATION_CONTEXT() REPRESENTATION_CONTEXT('2D SPACE',''
  ) );
#4436 = PCURVE('',#4437,#4442);
#4437 = PLANE('',#4438);
#4438 = AXIS2_PLACEMENT_3D('',#4439,#4440,#4441);
#4439 = CARTESIAN_POINT('',(-16.19005119514,6.,-275.9984687121));
#4440 = DIRECTION('',(-0.949561525237,-3.481446094791E-17,
    -0.313580786704));
#4441 = DIRECTION('',(-0.313580786704,1.054225068616E-16,0.949561525237)
  );
#4442 = DEFINITIONAL_REPRESENTATION('',(#4443),#4447);
#4443 = LINE('',#4444,#4445);
#4444 = CARTESIAN_POINT('',(0.,0.));
#4445 = VECTOR('',#4446,1.);
#4446 = DIRECTION('',(1.,0.));
#4447 = ( GEOMETRIC_REPRESENTATION_CONTEXT(2) 
PARAMETRIC_REPRESENTATION_CONTEXT() REPRESENTATION_CONTEXT('2D SPACE',''
  ) );
#4448 = ORIENTED_EDGE('',*,*,#4449,.T.);
#4449 = EDGE_CURVE('',#4422,#4450,#4452,.T.);
#4450 = VERTEX_POINT('',#4451);
#4451 = CARTESIAN_POINT('',(-16.58466372415,6.,-275.0242244351));
#4452 = SURFACE_CURVE('',#4453,(#4457,#4464),.PCURVE_S1.);
#4453 = LINE('',#4454,#4455);
#4454 = CARTESIAN_POINT('',(-16.35521639273,6.,-275.4983280032));
#4455 = VECTOR('',#4456,1.);
#4456 = DIRECTION('',(-0.435626123047,9.993425004872E-17,0.900127702562)
  );
#4457 = PCURVE('',#2633,#4458);
#4458 = DEFINITIONAL_REPRESENTATION('',(#4459),#4463);
#4459 = LINE('',#4460,#4461);
#4460 = CARTESIAN_POINT('',(28.103816104562,-40.78022065835));
#4461 = VECTOR('',#4462,1.);
#4462 = DIRECTION('',(0.435626123047,0.900127702562));
#4463 = ( GEOMETRIC_REPRESENTATION_CONTEXT(2) 
PARAMETRIC_REPRESENTATION_CONTEXT() REPRESENTATION_CONTEXT('2D SPACE',''
  ) );
#4464 = PCURVE('',#4465,#4470);
#4465 = PLANE('',#4466);
#4466 = AXIS2_PLACEMENT_3D('',#4467,#4468,#4469);
#4467 = CARTESIAN_POINT('',(-16.35521639273,6.,-275.4983280032));
#4468 = DIRECTION('',(-0.900127702562,-4.836421519345E-17,
    -0.435626123047));
#4469 = DIRECTION('',(-0.435626123047,9.993425004872E-17,0.900127702562)
  );
#4470 = DEFINITIONAL_REPRESENTATION('',(#4471),#4475);
#4471 = LINE('',#4472,#4473);
#4472 = CARTESIAN_POINT('',(0.,0.));
#4473 = VECTOR('',#4474,1.);
#4474 = DIRECTION('',(1.,0.));
#4475 = ( GEOMETRIC_REPRESENTATION_CONTEXT(2) 
PARAMETRIC_REPRESENTATION_CONTEXT() REPRESENTATION_CONTEXT('2D SPACE',''
  ) );
#4476 = ORIENTED_EDGE('',*,*,#4477,.T.);
#4477 = EDGE_CURVE('',#4450,#4478,#4480,.T.);
#4478 = VERTEX_POINT('',#4479);
#4479 = CARTESIAN_POINT('',(-16.87441485557,6.,-274.5843783791));
#4480 = SURFACE_CURVE('',#4481,(#4485,#4492),.PCURVE_S1.);
#4481 = LINE('',#4482,#4483);
#4482 = CARTESIAN_POINT('',(-16.58466372415,6.,-275.0242244351));
#4483 = VECTOR('',#4484,1.);
#4484 = DIRECTION('',(-0.550118239565,9.27132565642E-17,0.83508677543));
#4485 = PCURVE('',#2633,#4486);
#4486 = DEFINITIONAL_REPRESENTATION('',(#4487),#4491);
#4487 = LINE('',#4488,#4489);
#4488 = CARTESIAN_POINT('',(28.333263435975,-40.30611709028));
#4489 = VECTOR('',#4490,1.);
#4490 = DIRECTION('',(0.550118239565,0.83508677543));
#4491 = ( GEOMETRIC_REPRESENTATION_CONTEXT(2) 
PARAMETRIC_REPRESENTATION_CONTEXT() REPRESENTATION_CONTEXT('2D SPACE',''
  ) );
#4492 = PCURVE('',#4493,#4498);
#4493 = PLANE('',#4494);
#4494 = AXIS2_PLACEMENT_3D('',#4495,#4496,#4497);
#4495 = CARTESIAN_POINT('',(-16.58466372415,6.,-275.0242244351));
#4496 = DIRECTION('',(-0.83508677543,-6.107539358318E-17,-0.550118239565
    ));
#4497 = DIRECTION('',(-0.550118239565,9.27132565642E-17,0.83508677543));
#4498 = DEFINITIONAL_REPRESENTATION('',(#4499),#4503);
#4499 = LINE('',#4500,#4501);
#4500 = CARTESIAN_POINT('',(0.,0.));
#4501 = VECTOR('',#4502,1.);
#4502 = DIRECTION('',(1.,0.));
#4503 = ( GEOMETRIC_REPRESENTATION_CONTEXT(2) 
PARAMETRIC_REPRESENTATION_CONTEXT() REPRESENTATION_CONTEXT('2D SPACE',''
  ) );
#4504 = ORIENTED_EDGE('',*,*,#4505,.T.);
#4505 = EDGE_CURVE('',#4478,#4506,#4508,.T.);
#4506 = VERTEX_POINT('',#4507);
#4507 = CARTESIAN_POINT('',(-17.21944585966,6.,-274.1864162234));
#4508 = SURFACE_CURVE('',#4509,(#4513,#4520),.PCURVE_S1.);
#4509 = LINE('',#4510,#4511);
#4510 = CARTESIAN_POINT('',(-16.87441485557,6.,-274.5843783791));
#4511 = VECTOR('',#4512,1.);
#4512 = DIRECTION('',(-0.655071984135,8.388472953119E-17,0.755566473318)
  );
#4513 = PCURVE('',#2633,#4514);
#4514 = DEFINITIONAL_REPRESENTATION('',(#4515),#4519);
#4515 = LINE('',#4516,#4517);
#4516 = CARTESIAN_POINT('',(28.623014567397,-39.86627103426));
#4517 = VECTOR('',#4518,1.);
#4518 = DIRECTION('',(0.655071984135,0.755566473318));
#4519 = ( GEOMETRIC_REPRESENTATION_CONTEXT(2) 
PARAMETRIC_REPRESENTATION_CONTEXT() REPRESENTATION_CONTEXT('2D SPACE',''
  ) );
#4520 = PCURVE('',#4521,#4526);
#4521 = PLANE('',#4522);
#4522 = AXIS2_PLACEMENT_3D('',#4523,#4524,#4525);
#4523 = CARTESIAN_POINT('',(-16.87441485557,6.,-274.5843783791));
#4524 = DIRECTION('',(-0.755566473318,-7.272759995735E-17,
    -0.655071984135));
#4525 = DIRECTION('',(-0.655071984135,8.388472953119E-17,0.755566473318)
  );
#4526 = DEFINITIONAL_REPRESENTATION('',(#4527),#4531);
#4527 = LINE('',#4528,#4529);
#4528 = CARTESIAN_POINT('',(0.,0.));
#4529 = VECTOR('',#4530,1.);
#4530 = DIRECTION('',(1.,0.));
#4531 = ( GEOMETRIC_REPRESENTATION_CONTEXT(2) 
PARAMETRIC_REPRESENTATION_CONTEXT() REPRESENTATION_CONTEXT('2D SPACE',''
  ) );
#4532 = ORIENTED_EDGE('',*,*,#4533,.T.);
#4533 = EDGE_CURVE('',#4506,#4534,#4536,.T.);
#4534 = VERTEX_POINT('',#4535);
#4535 = CARTESIAN_POINT('',(-17.61377432425,6.,-273.8372381411));
#4536 = SURFACE_CURVE('',#4537,(#4541,#4548),.PCURVE_S1.);
#4537 = LINE('',#4538,#4539);
#4538 = CARTESIAN_POINT('',(-17.21944585966,6.,-274.1864162234));
#4539 = VECTOR('',#4540,1.);
#4540 = DIRECTION('',(-0.748667588238,7.360174472242E-17,0.662945580211)
  );
#4541 = PCURVE('',#2633,#4542);
#4542 = DEFINITIONAL_REPRESENTATION('',(#4543),#4547);
#4543 = LINE('',#4544,#4545);
#4544 = CARTESIAN_POINT('',(28.968045571488,-39.46830887856));
#4545 = VECTOR('',#4546,1.);
#4546 = DIRECTION('',(0.748667588238,0.662945580211));
#4547 = ( GEOMETRIC_REPRESENTATION_CONTEXT(2) 
PARAMETRIC_REPRESENTATION_CONTEXT() REPRESENTATION_CONTEXT('2D SPACE',''
  ) );
#4548 = PCURVE('',#4549,#4554);
#4549 = PLANE('',#4550);
#4550 = AXIS2_PLACEMENT_3D('',#4551,#4552,#4553);
#4551 = CARTESIAN_POINT('',(-17.21944585966,6.,-274.1864162234));
#4552 = DIRECTION('',(-0.662945580211,-8.311879942524E-17,
    -0.748667588238));
#4553 = DIRECTION('',(-0.748667588238,7.360174472242E-17,0.662945580211)
  );
#4554 = DEFINITIONAL_REPRESENTATION('',(#4555),#4559);
#4555 = LINE('',#4556,#4557);
#4556 = CARTESIAN_POINT('',(0.,0.));
#4557 = VECTOR('',#4558,1.);
#4558 = DIRECTION('',(1.,0.));
#4559 = ( GEOMETRIC_REPRESENTATION_CONTEXT(2) 
PARAMETRIC_REPRESENTATION_CONTEXT() REPRESENTATION_CONTEXT('2D SPACE',''
  ) );
#4560 = ORIENTED_EDGE('',*,*,#4561,.T.);
#4561 = EDGE_CURVE('',#4534,#4562,#4564,.T.);
#4562 = VERTEX_POINT('',#4563);
#4563 = CARTESIAN_POINT('',(-18.05056307999,6.,-273.5428984496));
#4564 = SURFACE_CURVE('',#4565,(#4569,#4576),.PCURVE_S1.);
#4565 = LINE('',#4566,#4567);
#4566 = CARTESIAN_POINT('',(-17.61377432425,6.,-273.8372381411));
#4567 = VECTOR('',#4568,1.);
#4568 = DIRECTION('',(-0.829282219508,6.2042596415E-17,0.558830028191));
#4569 = PCURVE('',#2633,#4570);
#4570 = DEFINITIONAL_REPRESENTATION('',(#4571),#4575);
#4571 = LINE('',#4572,#4573);
#4572 = CARTESIAN_POINT('',(29.362374036078,-39.11913079624));
#4573 = VECTOR('',#4574,1.);
#4574 = DIRECTION('',(0.829282219508,0.558830028191));
#4575 = ( GEOMETRIC_REPRESENTATION_CONTEXT(2) 
PARAMETRIC_REPRESENTATION_CONTEXT() REPRESENTATION_CONTEXT('2D SPACE',''
  ) );
#4576 = PCURVE('',#4577,#4582);
#4577 = PLANE('',#4578);
#4578 = AXIS2_PLACEMENT_3D('',#4579,#4580,#4581);
#4579 = CARTESIAN_POINT('',(-17.61377432425,6.,-273.8372381411));
#4580 = DIRECTION('',(-0.558830028191,-9.206882140097E-17,
    -0.829282219508));
#4581 = DIRECTION('',(-0.829282219508,6.2042596415E-17,0.558830028191));
#4582 = DEFINITIONAL_REPRESENTATION('',(#4583),#4587);
#4583 = LINE('',#4584,#4585);
#4584 = CARTESIAN_POINT('',(0.,0.));
#4585 = VECTOR('',#4586,1.);
#4586 = DIRECTION('',(1.,0.));
#4587 = ( GEOMETRIC_REPRESENTATION_CONTEXT(2) 
PARAMETRIC_REPRESENTATION_CONTEXT() REPRESENTATION_CONTEXT('2D SPACE',''
  ) );
#4588 = ORIENTED_EDGE('',*,*,#4589,.T.);
#4589 = EDGE_CURVE('',#4562,#4590,#4592,.T.);
#4590 = VERTEX_POINT('',#4591);
#4591 = CARTESIAN_POINT('',(-18.52223874844,6.,-273.3085006361));
#4592 = SURFACE_CURVE('',#4593,(#4597,#4604),.PCURVE_S1.);
#4593 = LINE('',#4594,#4595);
#4594 = CARTESIAN_POINT('',(-18.05056307999,6.,-273.5428984496));
#4595 = VECTOR('',#4596,1.);
#4596 = DIRECTION('',(-0.89551811964,4.940770598755E-17,0.44502505255));
#4597 = PCURVE('',#2633,#4598);
#4598 = DEFINITIONAL_REPRESENTATION('',(#4599),#4603);
#4599 = LINE('',#4600,#4601);
#4600 = CARTESIAN_POINT('',(29.79916279182,-38.82479110471));
#4601 = VECTOR('',#4602,1.);
#4602 = DIRECTION('',(0.89551811964,0.44502505255));
#4603 = ( GEOMETRIC_REPRESENTATION_CONTEXT(2) 
PARAMETRIC_REPRESENTATION_CONTEXT() REPRESENTATION_CONTEXT('2D SPACE',''
  ) );
#4604 = PCURVE('',#4605,#4610);
#4605 = PLANE('',#4606);
#4606 = AXIS2_PLACEMENT_3D('',#4607,#4608,#4609);
#4607 = CARTESIAN_POINT('',(-18.05056307999,6.,-273.5428984496));
#4608 = DIRECTION('',(-0.44502505255,-9.942248353932E-17,-0.89551811964)
  );
#4609 = DIRECTION('',(-0.89551811964,4.940770598755E-17,0.44502505255));
#4610 = DEFINITIONAL_REPRESENTATION('',(#4611),#4615);
#4611 = LINE('',#4612,#4613);
#4612 = CARTESIAN_POINT('',(0.,0.));
#4613 = VECTOR('',#4614,1.);
#4614 = DIRECTION('',(1.,0.));
#4615 = ( GEOMETRIC_REPRESENTATION_CONTEXT(2) 
PARAMETRIC_REPRESENTATION_CONTEXT() REPRESENTATION_CONTEXT('2D SPACE',''
  ) );
#4616 = ORIENTED_EDGE('',*,*,#4617,.T.);
#4617 = EDGE_CURVE('',#4590,#4618,#4620,.T.);
#4618 = VERTEX_POINT('',#4619);
#4619 = CARTESIAN_POINT('',(-19.02062305511,6.,-273.1381088698));
#4620 = SURFACE_CURVE('',#4621,(#4625,#4632),.PCURVE_S1.);
#4621 = LINE('',#4622,#4623);
#4622 = CARTESIAN_POINT('',(-18.52223874844,6.,-273.3085006361));
#4623 = VECTOR('',#4624,1.);
#4624 = DIRECTION('',(-0.946226839799,3.591614686058E-17,0.323503891236)
  );
#4625 = PCURVE('',#2633,#4626);
#4626 = DEFINITIONAL_REPRESENTATION('',(#4627),#4631);
#4627 = LINE('',#4628,#4629);
#4628 = CARTESIAN_POINT('',(30.270838460272,-38.59039329127));
#4629 = VECTOR('',#4630,1.);
#4630 = DIRECTION('',(0.946226839799,0.323503891236));
#4631 = ( GEOMETRIC_REPRESENTATION_CONTEXT(2) 
PARAMETRIC_REPRESENTATION_CONTEXT() REPRESENTATION_CONTEXT('2D SPACE',''
  ) );
#4632 = PCURVE('',#4633,#4638);
#4633 = PLANE('',#4634);
#4634 = AXIS2_PLACEMENT_3D('',#4635,#4636,#4637);
#4635 = CARTESIAN_POINT('',(-18.52223874844,6.,-273.3085006361));
#4636 = DIRECTION('',(-0.323503891236,-1.050522824063E-16,
    -0.946226839799));
#4637 = DIRECTION('',(-0.946226839799,3.591614686058E-17,0.323503891236)
  );
#4638 = DEFINITIONAL_REPRESENTATION('',(#4639),#4643);
#4639 = LINE('',#4640,#4641);
#4640 = CARTESIAN_POINT('',(0.,0.));
#4641 = VECTOR('',#4642,1.);
#4642 = DIRECTION('',(1.,0.));
#4643 = ( GEOMETRIC_REPRESENTATION_CONTEXT(2) 
PARAMETRIC_REPRESENTATION_CONTEXT() REPRESENTATION_CONTEXT('2D SPACE',''
  ) );
#4644 = ORIENTED_EDGE('',*,*,#4645,.T.);
#4645 = EDGE_CURVE('',#4618,#4646,#4648,.T.);
#4646 = VERTEX_POINT('',#4647);
#4647 = CARTESIAN_POINT('',(-19.53707463066,6.,-273.0346775338));
#4648 = SURFACE_CURVE('',#4649,(#4653,#4660),.PCURVE_S1.);
#4649 = LINE('',#4650,#4651);
#4650 = CARTESIAN_POINT('',(-19.02062305511,6.,-273.1381088698));
#4651 = VECTOR('',#4652,1.);
#4652 = DIRECTION('',(-0.980529153303,2.180184603356E-17,0.196373571345)
  );
#4653 = PCURVE('',#2633,#4654);
#4654 = DEFINITIONAL_REPRESENTATION('',(#4655),#4659);
#4655 = LINE('',#4656,#4657);
#4656 = CARTESIAN_POINT('',(30.769222766944,-38.42000152498));
#4657 = VECTOR('',#4658,1.);
#4658 = DIRECTION('',(0.980529153303,0.196373571345));
#4659 = ( GEOMETRIC_REPRESENTATION_CONTEXT(2) 
PARAMETRIC_REPRESENTATION_CONTEXT() REPRESENTATION_CONTEXT('2D SPACE',''
  ) );
#4660 = PCURVE('',#4661,#4666);
#4661 = PLANE('',#4662);
#4662 = AXIS2_PLACEMENT_3D('',#4663,#4664,#4665);
#4663 = CARTESIAN_POINT('',(-19.02062305511,6.,-273.1381088698));
#4664 = DIRECTION('',(-0.196373571345,-1.088606042313E-16,
    -0.980529153303));
#4665 = DIRECTION('',(-0.980529153303,2.180184603356E-17,0.196373571345)
  );
#4666 = DEFINITIONAL_REPRESENTATION('',(#4667),#4671);
#4667 = LINE('',#4668,#4669);
#4668 = CARTESIAN_POINT('',(0.,0.));
#4669 = VECTOR('',#4670,1.);
#4670 = DIRECTION('',(1.,0.));
#4671 = ( GEOMETRIC_REPRESENTATION_CONTEXT(2) 
PARAMETRIC_REPRESENTATION_CONTEXT() REPRESENTATION_CONTEXT('2D SPACE',''
  ) );
#4672 = ORIENTED_EDGE('',*,*,#4673,.T.);
#4673 = EDGE_CURVE('',#4646,#4674,#4676,.T.);
#4674 = VERTEX_POINT('',#4675);
#4675 = CARTESIAN_POINT('',(-20.06263884158,6.,-273.));
#4676 = SURFACE_CURVE('',#4677,(#4681,#4688),.PCURVE_S1.);
#4677 = LINE('',#4678,#4679);
#4678 = CARTESIAN_POINT('',(-19.53707463066,6.,-273.0346775338));
#4679 = VECTOR('',#4680,1.);
#4680 = DIRECTION('',(-0.997830300333,7.309528079138E-18,
    6.583837586692E-02));
#4681 = PCURVE('',#2633,#4682);
#4682 = DEFINITIONAL_REPRESENTATION('',(#4683),#4687);
#4683 = LINE('',#4684,#4685);
#4684 = CARTESIAN_POINT('',(31.285674342493,-38.31657018898));
#4685 = VECTOR('',#4686,1.);
#4686 = DIRECTION('',(0.997830300333,6.583837586692E-02));
#4687 = ( GEOMETRIC_REPRESENTATION_CONTEXT(2) 
PARAMETRIC_REPRESENTATION_CONTEXT() REPRESENTATION_CONTEXT('2D SPACE',''
  ) );
#4688 = PCURVE('',#4689,#4694);
#4689 = PLANE('',#4690);
#4690 = AXIS2_PLACEMENT_3D('',#4691,#4692,#4693);
#4691 = CARTESIAN_POINT('',(-19.53707463066,6.,-273.0346775338));
#4692 = DIRECTION('',(-6.583837586692E-02,-1.107814174099E-16,
    -0.997830300333));
#4693 = DIRECTION('',(-0.997830300333,7.309528079138E-18,
    6.583837586692E-02));
#4694 = DEFINITIONAL_REPRESENTATION('',(#4695),#4699);
#4695 = LINE('',#4696,#4697);
#4696 = CARTESIAN_POINT('',(0.,0.));
#4697 = VECTOR('',#4698,1.);
#4698 = DIRECTION('',(1.,0.));
#4699 = ( GEOMETRIC_REPRESENTATION_CONTEXT(2) 
PARAMETRIC_REPRESENTATION_CONTEXT() REPRESENTATION_CONTEXT('2D SPACE',''
  ) );
#4700 = ORIENTED_EDGE('',*,*,#4701,.T.);
#4701 = EDGE_CURVE('',#4674,#4702,#4704,.T.);
#4702 = VERTEX_POINT('',#4703);
#4703 = CARTESIAN_POINT('',(-23.88405564221,6.,-273.));
#4704 = SURFACE_CURVE('',#4705,(#4709,#4716),.PCURVE_S1.);
#4705 = LINE('',#4706,#4707);
#4706 = CARTESIAN_POINT('',(-20.06263884158,6.,-273.));
#4707 = VECTOR('',#4708,1.);
#4708 = DIRECTION('',(-1.,0.,0.));
#4709 = PCURVE('',#2633,#4710);
#4710 = DEFINITIONAL_REPRESENTATION('',(#4711),#4715);
#4711 = LINE('',#4712,#4713);
#4712 = CARTESIAN_POINT('',(31.811238553411,-38.28189265508));
#4713 = VECTOR('',#4714,1.);
#4714 = DIRECTION('',(1.,0.));
#4715 = ( GEOMETRIC_REPRESENTATION_CONTEXT(2) 
PARAMETRIC_REPRESENTATION_CONTEXT() REPRESENTATION_CONTEXT('2D SPACE',''
  ) );
#4716 = PCURVE('',#4717,#4722);
#4717 = PLANE('',#4718);
#4718 = AXIS2_PLACEMENT_3D('',#4719,#4720,#4721);
#4719 = CARTESIAN_POINT('',(-20.06263884158,6.,-273.));
#4720 = DIRECTION('',(0.,-1.110223024625E-16,-1.));
#4721 = DIRECTION('',(-1.,0.,0.));
#4722 = DEFINITIONAL_REPRESENTATION('',(#4723),#4727);
#4723 = LINE('',#4724,#4725);
#4724 = CARTESIAN_POINT('',(0.,0.));
#4725 = VECTOR('',#4726,1.);
#4726 = DIRECTION('',(1.,0.));
#4727 = ( GEOMETRIC_REPRESENTATION_CONTEXT(2) 
PARAMETRIC_REPRESENTATION_CONTEXT() REPRESENTATION_CONTEXT('2D SPACE',''
  ) );
#4728 = ORIENTED_EDGE('',*,*,#4729,.T.);
#4729 = EDGE_CURVE('',#4702,#4730,#4732,.T.);
#4730 = VERTEX_POINT('',#4731);
#4731 = CARTESIAN_POINT('',(-24.10370378624,6.,-272.9481481068));
#4732 = SURFACE_CURVE('',#4733,(#4737,#4744),.PCURVE_S1.);
#4733 = LINE('',#4734,#4735);
#4734 = CARTESIAN_POINT('',(-23.88405564221,6.,-273.));
#4735 = VECTOR('',#4736,1.);
#4736 = DIRECTION('',(-0.973248989468,2.550769823665E-17,0.229752920547)
  );
#4737 = PCURVE('',#2633,#4738);
#4738 = DEFINITIONAL_REPRESENTATION('',(#4739),#4743);
#4739 = LINE('',#4740,#4741);
#4740 = CARTESIAN_POINT('',(35.632655354041,-38.28189265508));
#4741 = VECTOR('',#4742,1.);
#4742 = DIRECTION('',(0.973248989468,0.229752920547));
#4743 = ( GEOMETRIC_REPRESENTATION_CONTEXT(2) 
PARAMETRIC_REPRESENTATION_CONTEXT() REPRESENTATION_CONTEXT('2D SPACE',''
  ) );
#4744 = PCURVE('',#4745,#4750);
#4745 = PLANE('',#4746);
#4746 = AXIS2_PLACEMENT_3D('',#4747,#4748,#4749);
#4747 = CARTESIAN_POINT('',(-23.88405564221,6.,-273.));
#4748 = DIRECTION('',(-0.229752920547,-1.0805234368E-16,-0.973248989468)
  );
#4749 = DIRECTION('',(-0.973248989468,2.550769823665E-17,0.229752920547)
  );
#4750 = DEFINITIONAL_REPRESENTATION('',(#4751),#4755);
#4751 = LINE('',#4752,#4753);
#4752 = CARTESIAN_POINT('',(0.,0.));
#4753 = VECTOR('',#4754,1.);
#4754 = DIRECTION('',(1.,0.));
#4755 = ( GEOMETRIC_REPRESENTATION_CONTEXT(2) 
PARAMETRIC_REPRESENTATION_CONTEXT() REPRESENTATION_CONTEXT('2D SPACE',''
  ) );
#4756 = ORIENTED_EDGE('',*,*,#4757,.T.);
#4757 = EDGE_CURVE('',#4730,#2649,#4758,.T.);
#4758 = SURFACE_CURVE('',#4759,(#4763,#4770),.PCURVE_S1.);
#4759 = LINE('',#4760,#4761);
#4760 = CARTESIAN_POINT('',(-24.10370378624,6.,-272.9481481068));
#4761 = VECTOR('',#4762,1.);
#4762 = DIRECTION('',(-0.894326933732,4.967293841488E-17,0.447414053871)
  );
#4763 = PCURVE('',#2633,#4764);
#4764 = DEFINITIONAL_REPRESENTATION('',(#4765),#4769);
#4765 = LINE('',#4766,#4767);
#4766 = CARTESIAN_POINT('',(35.85230349807,-38.23004076196));
#4767 = VECTOR('',#4768,1.);
#4768 = DIRECTION('',(0.894326933732,0.447414053871));
#4769 = ( GEOMETRIC_REPRESENTATION_CONTEXT(2) 
PARAMETRIC_REPRESENTATION_CONTEXT() REPRESENTATION_CONTEXT('2D SPACE',''
  ) );
#4770 = PCURVE('',#2666,#4771);
#4771 = DEFINITIONAL_REPRESENTATION('',(#4772),#4776);
#4772 = LINE('',#4773,#4774);
#4773 = CARTESIAN_POINT('',(0.,0.));
#4774 = VECTOR('',#4775,1.);
#4775 = DIRECTION('',(1.,0.));
#4776 = ( GEOMETRIC_REPRESENTATION_CONTEXT(2) 
PARAMETRIC_REPRESENTATION_CONTEXT() REPRESENTATION_CONTEXT('2D SPACE',''
  ) );
#4777 = ORIENTED_EDGE('',*,*,#2700,.T.);
#4778 = FACE_BOUND('',#4779,.T.);
#4779 = EDGE_LOOP('',(#4780));
#4780 = ORIENTED_EDGE('',*,*,#4781,.T.);
#4781 = EDGE_CURVE('',#4782,#4782,#4784,.T.);
#4782 = VERTEX_POINT('',#4783);
#4783 = CARTESIAN_POINT('',(48.5,6.,-239.));
#4784 = SURFACE_CURVE('',#4785,(#4790,#4801),.PCURVE_S1.);
#4785 = CIRCLE('',#4786,12.5);
#4786 = AXIS2_PLACEMENT_3D('',#4787,#4788,#4789);
#4787 = CARTESIAN_POINT('',(36.,6.,-239.));
#4788 = DIRECTION('',(0.,-1.,1.110223024625E-16));
#4789 = DIRECTION('',(1.,0.,0.));
#4790 = PCURVE('',#2633,#4791);
#4791 = DEFINITIONAL_REPRESENTATION('',(#4792),#4800);
#4792 = ( BOUNDED_CURVE() B_SPLINE_CURVE(2,(#4793,#4794,#4795,#4796,
#4797,#4798,#4799),.UNSPECIFIED.,.T.,.F.) B_SPLINE_CURVE_WITH_KNOTS((1,2
    ,2,2,2,1),(-2.094395102393,0.,2.094395102393,4.188790204786,
6.28318530718,8.377580409573),.UNSPECIFIED.) CURVE() 
GEOMETRIC_REPRESENTATION_ITEM() RATIONAL_B_SPLINE_CURVE((1.,0.5,1.,0.5,
1.,0.5,1.)) REPRESENTATION_ITEM('') );
#4793 = CARTESIAN_POINT('',(-36.75140028817,-4.281892655089));
#4794 = CARTESIAN_POINT('',(-36.75140028817,17.368742439522));
#4795 = CARTESIAN_POINT('',(-18.00140028817,6.543424892216));
#4796 = CARTESIAN_POINT('',(0.748599711825,-4.281892655089));
#4797 = CARTESIAN_POINT('',(-18.00140028817,-15.10721020239));
#4798 = CARTESIAN_POINT('',(-36.75140028817,-25.9325277497));
#4799 = CARTESIAN_POINT('',(-36.75140028817,-4.281892655089));
#4800 = ( GEOMETRIC_REPRESENTATION_CONTEXT(2) 
PARAMETRIC_REPRESENTATION_CONTEXT() REPRESENTATION_CONTEXT('2D SPACE',''
  ) );
#4801 = PCURVE('',#4802,#4807);
#4802 = CYLINDRICAL_SURFACE('',#4803,12.5);
#4803 = AXIS2_PLACEMENT_3D('',#4804,#4805,#4806);
#4804 = CARTESIAN_POINT('',(36.,6.,-239.));
#4805 = DIRECTION('',(-0.,1.,-1.110223024625E-16));
#4806 = DIRECTION('',(1.,0.,0.));
#4807 = DEFINITIONAL_REPRESENTATION('',(#4808),#4812);
#4808 = LINE('',#4809,#4810);
#4809 = CARTESIAN_POINT('',(-0.,0.));
#4810 = VECTOR('',#4811,1.);
#4811 = DIRECTION('',(-1.,0.));
#4812 = ( GEOMETRIC_REPRESENTATION_CONTEXT(2) 
PARAMETRIC_REPRESENTATION_CONTEXT() REPRESENTATION_CONTEXT('2D SPACE',''
  ) );
#4813 = FACE_BOUND('',#4814,.T.);
#4814 = EDGE_LOOP('',(#4815));
#4815 = ORIENTED_EDGE('',*,*,#4816,.T.);
#4816 = EDGE_CURVE('',#4817,#4817,#4819,.T.);
#4817 = VERTEX_POINT('',#4818);
#4818 = CARTESIAN_POINT('',(-25.5,6.,-239.));
#4819 = SURFACE_CURVE('',#4820,(#4825,#4836),.PCURVE_S1.);
#4820 = CIRCLE('',#4821,12.5);
#4821 = AXIS2_PLACEMENT_3D('',#4822,#4823,#4824);
#4822 = CARTESIAN_POINT('',(-38.,6.,-239.));
#4823 = DIRECTION('',(0.,-1.,1.110223024625E-16));
#4824 = DIRECTION('',(1.,0.,0.));
#4825 = PCURVE('',#2633,#4826);
#4826 = DEFINITIONAL_REPRESENTATION('',(#4827),#4835);
#4827 = ( BOUNDED_CURVE() B_SPLINE_CURVE(2,(#4828,#4829,#4830,#4831,
#4832,#4833,#4834),.UNSPECIFIED.,.T.,.F.) B_SPLINE_CURVE_WITH_KNOTS((1,2
    ,2,2,2,1),(-2.094395102393,0.,2.094395102393,4.188790204786,
6.28318530718,8.377580409573),.UNSPECIFIED.) CURVE() 
GEOMETRIC_REPRESENTATION_ITEM() RATIONAL_B_SPLINE_CURVE((1.,0.5,1.,0.5,
1.,0.5,1.)) REPRESENTATION_ITEM('') );
#4828 = CARTESIAN_POINT('',(37.248599711825,-4.281892655089));
#4829 = CARTESIAN_POINT('',(37.248599711825,17.368742439522));
#4830 = CARTESIAN_POINT('',(55.998599711825,6.543424892216));
#4831 = CARTESIAN_POINT('',(74.748599711825,-4.281892655089));
#4832 = CARTESIAN_POINT('',(55.998599711825,-15.10721020239));
#4833 = CARTESIAN_POINT('',(37.248599711825,-25.9325277497));
#4834 = CARTESIAN_POINT('',(37.248599711825,-4.281892655089));
#4835 = ( GEOMETRIC_REPRESENTATION_CONTEXT(2) 
PARAMETRIC_REPRESENTATION_CONTEXT() REPRESENTATION_CONTEXT('2D SPACE',''
  ) );
#4836 = PCURVE('',#4837,#4842);
#4837 = CYLINDRICAL_SURFACE('',#4838,12.5);
#4838 = AXIS2_PLACEMENT_3D('',#4839,#4840,#4841);
#4839 = CARTESIAN_POINT('',(-38.,6.,-239.));
#4840 = DIRECTION('',(-0.,1.,-1.110223024625E-16));
#4841 = DIRECTION('',(1.,0.,0.));
#4842 = DEFINITIONAL_REPRESENTATION('',(#4843),#4847);
#4843 = LINE('',#4844,#4845);
#4844 = CARTESIAN_POINT('',(-0.,0.));
#4845 = VECTOR('',#4846,1.);
#4846 = DIRECTION('',(-1.,0.));
#4847 = ( GEOMETRIC_REPRESENTATION_CONTEXT(2) 
PARAMETRIC_REPRESENTATION_CONTEXT() REPRESENTATION_CONTEXT('2D SPACE',''
  ) );
#4848 = ADVANCED_FACE('',(#4849,#6485,#6515),#2579,.F.);
#4849 = FACE_BOUND('',#4850,.F.);
#4850 = EDGE_LOOP('',(#4851,#4852,#4853,#4876,#4899,#4922,#4945,#4968,
    #4991,#5014,#5037,#5060,#5083,#5106,#5129,#5152,#5175,#5198,#5221,
    #5244,#5267,#5290,#5313,#5336,#5359,#5382,#5405,#5428,#5451,#5474,
    #5497,#5520,#5543,#5566,#5589,#5612,#5635,#5658,#5681,#5704,#5727,
    #5750,#5773,#5796,#5819,#5842,#5865,#5888,#5911,#5934,#5957,#5980,
    #6003,#6026,#6049,#6072,#6095,#6118,#6141,#6164,#6187,#6210,#6233,
    #6256,#6279,#6302,#6325,#6348,#6371,#6394,#6417,#6440,#6463,#6484));
#4851 = ORIENTED_EDGE('',*,*,#2563,.T.);
#4852 = ORIENTED_EDGE('',*,*,#2725,.T.);
#4853 = ORIENTED_EDGE('',*,*,#4854,.T.);
#4854 = EDGE_CURVE('',#2726,#4855,#4857,.T.);
#4855 = VERTEX_POINT('',#4856);
#4856 = CARTESIAN_POINT('',(-40.96472381959,-6.,-214.8637033051));
#4857 = SURFACE_CURVE('',#4858,(#4862,#4869),.PCURVE_S1.);
#4858 = LINE('',#4859,#4860);
#4859 = CARTESIAN_POINT('',(-41.47789523112,-6.,-214.9657794454));
#4860 = VECTOR('',#4861,1.);
#4861 = DIRECTION('',(0.980785280403,2.165937673838E-17,0.195090322016)
  );
#4862 = PCURVE('',#2579,#4863);
#4863 = DEFINITIONAL_REPRESENTATION('',(#4864),#4868);
#4864 = LINE('',#4865,#4866);
#4865 = CARTESIAN_POINT('',(53.226494942945,19.752327899416));
#4866 = VECTOR('',#4867,1.);
#4867 = DIRECTION('',(-0.980785280403,0.195090322016));
#4868 = ( GEOMETRIC_REPRESENTATION_CONTEXT(2) 
PARAMETRIC_REPRESENTATION_CONTEXT() REPRESENTATION_CONTEXT('2D SPACE',''
  ) );
#4869 = PCURVE('',#2764,#4870);
#4870 = DEFINITIONAL_REPRESENTATION('',(#4871),#4875);
#4871 = LINE('',#4872,#4873);
#4872 = CARTESIAN_POINT('',(-2.599125208606E-16,-12.));
#4873 = VECTOR('',#4874,1.);
#4874 = DIRECTION('',(1.,0.));
#4875 = ( GEOMETRIC_REPRESENTATION_CONTEXT(2) 
PARAMETRIC_REPRESENTATION_CONTEXT() REPRESENTATION_CONTEXT('2D SPACE',''
  ) );
#4876 = ORIENTED_EDGE('',*,*,#4877,.T.);
#4877 = EDGE_CURVE('',#4855,#4878,#4880,.T.);
#4878 = VERTEX_POINT('',#4879);
#4879 = CARTESIAN_POINT('',(-40.46926627054,-6.,-214.69551813));
#4880 = SURFACE_CURVE('',#4881,(#4885,#4892),.PCURVE_S1.);
#4881 = LINE('',#4882,#4883);
#4882 = CARTESIAN_POINT('',(-40.96472381959,-6.,-214.8637033051));
#4883 = VECTOR('',#4884,1.);
#4884 = DIRECTION('',(0.946930129495,3.568694954028E-17,0.321439465303)
  );
#4885 = PCURVE('',#2579,#4886);
#4886 = DEFINITIONAL_REPRESENTATION('',(#4887),#4891);
#4887 = LINE('',#4888,#4889);
#4888 = CARTESIAN_POINT('',(52.713323531415,19.854404039755));
#4889 = VECTOR('',#4890,1.);
#4890 = DIRECTION('',(-0.946930129495,0.321439465303));
#4891 = ( GEOMETRIC_REPRESENTATION_CONTEXT(2) 
PARAMETRIC_REPRESENTATION_CONTEXT() REPRESENTATION_CONTEXT('2D SPACE',''
  ) );
#4892 = PCURVE('',#2841,#4893);
#4893 = DEFINITIONAL_REPRESENTATION('',(#4894),#4898);
#4894 = LINE('',#4895,#4896);
#4895 = CARTESIAN_POINT('',(-4.282433944833E-16,-12.));
#4896 = VECTOR('',#4897,1.);
#4897 = DIRECTION('',(1.,0.));
#4898 = ( GEOMETRIC_REPRESENTATION_CONTEXT(2) 
PARAMETRIC_REPRESENTATION_CONTEXT() REPRESENTATION_CONTEXT('2D SPACE',''
  ) );
#4899 = ORIENTED_EDGE('',*,*,#4900,.T.);
#4900 = EDGE_CURVE('',#4878,#4901,#4903,.T.);
#4901 = VERTEX_POINT('',#4902);
#4902 = CARTESIAN_POINT('',(-40.,-6.,-214.4641016151));
#4903 = SURFACE_CURVE('',#4904,(#4908,#4915),.PCURVE_S1.);
#4904 = LINE('',#4905,#4906);
#4905 = CARTESIAN_POINT('',(-40.46926627054,-6.,-214.69551813));
#4906 = VECTOR('',#4907,1.);
#4907 = DIRECTION('',(0.896872741533,4.910390874124E-17,0.442288690219)
  );
#4908 = PCURVE('',#2579,#4909);
#4909 = DEFINITIONAL_REPRESENTATION('',(#4910),#4914);
#4910 = LINE('',#4911,#4912);
#4911 = CARTESIAN_POINT('',(52.217865982365,20.022589214866));
#4912 = VECTOR('',#4913,1.);
#4913 = DIRECTION('',(-0.896872741533,0.442288690219));
#4914 = ( GEOMETRIC_REPRESENTATION_CONTEXT(2) 
PARAMETRIC_REPRESENTATION_CONTEXT() REPRESENTATION_CONTEXT('2D SPACE',''
  ) );
#4915 = PCURVE('',#2869,#4916);
#4916 = DEFINITIONAL_REPRESENTATION('',(#4917),#4921);
#4917 = LINE('',#4918,#4919);
#4918 = CARTESIAN_POINT('',(-5.892469048949E-16,-12.));
#4919 = VECTOR('',#4920,1.);
#4920 = DIRECTION('',(1.,0.));
#4921 = ( GEOMETRIC_REPRESENTATION_CONTEXT(2) 
PARAMETRIC_REPRESENTATION_CONTEXT() REPRESENTATION_CONTEXT('2D SPACE',''
  ) );
#4922 = ORIENTED_EDGE('',*,*,#4923,.T.);
#4923 = EDGE_CURVE('',#4901,#4924,#4926,.T.);
#4924 = VERTEX_POINT('',#4925);
#4925 = CARTESIAN_POINT('',(-39.56495428396,-6.,-214.1734133611));
#4926 = SURFACE_CURVE('',#4927,(#4931,#4938),.PCURVE_S1.);
#4927 = LINE('',#4928,#4929);
#4928 = CARTESIAN_POINT('',(-40.,-6.,-214.4641016151));
#4929 = VECTOR('',#4930,1.);
#4930 = DIRECTION('',(0.831469612303,6.168068644947E-17,0.55557023302));
#4931 = PCURVE('',#2579,#4932);
#4932 = DEFINITIONAL_REPRESENTATION('',(#4933),#4937);
#4933 = LINE('',#4934,#4935);
#4934 = CARTESIAN_POINT('',(51.748599711825,20.254005729773));
#4935 = VECTOR('',#4936,1.);
#4936 = DIRECTION('',(-0.831469612303,0.55557023302));
#4937 = ( GEOMETRIC_REPRESENTATION_CONTEXT(2) 
PARAMETRIC_REPRESENTATION_CONTEXT() REPRESENTATION_CONTEXT('2D SPACE',''
  ) );
#4938 = PCURVE('',#2897,#4939);
#4939 = DEFINITIONAL_REPRESENTATION('',(#4940),#4944);
#4940 = LINE('',#4941,#4942);
#4941 = CARTESIAN_POINT('',(-7.401682373937E-16,-12.));
#4942 = VECTOR('',#4943,1.);
#4943 = DIRECTION('',(1.,0.));
#4944 = ( GEOMETRIC_REPRESENTATION_CONTEXT(2) 
PARAMETRIC_REPRESENTATION_CONTEXT() REPRESENTATION_CONTEXT('2D SPACE',''
  ) );
#4945 = ORIENTED_EDGE('',*,*,#4946,.T.);
#4946 = EDGE_CURVE('',#4924,#4947,#4949,.T.);
#4947 = VERTEX_POINT('',#4948);
#4948 = CARTESIAN_POINT('',(-39.17157287525,-6.,-213.8284271247));
#4949 = SURFACE_CURVE('',#4950,(#4954,#4961),.PCURVE_S1.);
#4950 = LINE('',#4951,#4952);
#4951 = CARTESIAN_POINT('',(-39.56495428396,-6.,-214.1734133611));
#4952 = VECTOR('',#4953,1.);
#4953 = DIRECTION('',(0.751839807479,7.320209051143E-17,0.6593458151));
#4954 = PCURVE('',#2579,#4955);
#4955 = DEFINITIONAL_REPRESENTATION('',(#4956),#4960);
#4956 = LINE('',#4957,#4958);
#4957 = CARTESIAN_POINT('',(51.31355399579,20.544693983746));
#4958 = VECTOR('',#4959,1.);
#4959 = DIRECTION('',(-0.751839807479,0.6593458151));
#4960 = ( GEOMETRIC_REPRESENTATION_CONTEXT(2) 
PARAMETRIC_REPRESENTATION_CONTEXT() REPRESENTATION_CONTEXT('2D SPACE',''
  ) );
#4961 = PCURVE('',#2925,#4962);
#4962 = DEFINITIONAL_REPRESENTATION('',(#4963),#4967);
#4963 = LINE('',#4964,#4965);
#4964 = CARTESIAN_POINT('',(-8.784250861372E-16,-12.));
#4965 = VECTOR('',#4966,1.);
#4966 = DIRECTION('',(1.,0.));
#4967 = ( GEOMETRIC_REPRESENTATION_CONTEXT(2) 
PARAMETRIC_REPRESENTATION_CONTEXT() REPRESENTATION_CONTEXT('2D SPACE',''
  ) );
#4968 = ORIENTED_EDGE('',*,*,#4969,.T.);
#4969 = EDGE_CURVE('',#4947,#4970,#4972,.T.);
#4970 = VERTEX_POINT('',#4971);
#4971 = CARTESIAN_POINT('',(-38.82658663883,-6.,-213.435045716));
#4972 = SURFACE_CURVE('',#4973,(#4977,#4984),.PCURVE_S1.);
#4973 = LINE('',#4974,#4975);
#4974 = CARTESIAN_POINT('',(-39.17157287525,-6.,-213.8284271247));
#4975 = VECTOR('',#4976,1.);
#4976 = DIRECTION('',(0.6593458151,8.347098650929E-17,0.751839807479));
#4977 = PCURVE('',#2579,#4978);
#4978 = DEFINITIONAL_REPRESENTATION('',(#4979),#4983);
#4979 = LINE('',#4980,#4981);
#4980 = CARTESIAN_POINT('',(50.920172587079,20.889680220165));
#4981 = VECTOR('',#4982,1.);
#4982 = DIRECTION('',(-0.6593458151,0.751839807479));
#4983 = ( GEOMETRIC_REPRESENTATION_CONTEXT(2) 
PARAMETRIC_REPRESENTATION_CONTEXT() REPRESENTATION_CONTEXT('2D SPACE',''
  ) );
#4984 = PCURVE('',#2953,#4985);
#4985 = DEFINITIONAL_REPRESENTATION('',(#4986),#4990);
#4986 = LINE('',#4987,#4988);
#4987 = CARTESIAN_POINT('',(-1.001651838111E-15,-12.));
#4988 = VECTOR('',#4989,1.);
#4989 = DIRECTION('',(1.,0.));
#4990 = ( GEOMETRIC_REPRESENTATION_CONTEXT(2) 
PARAMETRIC_REPRESENTATION_CONTEXT() REPRESENTATION_CONTEXT('2D SPACE',''
  ) );
#4991 = ORIENTED_EDGE('',*,*,#4992,.T.);
#4992 = EDGE_CURVE('',#4970,#4993,#4995,.T.);
#4993 = VERTEX_POINT('',#4994);
#4994 = CARTESIAN_POINT('',(-38.53589838486,-6.,-213.));
#4995 = SURFACE_CURVE('',#4996,(#5000,#5007),.PCURVE_S1.);
#4996 = LINE('',#4997,#4998);
#4997 = CARTESIAN_POINT('',(-38.82658663883,-6.,-213.435045716));
#4998 = VECTOR('',#4999,1.);
#4999 = DIRECTION('',(0.55557023302,9.231167078544E-17,0.831469612303));
#5000 = PCURVE('',#2579,#5001);
#5001 = DEFINITIONAL_REPRESENTATION('',(#5002),#5006);
#5002 = LINE('',#5003,#5004);
#5003 = CARTESIAN_POINT('',(50.57518635066,21.283061628876));
#5004 = VECTOR('',#5005,1.);
#5005 = DIRECTION('',(-0.55557023302,0.831469612303));
#5006 = ( GEOMETRIC_REPRESENTATION_CONTEXT(2) 
PARAMETRIC_REPRESENTATION_CONTEXT() REPRESENTATION_CONTEXT('2D SPACE',''
  ) );
#5007 = PCURVE('',#2981,#5008);
#5008 = DEFINITIONAL_REPRESENTATION('',(#5009),#5013);
#5009 = LINE('',#5010,#5011);
#5010 = CARTESIAN_POINT('',(-1.107740049425E-15,-12.));
#5011 = VECTOR('',#5012,1.);
#5012 = DIRECTION('',(1.,0.));
#5013 = ( GEOMETRIC_REPRESENTATION_CONTEXT(2) 
PARAMETRIC_REPRESENTATION_CONTEXT() REPRESENTATION_CONTEXT('2D SPACE',''
  ) );
#5014 = ORIENTED_EDGE('',*,*,#5015,.T.);
#5015 = EDGE_CURVE('',#4993,#5016,#5018,.T.);
#5016 = VERTEX_POINT('',#5017);
#5017 = CARTESIAN_POINT('',(-38.30448186995,-6.,-212.5307337294));
#5018 = SURFACE_CURVE('',#5019,(#5023,#5030),.PCURVE_S1.);
#5019 = LINE('',#5020,#5021);
#5020 = CARTESIAN_POINT('',(-38.53589838486,-6.,-213.));
#5021 = VECTOR('',#5022,1.);
#5022 = DIRECTION('',(0.442288690219,9.957287678083E-17,0.896872741533)
  );
#5023 = PCURVE('',#2579,#5024);
#5024 = DEFINITIONAL_REPRESENTATION('',(#5025),#5029);
#5025 = LINE('',#5026,#5027);
#5026 = CARTESIAN_POINT('',(50.284498096687,21.718107344911));
#5027 = VECTOR('',#5028,1.);
#5028 = DIRECTION('',(-0.442288690219,0.896872741533));
#5029 = ( GEOMETRIC_REPRESENTATION_CONTEXT(2) 
PARAMETRIC_REPRESENTATION_CONTEXT() REPRESENTATION_CONTEXT('2D SPACE',''
  ) );
#5030 = PCURVE('',#3009,#5031);
#5031 = DEFINITIONAL_REPRESENTATION('',(#5032),#5036);
#5032 = LINE('',#5033,#5034);
#5033 = CARTESIAN_POINT('',(-1.19487452137E-15,-12.));
#5034 = VECTOR('',#5035,1.);
#5035 = DIRECTION('',(1.,0.));
#5036 = ( GEOMETRIC_REPRESENTATION_CONTEXT(2) 
PARAMETRIC_REPRESENTATION_CONTEXT() REPRESENTATION_CONTEXT('2D SPACE',''
  ) );
#5037 = ORIENTED_EDGE('',*,*,#5038,.T.);
#5038 = EDGE_CURVE('',#5016,#5039,#5041,.T.);
#5039 = VERTEX_POINT('',#5040);
#5040 = CARTESIAN_POINT('',(-38.13629669484,-6.,-212.0352761804));
#5041 = SURFACE_CURVE('',#5042,(#5046,#5053),.PCURVE_S1.);
#5042 = LINE('',#5043,#5044);
#5043 = CARTESIAN_POINT('',(-38.30448186995,-6.,-212.5307337294));
#5044 = VECTOR('',#5045,1.);
#5045 = DIRECTION('',(0.321439465303,1.051303632477E-16,0.946930129495)
  );
#5046 = PCURVE('',#2579,#5047);
#5047 = DEFINITIONAL_REPRESENTATION('',(#5048),#5052);
#5048 = LINE('',#5049,#5050);
#5049 = CARTESIAN_POINT('',(50.05308158178,22.187373615451));
#5050 = VECTOR('',#5051,1.);
#5051 = DIRECTION('',(-0.321439465303,0.946930129495));
#5052 = ( GEOMETRIC_REPRESENTATION_CONTEXT(2) 
PARAMETRIC_REPRESENTATION_CONTEXT() REPRESENTATION_CONTEXT('2D SPACE',''
  ) );
#5053 = PCURVE('',#3037,#5054);
#5054 = DEFINITIONAL_REPRESENTATION('',(#5055),#5059);
#5055 = LINE('',#5056,#5057);
#5056 = CARTESIAN_POINT('',(-1.261564358972E-15,-12.));
#5057 = VECTOR('',#5058,1.);
#5058 = DIRECTION('',(1.,0.));
#5059 = ( GEOMETRIC_REPRESENTATION_CONTEXT(2) 
PARAMETRIC_REPRESENTATION_CONTEXT() REPRESENTATION_CONTEXT('2D SPACE',''
  ) );
#5060 = ORIENTED_EDGE('',*,*,#5061,.T.);
#5061 = EDGE_CURVE('',#5039,#5062,#5064,.T.);
#5062 = VERTEX_POINT('',#5063);
#5063 = CARTESIAN_POINT('',(-38.0342205545,-6.,-211.5221047688));
#5064 = SURFACE_CURVE('',#5065,(#5069,#5076),.PCURVE_S1.);
#5065 = LINE('',#5066,#5067);
#5066 = CARTESIAN_POINT('',(-38.13629669484,-6.,-212.0352761804));
#5067 = VECTOR('',#5068,1.);
#5068 = DIRECTION('',(0.195090322016,1.088890400517E-16,0.980785280403)
  );
#5069 = PCURVE('',#2579,#5070);
#5070 = DEFINITIONAL_REPRESENTATION('',(#5071),#5075);
#5071 = LINE('',#5072,#5073);
#5072 = CARTESIAN_POINT('',(49.884896406669,22.682831164501));
#5073 = VECTOR('',#5074,1.);
#5074 = DIRECTION('',(-0.195090322016,0.980785280403));
#5075 = ( GEOMETRIC_REPRESENTATION_CONTEXT(2) 
PARAMETRIC_REPRESENTATION_CONTEXT() REPRESENTATION_CONTEXT('2D SPACE',''
  ) );
#5076 = PCURVE('',#3065,#5077);
#5077 = DEFINITIONAL_REPRESENTATION('',(#5078),#5082);
#5078 = LINE('',#5079,#5080);
#5079 = CARTESIAN_POINT('',(-1.306668480621E-15,-12.));
#5080 = VECTOR('',#5081,1.);
#5081 = DIRECTION('',(1.,0.));
#5082 = ( GEOMETRIC_REPRESENTATION_CONTEXT(2) 
PARAMETRIC_REPRESENTATION_CONTEXT() REPRESENTATION_CONTEXT('2D SPACE',''
  ) );
#5083 = ORIENTED_EDGE('',*,*,#5084,.T.);
#5084 = EDGE_CURVE('',#5062,#5085,#5087,.T.);
#5085 = VERTEX_POINT('',#5086);
#5086 = CARTESIAN_POINT('',(-38.,-6.,-211.));
#5087 = SURFACE_CURVE('',#5088,(#5092,#5099),.PCURVE_S1.);
#5088 = LINE('',#5089,#5090);
#5089 = CARTESIAN_POINT('',(-38.0342205545,-6.,-211.5221047688));
#5090 = VECTOR('',#5091,1.);
#5091 = DIRECTION('',(6.540312923014E-02,1.107845951907E-16,
    0.997858923239));
#5092 = PCURVE('',#2579,#5093);
#5093 = DEFINITIONAL_REPRESENTATION('',(#5094),#5098);
#5094 = LINE('',#5095,#5096);
#5095 = CARTESIAN_POINT('',(49.78282026633,23.196002576031));
#5096 = VECTOR('',#5097,1.);
#5097 = DIRECTION('',(-6.540312923014E-02,0.997858923239));
#5098 = ( GEOMETRIC_REPRESENTATION_CONTEXT(2) 
PARAMETRIC_REPRESENTATION_CONTEXT() REPRESENTATION_CONTEXT('2D SPACE',''
  ) );
#5099 = PCURVE('',#3093,#5100);
#5100 = DEFINITIONAL_REPRESENTATION('',(#5101),#5105);
#5101 = LINE('',#5102,#5103);
#5102 = CARTESIAN_POINT('',(-1.329415142289E-15,-12.));
#5103 = VECTOR('',#5104,1.);
#5104 = DIRECTION('',(1.,0.));
#5105 = ( GEOMETRIC_REPRESENTATION_CONTEXT(2) 
PARAMETRIC_REPRESENTATION_CONTEXT() REPRESENTATION_CONTEXT('2D SPACE',''
  ) );
#5106 = ORIENTED_EDGE('',*,*,#5107,.T.);
#5107 = EDGE_CURVE('',#5085,#5108,#5110,.T.);
#5108 = VERTEX_POINT('',#5109);
#5109 = CARTESIAN_POINT('',(-37.99194525279,-6.,-155.0080547472));
#5110 = SURFACE_CURVE('',#5111,(#5115,#5122),.PCURVE_S1.);
#5111 = LINE('',#5112,#5113);
#5112 = CARTESIAN_POINT('',(-38.,-6.,-211.));
#5113 = VECTOR('',#5114,1.);
#5114 = DIRECTION('',(1.438554614517E-04,1.110223013137E-16,
    0.999999989653));
#5115 = PCURVE('',#2579,#5116);
#5116 = DEFINITIONAL_REPRESENTATION('',(#5117),#5121);
#5117 = LINE('',#5118,#5119);
#5118 = CARTESIAN_POINT('',(49.748599711825,23.718107344911));
#5119 = VECTOR('',#5120,1.);
#5120 = DIRECTION('',(-1.438554614517E-04,0.999999989653));
#5121 = ( GEOMETRIC_REPRESENTATION_CONTEXT(2) 
PARAMETRIC_REPRESENTATION_CONTEXT() REPRESENTATION_CONTEXT('2D SPACE',''
  ) );
#5122 = PCURVE('',#3121,#5123);
#5123 = DEFINITIONAL_REPRESENTATION('',(#5124),#5128);
#5124 = LINE('',#5125,#5126);
#5125 = CARTESIAN_POINT('',(-1.332267615765E-15,-12.));
#5126 = VECTOR('',#5127,1.);
#5127 = DIRECTION('',(1.,0.));
#5128 = ( GEOMETRIC_REPRESENTATION_CONTEXT(2) 
PARAMETRIC_REPRESENTATION_CONTEXT() REPRESENTATION_CONTEXT('2D SPACE',''
  ) );
#5129 = ORIENTED_EDGE('',*,*,#5130,.T.);
#5130 = EDGE_CURVE('',#5108,#5131,#5133,.T.);
#5131 = VERTEX_POINT('',#5132);
#5132 = CARTESIAN_POINT('',(37.991945252795,-6.,-155.0080547472));
#5133 = SURFACE_CURVE('',#5134,(#5138,#5145),.PCURVE_S1.);
#5134 = LINE('',#5135,#5136);
#5135 = CARTESIAN_POINT('',(-37.99194525279,-6.,-155.0080547472));
#5136 = VECTOR('',#5137,1.);
#5137 = DIRECTION('',(1.,1.03819493839E-32,9.351228675344E-17));
#5138 = PCURVE('',#2579,#5139);
#5139 = DEFINITIONAL_REPRESENTATION('',(#5140),#5144);
#5140 = LINE('',#5141,#5142);
#5141 = CARTESIAN_POINT('',(49.74054496462,79.710052597706));
#5142 = VECTOR('',#5143,1.);
#5143 = DIRECTION('',(-1.,9.351228675344E-17));
#5144 = ( GEOMETRIC_REPRESENTATION_CONTEXT(2) 
PARAMETRIC_REPRESENTATION_CONTEXT() REPRESENTATION_CONTEXT('2D SPACE',''
  ) );
#5145 = PCURVE('',#3149,#5146);
#5146 = DEFINITIONAL_REPRESENTATION('',(#5147),#5151);
#5147 = LINE('',#5148,#5149);
#5148 = CARTESIAN_POINT('',(-1.245833926068E-31,-12.));
#5149 = VECTOR('',#5150,1.);
#5150 = DIRECTION('',(1.,0.));
#5151 = ( GEOMETRIC_REPRESENTATION_CONTEXT(2) 
PARAMETRIC_REPRESENTATION_CONTEXT() REPRESENTATION_CONTEXT('2D SPACE',''
  ) );
#5152 = ORIENTED_EDGE('',*,*,#5153,.T.);
#5153 = EDGE_CURVE('',#5131,#5154,#5156,.T.);
#5154 = VERTEX_POINT('',#5155);
#5155 = CARTESIAN_POINT('',(38.,-6.,-211.));
#5156 = SURFACE_CURVE('',#5157,(#5161,#5168),.PCURVE_S1.);
#5157 = LINE('',#5158,#5159);
#5158 = CARTESIAN_POINT('',(37.991945252795,-6.,-155.0080547472));
#5159 = VECTOR('',#5160,1.);
#5160 = DIRECTION('',(1.438554614517E-04,-1.110223013137E-16,
    -0.999999989653));
#5161 = PCURVE('',#2579,#5162);
#5162 = DEFINITIONAL_REPRESENTATION('',(#5163),#5167);
#5163 = LINE('',#5164,#5165);
#5164 = CARTESIAN_POINT('',(-26.24334554097,79.710052597706));
#5165 = VECTOR('',#5166,1.);
#5166 = DIRECTION('',(-1.438554614517E-04,-0.999999989653));
#5167 = ( GEOMETRIC_REPRESENTATION_CONTEXT(2) 
PARAMETRIC_REPRESENTATION_CONTEXT() REPRESENTATION_CONTEXT('2D SPACE',''
  ) );
#5168 = PCURVE('',#3177,#5169);
#5169 = DEFINITIONAL_REPRESENTATION('',(#5170),#5174);
#5170 = LINE('',#5171,#5172);
#5171 = CARTESIAN_POINT('',(1.332267615765E-15,-12.));
#5172 = VECTOR('',#5173,1.);
#5173 = DIRECTION('',(1.,0.));
#5174 = ( GEOMETRIC_REPRESENTATION_CONTEXT(2) 
PARAMETRIC_REPRESENTATION_CONTEXT() REPRESENTATION_CONTEXT('2D SPACE',''
  ) );
#5175 = ORIENTED_EDGE('',*,*,#5176,.T.);
#5176 = EDGE_CURVE('',#5154,#5177,#5179,.T.);
#5177 = VERTEX_POINT('',#5178);
#5178 = CARTESIAN_POINT('',(38.034220554505,-6.,-211.5221047688));
#5179 = SURFACE_CURVE('',#5180,(#5184,#5191),.PCURVE_S1.);
#5180 = LINE('',#5181,#5182);
#5181 = CARTESIAN_POINT('',(38.,-6.,-211.));
#5182 = VECTOR('',#5183,1.);
#5183 = DIRECTION('',(6.540312923014E-02,-1.107845951907E-16,
    -0.997858923239));
#5184 = PCURVE('',#2579,#5185);
#5185 = DEFINITIONAL_REPRESENTATION('',(#5186),#5190);
#5186 = LINE('',#5187,#5188);
#5187 = CARTESIAN_POINT('',(-26.25140028817,23.718107344911));
#5188 = VECTOR('',#5189,1.);
#5189 = DIRECTION('',(-6.540312923014E-02,-0.997858923239));
#5190 = ( GEOMETRIC_REPRESENTATION_CONTEXT(2) 
PARAMETRIC_REPRESENTATION_CONTEXT() REPRESENTATION_CONTEXT('2D SPACE',''
  ) );
#5191 = PCURVE('',#3205,#5192);
#5192 = DEFINITIONAL_REPRESENTATION('',(#5193),#5197);
#5193 = LINE('',#5194,#5195);
#5194 = CARTESIAN_POINT('',(1.329415142289E-15,-12.));
#5195 = VECTOR('',#5196,1.);
#5196 = DIRECTION('',(1.,0.));
#5197 = ( GEOMETRIC_REPRESENTATION_CONTEXT(2) 
PARAMETRIC_REPRESENTATION_CONTEXT() REPRESENTATION_CONTEXT('2D SPACE',''
  ) );
#5198 = ORIENTED_EDGE('',*,*,#5199,.T.);
#5199 = EDGE_CURVE('',#5177,#5200,#5202,.T.);
#5200 = VERTEX_POINT('',#5201);
#5201 = CARTESIAN_POINT('',(38.136296694844,-6.,-212.0352761804));
#5202 = SURFACE_CURVE('',#5203,(#5207,#5214),.PCURVE_S1.);
#5203 = LINE('',#5204,#5205);
#5204 = CARTESIAN_POINT('',(38.034220554505,-6.,-211.5221047688));
#5205 = VECTOR('',#5206,1.);
#5206 = DIRECTION('',(0.195090322016,-1.088890400517E-16,-0.980785280403
    ));
#5207 = PCURVE('',#2579,#5208);
#5208 = DEFINITIONAL_REPRESENTATION('',(#5209),#5213);
#5209 = LINE('',#5210,#5211);
#5210 = CARTESIAN_POINT('',(-26.28562084268,23.196002576031));
#5211 = VECTOR('',#5212,1.);
#5212 = DIRECTION('',(-0.195090322016,-0.980785280403));
#5213 = ( GEOMETRIC_REPRESENTATION_CONTEXT(2) 
PARAMETRIC_REPRESENTATION_CONTEXT() REPRESENTATION_CONTEXT('2D SPACE',''
  ) );
#5214 = PCURVE('',#3233,#5215);
#5215 = DEFINITIONAL_REPRESENTATION('',(#5216),#5220);
#5216 = LINE('',#5217,#5218);
#5217 = CARTESIAN_POINT('',(1.306668480621E-15,-12.));
#5218 = VECTOR('',#5219,1.);
#5219 = DIRECTION('',(1.,0.));
#5220 = ( GEOMETRIC_REPRESENTATION_CONTEXT(2) 
PARAMETRIC_REPRESENTATION_CONTEXT() REPRESENTATION_CONTEXT('2D SPACE',''
  ) );
#5221 = ORIENTED_EDGE('',*,*,#5222,.T.);
#5222 = EDGE_CURVE('',#5200,#5223,#5225,.T.);
#5223 = VERTEX_POINT('',#5224);
#5224 = CARTESIAN_POINT('',(38.304481869955,-6.,-212.5307337294));
#5225 = SURFACE_CURVE('',#5226,(#5230,#5237),.PCURVE_S1.);
#5226 = LINE('',#5227,#5228);
#5227 = CARTESIAN_POINT('',(38.136296694844,-6.,-212.0352761804));
#5228 = VECTOR('',#5229,1.);
#5229 = DIRECTION('',(0.321439465303,-1.051303632477E-16,-0.946930129495
    ));
#5230 = PCURVE('',#2579,#5231);
#5231 = DEFINITIONAL_REPRESENTATION('',(#5232),#5236);
#5232 = LINE('',#5233,#5234);
#5233 = CARTESIAN_POINT('',(-26.38769698301,22.682831164501));
#5234 = VECTOR('',#5235,1.);
#5235 = DIRECTION('',(-0.321439465303,-0.946930129495));
#5236 = ( GEOMETRIC_REPRESENTATION_CONTEXT(2) 
PARAMETRIC_REPRESENTATION_CONTEXT() REPRESENTATION_CONTEXT('2D SPACE',''
  ) );
#5237 = PCURVE('',#3261,#5238);
#5238 = DEFINITIONAL_REPRESENTATION('',(#5239),#5243);
#5239 = LINE('',#5240,#5241);
#5240 = CARTESIAN_POINT('',(1.261564358972E-15,-12.));
#5241 = VECTOR('',#5242,1.);
#5242 = DIRECTION('',(1.,0.));
#5243 = ( GEOMETRIC_REPRESENTATION_CONTEXT(2) 
PARAMETRIC_REPRESENTATION_CONTEXT() REPRESENTATION_CONTEXT('2D SPACE',''
  ) );
#5244 = ORIENTED_EDGE('',*,*,#5245,.T.);
#5245 = EDGE_CURVE('',#5223,#5246,#5248,.T.);
#5246 = VERTEX_POINT('',#5247);
#5247 = CARTESIAN_POINT('',(38.535898384862,-6.,-213.));
#5248 = SURFACE_CURVE('',#5249,(#5253,#5260),.PCURVE_S1.);
#5249 = LINE('',#5250,#5251);
#5250 = CARTESIAN_POINT('',(38.304481869955,-6.,-212.5307337294));
#5251 = VECTOR('',#5252,1.);
#5252 = DIRECTION('',(0.442288690219,-9.957287678083E-17,-0.896872741533
    ));
#5253 = PCURVE('',#2579,#5254);
#5254 = DEFINITIONAL_REPRESENTATION('',(#5255),#5259);
#5255 = LINE('',#5256,#5257);
#5256 = CARTESIAN_POINT('',(-26.55588215813,22.187373615451));
#5257 = VECTOR('',#5258,1.);
#5258 = DIRECTION('',(-0.442288690219,-0.896872741533));
#5259 = ( GEOMETRIC_REPRESENTATION_CONTEXT(2) 
PARAMETRIC_REPRESENTATION_CONTEXT() REPRESENTATION_CONTEXT('2D SPACE',''
  ) );
#5260 = PCURVE('',#3289,#5261);
#5261 = DEFINITIONAL_REPRESENTATION('',(#5262),#5266);
#5262 = LINE('',#5263,#5264);
#5263 = CARTESIAN_POINT('',(1.19487452137E-15,-12.));
#5264 = VECTOR('',#5265,1.);
#5265 = DIRECTION('',(1.,0.));
#5266 = ( GEOMETRIC_REPRESENTATION_CONTEXT(2) 
PARAMETRIC_REPRESENTATION_CONTEXT() REPRESENTATION_CONTEXT('2D SPACE',''
  ) );
#5267 = ORIENTED_EDGE('',*,*,#5268,.T.);
#5268 = EDGE_CURVE('',#5246,#5269,#5271,.T.);
#5269 = VERTEX_POINT('',#5270);
#5270 = CARTESIAN_POINT('',(38.826586638835,-6.,-213.435045716));
#5271 = SURFACE_CURVE('',#5272,(#5276,#5283),.PCURVE_S1.);
#5272 = LINE('',#5273,#5274);
#5273 = CARTESIAN_POINT('',(38.535898384862,-6.,-213.));
#5274 = VECTOR('',#5275,1.);
#5275 = DIRECTION('',(0.55557023302,-9.231167078544E-17,-0.831469612303)
  );
#5276 = PCURVE('',#2579,#5277);
#5277 = DEFINITIONAL_REPRESENTATION('',(#5278),#5282);
#5278 = LINE('',#5279,#5280);
#5279 = CARTESIAN_POINT('',(-26.78729867303,21.718107344911));
#5280 = VECTOR('',#5281,1.);
#5281 = DIRECTION('',(-0.55557023302,-0.831469612303));
#5282 = ( GEOMETRIC_REPRESENTATION_CONTEXT(2) 
PARAMETRIC_REPRESENTATION_CONTEXT() REPRESENTATION_CONTEXT('2D SPACE',''
  ) );
#5283 = PCURVE('',#3317,#5284);
#5284 = DEFINITIONAL_REPRESENTATION('',(#5285),#5289);
#5285 = LINE('',#5286,#5287);
#5286 = CARTESIAN_POINT('',(1.107740049425E-15,-12.));
#5287 = VECTOR('',#5288,1.);
#5288 = DIRECTION('',(1.,0.));
#5289 = ( GEOMETRIC_REPRESENTATION_CONTEXT(2) 
PARAMETRIC_REPRESENTATION_CONTEXT() REPRESENTATION_CONTEXT('2D SPACE',''
  ) );
#5290 = ORIENTED_EDGE('',*,*,#5291,.T.);
#5291 = EDGE_CURVE('',#5269,#5292,#5294,.T.);
#5292 = VERTEX_POINT('',#5293);
#5293 = CARTESIAN_POINT('',(39.171572875254,-6.,-213.8284271247));
#5294 = SURFACE_CURVE('',#5295,(#5299,#5306),.PCURVE_S1.);
#5295 = LINE('',#5296,#5297);
#5296 = CARTESIAN_POINT('',(38.826586638835,-6.,-213.435045716));
#5297 = VECTOR('',#5298,1.);
#5298 = DIRECTION('',(0.6593458151,-8.347098650929E-17,-0.751839807479)
  );
#5299 = PCURVE('',#2579,#5300);
#5300 = DEFINITIONAL_REPRESENTATION('',(#5301),#5305);
#5301 = LINE('',#5302,#5303);
#5302 = CARTESIAN_POINT('',(-27.07798692701,21.283061628876));
#5303 = VECTOR('',#5304,1.);
#5304 = DIRECTION('',(-0.6593458151,-0.751839807479));
#5305 = ( GEOMETRIC_REPRESENTATION_CONTEXT(2) 
PARAMETRIC_REPRESENTATION_CONTEXT() REPRESENTATION_CONTEXT('2D SPACE',''
  ) );
#5306 = PCURVE('',#3345,#5307);
#5307 = DEFINITIONAL_REPRESENTATION('',(#5308),#5312);
#5308 = LINE('',#5309,#5310);
#5309 = CARTESIAN_POINT('',(1.001651838111E-15,-12.));
#5310 = VECTOR('',#5311,1.);
#5311 = DIRECTION('',(1.,0.));
#5312 = ( GEOMETRIC_REPRESENTATION_CONTEXT(2) 
PARAMETRIC_REPRESENTATION_CONTEXT() REPRESENTATION_CONTEXT('2D SPACE',''
  ) );
#5313 = ORIENTED_EDGE('',*,*,#5314,.T.);
#5314 = EDGE_CURVE('',#5292,#5315,#5317,.T.);
#5315 = VERTEX_POINT('',#5316);
#5316 = CARTESIAN_POINT('',(39.564954283965,-6.,-214.1734133611));
#5317 = SURFACE_CURVE('',#5318,(#5322,#5329),.PCURVE_S1.);
#5318 = LINE('',#5319,#5320);
#5319 = CARTESIAN_POINT('',(39.171572875254,-6.,-213.8284271247));
#5320 = VECTOR('',#5321,1.);
#5321 = DIRECTION('',(0.751839807479,-7.320209051143E-17,-0.6593458151)
  );
#5322 = PCURVE('',#2579,#5323);
#5323 = DEFINITIONAL_REPRESENTATION('',(#5324),#5328);
#5324 = LINE('',#5325,#5326);
#5325 = CARTESIAN_POINT('',(-27.42297316342,20.889680220165));
#5326 = VECTOR('',#5327,1.);
#5327 = DIRECTION('',(-0.751839807479,-0.6593458151));
#5328 = ( GEOMETRIC_REPRESENTATION_CONTEXT(2) 
PARAMETRIC_REPRESENTATION_CONTEXT() REPRESENTATION_CONTEXT('2D SPACE',''
  ) );
#5329 = PCURVE('',#3373,#5330);
#5330 = DEFINITIONAL_REPRESENTATION('',(#5331),#5335);
#5331 = LINE('',#5332,#5333);
#5332 = CARTESIAN_POINT('',(8.784250861372E-16,-12.));
#5333 = VECTOR('',#5334,1.);
#5334 = DIRECTION('',(1.,0.));
#5335 = ( GEOMETRIC_REPRESENTATION_CONTEXT(2) 
PARAMETRIC_REPRESENTATION_CONTEXT() REPRESENTATION_CONTEXT('2D SPACE',''
  ) );
#5336 = ORIENTED_EDGE('',*,*,#5337,.T.);
#5337 = EDGE_CURVE('',#5315,#5338,#5340,.T.);
#5338 = VERTEX_POINT('',#5339);
#5339 = CARTESIAN_POINT('',(40.,-6.,-214.4641016151));
#5340 = SURFACE_CURVE('',#5341,(#5345,#5352),.PCURVE_S1.);
#5341 = LINE('',#5342,#5343);
#5342 = CARTESIAN_POINT('',(39.564954283965,-6.,-214.1734133611));
#5343 = VECTOR('',#5344,1.);
#5344 = DIRECTION('',(0.831469612303,-6.168068644947E-17,-0.55557023302)
  );
#5345 = PCURVE('',#2579,#5346);
#5346 = DEFINITIONAL_REPRESENTATION('',(#5347),#5351);
#5347 = LINE('',#5348,#5349);
#5348 = CARTESIAN_POINT('',(-27.81635457214,20.544693983746));
#5349 = VECTOR('',#5350,1.);
#5350 = DIRECTION('',(-0.831469612303,-0.55557023302));
#5351 = ( GEOMETRIC_REPRESENTATION_CONTEXT(2) 
PARAMETRIC_REPRESENTATION_CONTEXT() REPRESENTATION_CONTEXT('2D SPACE',''
  ) );
#5352 = PCURVE('',#3401,#5353);
#5353 = DEFINITIONAL_REPRESENTATION('',(#5354),#5358);
#5354 = LINE('',#5355,#5356);
#5355 = CARTESIAN_POINT('',(7.401682373937E-16,-12.));
#5356 = VECTOR('',#5357,1.);
#5357 = DIRECTION('',(1.,0.));
#5358 = ( GEOMETRIC_REPRESENTATION_CONTEXT(2) 
PARAMETRIC_REPRESENTATION_CONTEXT() REPRESENTATION_CONTEXT('2D SPACE',''
  ) );
#5359 = ORIENTED_EDGE('',*,*,#5360,.T.);
#5360 = EDGE_CURVE('',#5338,#5361,#5363,.T.);
#5361 = VERTEX_POINT('',#5362);
#5362 = CARTESIAN_POINT('',(40.46926627054,-6.,-214.69551813));
#5363 = SURFACE_CURVE('',#5364,(#5368,#5375),.PCURVE_S1.);
#5364 = LINE('',#5365,#5366);
#5365 = CARTESIAN_POINT('',(40.,-6.,-214.4641016151));
#5366 = VECTOR('',#5367,1.);
#5367 = DIRECTION('',(0.896872741533,-4.910390874124E-17,-0.442288690219
    ));
#5368 = PCURVE('',#2579,#5369);
#5369 = DEFINITIONAL_REPRESENTATION('',(#5370),#5374);
#5370 = LINE('',#5371,#5372);
#5371 = CARTESIAN_POINT('',(-28.25140028817,20.254005729773));
#5372 = VECTOR('',#5373,1.);
#5373 = DIRECTION('',(-0.896872741533,-0.442288690219));
#5374 = ( GEOMETRIC_REPRESENTATION_CONTEXT(2) 
PARAMETRIC_REPRESENTATION_CONTEXT() REPRESENTATION_CONTEXT('2D SPACE',''
  ) );
#5375 = PCURVE('',#3429,#5376);
#5376 = DEFINITIONAL_REPRESENTATION('',(#5377),#5381);
#5377 = LINE('',#5378,#5379);
#5378 = CARTESIAN_POINT('',(5.892469048949E-16,-12.));
#5379 = VECTOR('',#5380,1.);
#5380 = DIRECTION('',(1.,0.));
#5381 = ( GEOMETRIC_REPRESENTATION_CONTEXT(2) 
PARAMETRIC_REPRESENTATION_CONTEXT() REPRESENTATION_CONTEXT('2D SPACE',''
  ) );
#5382 = ORIENTED_EDGE('',*,*,#5383,.T.);
#5383 = EDGE_CURVE('',#5361,#5384,#5386,.T.);
#5384 = VERTEX_POINT('',#5385);
#5385 = CARTESIAN_POINT('',(40.96472381959,-6.,-214.8637033051));
#5386 = SURFACE_CURVE('',#5387,(#5391,#5398),.PCURVE_S1.);
#5387 = LINE('',#5388,#5389);
#5388 = CARTESIAN_POINT('',(40.46926627054,-6.,-214.69551813));
#5389 = VECTOR('',#5390,1.);
#5390 = DIRECTION('',(0.946930129495,-3.568694954028E-17,-0.321439465303
    ));
#5391 = PCURVE('',#2579,#5392);
#5392 = DEFINITIONAL_REPRESENTATION('',(#5393),#5397);
#5393 = LINE('',#5394,#5395);
#5394 = CARTESIAN_POINT('',(-28.72066655871,20.022589214866));
#5395 = VECTOR('',#5396,1.);
#5396 = DIRECTION('',(-0.946930129495,-0.321439465303));
#5397 = ( GEOMETRIC_REPRESENTATION_CONTEXT(2) 
PARAMETRIC_REPRESENTATION_CONTEXT() REPRESENTATION_CONTEXT('2D SPACE',''
  ) );
#5398 = PCURVE('',#3457,#5399);
#5399 = DEFINITIONAL_REPRESENTATION('',(#5400),#5404);
#5400 = LINE('',#5401,#5402);
#5401 = CARTESIAN_POINT('',(4.282433944833E-16,-12.));
#5402 = VECTOR('',#5403,1.);
#5403 = DIRECTION('',(1.,0.));
#5404 = ( GEOMETRIC_REPRESENTATION_CONTEXT(2) 
PARAMETRIC_REPRESENTATION_CONTEXT() REPRESENTATION_CONTEXT('2D SPACE',''
  ) );
#5405 = ORIENTED_EDGE('',*,*,#5406,.T.);
#5406 = EDGE_CURVE('',#5384,#5407,#5409,.T.);
#5407 = VERTEX_POINT('',#5408);
#5408 = CARTESIAN_POINT('',(41.47789523112,-6.,-214.9657794454));
#5409 = SURFACE_CURVE('',#5410,(#5414,#5421),.PCURVE_S1.);
#5410 = LINE('',#5411,#5412);
#5411 = CARTESIAN_POINT('',(40.96472381959,-6.,-214.8637033051));
#5412 = VECTOR('',#5413,1.);
#5413 = DIRECTION('',(0.980785280403,-2.165937673838E-17,-0.195090322016
    ));
#5414 = PCURVE('',#2579,#5415);
#5415 = DEFINITIONAL_REPRESENTATION('',(#5416),#5420);
#5416 = LINE('',#5417,#5418);
#5417 = CARTESIAN_POINT('',(-29.21612410776,19.854404039755));
#5418 = VECTOR('',#5419,1.);
#5419 = DIRECTION('',(-0.980785280403,-0.195090322016));
#5420 = ( GEOMETRIC_REPRESENTATION_CONTEXT(2) 
PARAMETRIC_REPRESENTATION_CONTEXT() REPRESENTATION_CONTEXT('2D SPACE',''
  ) );
#5421 = PCURVE('',#3485,#5422);
#5422 = DEFINITIONAL_REPRESENTATION('',(#5423),#5427);
#5423 = LINE('',#5424,#5425);
#5424 = CARTESIAN_POINT('',(2.599125208606E-16,-12.));
#5425 = VECTOR('',#5426,1.);
#5426 = DIRECTION('',(1.,0.));
#5427 = ( GEOMETRIC_REPRESENTATION_CONTEXT(2) 
PARAMETRIC_REPRESENTATION_CONTEXT() REPRESENTATION_CONTEXT('2D SPACE',''
  ) );
#5428 = ORIENTED_EDGE('',*,*,#5429,.T.);
#5429 = EDGE_CURVE('',#5407,#5430,#5432,.T.);
#5430 = VERTEX_POINT('',#5431);
#5431 = CARTESIAN_POINT('',(42.,-6.,-215.));
#5432 = SURFACE_CURVE('',#5433,(#5437,#5444),.PCURVE_S1.);
#5433 = LINE('',#5434,#5435);
#5434 = CARTESIAN_POINT('',(41.47789523112,-6.,-214.9657794454));
#5435 = VECTOR('',#5436,1.);
#5436 = DIRECTION('',(0.997858923239,-7.261205995384E-18,
    -6.540312923014E-02));
#5437 = PCURVE('',#2579,#5438);
#5438 = DEFINITIONAL_REPRESENTATION('',(#5439),#5443);
#5439 = LINE('',#5440,#5441);
#5440 = CARTESIAN_POINT('',(-29.72929551929,19.752327899416));
#5441 = VECTOR('',#5442,1.);
#5442 = DIRECTION('',(-0.997858923239,-6.540312923014E-02));
#5443 = ( GEOMETRIC_REPRESENTATION_CONTEXT(2) 
PARAMETRIC_REPRESENTATION_CONTEXT() REPRESENTATION_CONTEXT('2D SPACE',''
  ) );
#5444 = PCURVE('',#3513,#5445);
#5445 = DEFINITIONAL_REPRESENTATION('',(#5446),#5450);
#5446 = LINE('',#5447,#5448);
#5447 = CARTESIAN_POINT('',(8.713447194461E-17,-12.));
#5448 = VECTOR('',#5449,1.);
#5449 = DIRECTION('',(1.,0.));
#5450 = ( GEOMETRIC_REPRESENTATION_CONTEXT(2) 
PARAMETRIC_REPRESENTATION_CONTEXT() REPRESENTATION_CONTEXT('2D SPACE',''
  ) );
#5451 = ORIENTED_EDGE('',*,*,#5452,.T.);
#5452 = EDGE_CURVE('',#5430,#5453,#5455,.T.);
#5453 = VERTEX_POINT('',#5454);
#5454 = CARTESIAN_POINT('',(71.997091273458,-6.,-215.0074777596));
#5455 = SURFACE_CURVE('',#5456,(#5460,#5467),.PCURVE_S1.);
#5456 = LINE('',#5457,#5458);
#5457 = CARTESIAN_POINT('',(42.,-6.,-215.));
#5458 = VECTOR('',#5459,1.);
#5459 = DIRECTION('',(0.999999968929,-2.767595228447E-20,
    -2.492828167909E-04));
#5460 = PCURVE('',#2579,#5461);
#5461 = DEFINITIONAL_REPRESENTATION('',(#5462),#5466);
#5462 = LINE('',#5463,#5464);
#5463 = CARTESIAN_POINT('',(-30.25140028817,19.718107344911));
#5464 = VECTOR('',#5465,1.);
#5465 = DIRECTION('',(-0.999999968929,-2.492828167909E-04));
#5466 = ( GEOMETRIC_REPRESENTATION_CONTEXT(2) 
PARAMETRIC_REPRESENTATION_CONTEXT() REPRESENTATION_CONTEXT('2D SPACE',''
  ) );
#5467 = PCURVE('',#3541,#5468);
#5468 = DEFINITIONAL_REPRESENTATION('',(#5469),#5473);
#5469 = LINE('',#5470,#5471);
#5470 = CARTESIAN_POINT('',(3.321114274137E-19,-12.));
#5471 = VECTOR('',#5472,1.);
#5472 = DIRECTION('',(1.,0.));
#5473 = ( GEOMETRIC_REPRESENTATION_CONTEXT(2) 
PARAMETRIC_REPRESENTATION_CONTEXT() REPRESENTATION_CONTEXT('2D SPACE',''
  ) );
#5474 = ORIENTED_EDGE('',*,*,#5475,.T.);
#5475 = EDGE_CURVE('',#5453,#5476,#5478,.T.);
#5476 = VERTEX_POINT('',#5477);
#5477 = CARTESIAN_POINT('',(95.991955757114,-6.,-237.0027719933));
#5478 = SURFACE_CURVE('',#5479,(#5483,#5490),.PCURVE_S1.);
#5479 = LINE('',#5480,#5481);
#5480 = CARTESIAN_POINT('',(71.997091273458,-6.,-215.0074777596));
#5481 = VECTOR('',#5482,1.);
#5482 = DIRECTION('',(0.737154112804,-7.502050740685E-17,-0.675724658405
    ));
#5483 = PCURVE('',#2579,#5484);
#5484 = DEFINITIONAL_REPRESENTATION('',(#5485),#5489);
#5485 = LINE('',#5486,#5487);
#5486 = CARTESIAN_POINT('',(-60.24849156163,19.71062958527));
#5487 = VECTOR('',#5488,1.);
#5488 = DIRECTION('',(-0.737154112804,-0.675724658405));
#5489 = ( GEOMETRIC_REPRESENTATION_CONTEXT(2) 
PARAMETRIC_REPRESENTATION_CONTEXT() REPRESENTATION_CONTEXT('2D SPACE',''
  ) );
#5490 = PCURVE('',#3569,#5491);
#5491 = DEFINITIONAL_REPRESENTATION('',(#5492),#5496);
#5492 = LINE('',#5493,#5494);
#5493 = CARTESIAN_POINT('',(9.002460888821E-16,-12.));
#5494 = VECTOR('',#5495,1.);
#5495 = DIRECTION('',(1.,0.));
#5496 = ( GEOMETRIC_REPRESENTATION_CONTEXT(2) 
PARAMETRIC_REPRESENTATION_CONTEXT() REPRESENTATION_CONTEXT('2D SPACE',''
  ) );
#5497 = ORIENTED_EDGE('',*,*,#5498,.T.);
#5498 = EDGE_CURVE('',#5476,#5499,#5501,.T.);
#5499 = VERTEX_POINT('',#5500);
#5500 = CARTESIAN_POINT('',(87.99393092265,-6.,-284.9887226512));
#5501 = SURFACE_CURVE('',#5502,(#5506,#5513),.PCURVE_S1.);
#5502 = LINE('',#5503,#5504);
#5503 = CARTESIAN_POINT('',(95.991955757114,-6.,-237.0027719933));
#5504 = VECTOR('',#5505,1.);
#5505 = DIRECTION('',(-0.16440631524,-1.095115889617E-16,-0.986392702482
    ));
#5506 = PCURVE('',#2579,#5507);
#5507 = DEFINITIONAL_REPRESENTATION('',(#5508),#5512);
#5508 = LINE('',#5509,#5510);
#5509 = CARTESIAN_POINT('',(-84.24335604528,-2.284664648433));
#5510 = VECTOR('',#5511,1.);
#5511 = DIRECTION('',(0.16440631524,-0.986392702482));
#5512 = ( GEOMETRIC_REPRESENTATION_CONTEXT(2) 
PARAMETRIC_REPRESENTATION_CONTEXT() REPRESENTATION_CONTEXT('2D SPACE',''
  ) );
#5513 = PCURVE('',#3597,#5514);
#5514 = DEFINITIONAL_REPRESENTATION('',(#5515),#5519);
#5515 = LINE('',#5516,#5517);
#5516 = CARTESIAN_POINT('',(1.314139067541E-15,-12.));
#5517 = VECTOR('',#5518,1.);
#5518 = DIRECTION('',(1.,0.));
#5519 = ( GEOMETRIC_REPRESENTATION_CONTEXT(2) 
PARAMETRIC_REPRESENTATION_CONTEXT() REPRESENTATION_CONTEXT('2D SPACE',''
  ) );
#5520 = ORIENTED_EDGE('',*,*,#5521,.T.);
#5521 = EDGE_CURVE('',#5499,#5522,#5524,.T.);
#5522 = VERTEX_POINT('',#5523);
#5523 = CARTESIAN_POINT('',(70.005397247451,-6.,-276.9945572069));
#5524 = SURFACE_CURVE('',#5525,(#5529,#5536),.PCURVE_S1.);
#5525 = LINE('',#5526,#5527);
#5526 = CARTESIAN_POINT('',(87.99393092265,-6.,-284.9887226512));
#5527 = VECTOR('',#5528,1.);
#5528 = DIRECTION('',(-0.913825469922,4.508694991544E-17,0.406107141677)
  );
#5529 = PCURVE('',#2579,#5530);
#5530 = DEFINITIONAL_REPRESENTATION('',(#5531),#5535);
#5531 = LINE('',#5532,#5533);
#5532 = CARTESIAN_POINT('',(-76.24533121082,-50.27061530637));
#5533 = VECTOR('',#5534,1.);
#5534 = DIRECTION('',(0.913825469922,0.406107141677));
#5535 = ( GEOMETRIC_REPRESENTATION_CONTEXT(2) 
PARAMETRIC_REPRESENTATION_CONTEXT() REPRESENTATION_CONTEXT('2D SPACE',''
  ) );
#5536 = PCURVE('',#3625,#5537);
#5537 = DEFINITIONAL_REPRESENTATION('',(#5538),#5542);
#5538 = LINE('',#5539,#5540);
#5539 = CARTESIAN_POINT('',(-5.410433989852E-16,-12.));
#5540 = VECTOR('',#5541,1.);
#5541 = DIRECTION('',(1.,0.));
#5542 = ( GEOMETRIC_REPRESENTATION_CONTEXT(2) 
PARAMETRIC_REPRESENTATION_CONTEXT() REPRESENTATION_CONTEXT('2D SPACE',''
  ) );
#5543 = ORIENTED_EDGE('',*,*,#5544,.T.);
#5544 = EDGE_CURVE('',#5522,#5545,#5547,.T.);
#5545 = VERTEX_POINT('',#5546);
#5546 = CARTESIAN_POINT('',(61.717650789896,-6.,-258.7788317377));
#5547 = SURFACE_CURVE('',#5548,(#5552,#5559),.PCURVE_S1.);
#5548 = LINE('',#5549,#5550);
#5549 = CARTESIAN_POINT('',(70.005397247451,-6.,-276.9945572069));
#5550 = VECTOR('',#5551,1.);
#5551 = DIRECTION('',(-0.414128885778,1.010545260615E-16,0.91021825183)
  );
#5552 = PCURVE('',#2579,#5553);
#5553 = DEFINITIONAL_REPRESENTATION('',(#5554),#5558);
#5554 = LINE('',#5555,#5556);
#5555 = CARTESIAN_POINT('',(-58.25679753562,-42.27644986205));
#5556 = VECTOR('',#5557,1.);
#5557 = DIRECTION('',(0.414128885778,0.91021825183));
#5558 = ( GEOMETRIC_REPRESENTATION_CONTEXT(2) 
PARAMETRIC_REPRESENTATION_CONTEXT() REPRESENTATION_CONTEXT('2D SPACE',''
  ) );
#5559 = PCURVE('',#3653,#5560);
#5560 = DEFINITIONAL_REPRESENTATION('',(#5561),#5565);
#5561 = LINE('',#5562,#5563);
#5562 = CARTESIAN_POINT('',(-1.212654312738E-15,-12.));
#5563 = VECTOR('',#5564,1.);
#5564 = DIRECTION('',(1.,0.));
#5565 = ( GEOMETRIC_REPRESENTATION_CONTEXT(2) 
PARAMETRIC_REPRESENTATION_CONTEXT() REPRESENTATION_CONTEXT('2D SPACE',''
  ) );
#5566 = ORIENTED_EDGE('',*,*,#5567,.T.);
#5567 = EDGE_CURVE('',#5545,#5568,#5570,.T.);
#5568 = VERTEX_POINT('',#5569);
#5569 = CARTESIAN_POINT('',(61.463903927391,-6.,-258.3072243745));
#5570 = SURFACE_CURVE('',#5571,(#5575,#5582),.PCURVE_S1.);
#5571 = LINE('',#5572,#5573);
#5572 = CARTESIAN_POINT('',(61.717650789896,-6.,-258.7788317377));
#5573 = VECTOR('',#5574,1.);
#5574 = DIRECTION('',(-0.473816705931,9.776884733887E-17,0.880623488888)
  );
#5575 = PCURVE('',#2579,#5576);
#5576 = DEFINITIONAL_REPRESENTATION('',(#5577),#5581);
#5577 = LINE('',#5578,#5579);
#5578 = CARTESIAN_POINT('',(-49.96905107807,-24.06072439286));
#5579 = VECTOR('',#5580,1.);
#5580 = DIRECTION('',(0.473816705931,0.880623488888));
#5581 = ( GEOMETRIC_REPRESENTATION_CONTEXT(2) 
PARAMETRIC_REPRESENTATION_CONTEXT() REPRESENTATION_CONTEXT('2D SPACE',''
  ) );
#5582 = PCURVE('',#3681,#5583);
#5583 = DEFINITIONAL_REPRESENTATION('',(#5584),#5588);
#5584 = LINE('',#5585,#5586);
#5585 = CARTESIAN_POINT('',(-1.173226168066E-15,-12.));
#5586 = VECTOR('',#5587,1.);
#5587 = DIRECTION('',(1.,0.));
#5588 = ( GEOMETRIC_REPRESENTATION_CONTEXT(2) 
PARAMETRIC_REPRESENTATION_CONTEXT() REPRESENTATION_CONTEXT('2D SPACE',''
  ) );
#5589 = ORIENTED_EDGE('',*,*,#5590,.T.);
#5590 = EDGE_CURVE('',#5568,#5591,#5593,.T.);
#5591 = VERTEX_POINT('',#5592);
#5592 = CARTESIAN_POINT('',(61.149431994457,-6.,-257.8737403739));
#5593 = SURFACE_CURVE('',#5594,(#5598,#5605),.PCURVE_S1.);
#5594 = LINE('',#5595,#5596);
#5595 = CARTESIAN_POINT('',(61.463903927391,-6.,-258.3072243745));
#5596 = VECTOR('',#5597,1.);
#5597 = DIRECTION('',(-0.587207478744,8.986549908375E-17,0.809436456374)
  );
#5598 = PCURVE('',#2579,#5599);
#5599 = DEFINITIONAL_REPRESENTATION('',(#5600),#5604);
#5600 = LINE('',#5601,#5602);
#5601 = CARTESIAN_POINT('',(-49.71530421556,-23.5891170296));
#5602 = VECTOR('',#5603,1.);
#5603 = DIRECTION('',(0.587207478744,0.809436456374));
#5604 = ( GEOMETRIC_REPRESENTATION_CONTEXT(2) 
PARAMETRIC_REPRESENTATION_CONTEXT() REPRESENTATION_CONTEXT('2D SPACE',''
  ) );
#5605 = PCURVE('',#3709,#5606);
#5606 = DEFINITIONAL_REPRESENTATION('',(#5607),#5611);
#5607 = LINE('',#5608,#5609);
#5608 = CARTESIAN_POINT('',(-1.078385989005E-15,-12.));
#5609 = VECTOR('',#5610,1.);
#5610 = DIRECTION('',(1.,0.));
#5611 = ( GEOMETRIC_REPRESENTATION_CONTEXT(2) 
PARAMETRIC_REPRESENTATION_CONTEXT() REPRESENTATION_CONTEXT('2D SPACE',''
  ) );
#5612 = ORIENTED_EDGE('',*,*,#5613,.T.);
#5613 = EDGE_CURVE('',#5591,#5614,#5616,.T.);
#5614 = VERTEX_POINT('',#5615);
#5615 = CARTESIAN_POINT('',(60.779871919661,-6.,-257.4861499633));
#5616 = SURFACE_CURVE('',#5617,(#5621,#5628),.PCURVE_S1.);
#5617 = LINE('',#5618,#5619);
#5618 = CARTESIAN_POINT('',(61.149431994457,-6.,-257.8737403739));
#5619 = VECTOR('',#5620,1.);
#5620 = DIRECTION('',(-0.690072521705,8.035130627962E-17,0.723740226039)
  );
#5621 = PCURVE('',#2579,#5622);
#5622 = DEFINITIONAL_REPRESENTATION('',(#5623),#5627);
#5623 = LINE('',#5624,#5625);
#5624 = CARTESIAN_POINT('',(-49.40083228263,-23.15563302907));
#5625 = VECTOR('',#5626,1.);
#5626 = DIRECTION('',(0.690072521705,0.723740226039));
#5627 = ( GEOMETRIC_REPRESENTATION_CONTEXT(2) 
PARAMETRIC_REPRESENTATION_CONTEXT() REPRESENTATION_CONTEXT('2D SPACE',''
  ) );
#5628 = PCURVE('',#3737,#5629);
#5629 = DEFINITIONAL_REPRESENTATION('',(#5630),#5634);
#5630 = LINE('',#5631,#5632);
#5631 = CARTESIAN_POINT('',(-9.642156753554E-16,-12.));
#5632 = VECTOR('',#5633,1.);
#5633 = DIRECTION('',(1.,0.));
#5634 = ( GEOMETRIC_REPRESENTATION_CONTEXT(2) 
PARAMETRIC_REPRESENTATION_CONTEXT() REPRESENTATION_CONTEXT('2D SPACE',''
  ) );
#5635 = ORIENTED_EDGE('',*,*,#5636,.T.);
#5636 = EDGE_CURVE('',#5614,#5637,#5639,.T.);
#5637 = VERTEX_POINT('',#5638);
#5638 = CARTESIAN_POINT('',(60.361848089871,-6.,-257.1514007242));
#5639 = SURFACE_CURVE('',#5640,(#5644,#5651),.PCURVE_S1.);
#5640 = LINE('',#5641,#5642);
#5641 = CARTESIAN_POINT('',(60.779871919661,-6.,-257.4861499633));
#5642 = VECTOR('',#5643,1.);
#5643 = DIRECTION('',(-0.78056797265,6.939681141244E-17,0.625070908035)
  );
#5644 = PCURVE('',#2579,#5645);
#5645 = DEFINITIONAL_REPRESENTATION('',(#5646),#5650);
#5646 = LINE('',#5647,#5648);
#5647 = CARTESIAN_POINT('',(-49.03127220783,-22.76804261842));
#5648 = VECTOR('',#5649,1.);
#5649 = DIRECTION('',(0.78056797265,0.625070908035));
#5650 = ( GEOMETRIC_REPRESENTATION_CONTEXT(2) 
PARAMETRIC_REPRESENTATION_CONTEXT() REPRESENTATION_CONTEXT('2D SPACE',''
  ) );
#5651 = PCURVE('',#3765,#5652);
#5652 = DEFINITIONAL_REPRESENTATION('',(#5653),#5657);
#5653 = LINE('',#5654,#5655);
#5654 = CARTESIAN_POINT('',(-8.327617369492E-16,-12.));
#5655 = VECTOR('',#5656,1.);
#5656 = DIRECTION('',(1.,0.));
#5657 = ( GEOMETRIC_REPRESENTATION_CONTEXT(2) 
PARAMETRIC_REPRESENTATION_CONTEXT() REPRESENTATION_CONTEXT('2D SPACE',''
  ) );
#5658 = ORIENTED_EDGE('',*,*,#5659,.T.);
#5659 = EDGE_CURVE('',#5637,#5660,#5662,.T.);
#5660 = VERTEX_POINT('',#5661);
#5661 = CARTESIAN_POINT('',(59.902853607717,-6.,-256.8754930573));
#5662 = SURFACE_CURVE('',#5663,(#5667,#5674),.PCURVE_S1.);
#5663 = LINE('',#5664,#5665);
#5664 = CARTESIAN_POINT('',(60.361848089871,-6.,-257.1514007242));
#5665 = VECTOR('',#5666,1.);
#5666 = DIRECTION('',(-0.857071695105,5.719837447046E-17,0.515197155903)
  );
#5667 = PCURVE('',#2579,#5668);
#5668 = DEFINITIONAL_REPRESENTATION('',(#5669),#5673);
#5669 = LINE('',#5670,#5671);
#5670 = CARTESIAN_POINT('',(-48.61324837804,-22.43329337937));
#5671 = VECTOR('',#5672,1.);
#5672 = DIRECTION('',(0.857071695105,0.515197155903));
#5673 = ( GEOMETRIC_REPRESENTATION_CONTEXT(2) 
PARAMETRIC_REPRESENTATION_CONTEXT() REPRESENTATION_CONTEXT('2D SPACE',''
  ) );
#5674 = PCURVE('',#3793,#5675);
#5675 = DEFINITIONAL_REPRESENTATION('',(#5676),#5680);
#5676 = LINE('',#5677,#5678);
#5677 = CARTESIAN_POINT('',(-6.863804936455E-16,-12.));
#5678 = VECTOR('',#5679,1.);
#5679 = DIRECTION('',(1.,0.));
#5680 = ( GEOMETRIC_REPRESENTATION_CONTEXT(2) 
PARAMETRIC_REPRESENTATION_CONTEXT() REPRESENTATION_CONTEXT('2D SPACE',''
  ) );
#5681 = ORIENTED_EDGE('',*,*,#5682,.T.);
#5682 = EDGE_CURVE('',#5660,#5683,#5685,.T.);
#5683 = VERTEX_POINT('',#5684);
#5684 = CARTESIAN_POINT('',(59.411115977272,-6.,-256.6633726243));
#5685 = SURFACE_CURVE('',#5686,(#5690,#5697),.PCURVE_S1.);
#5686 = LINE('',#5687,#5688);
#5687 = CARTESIAN_POINT('',(59.902853607717,-6.,-256.8754930573));
#5688 = VECTOR('',#5689,1.);
#5689 = DIRECTION('',(-0.91821235518,4.397465317946E-17,0.396088463346)
  );
#5690 = PCURVE('',#2579,#5691);
#5691 = DEFINITIONAL_REPRESENTATION('',(#5692),#5696);
#5692 = LINE('',#5693,#5694);
#5693 = CARTESIAN_POINT('',(-48.15425389589,-22.15738571245));
#5694 = VECTOR('',#5695,1.);
#5695 = DIRECTION('',(0.91821235518,0.396088463346));
#5696 = ( GEOMETRIC_REPRESENTATION_CONTEXT(2) 
PARAMETRIC_REPRESENTATION_CONTEXT() REPRESENTATION_CONTEXT('2D SPACE',''
  ) );
#5697 = PCURVE('',#3821,#5698);
#5698 = DEFINITIONAL_REPRESENTATION('',(#5699),#5703);
#5699 = LINE('',#5700,#5701);
#5700 = CARTESIAN_POINT('',(-5.276958381535E-16,-12.));
#5701 = VECTOR('',#5702,1.);
#5702 = DIRECTION('',(1.,0.));
#5703 = ( GEOMETRIC_REPRESENTATION_CONTEXT(2) 
PARAMETRIC_REPRESENTATION_CONTEXT() REPRESENTATION_CONTEXT('2D SPACE',''
  ) );
#5704 = ORIENTED_EDGE('',*,*,#5705,.T.);
#5705 = EDGE_CURVE('',#5683,#5706,#5708,.T.);
#5706 = VERTEX_POINT('',#5707);
#5707 = CARTESIAN_POINT('',(58.895449625535,-6.,-256.5188416968));
#5708 = SURFACE_CURVE('',#5709,(#5713,#5720),.PCURVE_S1.);
#5709 = LINE('',#5710,#5711);
#5710 = CARTESIAN_POINT('',(59.411115977272,-6.,-256.6633726243));
#5711 = VECTOR('',#5712,1.);
#5712 = DIRECTION('',(-0.962894002816,2.996268354964E-17,0.269879860938)
  );
#5713 = PCURVE('',#2579,#5714);
#5714 = DEFINITIONAL_REPRESENTATION('',(#5715),#5719);
#5715 = LINE('',#5716,#5717);
#5716 = CARTESIAN_POINT('',(-47.66251626544,-21.9452652794));
#5717 = VECTOR('',#5718,1.);
#5718 = DIRECTION('',(0.962894002816,0.269879860938));
#5719 = ( GEOMETRIC_REPRESENTATION_CONTEXT(2) 
PARAMETRIC_REPRESENTATION_CONTEXT() REPRESENTATION_CONTEXT('2D SPACE',''
  ) );
#5720 = PCURVE('',#3849,#5721);
#5721 = DEFINITIONAL_REPRESENTATION('',(#5722),#5726);
#5722 = LINE('',#5723,#5724);
#5723 = CARTESIAN_POINT('',(-3.595522025957E-16,-12.));
#5724 = VECTOR('',#5725,1.);
#5725 = DIRECTION('',(1.,0.));
#5726 = ( GEOMETRIC_REPRESENTATION_CONTEXT(2) 
PARAMETRIC_REPRESENTATION_CONTEXT() REPRESENTATION_CONTEXT('2D SPACE',''
  ) );
#5727 = ORIENTED_EDGE('',*,*,#5728,.T.);
#5728 = EDGE_CURVE('',#5706,#5729,#5731,.T.);
#5729 = VERTEX_POINT('',#5730);
#5730 = CARTESIAN_POINT('',(58.365097903295,-6.,-256.4444910005));
#5731 = SURFACE_CURVE('',#5732,(#5736,#5743),.PCURVE_S1.);
#5732 = LINE('',#5733,#5734);
#5733 = CARTESIAN_POINT('',(58.895449625535,-6.,-256.5188416968));
#5734 = VECTOR('',#5735,1.);
#5735 = DIRECTION('',(-0.990315716758,1.541363099077E-17,0.138833645573)
  );
#5736 = PCURVE('',#2579,#5737);
#5737 = DEFINITIONAL_REPRESENTATION('',(#5738),#5742);
#5738 = LINE('',#5739,#5740);
#5739 = CARTESIAN_POINT('',(-47.14684991371,-21.80073435192));
#5740 = VECTOR('',#5741,1.);
#5741 = DIRECTION('',(0.990315716758,0.138833645573));
#5742 = ( GEOMETRIC_REPRESENTATION_CONTEXT(2) 
PARAMETRIC_REPRESENTATION_CONTEXT() REPRESENTATION_CONTEXT('2D SPACE',''
  ) );
#5743 = PCURVE('',#3877,#5744);
#5744 = DEFINITIONAL_REPRESENTATION('',(#5745),#5749);
#5745 = LINE('',#5746,#5747);
#5746 = CARTESIAN_POINT('',(-1.849635718892E-16,-12.));
#5747 = VECTOR('',#5748,1.);
#5748 = DIRECTION('',(1.,0.));
#5749 = ( GEOMETRIC_REPRESENTATION_CONTEXT(2) 
PARAMETRIC_REPRESENTATION_CONTEXT() REPRESENTATION_CONTEXT('2D SPACE',''
  ) );
#5750 = ORIENTED_EDGE('',*,*,#5751,.T.);
#5751 = EDGE_CURVE('',#5729,#5752,#5754,.T.);
#5752 = VERTEX_POINT('',#5753);
#5753 = CARTESIAN_POINT('',(57.829567397502,-6.,-256.4416532763));
#5754 = SURFACE_CURVE('',#5755,(#5759,#5766),.PCURVE_S1.);
#5755 = LINE('',#5756,#5757);
#5756 = CARTESIAN_POINT('',(58.365097903295,-6.,-256.4444910005));
#5757 = VECTOR('',#5758,1.);
#5758 = DIRECTION('',(-0.999985961109,5.882881568074E-19,
    5.298828647568E-03));
#5759 = PCURVE('',#2579,#5760);
#5760 = DEFINITIONAL_REPRESENTATION('',(#5761),#5765);
#5761 = LINE('',#5762,#5763);
#5762 = CARTESIAN_POINT('',(-46.61649819147,-21.72638365568));
#5763 = VECTOR('',#5764,1.);
#5764 = DIRECTION('',(0.999985961109,5.298828647568E-03));
#5765 = ( GEOMETRIC_REPRESENTATION_CONTEXT(2) 
PARAMETRIC_REPRESENTATION_CONTEXT() REPRESENTATION_CONTEXT('2D SPACE',''
  ) );
#5766 = PCURVE('',#3905,#5767);
#5767 = DEFINITIONAL_REPRESENTATION('',(#5768),#5772);
#5768 = LINE('',#5769,#5770);
#5769 = CARTESIAN_POINT('',(-7.059457881688E-18,-12.));
#5770 = VECTOR('',#5771,1.);
#5771 = DIRECTION('',(1.,0.));
#5772 = ( GEOMETRIC_REPRESENTATION_CONTEXT(2) 
PARAMETRIC_REPRESENTATION_CONTEXT() REPRESENTATION_CONTEXT('2D SPACE',''
  ) );
#5773 = ORIENTED_EDGE('',*,*,#5774,.T.);
#5774 = EDGE_CURVE('',#5752,#5775,#5777,.T.);
#5775 = VERTEX_POINT('',#5776);
#5776 = CARTESIAN_POINT('',(57.298457525117,-6.,-256.5103793905));
#5777 = SURFACE_CURVE('',#5778,(#5782,#5789),.PCURVE_S1.);
#5778 = LINE('',#5779,#5780);
#5779 = CARTESIAN_POINT('',(57.829567397502,-6.,-256.4416532763));
#5780 = VECTOR('',#5781,1.);
#5781 = DIRECTION('',(-0.991731396151,-1.424759977822E-17,
    -0.128330970104));
#5782 = PCURVE('',#2579,#5783);
#5783 = DEFINITIONAL_REPRESENTATION('',(#5784),#5788);
#5784 = LINE('',#5785,#5786);
#5785 = CARTESIAN_POINT('',(-46.08096768567,-21.72354593146));
#5786 = VECTOR('',#5787,1.);
#5787 = DIRECTION('',(0.991731396151,-0.128330970104));
#5788 = ( GEOMETRIC_REPRESENTATION_CONTEXT(2) 
PARAMETRIC_REPRESENTATION_CONTEXT() REPRESENTATION_CONTEXT('2D SPACE',''
  ) );
#5789 = PCURVE('',#3933,#5790);
#5790 = DEFINITIONAL_REPRESENTATION('',(#5791),#5795);
#5791 = LINE('',#5792,#5793);
#5792 = CARTESIAN_POINT('',(1.709711973387E-16,-12.));
#5793 = VECTOR('',#5794,1.);
#5794 = DIRECTION('',(1.,0.));
#5795 = ( GEOMETRIC_REPRESENTATION_CONTEXT(2) 
PARAMETRIC_REPRESENTATION_CONTEXT() REPRESENTATION_CONTEXT('2D SPACE',''
  ) );
#5796 = ORIENTED_EDGE('',*,*,#5797,.T.);
#5797 = EDGE_CURVE('',#5775,#5798,#5800,.T.);
#5798 = VERTEX_POINT('',#5799);
#5799 = CARTESIAN_POINT('',(56.781288462977,-6.,-256.6494374233));
#5800 = SURFACE_CURVE('',#5801,(#5805,#5812),.PCURVE_S1.);
#5801 = LINE('',#5802,#5803);
#5802 = CARTESIAN_POINT('',(57.298457525117,-6.,-256.5103793905));
#5803 = VECTOR('',#5804,1.);
#5804 = DIRECTION('',(-0.965699985464,-2.882809861873E-17,
    -0.259660428394));
#5805 = PCURVE('',#2579,#5806);
#5806 = DEFINITIONAL_REPRESENTATION('',(#5807),#5811);
#5807 = LINE('',#5808,#5809);
#5808 = CARTESIAN_POINT('',(-45.54985781329,-21.79227204562));
#5809 = VECTOR('',#5810,1.);
#5810 = DIRECTION('',(0.965699985464,-0.259660428394));
#5811 = ( GEOMETRIC_REPRESENTATION_CONTEXT(2) 
PARAMETRIC_REPRESENTATION_CONTEXT() REPRESENTATION_CONTEXT('2D SPACE',''
  ) );
#5812 = PCURVE('',#3961,#5813);
#5813 = DEFINITIONAL_REPRESENTATION('',(#5814),#5818);
#5814 = LINE('',#5815,#5816);
#5815 = CARTESIAN_POINT('',(3.459371834248E-16,-12.));
#5816 = VECTOR('',#5817,1.);
#5817 = DIRECTION('',(1.,0.));
#5818 = ( GEOMETRIC_REPRESENTATION_CONTEXT(2) 
PARAMETRIC_REPRESENTATION_CONTEXT() REPRESENTATION_CONTEXT('2D SPACE',''
  ) );
#5819 = ORIENTED_EDGE('',*,*,#5820,.T.);
#5820 = EDGE_CURVE('',#5798,#5821,#5823,.T.);
#5821 = VERTEX_POINT('',#5822);
#5822 = CARTESIAN_POINT('',(56.287330498046,-6.,-256.8563347509));
#5823 = SURFACE_CURVE('',#5824,(#5828,#5835),.PCURVE_S1.);
#5824 = LINE('',#5825,#5826);
#5825 = CARTESIAN_POINT('',(56.781288462977,-6.,-256.6494374233));
#5826 = VECTOR('',#5827,1.);
#5827 = DIRECTION('',(-0.922358343672,-4.289185203423E-17,
    -0.386335457677));
#5828 = PCURVE('',#2579,#5829);
#5829 = DEFINITIONAL_REPRESENTATION('',(#5830),#5834);
#5830 = LINE('',#5831,#5832);
#5831 = CARTESIAN_POINT('',(-45.03268875115,-21.9313300784));
#5832 = VECTOR('',#5833,1.);
#5833 = DIRECTION('',(0.922358343672,-0.386335457677));
#5834 = ( GEOMETRIC_REPRESENTATION_CONTEXT(2) 
PARAMETRIC_REPRESENTATION_CONTEXT() REPRESENTATION_CONTEXT('2D SPACE',''
  ) );
#5835 = PCURVE('',#3989,#5836);
#5836 = DEFINITIONAL_REPRESENTATION('',(#5837),#5841);
#5837 = LINE('',#5838,#5839);
#5838 = CARTESIAN_POINT('',(5.147022244107E-16,-12.));
#5839 = VECTOR('',#5840,1.);
#5840 = DIRECTION('',(1.,0.));
#5841 = ( GEOMETRIC_REPRESENTATION_CONTEXT(2) 
PARAMETRIC_REPRESENTATION_CONTEXT() REPRESENTATION_CONTEXT('2D SPACE',''
  ) );
#5842 = ORIENTED_EDGE('',*,*,#5843,.T.);
#5843 = EDGE_CURVE('',#5821,#5844,#5846,.T.);
#5844 = VERTEX_POINT('',#5845);
#5845 = CARTESIAN_POINT('',(23.998433381481,-6.,-272.9933636974));
#5846 = SURFACE_CURVE('',#5847,(#5851,#5858),.PCURVE_S1.);
#5847 = LINE('',#5848,#5849);
#5848 = CARTESIAN_POINT('',(56.287330498046,-6.,-256.8563347509));
#5849 = VECTOR('',#5850,1.);
#5850 = DIRECTION('',(-0.894509395013,-4.963242591192E-17,
    -0.447049149685));
#5851 = PCURVE('',#2579,#5852);
#5852 = DEFINITIONAL_REPRESENTATION('',(#5853),#5857);
#5853 = LINE('',#5854,#5855);
#5854 = CARTESIAN_POINT('',(-44.53873078622,-22.13822740606));
#5855 = VECTOR('',#5856,1.);
#5856 = DIRECTION('',(0.894509395013,-0.447049149685));
#5857 = ( GEOMETRIC_REPRESENTATION_CONTEXT(2) 
PARAMETRIC_REPRESENTATION_CONTEXT() REPRESENTATION_CONTEXT('2D SPACE',''
  ) );
#5858 = PCURVE('',#4017,#5859);
#5859 = DEFINITIONAL_REPRESENTATION('',(#5860),#5864);
#5860 = LINE('',#5861,#5862);
#5861 = CARTESIAN_POINT('',(5.955891109431E-16,-12.));
#5862 = VECTOR('',#5863,1.);
#5863 = DIRECTION('',(1.,0.));
#5864 = ( GEOMETRIC_REPRESENTATION_CONTEXT(2) 
PARAMETRIC_REPRESENTATION_CONTEXT() REPRESENTATION_CONTEXT('2D SPACE',''
  ) );
#5865 = ORIENTED_EDGE('',*,*,#5866,.T.);
#5866 = EDGE_CURVE('',#5844,#5867,#5869,.T.);
#5867 = VERTEX_POINT('',#5868);
#5868 = CARTESIAN_POINT('',(20.062638841586,-6.,-273.));
#5869 = SURFACE_CURVE('',#5870,(#5874,#5881),.PCURVE_S1.);
#5870 = LINE('',#5871,#5872);
#5871 = CARTESIAN_POINT('',(23.998433381481,-6.,-272.9933636974));
#5872 = VECTOR('',#5873,1.);
#5873 = DIRECTION('',(-0.999998578468,-1.871989335191E-19,
    -1.686138094481E-03));
#5874 = PCURVE('',#2579,#5875);
#5875 = DEFINITIONAL_REPRESENTATION('',(#5876),#5880);
#5876 = LINE('',#5877,#5878);
#5877 = CARTESIAN_POINT('',(-12.24983366965,-38.27525635254));
#5878 = VECTOR('',#5879,1.);
#5879 = DIRECTION('',(0.999998578468,-1.686138094481E-03));
#5880 = ( GEOMETRIC_REPRESENTATION_CONTEXT(2) 
PARAMETRIC_REPRESENTATION_CONTEXT() REPRESENTATION_CONTEXT('2D SPACE',''
  ) );
#5881 = PCURVE('',#4045,#5882);
#5882 = DEFINITIONAL_REPRESENTATION('',(#5883),#5887);
#5883 = LINE('',#5884,#5885);
#5884 = CARTESIAN_POINT('',(2.246387202229E-18,-12.));
#5885 = VECTOR('',#5886,1.);
#5886 = DIRECTION('',(1.,0.));
#5887 = ( GEOMETRIC_REPRESENTATION_CONTEXT(2) 
PARAMETRIC_REPRESENTATION_CONTEXT() REPRESENTATION_CONTEXT('2D SPACE',''
  ) );
#5888 = ORIENTED_EDGE('',*,*,#5889,.T.);
#5889 = EDGE_CURVE('',#5867,#5890,#5892,.T.);
#5890 = VERTEX_POINT('',#5891);
#5891 = CARTESIAN_POINT('',(19.537074630668,-6.,-273.0346775338));
#5892 = SURFACE_CURVE('',#5893,(#5897,#5904),.PCURVE_S1.);
#5893 = LINE('',#5894,#5895);
#5894 = CARTESIAN_POINT('',(20.062638841586,-6.,-273.));
#5895 = VECTOR('',#5896,1.);
#5896 = DIRECTION('',(-0.997830300333,-7.309528079138E-18,
    -6.583837586692E-02));
#5897 = PCURVE('',#2579,#5898);
#5898 = DEFINITIONAL_REPRESENTATION('',(#5899),#5903);
#5899 = LINE('',#5900,#5901);
#5900 = CARTESIAN_POINT('',(-8.314039129761,-38.28189265508));
#5901 = VECTOR('',#5902,1.);
#5902 = DIRECTION('',(0.997830300333,-6.583837586692E-02));
#5903 = ( GEOMETRIC_REPRESENTATION_CONTEXT(2) 
PARAMETRIC_REPRESENTATION_CONTEXT() REPRESENTATION_CONTEXT('2D SPACE',''
  ) );
#5904 = PCURVE('',#4073,#5905);
#5905 = DEFINITIONAL_REPRESENTATION('',(#5906),#5910);
#5906 = LINE('',#5907,#5908);
#5907 = CARTESIAN_POINT('',(8.771433694966E-17,-12.));
#5908 = VECTOR('',#5909,1.);
#5909 = DIRECTION('',(1.,0.));
#5910 = ( GEOMETRIC_REPRESENTATION_CONTEXT(2) 
PARAMETRIC_REPRESENTATION_CONTEXT() REPRESENTATION_CONTEXT('2D SPACE',''
  ) );
#5911 = ORIENTED_EDGE('',*,*,#5912,.T.);
#5912 = EDGE_CURVE('',#5890,#5913,#5915,.T.);
#5913 = VERTEX_POINT('',#5914);
#5914 = CARTESIAN_POINT('',(19.020623055119,-6.,-273.1381088698));
#5915 = SURFACE_CURVE('',#5916,(#5920,#5927),.PCURVE_S1.);
#5916 = LINE('',#5917,#5918);
#5917 = CARTESIAN_POINT('',(19.537074630668,-6.,-273.0346775338));
#5918 = VECTOR('',#5919,1.);
#5919 = DIRECTION('',(-0.980529153303,-2.180184603356E-17,
    -0.196373571345));
#5920 = PCURVE('',#2579,#5921);
#5921 = DEFINITIONAL_REPRESENTATION('',(#5922),#5926);
#5922 = LINE('',#5923,#5924);
#5923 = CARTESIAN_POINT('',(-7.788474918843,-38.31657018898));
#5924 = VECTOR('',#5925,1.);
#5925 = DIRECTION('',(0.980529153303,-0.196373571345));
#5926 = ( GEOMETRIC_REPRESENTATION_CONTEXT(2) 
PARAMETRIC_REPRESENTATION_CONTEXT() REPRESENTATION_CONTEXT('2D SPACE',''
  ) );
#5927 = PCURVE('',#4101,#5928);
#5928 = DEFINITIONAL_REPRESENTATION('',(#5929),#5933);
#5929 = LINE('',#5930,#5931);
#5930 = CARTESIAN_POINT('',(2.616221524027E-16,-12.));
#5931 = VECTOR('',#5932,1.);
#5932 = DIRECTION('',(1.,0.));
#5933 = ( GEOMETRIC_REPRESENTATION_CONTEXT(2) 
PARAMETRIC_REPRESENTATION_CONTEXT() REPRESENTATION_CONTEXT('2D SPACE',''
  ) );
#5934 = ORIENTED_EDGE('',*,*,#5935,.T.);
#5935 = EDGE_CURVE('',#5913,#5936,#5938,.T.);
#5936 = VERTEX_POINT('',#5937);
#5937 = CARTESIAN_POINT('',(18.522238748447,-6.,-273.3085006361));
#5938 = SURFACE_CURVE('',#5939,(#5943,#5950),.PCURVE_S1.);
#5939 = LINE('',#5940,#5941);
#5940 = CARTESIAN_POINT('',(19.020623055119,-6.,-273.1381088698));
#5941 = VECTOR('',#5942,1.);
#5942 = DIRECTION('',(-0.946226839799,-3.591614686058E-17,
    -0.323503891236));
#5943 = PCURVE('',#2579,#5944);
#5944 = DEFINITIONAL_REPRESENTATION('',(#5945),#5949);
#5945 = LINE('',#5946,#5947);
#5946 = CARTESIAN_POINT('',(-7.272023343294,-38.42000152498));
#5947 = VECTOR('',#5948,1.);
#5948 = DIRECTION('',(0.946226839799,-0.323503891236));
#5949 = ( GEOMETRIC_REPRESENTATION_CONTEXT(2) 
PARAMETRIC_REPRESENTATION_CONTEXT() REPRESENTATION_CONTEXT('2D SPACE',''
  ) );
#5950 = PCURVE('',#4129,#5951);
#5951 = DEFINITIONAL_REPRESENTATION('',(#5952),#5956);
#5952 = LINE('',#5953,#5954);
#5953 = CARTESIAN_POINT('',(4.30993762327E-16,-12.));
#5954 = VECTOR('',#5955,1.);
#5955 = DIRECTION('',(1.,0.));
#5956 = ( GEOMETRIC_REPRESENTATION_CONTEXT(2) 
PARAMETRIC_REPRESENTATION_CONTEXT() REPRESENTATION_CONTEXT('2D SPACE',''
  ) );
#5957 = ORIENTED_EDGE('',*,*,#5958,.T.);
#5958 = EDGE_CURVE('',#5936,#5959,#5961,.T.);
#5959 = VERTEX_POINT('',#5960);
#5960 = CARTESIAN_POINT('',(18.050563079995,-6.,-273.5428984496));
#5961 = SURFACE_CURVE('',#5962,(#5966,#5973),.PCURVE_S1.);
#5962 = LINE('',#5963,#5964);
#5963 = CARTESIAN_POINT('',(18.522238748447,-6.,-273.3085006361));
#5964 = VECTOR('',#5965,1.);
#5965 = DIRECTION('',(-0.89551811964,-4.940770598755E-17,-0.44502505255)
  );
#5966 = PCURVE('',#2579,#5967);
#5967 = DEFINITIONAL_REPRESENTATION('',(#5968),#5972);
#5968 = LINE('',#5969,#5970);
#5969 = CARTESIAN_POINT('',(-6.773639036622,-38.59039329127));
#5970 = VECTOR('',#5971,1.);
#5971 = DIRECTION('',(0.89551811964,-0.44502505255));
#5972 = ( GEOMETRIC_REPRESENTATION_CONTEXT(2) 
PARAMETRIC_REPRESENTATION_CONTEXT() REPRESENTATION_CONTEXT('2D SPACE',''
  ) );
#5973 = PCURVE('',#4157,#5974);
#5974 = DEFINITIONAL_REPRESENTATION('',(#5975),#5979);
#5975 = LINE('',#5976,#5977);
#5976 = CARTESIAN_POINT('',(5.928924718506E-16,-12.));
#5977 = VECTOR('',#5978,1.);
#5978 = DIRECTION('',(1.,0.));
#5979 = ( GEOMETRIC_REPRESENTATION_CONTEXT(2) 
PARAMETRIC_REPRESENTATION_CONTEXT() REPRESENTATION_CONTEXT('2D SPACE',''
  ) );
#5980 = ORIENTED_EDGE('',*,*,#5981,.T.);
#5981 = EDGE_CURVE('',#5959,#5982,#5984,.T.);
#5982 = VERTEX_POINT('',#5983);
#5983 = CARTESIAN_POINT('',(17.613774324253,-6.,-273.8372381411));
#5984 = SURFACE_CURVE('',#5985,(#5989,#5996),.PCURVE_S1.);
#5985 = LINE('',#5986,#5987);
#5986 = CARTESIAN_POINT('',(18.050563079995,-6.,-273.5428984496));
#5987 = VECTOR('',#5988,1.);
#5988 = DIRECTION('',(-0.829282219508,-6.2042596415E-17,-0.558830028191)
  );
#5989 = PCURVE('',#2579,#5990);
#5990 = DEFINITIONAL_REPRESENTATION('',(#5991),#5995);
#5991 = LINE('',#5992,#5993);
#5992 = CARTESIAN_POINT('',(-6.30196336817,-38.82479110471));
#5993 = VECTOR('',#5994,1.);
#5994 = DIRECTION('',(0.829282219508,-0.558830028191));
#5995 = ( GEOMETRIC_REPRESENTATION_CONTEXT(2) 
PARAMETRIC_REPRESENTATION_CONTEXT() REPRESENTATION_CONTEXT('2D SPACE',''
  ) );
#5996 = PCURVE('',#4185,#5997);
#5997 = DEFINITIONAL_REPRESENTATION('',(#5998),#6002);
#5998 = LINE('',#5999,#6000);
#5999 = CARTESIAN_POINT('',(7.445111569801E-16,-12.));
#6000 = VECTOR('',#6001,1.);
#6001 = DIRECTION('',(1.,0.));
#6002 = ( GEOMETRIC_REPRESENTATION_CONTEXT(2) 
PARAMETRIC_REPRESENTATION_CONTEXT() REPRESENTATION_CONTEXT('2D SPACE',''
  ) );
#6003 = ORIENTED_EDGE('',*,*,#6004,.T.);
#6004 = EDGE_CURVE('',#5982,#6005,#6007,.T.);
#6005 = VERTEX_POINT('',#6006);
#6006 = CARTESIAN_POINT('',(17.219445859663,-6.,-274.1864162234));
#6007 = SURFACE_CURVE('',#6008,(#6012,#6019),.PCURVE_S1.);
#6008 = LINE('',#6009,#6010);
#6009 = CARTESIAN_POINT('',(17.613774324253,-6.,-273.8372381411));
#6010 = VECTOR('',#6011,1.);
#6011 = DIRECTION('',(-0.748667588238,-7.360174472242E-17,
    -0.662945580211));
#6012 = PCURVE('',#2579,#6013);
#6013 = DEFINITIONAL_REPRESENTATION('',(#6014),#6018);
#6014 = LINE('',#6015,#6016);
#6015 = CARTESIAN_POINT('',(-5.865174612428,-39.11913079624));
#6016 = VECTOR('',#6017,1.);
#6017 = DIRECTION('',(0.748667588238,-0.662945580211));
#6018 = ( GEOMETRIC_REPRESENTATION_CONTEXT(2) 
PARAMETRIC_REPRESENTATION_CONTEXT() REPRESENTATION_CONTEXT('2D SPACE',''
  ) );
#6019 = PCURVE('',#4213,#6020);
#6020 = DEFINITIONAL_REPRESENTATION('',(#6021),#6025);
#6021 = LINE('',#6022,#6023);
#6022 = CARTESIAN_POINT('',(8.832209366691E-16,-12.));
#6023 = VECTOR('',#6024,1.);
#6024 = DIRECTION('',(1.,0.));
#6025 = ( GEOMETRIC_REPRESENTATION_CONTEXT(2) 
PARAMETRIC_REPRESENTATION_CONTEXT() REPRESENTATION_CONTEXT('2D SPACE',''
  ) );
#6026 = ORIENTED_EDGE('',*,*,#6027,.T.);
#6027 = EDGE_CURVE('',#6005,#6028,#6030,.T.);
#6028 = VERTEX_POINT('',#6029);
#6029 = CARTESIAN_POINT('',(16.874414855572,-6.,-274.5843783791));
#6030 = SURFACE_CURVE('',#6031,(#6035,#6042),.PCURVE_S1.);
#6031 = LINE('',#6032,#6033);
#6032 = CARTESIAN_POINT('',(17.219445859663,-6.,-274.1864162234));
#6033 = VECTOR('',#6034,1.);
#6034 = DIRECTION('',(-0.655071984135,-8.388472953119E-17,
    -0.755566473318));
#6035 = PCURVE('',#2579,#6036);
#6036 = DEFINITIONAL_REPRESENTATION('',(#6037),#6041);
#6037 = LINE('',#6038,#6039);
#6038 = CARTESIAN_POINT('',(-5.470846147838,-39.46830887856));
#6039 = VECTOR('',#6040,1.);
#6040 = DIRECTION('',(0.655071984135,-0.755566473318));
#6041 = ( GEOMETRIC_REPRESENTATION_CONTEXT(2) 
PARAMETRIC_REPRESENTATION_CONTEXT() REPRESENTATION_CONTEXT('2D SPACE',''
  ) );
#6042 = PCURVE('',#4241,#6043);
#6043 = DEFINITIONAL_REPRESENTATION('',(#6044),#6048);
#6044 = LINE('',#6045,#6046);
#6045 = CARTESIAN_POINT('',(1.006616754374E-15,-12.));
#6046 = VECTOR('',#6047,1.);
#6047 = DIRECTION('',(1.,0.));
#6048 = ( GEOMETRIC_REPRESENTATION_CONTEXT(2) 
PARAMETRIC_REPRESENTATION_CONTEXT() REPRESENTATION_CONTEXT('2D SPACE',''
  ) );
#6049 = ORIENTED_EDGE('',*,*,#6050,.T.);
#6050 = EDGE_CURVE('',#6028,#6051,#6053,.T.);
#6051 = VERTEX_POINT('',#6052);
#6052 = CARTESIAN_POINT('',(16.58466372415,-6.,-275.0242244351));
#6053 = SURFACE_CURVE('',#6054,(#6058,#6065),.PCURVE_S1.);
#6054 = LINE('',#6055,#6056);
#6055 = CARTESIAN_POINT('',(16.874414855572,-6.,-274.5843783791));
#6056 = VECTOR('',#6057,1.);
#6057 = DIRECTION('',(-0.550118239565,-9.27132565642E-17,-0.83508677543)
  );
#6058 = PCURVE('',#2579,#6059);
#6059 = DEFINITIONAL_REPRESENTATION('',(#6060),#6064);
#6060 = LINE('',#6061,#6062);
#6061 = CARTESIAN_POINT('',(-5.125815143747,-39.86627103426));
#6062 = VECTOR('',#6063,1.);
#6063 = DIRECTION('',(0.550118239565,-0.83508677543));
#6064 = ( GEOMETRIC_REPRESENTATION_CONTEXT(2) 
PARAMETRIC_REPRESENTATION_CONTEXT() REPRESENTATION_CONTEXT('2D SPACE',''
  ) );
#6065 = PCURVE('',#4269,#6066);
#6066 = DEFINITIONAL_REPRESENTATION('',(#6067),#6071);
#6067 = LINE('',#6068,#6069);
#6068 = CARTESIAN_POINT('',(1.11255907877E-15,-12.));
#6069 = VECTOR('',#6070,1.);
#6070 = DIRECTION('',(1.,0.));
#6071 = ( GEOMETRIC_REPRESENTATION_CONTEXT(2) 
PARAMETRIC_REPRESENTATION_CONTEXT() REPRESENTATION_CONTEXT('2D SPACE',''
  ) );
#6072 = ORIENTED_EDGE('',*,*,#6073,.T.);
#6073 = EDGE_CURVE('',#6051,#6074,#6076,.T.);
#6074 = VERTEX_POINT('',#6075);
#6075 = CARTESIAN_POINT('',(16.355216392737,-6.,-275.4983280032));
#6076 = SURFACE_CURVE('',#6077,(#6081,#6088),.PCURVE_S1.);
#6077 = LINE('',#6078,#6079);
#6078 = CARTESIAN_POINT('',(16.58466372415,-6.,-275.0242244351));
#6079 = VECTOR('',#6080,1.);
#6080 = DIRECTION('',(-0.435626123047,-9.993425004872E-17,
    -0.900127702562));
#6081 = PCURVE('',#2579,#6082);
#6082 = DEFINITIONAL_REPRESENTATION('',(#6083),#6087);
#6083 = LINE('',#6084,#6085);
#6084 = CARTESIAN_POINT('',(-4.836064012325,-40.30611709028));
#6085 = VECTOR('',#6086,1.);
#6086 = DIRECTION('',(0.435626123047,-0.900127702562));
#6087 = ( GEOMETRIC_REPRESENTATION_CONTEXT(2) 
PARAMETRIC_REPRESENTATION_CONTEXT() REPRESENTATION_CONTEXT('2D SPACE',''
  ) );
#6088 = PCURVE('',#4297,#6089);
#6089 = DEFINITIONAL_REPRESENTATION('',(#6090),#6094);
#6090 = LINE('',#6091,#6092);
#6091 = CARTESIAN_POINT('',(1.199211000585E-15,-12.));
#6092 = VECTOR('',#6093,1.);
#6093 = DIRECTION('',(1.,0.));
#6094 = ( GEOMETRIC_REPRESENTATION_CONTEXT(2) 
PARAMETRIC_REPRESENTATION_CONTEXT() REPRESENTATION_CONTEXT('2D SPACE',''
  ) );
#6095 = ORIENTED_EDGE('',*,*,#6096,.T.);
#6096 = EDGE_CURVE('',#6074,#6097,#6099,.T.);
#6097 = VERTEX_POINT('',#6098);
#6098 = CARTESIAN_POINT('',(16.19005119514,-6.,-275.9984687121));
#6099 = SURFACE_CURVE('',#6100,(#6104,#6111),.PCURVE_S1.);
#6100 = LINE('',#6101,#6102);
#6101 = CARTESIAN_POINT('',(16.355216392737,-6.,-275.4983280032));
#6102 = VECTOR('',#6103,1.);
#6103 = DIRECTION('',(-0.313580786704,-1.054225068616E-16,
    -0.949561525237));
#6104 = PCURVE('',#2579,#6105);
#6105 = DEFINITIONAL_REPRESENTATION('',(#6106),#6110);
#6106 = LINE('',#6107,#6108);
#6107 = CARTESIAN_POINT('',(-4.606616680912,-40.78022065835));
#6108 = VECTOR('',#6109,1.);
#6109 = DIRECTION('',(0.313580786704,-0.949561525237));
#6110 = ( GEOMETRIC_REPRESENTATION_CONTEXT(2) 
PARAMETRIC_REPRESENTATION_CONTEXT() REPRESENTATION_CONTEXT('2D SPACE',''
  ) );
#6111 = PCURVE('',#4325,#6112);
#6112 = DEFINITIONAL_REPRESENTATION('',(#6113),#6117);
#6113 = LINE('',#6114,#6115);
#6114 = CARTESIAN_POINT('',(1.265070082339E-15,-12.));
#6115 = VECTOR('',#6116,1.);
#6116 = DIRECTION('',(1.,0.));
#6117 = ( GEOMETRIC_REPRESENTATION_CONTEXT(2) 
PARAMETRIC_REPRESENTATION_CONTEXT() REPRESENTATION_CONTEXT('2D SPACE',''
  ) );
#6118 = ORIENTED_EDGE('',*,*,#6119,.T.);
#6119 = EDGE_CURVE('',#6097,#6120,#6122,.T.);
#6120 = VERTEX_POINT('',#6121);
#6121 = CARTESIAN_POINT('',(2.99359289226,-6.,-326.9917250808));
#6122 = SURFACE_CURVE('',#6123,(#6127,#6134),.PCURVE_S1.);
#6123 = LINE('',#6124,#6125);
#6124 = CARTESIAN_POINT('',(16.19005119514,-6.,-275.9984687121));
#6125 = VECTOR('',#6126,1.);
#6126 = DIRECTION('',(-0.250534914213,-1.074815308604E-16,
    -0.968107564664));
#6127 = PCURVE('',#2579,#6128);
#6128 = DEFINITIONAL_REPRESENTATION('',(#6129),#6133);
#6129 = LINE('',#6130,#6131);
#6130 = CARTESIAN_POINT('',(-4.441451483315,-41.28036136721));
#6131 = VECTOR('',#6132,1.);
#6132 = DIRECTION('',(0.250534914213,-0.968107564664));
#6133 = ( GEOMETRIC_REPRESENTATION_CONTEXT(2) 
PARAMETRIC_REPRESENTATION_CONTEXT() REPRESENTATION_CONTEXT('2D SPACE',''
  ) );
#6134 = PCURVE('',#4353,#6135);
#6135 = DEFINITIONAL_REPRESENTATION('',(#6136),#6140);
#6136 = LINE('',#6137,#6138);
#6137 = CARTESIAN_POINT('',(1.289778370325E-15,-12.));
#6138 = VECTOR('',#6139,1.);
#6139 = DIRECTION('',(1.,0.));
#6140 = ( GEOMETRIC_REPRESENTATION_CONTEXT(2) 
PARAMETRIC_REPRESENTATION_CONTEXT() REPRESENTATION_CONTEXT('2D SPACE',''
  ) );
#6141 = ORIENTED_EDGE('',*,*,#6142,.T.);
#6142 = EDGE_CURVE('',#6120,#6143,#6145,.T.);
#6143 = VERTEX_POINT('',#6144);
#6144 = CARTESIAN_POINT('',(-2.99359289226,-6.,-326.9917250808));
#6145 = SURFACE_CURVE('',#6146,(#6150,#6157),.PCURVE_S1.);
#6146 = LINE('',#6147,#6148);
#6147 = CARTESIAN_POINT('',(2.99359289226,-6.,-326.9917250808));
#6148 = VECTOR('',#6149,1.);
#6149 = DIRECTION('',(-1.,0.,0.));
#6150 = PCURVE('',#2579,#6151);
#6151 = DEFINITIONAL_REPRESENTATION('',(#6152),#6156);
#6152 = LINE('',#6153,#6154);
#6153 = CARTESIAN_POINT('',(8.755006819565,-92.2736177359));
#6154 = VECTOR('',#6155,1.);
#6155 = DIRECTION('',(1.,0.));
#6156 = ( GEOMETRIC_REPRESENTATION_CONTEXT(2) 
PARAMETRIC_REPRESENTATION_CONTEXT() REPRESENTATION_CONTEXT('2D SPACE',''
  ) );
#6157 = PCURVE('',#4381,#6158);
#6158 = DEFINITIONAL_REPRESENTATION('',(#6159),#6163);
#6159 = LINE('',#6160,#6161);
#6160 = CARTESIAN_POINT('',(0.,-12.));
#6161 = VECTOR('',#6162,1.);
#6162 = DIRECTION('',(1.,0.));
#6163 = ( GEOMETRIC_REPRESENTATION_CONTEXT(2) 
PARAMETRIC_REPRESENTATION_CONTEXT() REPRESENTATION_CONTEXT('2D SPACE',''
  ) );
#6164 = ORIENTED_EDGE('',*,*,#6165,.T.);
#6165 = EDGE_CURVE('',#6143,#6166,#6168,.T.);
#6166 = VERTEX_POINT('',#6167);
#6167 = CARTESIAN_POINT('',(-16.19005119514,-6.,-275.9984687121));
#6168 = SURFACE_CURVE('',#6169,(#6173,#6180),.PCURVE_S1.);
#6169 = LINE('',#6170,#6171);
#6170 = CARTESIAN_POINT('',(-2.99359289226,-6.,-326.9917250808));
#6171 = VECTOR('',#6172,1.);
#6172 = DIRECTION('',(-0.250534914213,1.074815308604E-16,0.968107564664)
  );
#6173 = PCURVE('',#2579,#6174);
#6174 = DEFINITIONAL_REPRESENTATION('',(#6175),#6179);
#6175 = LINE('',#6176,#6177);
#6176 = CARTESIAN_POINT('',(14.742192604085,-92.2736177359));
#6177 = VECTOR('',#6178,1.);
#6178 = DIRECTION('',(0.250534914213,0.968107564664));
#6179 = ( GEOMETRIC_REPRESENTATION_CONTEXT(2) 
PARAMETRIC_REPRESENTATION_CONTEXT() REPRESENTATION_CONTEXT('2D SPACE',''
  ) );
#6180 = PCURVE('',#4409,#6181);
#6181 = DEFINITIONAL_REPRESENTATION('',(#6182),#6186);
#6182 = LINE('',#6183,#6184);
#6183 = CARTESIAN_POINT('',(-1.401038222418E-15,-12.));
#6184 = VECTOR('',#6185,1.);
#6185 = DIRECTION('',(1.,0.));
#6186 = ( GEOMETRIC_REPRESENTATION_CONTEXT(2) 
PARAMETRIC_REPRESENTATION_CONTEXT() REPRESENTATION_CONTEXT('2D SPACE',''
  ) );
#6187 = ORIENTED_EDGE('',*,*,#6188,.T.);
#6188 = EDGE_CURVE('',#6166,#6189,#6191,.T.);
#6189 = VERTEX_POINT('',#6190);
#6190 = CARTESIAN_POINT('',(-16.35521639273,-6.,-275.4983280032));
#6191 = SURFACE_CURVE('',#6192,(#6196,#6203),.PCURVE_S1.);
#6192 = LINE('',#6193,#6194);
#6193 = CARTESIAN_POINT('',(-16.19005119514,-6.,-275.9984687121));
#6194 = VECTOR('',#6195,1.);
#6195 = DIRECTION('',(-0.313580786704,1.054225068616E-16,0.949561525237)
  );
#6196 = PCURVE('',#2579,#6197);
#6197 = DEFINITIONAL_REPRESENTATION('',(#6198),#6202);
#6198 = LINE('',#6199,#6200);
#6199 = CARTESIAN_POINT('',(27.938650906965,-41.28036136721));
#6200 = VECTOR('',#6201,1.);
#6201 = DIRECTION('',(0.313580786704,0.949561525237));
#6202 = ( GEOMETRIC_REPRESENTATION_CONTEXT(2) 
PARAMETRIC_REPRESENTATION_CONTEXT() REPRESENTATION_CONTEXT('2D SPACE',''
  ) );
#6203 = PCURVE('',#4437,#6204);
#6204 = DEFINITIONAL_REPRESENTATION('',(#6205),#6209);
#6205 = LINE('',#6206,#6207);
#6206 = CARTESIAN_POINT('',(-1.265070082339E-15,-12.));
#6207 = VECTOR('',#6208,1.);
#6208 = DIRECTION('',(1.,0.));
#6209 = ( GEOMETRIC_REPRESENTATION_CONTEXT(2) 
PARAMETRIC_REPRESENTATION_CONTEXT() REPRESENTATION_CONTEXT('2D SPACE',''
  ) );
#6210 = ORIENTED_EDGE('',*,*,#6211,.T.);
#6211 = EDGE_CURVE('',#6189,#6212,#6214,.T.);
#6212 = VERTEX_POINT('',#6213);
#6213 = CARTESIAN_POINT('',(-16.58466372415,-6.,-275.0242244351));
#6214 = SURFACE_CURVE('',#6215,(#6219,#6226),.PCURVE_S1.);
#6215 = LINE('',#6216,#6217);
#6216 = CARTESIAN_POINT('',(-16.35521639273,-6.,-275.4983280032));
#6217 = VECTOR('',#6218,1.);
#6218 = DIRECTION('',(-0.435626123047,9.993425004872E-17,0.900127702562)
  );
#6219 = PCURVE('',#2579,#6220);
#6220 = DEFINITIONAL_REPRESENTATION('',(#6221),#6225);
#6221 = LINE('',#6222,#6223);
#6222 = CARTESIAN_POINT('',(28.103816104562,-40.78022065835));
#6223 = VECTOR('',#6224,1.);
#6224 = DIRECTION('',(0.435626123047,0.900127702562));
#6225 = ( GEOMETRIC_REPRESENTATION_CONTEXT(2) 
PARAMETRIC_REPRESENTATION_CONTEXT() REPRESENTATION_CONTEXT('2D SPACE',''
  ) );
#6226 = PCURVE('',#4465,#6227);
#6227 = DEFINITIONAL_REPRESENTATION('',(#6228),#6232);
#6228 = LINE('',#6229,#6230);
#6229 = CARTESIAN_POINT('',(-1.199211000585E-15,-12.));
#6230 = VECTOR('',#6231,1.);
#6231 = DIRECTION('',(1.,0.));
#6232 = ( GEOMETRIC_REPRESENTATION_CONTEXT(2) 
PARAMETRIC_REPRESENTATION_CONTEXT() REPRESENTATION_CONTEXT('2D SPACE',''
  ) );
#6233 = ORIENTED_EDGE('',*,*,#6234,.T.);
#6234 = EDGE_CURVE('',#6212,#6235,#6237,.T.);
#6235 = VERTEX_POINT('',#6236);
#6236 = CARTESIAN_POINT('',(-16.87441485557,-6.,-274.5843783791));
#6237 = SURFACE_CURVE('',#6238,(#6242,#6249),.PCURVE_S1.);
#6238 = LINE('',#6239,#6240);
#6239 = CARTESIAN_POINT('',(-16.58466372415,-6.,-275.0242244351));
#6240 = VECTOR('',#6241,1.);
#6241 = DIRECTION('',(-0.550118239565,9.27132565642E-17,0.83508677543));
#6242 = PCURVE('',#2579,#6243);
#6243 = DEFINITIONAL_REPRESENTATION('',(#6244),#6248);
#6244 = LINE('',#6245,#6246);
#6245 = CARTESIAN_POINT('',(28.333263435975,-40.30611709028));
#6246 = VECTOR('',#6247,1.);
#6247 = DIRECTION('',(0.550118239565,0.83508677543));
#6248 = ( GEOMETRIC_REPRESENTATION_CONTEXT(2) 
PARAMETRIC_REPRESENTATION_CONTEXT() REPRESENTATION_CONTEXT('2D SPACE',''
  ) );
#6249 = PCURVE('',#4493,#6250);
#6250 = DEFINITIONAL_REPRESENTATION('',(#6251),#6255);
#6251 = LINE('',#6252,#6253);
#6252 = CARTESIAN_POINT('',(-1.11255907877E-15,-12.));
#6253 = VECTOR('',#6254,1.);
#6254 = DIRECTION('',(1.,0.));
#6255 = ( GEOMETRIC_REPRESENTATION_CONTEXT(2) 
PARAMETRIC_REPRESENTATION_CONTEXT() REPRESENTATION_CONTEXT('2D SPACE',''
  ) );
#6256 = ORIENTED_EDGE('',*,*,#6257,.T.);
#6257 = EDGE_CURVE('',#6235,#6258,#6260,.T.);
#6258 = VERTEX_POINT('',#6259);
#6259 = CARTESIAN_POINT('',(-17.21944585966,-6.,-274.1864162234));
#6260 = SURFACE_CURVE('',#6261,(#6265,#6272),.PCURVE_S1.);
#6261 = LINE('',#6262,#6263);
#6262 = CARTESIAN_POINT('',(-16.87441485557,-6.,-274.5843783791));
#6263 = VECTOR('',#6264,1.);
#6264 = DIRECTION('',(-0.655071984135,8.388472953119E-17,0.755566473318)
  );
#6265 = PCURVE('',#2579,#6266);
#6266 = DEFINITIONAL_REPRESENTATION('',(#6267),#6271);
#6267 = LINE('',#6268,#6269);
#6268 = CARTESIAN_POINT('',(28.623014567397,-39.86627103426));
#6269 = VECTOR('',#6270,1.);
#6270 = DIRECTION('',(0.655071984135,0.755566473318));
#6271 = ( GEOMETRIC_REPRESENTATION_CONTEXT(2) 
PARAMETRIC_REPRESENTATION_CONTEXT() REPRESENTATION_CONTEXT('2D SPACE',''
  ) );
#6272 = PCURVE('',#4521,#6273);
#6273 = DEFINITIONAL_REPRESENTATION('',(#6274),#6278);
#6274 = LINE('',#6275,#6276);
#6275 = CARTESIAN_POINT('',(-1.006616754374E-15,-12.));
#6276 = VECTOR('',#6277,1.);
#6277 = DIRECTION('',(1.,0.));
#6278 = ( GEOMETRIC_REPRESENTATION_CONTEXT(2) 
PARAMETRIC_REPRESENTATION_CONTEXT() REPRESENTATION_CONTEXT('2D SPACE',''
  ) );
#6279 = ORIENTED_EDGE('',*,*,#6280,.T.);
#6280 = EDGE_CURVE('',#6258,#6281,#6283,.T.);
#6281 = VERTEX_POINT('',#6282);
#6282 = CARTESIAN_POINT('',(-17.61377432425,-6.,-273.8372381411));
#6283 = SURFACE_CURVE('',#6284,(#6288,#6295),.PCURVE_S1.);
#6284 = LINE('',#6285,#6286);
#6285 = CARTESIAN_POINT('',(-17.21944585966,-6.,-274.1864162234));
#6286 = VECTOR('',#6287,1.);
#6287 = DIRECTION('',(-0.748667588238,7.360174472242E-17,0.662945580211)
  );
#6288 = PCURVE('',#2579,#6289);
#6289 = DEFINITIONAL_REPRESENTATION('',(#6290),#6294);
#6290 = LINE('',#6291,#6292);
#6291 = CARTESIAN_POINT('',(28.968045571488,-39.46830887856));
#6292 = VECTOR('',#6293,1.);
#6293 = DIRECTION('',(0.748667588238,0.662945580211));
#6294 = ( GEOMETRIC_REPRESENTATION_CONTEXT(2) 
PARAMETRIC_REPRESENTATION_CONTEXT() REPRESENTATION_CONTEXT('2D SPACE',''
  ) );
#6295 = PCURVE('',#4549,#6296);
#6296 = DEFINITIONAL_REPRESENTATION('',(#6297),#6301);
#6297 = LINE('',#6298,#6299);
#6298 = CARTESIAN_POINT('',(-8.832209366691E-16,-12.));
#6299 = VECTOR('',#6300,1.);
#6300 = DIRECTION('',(1.,0.));
#6301 = ( GEOMETRIC_REPRESENTATION_CONTEXT(2) 
PARAMETRIC_REPRESENTATION_CONTEXT() REPRESENTATION_CONTEXT('2D SPACE',''
  ) );
#6302 = ORIENTED_EDGE('',*,*,#6303,.T.);
#6303 = EDGE_CURVE('',#6281,#6304,#6306,.T.);
#6304 = VERTEX_POINT('',#6305);
#6305 = CARTESIAN_POINT('',(-18.05056307999,-6.,-273.5428984496));
#6306 = SURFACE_CURVE('',#6307,(#6311,#6318),.PCURVE_S1.);
#6307 = LINE('',#6308,#6309);
#6308 = CARTESIAN_POINT('',(-17.61377432425,-6.,-273.8372381411));
#6309 = VECTOR('',#6310,1.);
#6310 = DIRECTION('',(-0.829282219508,6.2042596415E-17,0.558830028191));
#6311 = PCURVE('',#2579,#6312);
#6312 = DEFINITIONAL_REPRESENTATION('',(#6313),#6317);
#6313 = LINE('',#6314,#6315);
#6314 = CARTESIAN_POINT('',(29.362374036078,-39.11913079624));
#6315 = VECTOR('',#6316,1.);
#6316 = DIRECTION('',(0.829282219508,0.558830028191));
#6317 = ( GEOMETRIC_REPRESENTATION_CONTEXT(2) 
PARAMETRIC_REPRESENTATION_CONTEXT() REPRESENTATION_CONTEXT('2D SPACE',''
  ) );
#6318 = PCURVE('',#4577,#6319);
#6319 = DEFINITIONAL_REPRESENTATION('',(#6320),#6324);
#6320 = LINE('',#6321,#6322);
#6321 = CARTESIAN_POINT('',(-7.445111569801E-16,-12.));
#6322 = VECTOR('',#6323,1.);
#6323 = DIRECTION('',(1.,0.));
#6324 = ( GEOMETRIC_REPRESENTATION_CONTEXT(2) 
PARAMETRIC_REPRESENTATION_CONTEXT() REPRESENTATION_CONTEXT('2D SPACE',''
  ) );
#6325 = ORIENTED_EDGE('',*,*,#6326,.T.);
#6326 = EDGE_CURVE('',#6304,#6327,#6329,.T.);
#6327 = VERTEX_POINT('',#6328);
#6328 = CARTESIAN_POINT('',(-18.52223874844,-6.,-273.3085006361));
#6329 = SURFACE_CURVE('',#6330,(#6334,#6341),.PCURVE_S1.);
#6330 = LINE('',#6331,#6332);
#6331 = CARTESIAN_POINT('',(-18.05056307999,-6.,-273.5428984496));
#6332 = VECTOR('',#6333,1.);
#6333 = DIRECTION('',(-0.89551811964,4.940770598755E-17,0.44502505255));
#6334 = PCURVE('',#2579,#6335);
#6335 = DEFINITIONAL_REPRESENTATION('',(#6336),#6340);
#6336 = LINE('',#6337,#6338);
#6337 = CARTESIAN_POINT('',(29.79916279182,-38.82479110471));
#6338 = VECTOR('',#6339,1.);
#6339 = DIRECTION('',(0.89551811964,0.44502505255));
#6340 = ( GEOMETRIC_REPRESENTATION_CONTEXT(2) 
PARAMETRIC_REPRESENTATION_CONTEXT() REPRESENTATION_CONTEXT('2D SPACE',''
  ) );
#6341 = PCURVE('',#4605,#6342);
#6342 = DEFINITIONAL_REPRESENTATION('',(#6343),#6347);
#6343 = LINE('',#6344,#6345);
#6344 = CARTESIAN_POINT('',(-5.928924718506E-16,-12.));
#6345 = VECTOR('',#6346,1.);
#6346 = DIRECTION('',(1.,0.));
#6347 = ( GEOMETRIC_REPRESENTATION_CONTEXT(2) 
PARAMETRIC_REPRESENTATION_CONTEXT() REPRESENTATION_CONTEXT('2D SPACE',''
  ) );
#6348 = ORIENTED_EDGE('',*,*,#6349,.T.);
#6349 = EDGE_CURVE('',#6327,#6350,#6352,.T.);
#6350 = VERTEX_POINT('',#6351);
#6351 = CARTESIAN_POINT('',(-19.02062305511,-6.,-273.1381088698));
#6352 = SURFACE_CURVE('',#6353,(#6357,#6364),.PCURVE_S1.);
#6353 = LINE('',#6354,#6355);
#6354 = CARTESIAN_POINT('',(-18.52223874844,-6.,-273.3085006361));
#6355 = VECTOR('',#6356,1.);
#6356 = DIRECTION('',(-0.946226839799,3.591614686058E-17,0.323503891236)
  );
#6357 = PCURVE('',#2579,#6358);
#6358 = DEFINITIONAL_REPRESENTATION('',(#6359),#6363);
#6359 = LINE('',#6360,#6361);
#6360 = CARTESIAN_POINT('',(30.270838460272,-38.59039329127));
#6361 = VECTOR('',#6362,1.);
#6362 = DIRECTION('',(0.946226839799,0.323503891236));
#6363 = ( GEOMETRIC_REPRESENTATION_CONTEXT(2) 
PARAMETRIC_REPRESENTATION_CONTEXT() REPRESENTATION_CONTEXT('2D SPACE',''
  ) );
#6364 = PCURVE('',#4633,#6365);
#6365 = DEFINITIONAL_REPRESENTATION('',(#6366),#6370);
#6366 = LINE('',#6367,#6368);
#6367 = CARTESIAN_POINT('',(-4.30993762327E-16,-12.));
#6368 = VECTOR('',#6369,1.);
#6369 = DIRECTION('',(1.,0.));
#6370 = ( GEOMETRIC_REPRESENTATION_CONTEXT(2) 
PARAMETRIC_REPRESENTATION_CONTEXT() REPRESENTATION_CONTEXT('2D SPACE',''
  ) );
#6371 = ORIENTED_EDGE('',*,*,#6372,.T.);
#6372 = EDGE_CURVE('',#6350,#6373,#6375,.T.);
#6373 = VERTEX_POINT('',#6374);
#6374 = CARTESIAN_POINT('',(-19.53707463066,-6.,-273.0346775338));
#6375 = SURFACE_CURVE('',#6376,(#6380,#6387),.PCURVE_S1.);
#6376 = LINE('',#6377,#6378);
#6377 = CARTESIAN_POINT('',(-19.02062305511,-6.,-273.1381088698));
#6378 = VECTOR('',#6379,1.);
#6379 = DIRECTION('',(-0.980529153303,2.180184603356E-17,0.196373571345)
  );
#6380 = PCURVE('',#2579,#6381);
#6381 = DEFINITIONAL_REPRESENTATION('',(#6382),#6386);
#6382 = LINE('',#6383,#6384);
#6383 = CARTESIAN_POINT('',(30.769222766944,-38.42000152498));
#6384 = VECTOR('',#6385,1.);
#6385 = DIRECTION('',(0.980529153303,0.196373571345));
#6386 = ( GEOMETRIC_REPRESENTATION_CONTEXT(2) 
PARAMETRIC_REPRESENTATION_CONTEXT() REPRESENTATION_CONTEXT('2D SPACE',''
  ) );
#6387 = PCURVE('',#4661,#6388);
#6388 = DEFINITIONAL_REPRESENTATION('',(#6389),#6393);
#6389 = LINE('',#6390,#6391);
#6390 = CARTESIAN_POINT('',(-2.616221524027E-16,-12.));
#6391 = VECTOR('',#6392,1.);
#6392 = DIRECTION('',(1.,0.));
#6393 = ( GEOMETRIC_REPRESENTATION_CONTEXT(2) 
PARAMETRIC_REPRESENTATION_CONTEXT() REPRESENTATION_CONTEXT('2D SPACE',''
  ) );
#6394 = ORIENTED_EDGE('',*,*,#6395,.T.);
#6395 = EDGE_CURVE('',#6373,#6396,#6398,.T.);
#6396 = VERTEX_POINT('',#6397);
#6397 = CARTESIAN_POINT('',(-20.06263884158,-6.,-273.));
#6398 = SURFACE_CURVE('',#6399,(#6403,#6410),.PCURVE_S1.);
#6399 = LINE('',#6400,#6401);
#6400 = CARTESIAN_POINT('',(-19.53707463066,-6.,-273.0346775338));
#6401 = VECTOR('',#6402,1.);
#6402 = DIRECTION('',(-0.997830300333,7.309528079138E-18,
    6.583837586692E-02));
#6403 = PCURVE('',#2579,#6404);
#6404 = DEFINITIONAL_REPRESENTATION('',(#6405),#6409);
#6405 = LINE('',#6406,#6407);
#6406 = CARTESIAN_POINT('',(31.285674342493,-38.31657018898));
#6407 = VECTOR('',#6408,1.);
#6408 = DIRECTION('',(0.997830300333,6.583837586692E-02));
#6409 = ( GEOMETRIC_REPRESENTATION_CONTEXT(2) 
PARAMETRIC_REPRESENTATION_CONTEXT() REPRESENTATION_CONTEXT('2D SPACE',''
  ) );
#6410 = PCURVE('',#4689,#6411);
#6411 = DEFINITIONAL_REPRESENTATION('',(#6412),#6416);
#6412 = LINE('',#6413,#6414);
#6413 = CARTESIAN_POINT('',(-8.771433694966E-17,-12.));
#6414 = VECTOR('',#6415,1.);
#6415 = DIRECTION('',(1.,0.));
#6416 = ( GEOMETRIC_REPRESENTATION_CONTEXT(2) 
PARAMETRIC_REPRESENTATION_CONTEXT() REPRESENTATION_CONTEXT('2D SPACE',''
  ) );
#6417 = ORIENTED_EDGE('',*,*,#6418,.T.);
#6418 = EDGE_CURVE('',#6396,#6419,#6421,.T.);
#6419 = VERTEX_POINT('',#6420);
#6420 = CARTESIAN_POINT('',(-23.88405564221,-6.,-273.));
#6421 = SURFACE_CURVE('',#6422,(#6426,#6433),.PCURVE_S1.);
#6422 = LINE('',#6423,#6424);
#6423 = CARTESIAN_POINT('',(-20.06263884158,-6.,-273.));
#6424 = VECTOR('',#6425,1.);
#6425 = DIRECTION('',(-1.,0.,0.));
#6426 = PCURVE('',#2579,#6427);
#6427 = DEFINITIONAL_REPRESENTATION('',(#6428),#6432);
#6428 = LINE('',#6429,#6430);
#6429 = CARTESIAN_POINT('',(31.811238553411,-38.28189265508));
#6430 = VECTOR('',#6431,1.);
#6431 = DIRECTION('',(1.,0.));
#6432 = ( GEOMETRIC_REPRESENTATION_CONTEXT(2) 
PARAMETRIC_REPRESENTATION_CONTEXT() REPRESENTATION_CONTEXT('2D SPACE',''
  ) );
#6433 = PCURVE('',#4717,#6434);
#6434 = DEFINITIONAL_REPRESENTATION('',(#6435),#6439);
#6435 = LINE('',#6436,#6437);
#6436 = CARTESIAN_POINT('',(0.,-12.));
#6437 = VECTOR('',#6438,1.);
#6438 = DIRECTION('',(1.,0.));
#6439 = ( GEOMETRIC_REPRESENTATION_CONTEXT(2) 
PARAMETRIC_REPRESENTATION_CONTEXT() REPRESENTATION_CONTEXT('2D SPACE',''
  ) );
#6440 = ORIENTED_EDGE('',*,*,#6441,.T.);
#6441 = EDGE_CURVE('',#6419,#6442,#6444,.T.);
#6442 = VERTEX_POINT('',#6443);
#6443 = CARTESIAN_POINT('',(-24.10370378624,-6.,-272.9481481068));
#6444 = SURFACE_CURVE('',#6445,(#6449,#6456),.PCURVE_S1.);
#6445 = LINE('',#6446,#6447);
#6446 = CARTESIAN_POINT('',(-23.88405564221,-6.,-273.));
#6447 = VECTOR('',#6448,1.);
#6448 = DIRECTION('',(-0.973248989468,2.550769823665E-17,0.229752920547)
  );
#6449 = PCURVE('',#2579,#6450);
#6450 = DEFINITIONAL_REPRESENTATION('',(#6451),#6455);
#6451 = LINE('',#6452,#6453);
#6452 = CARTESIAN_POINT('',(35.632655354041,-38.28189265508));
#6453 = VECTOR('',#6454,1.);
#6454 = DIRECTION('',(0.973248989468,0.229752920547));
#6455 = ( GEOMETRIC_REPRESENTATION_CONTEXT(2) 
PARAMETRIC_REPRESENTATION_CONTEXT() REPRESENTATION_CONTEXT('2D SPACE',''
  ) );
#6456 = PCURVE('',#4745,#6457);
#6457 = DEFINITIONAL_REPRESENTATION('',(#6458),#6462);
#6458 = LINE('',#6459,#6460);
#6459 = CARTESIAN_POINT('',(-3.060923788398E-16,-12.));
#6460 = VECTOR('',#6461,1.);
#6461 = DIRECTION('',(1.,0.));
#6462 = ( GEOMETRIC_REPRESENTATION_CONTEXT(2) 
PARAMETRIC_REPRESENTATION_CONTEXT() REPRESENTATION_CONTEXT('2D SPACE',''
  ) );
#6463 = ORIENTED_EDGE('',*,*,#6464,.T.);
#6464 = EDGE_CURVE('',#6442,#2651,#6465,.T.);
#6465 = SURFACE_CURVE('',#6466,(#6470,#6477),.PCURVE_S1.);
#6466 = LINE('',#6467,#6468);
#6467 = CARTESIAN_POINT('',(-24.10370378624,-6.,-272.9481481068));
#6468 = VECTOR('',#6469,1.);
#6469 = DIRECTION('',(-0.894326933732,4.967293841488E-17,0.447414053871)
  );
#6470 = PCURVE('',#2579,#6471);
#6471 = DEFINITIONAL_REPRESENTATION('',(#6472),#6476);
#6472 = LINE('',#6473,#6474);
#6473 = CARTESIAN_POINT('',(35.85230349807,-38.23004076196));
#6474 = VECTOR('',#6475,1.);
#6475 = DIRECTION('',(0.894326933732,0.447414053871));
#6476 = ( GEOMETRIC_REPRESENTATION_CONTEXT(2) 
PARAMETRIC_REPRESENTATION_CONTEXT() REPRESENTATION_CONTEXT('2D SPACE',''
  ) );
#6477 = PCURVE('',#2666,#6478);
#6478 = DEFINITIONAL_REPRESENTATION('',(#6479),#6483);
#6479 = LINE('',#6480,#6481);
#6480 = CARTESIAN_POINT('',(-5.960752609786E-16,-12.));
#6481 = VECTOR('',#6482,1.);
#6482 = DIRECTION('',(1.,0.));
#6483 = ( GEOMETRIC_REPRESENTATION_CONTEXT(2) 
PARAMETRIC_REPRESENTATION_CONTEXT() REPRESENTATION_CONTEXT('2D SPACE',''
  ) );
#6484 = ORIENTED_EDGE('',*,*,#2678,.T.);
#6485 = FACE_BOUND('',#6486,.F.);
#6486 = EDGE_LOOP('',(#6487));
#6487 = ORIENTED_EDGE('',*,*,#6488,.T.);
#6488 = EDGE_CURVE('',#6489,#6489,#6491,.T.);
#6489 = VERTEX_POINT('',#6490);
#6490 = CARTESIAN_POINT('',(48.5,-6.,-239.));
#6491 = SURFACE_CURVE('',#6492,(#6497,#6508),.PCURVE_S1.);
#6492 = CIRCLE('',#6493,12.5);
#6493 = AXIS2_PLACEMENT_3D('',#6494,#6495,#6496);
#6494 = CARTESIAN_POINT('',(36.,-6.,-239.));
#6495 = DIRECTION('',(0.,-1.,1.110223024625E-16));
#6496 = DIRECTION('',(1.,0.,0.));
#6497 = PCURVE('',#2579,#6498);
#6498 = DEFINITIONAL_REPRESENTATION('',(#6499),#6507);
#6499 = ( BOUNDED_CURVE() B_SPLINE_CURVE(2,(#6500,#6501,#6502,#6503,
#6504,#6505,#6506),.UNSPECIFIED.,.T.,.F.) B_SPLINE_CURVE_WITH_KNOTS((1,2
    ,2,2,2,1),(-2.094395102393,0.,2.094395102393,4.188790204786,
6.28318530718,8.377580409573),.UNSPECIFIED.) CURVE() 
GEOMETRIC_REPRESENTATION_ITEM() RATIONAL_B_SPLINE_CURVE((1.,0.5,1.,0.5,
1.,0.5,1.)) REPRESENTATION_ITEM('') );
#6500 = CARTESIAN_POINT('',(-36.75140028817,-4.281892655089));
#6501 = CARTESIAN_POINT('',(-36.75140028817,17.368742439522));
#6502 = CARTESIAN_POINT('',(-18.00140028817,6.543424892216));
#6503 = CARTESIAN_POINT('',(0.748599711825,-4.281892655089));
#6504 = CARTESIAN_POINT('',(-18.00140028817,-15.10721020239));
#6505 = CARTESIAN_POINT('',(-36.75140028817,-25.9325277497));
#6506 = CARTESIAN_POINT('',(-36.75140028817,-4.281892655089));
#6507 = ( GEOMETRIC_REPRESENTATION_CONTEXT(2) 
PARAMETRIC_REPRESENTATION_CONTEXT() REPRESENTATION_CONTEXT('2D SPACE',''
  ) );
#6508 = PCURVE('',#4802,#6509);
#6509 = DEFINITIONAL_REPRESENTATION('',(#6510),#6514);
#6510 = LINE('',#6511,#6512);
#6511 = CARTESIAN_POINT('',(-0.,-12.));
#6512 = VECTOR('',#6513,1.);
#6513 = DIRECTION('',(-1.,0.));
#6514 = ( GEOMETRIC_REPRESENTATION_CONTEXT(2) 
PARAMETRIC_REPRESENTATION_CONTEXT() REPRESENTATION_CONTEXT('2D SPACE',''
  ) );
#6515 = FACE_BOUND('',#6516,.F.);
#6516 = EDGE_LOOP('',(#6517));
#6517 = ORIENTED_EDGE('',*,*,#6518,.T.);
#6518 = EDGE_CURVE('',#6519,#6519,#6521,.T.);
#6519 = VERTEX_POINT('',#6520);
#6520 = CARTESIAN_POINT('',(-25.5,-6.,-239.));
#6521 = SURFACE_CURVE('',#6522,(#6527,#6538),.PCURVE_S1.);
#6522 = CIRCLE('',#6523,12.5);
#6523 = AXIS2_PLACEMENT_3D('',#6524,#6525,#6526);
#6524 = CARTESIAN_POINT('',(-38.,-6.,-239.));
#6525 = DIRECTION('',(0.,-1.,1.110223024625E-16));
#6526 = DIRECTION('',(1.,0.,0.));
#6527 = PCURVE('',#2579,#6528);
#6528 = DEFINITIONAL_REPRESENTATION('',(#6529),#6537);
#6529 = ( BOUNDED_CURVE() B_SPLINE_CURVE(2,(#6530,#6531,#6532,#6533,
#6534,#6535,#6536),.UNSPECIFIED.,.T.,.F.) B_SPLINE_CURVE_WITH_KNOTS((1,2
    ,2,2,2,1),(-2.094395102393,0.,2.094395102393,4.188790204786,
6.28318530718,8.377580409573),.UNSPECIFIED.) CURVE() 
GEOMETRIC_REPRESENTATION_ITEM() RATIONAL_B_SPLINE_CURVE((1.,0.5,1.,0.5,
1.,0.5,1.)) REPRESENTATION_ITEM('') );
#6530 = CARTESIAN_POINT('',(37.248599711825,-4.281892655089));
#6531 = CARTESIAN_POINT('',(37.248599711825,17.368742439522));
#6532 = CARTESIAN_POINT('',(55.998599711825,6.543424892216));
#6533 = CARTESIAN_POINT('',(74.748599711825,-4.281892655089));
#6534 = CARTESIAN_POINT('',(55.998599711825,-15.10721020239));
#6535 = CARTESIAN_POINT('',(37.248599711825,-25.9325277497));
#6536 = CARTESIAN_POINT('',(37.248599711825,-4.281892655089));
#6537 = ( GEOMETRIC_REPRESENTATION_CONTEXT(2) 
PARAMETRIC_REPRESENTATION_CONTEXT() REPRESENTATION_CONTEXT('2D SPACE',''
  ) );
#6538 = PCURVE('',#4837,#6539);
#6539 = DEFINITIONAL_REPRESENTATION('',(#6540),#6544);
#6540 = LINE('',#6541,#6542);
#6541 = CARTESIAN_POINT('',(-0.,-12.));
#6542 = VECTOR('',#6543,1.);
#6543 = DIRECTION('',(-1.,0.));
#6544 = ( GEOMETRIC_REPRESENTATION_CONTEXT(2) 
PARAMETRIC_REPRESENTATION_CONTEXT() REPRESENTATION_CONTEXT('2D SPACE',''
  ) );
#6545 = ADVANCED_FACE('',(#6546),#2666,.T.);
#6546 = FACE_BOUND('',#6547,.T.);
#6547 = EDGE_LOOP('',(#6548,#6569,#6570,#6571));
#6548 = ORIENTED_EDGE('',*,*,#6549,.T.);
#6549 = EDGE_CURVE('',#4730,#6442,#6550,.T.);
#6550 = SURFACE_CURVE('',#6551,(#6555,#6562),.PCURVE_S1.);
#6551 = LINE('',#6552,#6553);
#6552 = CARTESIAN_POINT('',(-24.10370378624,6.,-272.9481481068));
#6553 = VECTOR('',#6554,1.);
#6554 = DIRECTION('',(0.,-1.,1.110223024625E-16));
#6555 = PCURVE('',#2666,#6556);
#6556 = DEFINITIONAL_REPRESENTATION('',(#6557),#6561);
#6557 = LINE('',#6558,#6559);
#6558 = CARTESIAN_POINT('',(0.,0.));
#6559 = VECTOR('',#6560,1.);
#6560 = DIRECTION('',(0.,-1.));
#6561 = ( GEOMETRIC_REPRESENTATION_CONTEXT(2) 
PARAMETRIC_REPRESENTATION_CONTEXT() REPRESENTATION_CONTEXT('2D SPACE',''
  ) );
#6562 = PCURVE('',#4745,#6563);
#6563 = DEFINITIONAL_REPRESENTATION('',(#6564),#6568);
#6564 = LINE('',#6565,#6566);
#6565 = CARTESIAN_POINT('',(0.225685458096,-5.756716561524E-18));
#6566 = VECTOR('',#6567,1.);
#6567 = DIRECTION('',(0.,-1.));
#6568 = ( GEOMETRIC_REPRESENTATION_CONTEXT(2) 
PARAMETRIC_REPRESENTATION_CONTEXT() REPRESENTATION_CONTEXT('2D SPACE',''
  ) );
#6569 = ORIENTED_EDGE('',*,*,#6464,.T.);
#6570 = ORIENTED_EDGE('',*,*,#2648,.F.);
#6571 = ORIENTED_EDGE('',*,*,#4757,.F.);
#6572 = ADVANCED_FACE('',(#6573),#2764,.T.);
#6573 = FACE_BOUND('',#6574,.T.);
#6574 = EDGE_LOOP('',(#6575,#6576,#6577,#6598));
#6575 = ORIENTED_EDGE('',*,*,#2748,.T.);
#6576 = ORIENTED_EDGE('',*,*,#4854,.T.);
#6577 = ORIENTED_EDGE('',*,*,#6578,.F.);
#6578 = EDGE_CURVE('',#2803,#4855,#6579,.T.);
#6579 = SURFACE_CURVE('',#6580,(#6584,#6591),.PCURVE_S1.);
#6580 = LINE('',#6581,#6582);
#6581 = CARTESIAN_POINT('',(-40.96472381959,6.,-214.8637033051));
#6582 = VECTOR('',#6583,1.);
#6583 = DIRECTION('',(0.,-1.,1.110223024625E-16));
#6584 = PCURVE('',#2764,#6585);
#6585 = DEFINITIONAL_REPRESENTATION('',(#6586),#6590);
#6586 = LINE('',#6587,#6588);
#6587 = CARTESIAN_POINT('',(0.523225033841,-1.133272812692E-17));
#6588 = VECTOR('',#6589,1.);
#6589 = DIRECTION('',(0.,-1.));
#6590 = ( GEOMETRIC_REPRESENTATION_CONTEXT(2) 
PARAMETRIC_REPRESENTATION_CONTEXT() REPRESENTATION_CONTEXT('2D SPACE',''
  ) );
#6591 = PCURVE('',#2841,#6592);
#6592 = DEFINITIONAL_REPRESENTATION('',(#6593),#6597);
#6593 = LINE('',#6594,#6595);
#6594 = CARTESIAN_POINT('',(0.,0.));
#6595 = VECTOR('',#6596,1.);
#6596 = DIRECTION('',(0.,-1.));
#6597 = ( GEOMETRIC_REPRESENTATION_CONTEXT(2) 
PARAMETRIC_REPRESENTATION_CONTEXT() REPRESENTATION_CONTEXT('2D SPACE',''
  ) );
#6598 = ORIENTED_EDGE('',*,*,#2802,.F.);
#6599 = ADVANCED_FACE('',(#6600),#4745,.T.);
#6600 = FACE_BOUND('',#6601,.T.);
#6601 = EDGE_LOOP('',(#6602,#6623,#6624,#6625));
#6602 = ORIENTED_EDGE('',*,*,#6603,.T.);
#6603 = EDGE_CURVE('',#4702,#6419,#6604,.T.);
#6604 = SURFACE_CURVE('',#6605,(#6609,#6616),.PCURVE_S1.);
#6605 = LINE('',#6606,#6607);
#6606 = CARTESIAN_POINT('',(-23.88405564221,6.,-273.));
#6607 = VECTOR('',#6608,1.);
#6608 = DIRECTION('',(0.,-1.,1.110223024625E-16));
#6609 = PCURVE('',#4745,#6610);
#6610 = DEFINITIONAL_REPRESENTATION('',(#6611),#6615);
#6611 = LINE('',#6612,#6613);
#6612 = CARTESIAN_POINT('',(0.,0.));
#6613 = VECTOR('',#6614,1.);
#6614 = DIRECTION('',(0.,-1.));
#6615 = ( GEOMETRIC_REPRESENTATION_CONTEXT(2) 
PARAMETRIC_REPRESENTATION_CONTEXT() REPRESENTATION_CONTEXT('2D SPACE',''
  ) );
#6616 = PCURVE('',#4717,#6617);
#6617 = DEFINITIONAL_REPRESENTATION('',(#6618),#6622);
#6618 = LINE('',#6619,#6620);
#6619 = CARTESIAN_POINT('',(3.821416800629,0.));
#6620 = VECTOR('',#6621,1.);
#6621 = DIRECTION('',(0.,-1.));
#6622 = ( GEOMETRIC_REPRESENTATION_CONTEXT(2) 
PARAMETRIC_REPRESENTATION_CONTEXT() REPRESENTATION_CONTEXT('2D SPACE',''
  ) );
#6623 = ORIENTED_EDGE('',*,*,#6441,.T.);
#6624 = ORIENTED_EDGE('',*,*,#6549,.F.);
#6625 = ORIENTED_EDGE('',*,*,#4729,.F.);
#6626 = ADVANCED_FACE('',(#6627),#2841,.T.);
#6627 = FACE_BOUND('',#6628,.T.);
#6628 = EDGE_LOOP('',(#6629,#6630,#6631,#6652));
#6629 = ORIENTED_EDGE('',*,*,#6578,.T.);
#6630 = ORIENTED_EDGE('',*,*,#4877,.T.);
#6631 = ORIENTED_EDGE('',*,*,#6632,.F.);
#6632 = EDGE_CURVE('',#2826,#4878,#6633,.T.);
#6633 = SURFACE_CURVE('',#6634,(#6638,#6645),.PCURVE_S1.);
#6634 = LINE('',#6635,#6636);
#6635 = CARTESIAN_POINT('',(-40.46926627054,6.,-214.69551813));
#6636 = VECTOR('',#6637,1.);
#6637 = DIRECTION('',(0.,-1.,1.110223024625E-16));
#6638 = PCURVE('',#2841,#6639);
#6639 = DEFINITIONAL_REPRESENTATION('',(#6640),#6644);
#6640 = LINE('',#6641,#6642);
#6641 = CARTESIAN_POINT('',(0.523225033841,-1.86723053809E-17));
#6642 = VECTOR('',#6643,1.);
#6643 = DIRECTION('',(0.,-1.));
#6644 = ( GEOMETRIC_REPRESENTATION_CONTEXT(2) 
PARAMETRIC_REPRESENTATION_CONTEXT() REPRESENTATION_CONTEXT('2D SPACE',''
  ) );
#6645 = PCURVE('',#2869,#6646);
#6646 = DEFINITIONAL_REPRESENTATION('',(#6647),#6651);
#6647 = LINE('',#6648,#6649);
#6648 = CARTESIAN_POINT('',(0.,0.));
#6649 = VECTOR('',#6650,1.);
#6650 = DIRECTION('',(0.,-1.));
#6651 = ( GEOMETRIC_REPRESENTATION_CONTEXT(2) 
PARAMETRIC_REPRESENTATION_CONTEXT() REPRESENTATION_CONTEXT('2D SPACE',''
  ) );
#6652 = ORIENTED_EDGE('',*,*,#2825,.F.);
#6653 = ADVANCED_FACE('',(#6654),#4717,.T.);
#6654 = FACE_BOUND('',#6655,.T.);
#6655 = EDGE_LOOP('',(#6656,#6677,#6678,#6679));
#6656 = ORIENTED_EDGE('',*,*,#6657,.T.);
#6657 = EDGE_CURVE('',#4674,#6396,#6658,.T.);
#6658 = SURFACE_CURVE('',#6659,(#6663,#6670),.PCURVE_S1.);
#6659 = LINE('',#6660,#6661);
#6660 = CARTESIAN_POINT('',(-20.06263884158,6.,-273.));
#6661 = VECTOR('',#6662,1.);
#6662 = DIRECTION('',(0.,-1.,1.110223024625E-16));
#6663 = PCURVE('',#4717,#6664);
#6664 = DEFINITIONAL_REPRESENTATION('',(#6665),#6669);
#6665 = LINE('',#6666,#6667);
#6666 = CARTESIAN_POINT('',(0.,0.));
#6667 = VECTOR('',#6668,1.);
#6668 = DIRECTION('',(0.,-1.));
#6669 = ( GEOMETRIC_REPRESENTATION_CONTEXT(2) 
PARAMETRIC_REPRESENTATION_CONTEXT() REPRESENTATION_CONTEXT('2D SPACE',''
  ) );
#6670 = PCURVE('',#4689,#6671);
#6671 = DEFINITIONAL_REPRESENTATION('',(#6672),#6676);
#6672 = LINE('',#6673,#6674);
#6673 = CARTESIAN_POINT('',(0.526707006935,-3.849979656673E-18));
#6674 = VECTOR('',#6675,1.);
#6675 = DIRECTION('',(0.,-1.));
#6676 = ( GEOMETRIC_REPRESENTATION_CONTEXT(2) 
PARAMETRIC_REPRESENTATION_CONTEXT() REPRESENTATION_CONTEXT('2D SPACE',''
  ) );
#6677 = ORIENTED_EDGE('',*,*,#6418,.T.);
#6678 = ORIENTED_EDGE('',*,*,#6603,.F.);
#6679 = ORIENTED_EDGE('',*,*,#4701,.F.);
#6680 = ADVANCED_FACE('',(#6681),#2869,.T.);
#6681 = FACE_BOUND('',#6682,.T.);
#6682 = EDGE_LOOP('',(#6683,#6684,#6685,#6706));
#6683 = ORIENTED_EDGE('',*,*,#6632,.T.);
#6684 = ORIENTED_EDGE('',*,*,#4900,.T.);
#6685 = ORIENTED_EDGE('',*,*,#6686,.F.);
#6686 = EDGE_CURVE('',#2854,#4901,#6687,.T.);
#6687 = SURFACE_CURVE('',#6688,(#6692,#6699),.PCURVE_S1.);
#6688 = LINE('',#6689,#6690);
#6689 = CARTESIAN_POINT('',(-40.,6.,-214.4641016151));
#6690 = VECTOR('',#6691,1.);
#6691 = DIRECTION('',(0.,-1.,1.110223024625E-16));
#6692 = PCURVE('',#2869,#6693);
#6693 = DEFINITIONAL_REPRESENTATION('',(#6694),#6698);
#6694 = LINE('',#6695,#6696);
#6695 = CARTESIAN_POINT('',(0.523225033841,-2.569239431287E-17));
#6696 = VECTOR('',#6697,1.);
#6697 = DIRECTION('',(0.,-1.));
#6698 = ( GEOMETRIC_REPRESENTATION_CONTEXT(2) 
PARAMETRIC_REPRESENTATION_CONTEXT() REPRESENTATION_CONTEXT('2D SPACE',''
  ) );
#6699 = PCURVE('',#2897,#6700);
#6700 = DEFINITIONAL_REPRESENTATION('',(#6701),#6705);
#6701 = LINE('',#6702,#6703);
#6702 = CARTESIAN_POINT('',(0.,0.));
#6703 = VECTOR('',#6704,1.);
#6704 = DIRECTION('',(0.,-1.));
#6705 = ( GEOMETRIC_REPRESENTATION_CONTEXT(2) 
PARAMETRIC_REPRESENTATION_CONTEXT() REPRESENTATION_CONTEXT('2D SPACE',''
  ) );
#6706 = ORIENTED_EDGE('',*,*,#2853,.F.);
#6707 = ADVANCED_FACE('',(#6708),#4689,.T.);
#6708 = FACE_BOUND('',#6709,.T.);
#6709 = EDGE_LOOP('',(#6710,#6731,#6732,#6733));
#6710 = ORIENTED_EDGE('',*,*,#6711,.T.);
#6711 = EDGE_CURVE('',#4646,#6373,#6712,.T.);
#6712 = SURFACE_CURVE('',#6713,(#6717,#6724),.PCURVE_S1.);
#6713 = LINE('',#6714,#6715);
#6714 = CARTESIAN_POINT('',(-19.53707463066,6.,-273.0346775338));
#6715 = VECTOR('',#6716,1.);
#6716 = DIRECTION('',(0.,-1.,1.110223024625E-16));
#6717 = PCURVE('',#4689,#6718);
#6718 = DEFINITIONAL_REPRESENTATION('',(#6719),#6723);
#6719 = LINE('',#6720,#6721);
#6720 = CARTESIAN_POINT('',(0.,0.));
#6721 = VECTOR('',#6722,1.);
#6722 = DIRECTION('',(0.,-1.));
#6723 = ( GEOMETRIC_REPRESENTATION_CONTEXT(2) 
PARAMETRIC_REPRESENTATION_CONTEXT() REPRESENTATION_CONTEXT('2D SPACE',''
  ) );
#6724 = PCURVE('',#4661,#6725);
#6725 = DEFINITIONAL_REPRESENTATION('',(#6726),#6730);
#6726 = LINE('',#6727,#6728);
#6727 = CARTESIAN_POINT('',(0.526707006935,-1.148318507E-17));
#6728 = VECTOR('',#6729,1.);
#6729 = DIRECTION('',(0.,-1.));
#6730 = ( GEOMETRIC_REPRESENTATION_CONTEXT(2) 
PARAMETRIC_REPRESENTATION_CONTEXT() REPRESENTATION_CONTEXT('2D SPACE',''
  ) );
#6731 = ORIENTED_EDGE('',*,*,#6395,.T.);
#6732 = ORIENTED_EDGE('',*,*,#6657,.F.);
#6733 = ORIENTED_EDGE('',*,*,#4673,.F.);
#6734 = ADVANCED_FACE('',(#6735),#2897,.T.);
#6735 = FACE_BOUND('',#6736,.T.);
#6736 = EDGE_LOOP('',(#6737,#6738,#6739,#6760));
#6737 = ORIENTED_EDGE('',*,*,#6686,.T.);
#6738 = ORIENTED_EDGE('',*,*,#4923,.T.);
#6739 = ORIENTED_EDGE('',*,*,#6740,.F.);
#6740 = EDGE_CURVE('',#2882,#4924,#6741,.T.);
#6741 = SURFACE_CURVE('',#6742,(#6746,#6753),.PCURVE_S1.);
#6742 = LINE('',#6743,#6744);
#6743 = CARTESIAN_POINT('',(-39.56495428396,6.,-214.1734133611));
#6744 = VECTOR('',#6745,1.);
#6745 = DIRECTION('',(0.,-1.,1.110223024625E-16));
#6746 = PCURVE('',#2897,#6747);
#6747 = DEFINITIONAL_REPRESENTATION('',(#6748),#6752);
#6748 = LINE('',#6749,#6750);
#6749 = CARTESIAN_POINT('',(0.523225033841,-3.227287925487E-17));
#6750 = VECTOR('',#6751,1.);
#6751 = DIRECTION('',(0.,-1.));
#6752 = ( GEOMETRIC_REPRESENTATION_CONTEXT(2) 
PARAMETRIC_REPRESENTATION_CONTEXT() REPRESENTATION_CONTEXT('2D SPACE',''
  ) );
#6753 = PCURVE('',#2925,#6754);
#6754 = DEFINITIONAL_REPRESENTATION('',(#6755),#6759);
#6755 = LINE('',#6756,#6757);
#6756 = CARTESIAN_POINT('',(0.,0.));
#6757 = VECTOR('',#6758,1.);
#6758 = DIRECTION('',(0.,-1.));
#6759 = ( GEOMETRIC_REPRESENTATION_CONTEXT(2) 
PARAMETRIC_REPRESENTATION_CONTEXT() REPRESENTATION_CONTEXT('2D SPACE',''
  ) );
#6760 = ORIENTED_EDGE('',*,*,#2881,.F.);
#6761 = ADVANCED_FACE('',(#6762),#4661,.T.);
#6762 = FACE_BOUND('',#6763,.T.);
#6763 = EDGE_LOOP('',(#6764,#6785,#6786,#6787));
#6764 = ORIENTED_EDGE('',*,*,#6765,.T.);
#6765 = EDGE_CURVE('',#4618,#6350,#6766,.T.);
#6766 = SURFACE_CURVE('',#6767,(#6771,#6778),.PCURVE_S1.);
#6767 = LINE('',#6768,#6769);
#6768 = CARTESIAN_POINT('',(-19.02062305511,6.,-273.1381088698));
#6769 = VECTOR('',#6770,1.);
#6770 = DIRECTION('',(0.,-1.,1.110223024625E-16));
#6771 = PCURVE('',#4661,#6772);
#6772 = DEFINITIONAL_REPRESENTATION('',(#6773),#6777);
#6773 = LINE('',#6774,#6775);
#6774 = CARTESIAN_POINT('',(0.,0.));
#6775 = VECTOR('',#6776,1.);
#6776 = DIRECTION('',(0.,-1.));
#6777 = ( GEOMETRIC_REPRESENTATION_CONTEXT(2) 
PARAMETRIC_REPRESENTATION_CONTEXT() REPRESENTATION_CONTEXT('2D SPACE',''
  ) );
#6778 = PCURVE('',#4633,#6779);
#6779 = DEFINITIONAL_REPRESENTATION('',(#6780),#6784);
#6780 = LINE('',#6781,#6782);
#6781 = CARTESIAN_POINT('',(0.526707006935,-1.891728621359E-17));
#6782 = VECTOR('',#6783,1.);
#6783 = DIRECTION('',(0.,-1.));
#6784 = ( GEOMETRIC_REPRESENTATION_CONTEXT(2) 
PARAMETRIC_REPRESENTATION_CONTEXT() REPRESENTATION_CONTEXT('2D SPACE',''
  ) );
#6785 = ORIENTED_EDGE('',*,*,#6372,.T.);
#6786 = ORIENTED_EDGE('',*,*,#6711,.F.);
#6787 = ORIENTED_EDGE('',*,*,#4645,.F.);
#6788 = ADVANCED_FACE('',(#6789),#2925,.T.);
#6789 = FACE_BOUND('',#6790,.T.);
#6790 = EDGE_LOOP('',(#6791,#6792,#6793,#6814));
#6791 = ORIENTED_EDGE('',*,*,#6740,.T.);
#6792 = ORIENTED_EDGE('',*,*,#4946,.T.);
#6793 = ORIENTED_EDGE('',*,*,#6794,.F.);
#6794 = EDGE_CURVE('',#2910,#4947,#6795,.T.);
#6795 = SURFACE_CURVE('',#6796,(#6800,#6807),.PCURVE_S1.);
#6796 = LINE('',#6797,#6798);
#6797 = CARTESIAN_POINT('',(-39.17157287525,6.,-213.8284271247));
#6798 = VECTOR('',#6799,1.);
#6799 = DIRECTION('',(0.,-1.,1.110223024625E-16));
#6800 = PCURVE('',#2925,#6801);
#6801 = DEFINITIONAL_REPRESENTATION('',(#6802),#6806);
#6802 = LINE('',#6803,#6804);
#6803 = CARTESIAN_POINT('',(0.523225033841,-3.830116628509E-17));
#6804 = VECTOR('',#6805,1.);
#6805 = DIRECTION('',(0.,-1.));
#6806 = ( GEOMETRIC_REPRESENTATION_CONTEXT(2) 
PARAMETRIC_REPRESENTATION_CONTEXT() REPRESENTATION_CONTEXT('2D SPACE',''
  ) );
#6807 = PCURVE('',#2953,#6808);
#6808 = DEFINITIONAL_REPRESENTATION('',(#6809),#6813);
#6809 = LINE('',#6810,#6811);
#6810 = CARTESIAN_POINT('',(0.,0.));
#6811 = VECTOR('',#6812,1.);
#6812 = DIRECTION('',(0.,-1.));
#6813 = ( GEOMETRIC_REPRESENTATION_CONTEXT(2) 
PARAMETRIC_REPRESENTATION_CONTEXT() REPRESENTATION_CONTEXT('2D SPACE',''
  ) );
#6814 = ORIENTED_EDGE('',*,*,#2909,.F.);
#6815 = ADVANCED_FACE('',(#6816),#4633,.T.);
#6816 = FACE_BOUND('',#6817,.T.);
#6817 = EDGE_LOOP('',(#6818,#6839,#6840,#6841));
#6818 = ORIENTED_EDGE('',*,*,#6819,.T.);
#6819 = EDGE_CURVE('',#4590,#6327,#6820,.T.);
#6820 = SURFACE_CURVE('',#6821,(#6825,#6832),.PCURVE_S1.);
#6821 = LINE('',#6822,#6823);
#6822 = CARTESIAN_POINT('',(-18.52223874844,6.,-273.3085006361));
#6823 = VECTOR('',#6824,1.);
#6824 = DIRECTION('',(0.,-1.,1.110223024625E-16));
#6825 = PCURVE('',#4633,#6826);
#6826 = DEFINITIONAL_REPRESENTATION('',(#6827),#6831);
#6827 = LINE('',#6828,#6829);
#6828 = CARTESIAN_POINT('',(0.,0.));
#6829 = VECTOR('',#6830,1.);
#6830 = DIRECTION('',(0.,-1.));
#6831 = ( GEOMETRIC_REPRESENTATION_CONTEXT(2) 
PARAMETRIC_REPRESENTATION_CONTEXT() REPRESENTATION_CONTEXT('2D SPACE',''
  ) );
#6832 = PCURVE('',#4605,#6833);
#6833 = DEFINITIONAL_REPRESENTATION('',(#6834),#6838);
#6834 = LINE('',#6835,#6836);
#6835 = CARTESIAN_POINT('',(0.526707006935,-2.602338494025E-17));
#6836 = VECTOR('',#6837,1.);
#6837 = DIRECTION('',(0.,-1.));
#6838 = ( GEOMETRIC_REPRESENTATION_CONTEXT(2) 
PARAMETRIC_REPRESENTATION_CONTEXT() REPRESENTATION_CONTEXT('2D SPACE',''
  ) );
#6839 = ORIENTED_EDGE('',*,*,#6349,.T.);
#6840 = ORIENTED_EDGE('',*,*,#6765,.F.);
#6841 = ORIENTED_EDGE('',*,*,#4617,.F.);
#6842 = ADVANCED_FACE('',(#6843),#2953,.T.);
#6843 = FACE_BOUND('',#6844,.T.);
#6844 = EDGE_LOOP('',(#6845,#6846,#6847,#6868));
#6845 = ORIENTED_EDGE('',*,*,#6794,.T.);
#6846 = ORIENTED_EDGE('',*,*,#4969,.T.);
#6847 = ORIENTED_EDGE('',*,*,#6848,.F.);
#6848 = EDGE_CURVE('',#2938,#4970,#6849,.T.);
#6849 = SURFACE_CURVE('',#6850,(#6854,#6861),.PCURVE_S1.);
#6850 = LINE('',#6851,#6852);
#6851 = CARTESIAN_POINT('',(-38.82658663883,6.,-213.435045716));
#6852 = VECTOR('',#6853,1.);
#6853 = DIRECTION('',(0.,-1.,1.110223024625E-16));
#6854 = PCURVE('',#2953,#6855);
#6855 = DEFINITIONAL_REPRESENTATION('',(#6856),#6860);
#6856 = LINE('',#6857,#6858);
#6857 = CARTESIAN_POINT('',(0.523225033841,-4.367410974108E-17));
#6858 = VECTOR('',#6859,1.);
#6859 = DIRECTION('',(0.,-1.));
#6860 = ( GEOMETRIC_REPRESENTATION_CONTEXT(2) 
PARAMETRIC_REPRESENTATION_CONTEXT() REPRESENTATION_CONTEXT('2D SPACE',''
  ) );
#6861 = PCURVE('',#2981,#6862);
#6862 = DEFINITIONAL_REPRESENTATION('',(#6863),#6867);
#6863 = LINE('',#6864,#6865);
#6864 = CARTESIAN_POINT('',(0.,0.));
#6865 = VECTOR('',#6866,1.);
#6866 = DIRECTION('',(0.,-1.));
#6867 = ( GEOMETRIC_REPRESENTATION_CONTEXT(2) 
PARAMETRIC_REPRESENTATION_CONTEXT() REPRESENTATION_CONTEXT('2D SPACE',''
  ) );
#6868 = ORIENTED_EDGE('',*,*,#2937,.F.);
#6869 = ADVANCED_FACE('',(#6870),#4605,.T.);
#6870 = FACE_BOUND('',#6871,.T.);
#6871 = EDGE_LOOP('',(#6872,#6893,#6894,#6895));
#6872 = ORIENTED_EDGE('',*,*,#6873,.T.);
#6873 = EDGE_CURVE('',#4562,#6304,#6874,.T.);
#6874 = SURFACE_CURVE('',#6875,(#6879,#6886),.PCURVE_S1.);
#6875 = LINE('',#6876,#6877);
#6876 = CARTESIAN_POINT('',(-18.05056307999,6.,-273.5428984496));
#6877 = VECTOR('',#6878,1.);
#6878 = DIRECTION('',(0.,-1.,1.110223024625E-16));
#6879 = PCURVE('',#4605,#6880);
#6880 = DEFINITIONAL_REPRESENTATION('',(#6881),#6885);
#6881 = LINE('',#6882,#6883);
#6882 = CARTESIAN_POINT('',(0.,0.));
#6883 = VECTOR('',#6884,1.);
#6884 = DIRECTION('',(0.,-1.));
#6885 = ( GEOMETRIC_REPRESENTATION_CONTEXT(2) 
PARAMETRIC_REPRESENTATION_CONTEXT() REPRESENTATION_CONTEXT('2D SPACE',''
  ) );
#6886 = PCURVE('',#4577,#6887);
#6887 = DEFINITIONAL_REPRESENTATION('',(#6888),#6892);
#6888 = LINE('',#6889,#6890);
#6889 = CARTESIAN_POINT('',(0.526707006935,-3.267827026025E-17));
#6890 = VECTOR('',#6891,1.);
#6891 = DIRECTION('',(0.,-1.));
#6892 = ( GEOMETRIC_REPRESENTATION_CONTEXT(2) 
PARAMETRIC_REPRESENTATION_CONTEXT() REPRESENTATION_CONTEXT('2D SPACE',''
  ) );
#6893 = ORIENTED_EDGE('',*,*,#6326,.T.);
#6894 = ORIENTED_EDGE('',*,*,#6819,.F.);
#6895 = ORIENTED_EDGE('',*,*,#4589,.F.);
#6896 = ADVANCED_FACE('',(#6897),#2981,.T.);
#6897 = FACE_BOUND('',#6898,.T.);
#6898 = EDGE_LOOP('',(#6899,#6900,#6901,#6922));
#6899 = ORIENTED_EDGE('',*,*,#6848,.T.);
#6900 = ORIENTED_EDGE('',*,*,#4992,.T.);
#6901 = ORIENTED_EDGE('',*,*,#6902,.F.);
#6902 = EDGE_CURVE('',#2966,#4993,#6903,.T.);
#6903 = SURFACE_CURVE('',#6904,(#6908,#6915),.PCURVE_S1.);
#6904 = LINE('',#6905,#6906);
#6905 = CARTESIAN_POINT('',(-38.53589838486,6.,-213.));
#6906 = VECTOR('',#6907,1.);
#6907 = DIRECTION('',(0.,-1.,1.110223024625E-16));
#6908 = PCURVE('',#2981,#6909);
#6909 = DEFINITIONAL_REPRESENTATION('',(#6910),#6914);
#6910 = LINE('',#6911,#6912);
#6911 = CARTESIAN_POINT('',(0.523225033841,-4.829977707065E-17));
#6912 = VECTOR('',#6913,1.);
#6913 = DIRECTION('',(0.,-1.));
#6914 = ( GEOMETRIC_REPRESENTATION_CONTEXT(2) 
PARAMETRIC_REPRESENTATION_CONTEXT() REPRESENTATION_CONTEXT('2D SPACE',''
  ) );
#6915 = PCURVE('',#3009,#6916);
#6916 = DEFINITIONAL_REPRESENTATION('',(#6917),#6921);
#6917 = LINE('',#6918,#6919);
#6918 = CARTESIAN_POINT('',(0.,0.));
#6919 = VECTOR('',#6920,1.);
#6920 = DIRECTION('',(0.,-1.));
#6921 = ( GEOMETRIC_REPRESENTATION_CONTEXT(2) 
PARAMETRIC_REPRESENTATION_CONTEXT() REPRESENTATION_CONTEXT('2D SPACE',''
  ) );
#6922 = ORIENTED_EDGE('',*,*,#2965,.F.);
#6923 = ADVANCED_FACE('',(#6924),#4577,.T.);
#6924 = FACE_BOUND('',#6925,.T.);
#6925 = EDGE_LOOP('',(#6926,#6947,#6948,#6949));
#6926 = ORIENTED_EDGE('',*,*,#6927,.T.);
#6927 = EDGE_CURVE('',#4534,#6281,#6928,.T.);
#6928 = SURFACE_CURVE('',#6929,(#6933,#6940),.PCURVE_S1.);
#6929 = LINE('',#6930,#6931);
#6930 = CARTESIAN_POINT('',(-17.61377432425,6.,-273.8372381411));
#6931 = VECTOR('',#6932,1.);
#6932 = DIRECTION('',(0.,-1.,1.110223024625E-16));
#6933 = PCURVE('',#4577,#6934);
#6934 = DEFINITIONAL_REPRESENTATION('',(#6935),#6939);
#6935 = LINE('',#6936,#6937);
#6936 = CARTESIAN_POINT('',(0.,0.));
#6937 = VECTOR('',#6938,1.);
#6938 = DIRECTION('',(0.,-1.));
#6939 = ( GEOMETRIC_REPRESENTATION_CONTEXT(2) 
PARAMETRIC_REPRESENTATION_CONTEXT() REPRESENTATION_CONTEXT('2D SPACE',''
  ) );
#6940 = PCURVE('',#4549,#6941);
#6941 = DEFINITIONAL_REPRESENTATION('',(#6942),#6946);
#6942 = LINE('',#6943,#6944);
#6943 = CARTESIAN_POINT('',(0.526707006935,-3.876655466797E-17));
#6944 = VECTOR('',#6945,1.);
#6945 = DIRECTION('',(0.,-1.));
#6946 = ( GEOMETRIC_REPRESENTATION_CONTEXT(2) 
PARAMETRIC_REPRESENTATION_CONTEXT() REPRESENTATION_CONTEXT('2D SPACE',''
  ) );
#6947 = ORIENTED_EDGE('',*,*,#6303,.T.);
#6948 = ORIENTED_EDGE('',*,*,#6873,.F.);
#6949 = ORIENTED_EDGE('',*,*,#4561,.F.);
#6950 = ADVANCED_FACE('',(#6951),#3009,.T.);
#6951 = FACE_BOUND('',#6952,.T.);
#6952 = EDGE_LOOP('',(#6953,#6954,#6955,#6976));
#6953 = ORIENTED_EDGE('',*,*,#6902,.T.);
#6954 = ORIENTED_EDGE('',*,*,#5015,.T.);
#6955 = ORIENTED_EDGE('',*,*,#6956,.F.);
#6956 = EDGE_CURVE('',#2994,#5016,#6957,.T.);
#6957 = SURFACE_CURVE('',#6958,(#6962,#6969),.PCURVE_S1.);
#6958 = LINE('',#6959,#6960);
#6959 = CARTESIAN_POINT('',(-38.30448186995,6.,-212.5307337294));
#6960 = VECTOR('',#6961,1.);
#6961 = DIRECTION('',(0.,-1.,1.110223024625E-16));
#6962 = PCURVE('',#3009,#6963);
#6963 = DEFINITIONAL_REPRESENTATION('',(#6964),#6968);
#6964 = LINE('',#6965,#6966);
#6965 = CARTESIAN_POINT('',(0.523225033841,-5.209902182331E-17));
#6966 = VECTOR('',#6967,1.);
#6967 = DIRECTION('',(0.,-1.));
#6968 = ( GEOMETRIC_REPRESENTATION_CONTEXT(2) 
PARAMETRIC_REPRESENTATION_CONTEXT() REPRESENTATION_CONTEXT('2D SPACE',''
  ) );
#6969 = PCURVE('',#3037,#6970);
#6970 = DEFINITIONAL_REPRESENTATION('',(#6971),#6975);
#6971 = LINE('',#6972,#6973);
#6972 = CARTESIAN_POINT('',(0.,0.));
#6973 = VECTOR('',#6974,1.);
#6974 = DIRECTION('',(0.,-1.));
#6975 = ( GEOMETRIC_REPRESENTATION_CONTEXT(2) 
PARAMETRIC_REPRESENTATION_CONTEXT() REPRESENTATION_CONTEXT('2D SPACE',''
  ) );
#6976 = ORIENTED_EDGE('',*,*,#2993,.F.);
#6977 = ADVANCED_FACE('',(#6978),#4549,.T.);
#6978 = FACE_BOUND('',#6979,.T.);
#6979 = EDGE_LOOP('',(#6980,#7001,#7002,#7003));
#6980 = ORIENTED_EDGE('',*,*,#6981,.T.);
#6981 = EDGE_CURVE('',#4506,#6258,#6982,.T.);
#6982 = SURFACE_CURVE('',#6983,(#6987,#6994),.PCURVE_S1.);
#6983 = LINE('',#6984,#6985);
#6984 = CARTESIAN_POINT('',(-17.21944585966,6.,-274.1864162234));
#6985 = VECTOR('',#6986,1.);
#6986 = DIRECTION('',(0.,-1.,1.110223024625E-16));
#6987 = PCURVE('',#4549,#6988);
#6988 = DEFINITIONAL_REPRESENTATION('',(#6989),#6993);
#6989 = LINE('',#6990,#6991);
#6990 = CARTESIAN_POINT('',(0.,0.));
#6991 = VECTOR('',#6992,1.);
#6992 = DIRECTION('',(0.,-1.));
#6993 = ( GEOMETRIC_REPRESENTATION_CONTEXT(2) 
PARAMETRIC_REPRESENTATION_CONTEXT() REPRESENTATION_CONTEXT('2D SPACE',''
  ) );
#6994 = PCURVE('',#4521,#6995);
#6995 = DEFINITIONAL_REPRESENTATION('',(#6996),#7000);
#6996 = LINE('',#6997,#6998);
#6997 = CARTESIAN_POINT('',(0.526707006935,-4.418267481895E-17));
#6998 = VECTOR('',#6999,1.);
#6999 = DIRECTION('',(0.,-1.));
#7000 = ( GEOMETRIC_REPRESENTATION_CONTEXT(2) 
PARAMETRIC_REPRESENTATION_CONTEXT() REPRESENTATION_CONTEXT('2D SPACE',''
  ) );
#7001 = ORIENTED_EDGE('',*,*,#6280,.T.);
#7002 = ORIENTED_EDGE('',*,*,#6927,.F.);
#7003 = ORIENTED_EDGE('',*,*,#4533,.F.);
#7004 = ADVANCED_FACE('',(#7005),#3037,.T.);
#7005 = FACE_BOUND('',#7006,.T.);
#7006 = EDGE_LOOP('',(#7007,#7008,#7009,#7030));
#7007 = ORIENTED_EDGE('',*,*,#6956,.T.);
#7008 = ORIENTED_EDGE('',*,*,#5038,.T.);
#7009 = ORIENTED_EDGE('',*,*,#7010,.F.);
#7010 = EDGE_CURVE('',#3022,#5039,#7011,.T.);
#7011 = SURFACE_CURVE('',#7012,(#7016,#7023),.PCURVE_S1.);
#7012 = LINE('',#7013,#7014);
#7013 = CARTESIAN_POINT('',(-38.13629669484,6.,-212.0352761804));
#7014 = VECTOR('',#7015,1.);
#7015 = DIRECTION('',(0.,-1.,1.110223024625E-16));
#7016 = PCURVE('',#3037,#7017);
#7017 = DEFINITIONAL_REPRESENTATION('',(#7018),#7022);
#7018 = LINE('',#7019,#7020);
#7019 = CARTESIAN_POINT('',(0.523225033841,-5.5006837868E-17));
#7020 = VECTOR('',#7021,1.);
#7021 = DIRECTION('',(0.,-1.));
#7022 = ( GEOMETRIC_REPRESENTATION_CONTEXT(2) 
PARAMETRIC_REPRESENTATION_CONTEXT() REPRESENTATION_CONTEXT('2D SPACE',''
  ) );
#7023 = PCURVE('',#3065,#7024);
#7024 = DEFINITIONAL_REPRESENTATION('',(#7025),#7029);
#7025 = LINE('',#7026,#7027);
#7026 = CARTESIAN_POINT('',(0.,0.));
#7027 = VECTOR('',#7028,1.);
#7028 = DIRECTION('',(0.,-1.));
#7029 = ( GEOMETRIC_REPRESENTATION_CONTEXT(2) 
PARAMETRIC_REPRESENTATION_CONTEXT() REPRESENTATION_CONTEXT('2D SPACE',''
  ) );
#7030 = ORIENTED_EDGE('',*,*,#3021,.F.);
#7031 = ADVANCED_FACE('',(#7032),#4521,.T.);
#7032 = FACE_BOUND('',#7033,.T.);
#7033 = EDGE_LOOP('',(#7034,#7055,#7056,#7057));
#7034 = ORIENTED_EDGE('',*,*,#7035,.T.);
#7035 = EDGE_CURVE('',#4478,#6235,#7036,.T.);
#7036 = SURFACE_CURVE('',#7037,(#7041,#7048),.PCURVE_S1.);
#7037 = LINE('',#7038,#7039);
#7038 = CARTESIAN_POINT('',(-16.87441485557,6.,-274.5843783791));
#7039 = VECTOR('',#7040,1.);
#7040 = DIRECTION('',(0.,-1.,1.110223024625E-16));
#7041 = PCURVE('',#4521,#7042);
#7042 = DEFINITIONAL_REPRESENTATION('',(#7043),#7047);
#7043 = LINE('',#7044,#7045);
#7044 = CARTESIAN_POINT('',(0.,0.));
#7045 = VECTOR('',#7046,1.);
#7046 = DIRECTION('',(0.,-1.));
#7047 = ( GEOMETRIC_REPRESENTATION_CONTEXT(2) 
PARAMETRIC_REPRESENTATION_CONTEXT() REPRESENTATION_CONTEXT('2D SPACE',''
  ) );
#7048 = PCURVE('',#4493,#7049);
#7049 = DEFINITIONAL_REPRESENTATION('',(#7050),#7054);
#7050 = LINE('',#7051,#7052);
#7051 = CARTESIAN_POINT('',(0.526707006935,8.39345697832E-16));
#7052 = VECTOR('',#7053,1.);
#7053 = DIRECTION('',(0.,-1.));
#7054 = ( GEOMETRIC_REPRESENTATION_CONTEXT(2) 
PARAMETRIC_REPRESENTATION_CONTEXT() REPRESENTATION_CONTEXT('2D SPACE',''
  ) );
#7055 = ORIENTED_EDGE('',*,*,#6257,.T.);
#7056 = ORIENTED_EDGE('',*,*,#6981,.F.);
#7057 = ORIENTED_EDGE('',*,*,#4505,.F.);
#7058 = ADVANCED_FACE('',(#7059),#3065,.T.);
#7059 = FACE_BOUND('',#7060,.T.);
#7060 = EDGE_LOOP('',(#7061,#7062,#7063,#7084));
#7061 = ORIENTED_EDGE('',*,*,#7010,.T.);
#7062 = ORIENTED_EDGE('',*,*,#5061,.T.);
#7063 = ORIENTED_EDGE('',*,*,#7064,.F.);
#7064 = EDGE_CURVE('',#3050,#5062,#7065,.T.);
#7065 = SURFACE_CURVE('',#7066,(#7070,#7077),.PCURVE_S1.);
#7066 = LINE('',#7067,#7068);
#7067 = CARTESIAN_POINT('',(-38.0342205545,6.,-211.5221047688));
#7068 = VECTOR('',#7069,1.);
#7069 = DIRECTION('',(0.,-1.,1.110223024625E-16));
#7070 = PCURVE('',#3065,#7071);
#7071 = DEFINITIONAL_REPRESENTATION('',(#7072),#7076);
#7072 = LINE('',#7073,#7074);
#7073 = CARTESIAN_POINT('',(0.523225033841,-5.697347166599E-17));
#7074 = VECTOR('',#7075,1.);
#7075 = DIRECTION('',(0.,-1.));
#7076 = ( GEOMETRIC_REPRESENTATION_CONTEXT(2) 
PARAMETRIC_REPRESENTATION_CONTEXT() REPRESENTATION_CONTEXT('2D SPACE',''
  ) );
#7077 = PCURVE('',#3093,#7078);
#7078 = DEFINITIONAL_REPRESENTATION('',(#7079),#7083);
#7079 = LINE('',#7080,#7081);
#7080 = CARTESIAN_POINT('',(0.,0.));
#7081 = VECTOR('',#7082,1.);
#7082 = DIRECTION('',(0.,-1.));
#7083 = ( GEOMETRIC_REPRESENTATION_CONTEXT(2) 
PARAMETRIC_REPRESENTATION_CONTEXT() REPRESENTATION_CONTEXT('2D SPACE',''
  ) );
#7084 = ORIENTED_EDGE('',*,*,#3049,.F.);
#7085 = ADVANCED_FACE('',(#7086),#4493,.T.);
#7086 = FACE_BOUND('',#7087,.T.);
#7087 = EDGE_LOOP('',(#7088,#7109,#7110,#7111));
#7088 = ORIENTED_EDGE('',*,*,#7089,.T.);
#7089 = EDGE_CURVE('',#4450,#6212,#7090,.T.);
#7090 = SURFACE_CURVE('',#7091,(#7095,#7102),.PCURVE_S1.);
#7091 = LINE('',#7092,#7093);
#7092 = CARTESIAN_POINT('',(-16.58466372415,6.,-275.0242244351));
#7093 = VECTOR('',#7094,1.);
#7094 = DIRECTION('',(0.,-1.,1.110223024625E-16));
#7095 = PCURVE('',#4493,#7096);
#7096 = DEFINITIONAL_REPRESENTATION('',(#7097),#7101);
#7097 = LINE('',#7098,#7099);
#7098 = CARTESIAN_POINT('',(0.,0.));
#7099 = VECTOR('',#7100,1.);
#7100 = DIRECTION('',(0.,-1.));
#7101 = ( GEOMETRIC_REPRESENTATION_CONTEXT(2) 
PARAMETRIC_REPRESENTATION_CONTEXT() REPRESENTATION_CONTEXT('2D SPACE',''
  ) );
#7102 = PCURVE('',#4465,#7103);
#7103 = DEFINITIONAL_REPRESENTATION('',(#7104),#7108);
#7104 = LINE('',#7105,#7106);
#7105 = CARTESIAN_POINT('',(0.526707006935,-5.26360697335E-17));
#7106 = VECTOR('',#7107,1.);
#7107 = DIRECTION('',(0.,-1.));
#7108 = ( GEOMETRIC_REPRESENTATION_CONTEXT(2) 
PARAMETRIC_REPRESENTATION_CONTEXT() REPRESENTATION_CONTEXT('2D SPACE',''
  ) );
#7109 = ORIENTED_EDGE('',*,*,#6234,.T.);
#7110 = ORIENTED_EDGE('',*,*,#7035,.F.);
#7111 = ORIENTED_EDGE('',*,*,#4477,.F.);
#7112 = ADVANCED_FACE('',(#7113),#3093,.T.);
#7113 = FACE_BOUND('',#7114,.T.);
#7114 = EDGE_LOOP('',(#7115,#7116,#7117,#7138));
#7115 = ORIENTED_EDGE('',*,*,#7064,.T.);
#7116 = ORIENTED_EDGE('',*,*,#5084,.T.);
#7117 = ORIENTED_EDGE('',*,*,#7118,.F.);
#7118 = EDGE_CURVE('',#3078,#5085,#7119,.T.);
#7119 = SURFACE_CURVE('',#7120,(#7124,#7131),.PCURVE_S1.);
#7120 = LINE('',#7121,#7122);
#7121 = CARTESIAN_POINT('',(-38.,6.,-211.));
#7122 = VECTOR('',#7123,1.);
#7123 = DIRECTION('',(0.,-1.,1.110223024625E-16));
#7124 = PCURVE('',#3093,#7125);
#7125 = DEFINITIONAL_REPRESENTATION('',(#7126),#7130);
#7126 = LINE('',#7127,#7128);
#7127 = CARTESIAN_POINT('',(0.523225033841,-5.796527356774E-17));
#7128 = VECTOR('',#7129,1.);
#7129 = DIRECTION('',(0.,-1.));
#7130 = ( GEOMETRIC_REPRESENTATION_CONTEXT(2) 
PARAMETRIC_REPRESENTATION_CONTEXT() REPRESENTATION_CONTEXT('2D SPACE',''
  ) );
#7131 = PCURVE('',#3121,#7132);
#7132 = DEFINITIONAL_REPRESENTATION('',(#7133),#7137);
#7133 = LINE('',#7134,#7135);
#7134 = CARTESIAN_POINT('',(0.,0.));
#7135 = VECTOR('',#7136,1.);
#7136 = DIRECTION('',(0.,-1.));
#7137 = ( GEOMETRIC_REPRESENTATION_CONTEXT(2) 
PARAMETRIC_REPRESENTATION_CONTEXT() REPRESENTATION_CONTEXT('2D SPACE',''
  ) );
#7138 = ORIENTED_EDGE('',*,*,#3077,.F.);
#7139 = ADVANCED_FACE('',(#7140),#4465,.T.);
#7140 = FACE_BOUND('',#7141,.T.);
#7141 = EDGE_LOOP('',(#7142,#7163,#7164,#7165));
#7142 = ORIENTED_EDGE('',*,*,#7143,.T.);
#7143 = EDGE_CURVE('',#4422,#6189,#7144,.T.);
#7144 = SURFACE_CURVE('',#7145,(#7149,#7156),.PCURVE_S1.);
#7145 = LINE('',#7146,#7147);
#7146 = CARTESIAN_POINT('',(-16.35521639273,6.,-275.4983280032));
#7147 = VECTOR('',#7148,1.);
#7148 = DIRECTION('',(0.,-1.,1.110223024625E-16));
#7149 = PCURVE('',#4465,#7150);
#7150 = DEFINITIONAL_REPRESENTATION('',(#7151),#7155);
#7151 = LINE('',#7152,#7153);
#7152 = CARTESIAN_POINT('',(0.,0.));
#7153 = VECTOR('',#7154,1.);
#7154 = DIRECTION('',(0.,-1.));
#7155 = ( GEOMETRIC_REPRESENTATION_CONTEXT(2) 
PARAMETRIC_REPRESENTATION_CONTEXT() REPRESENTATION_CONTEXT('2D SPACE',''
  ) );
#7156 = PCURVE('',#4437,#7157);
#7157 = DEFINITIONAL_REPRESENTATION('',(#7158),#7162);
#7158 = LINE('',#7159,#7160);
#7159 = CARTESIAN_POINT('',(0.526707006935,-5.55267730527E-17));
#7160 = VECTOR('',#7161,1.);
#7161 = DIRECTION('',(0.,-1.));
#7162 = ( GEOMETRIC_REPRESENTATION_CONTEXT(2) 
PARAMETRIC_REPRESENTATION_CONTEXT() REPRESENTATION_CONTEXT('2D SPACE',''
  ) );
#7163 = ORIENTED_EDGE('',*,*,#6211,.T.);
#7164 = ORIENTED_EDGE('',*,*,#7089,.F.);
#7165 = ORIENTED_EDGE('',*,*,#4449,.F.);
#7166 = ADVANCED_FACE('',(#7167),#3121,.T.);
#7167 = FACE_BOUND('',#7168,.T.);
#7168 = EDGE_LOOP('',(#7169,#7170,#7171,#7192));
#7169 = ORIENTED_EDGE('',*,*,#7118,.T.);
#7170 = ORIENTED_EDGE('',*,*,#5107,.T.);
#7171 = ORIENTED_EDGE('',*,*,#7172,.F.);
#7172 = EDGE_CURVE('',#3106,#5108,#7173,.T.);
#7173 = SURFACE_CURVE('',#7174,(#7178,#7185),.PCURVE_S1.);
#7174 = LINE('',#7175,#7176);
#7175 = CARTESIAN_POINT('',(-37.99194525279,6.,-155.0080547472));
#7176 = VECTOR('',#7177,1.);
#7177 = DIRECTION('',(0.,-1.,1.110223024625E-16));
#7178 = PCURVE('',#3121,#7179);
#7179 = DEFINITIONAL_REPRESENTATION('',(#7180),#7184);
#7180 = LINE('',#7181,#7182);
#7181 = CARTESIAN_POINT('',(55.991945832154,8.942565804835E-19));
#7182 = VECTOR('',#7183,1.);
#7183 = DIRECTION('',(0.,-1.));
#7184 = ( GEOMETRIC_REPRESENTATION_CONTEXT(2) 
PARAMETRIC_REPRESENTATION_CONTEXT() REPRESENTATION_CONTEXT('2D SPACE',''
  ) );
#7185 = PCURVE('',#3149,#7186);
#7186 = DEFINITIONAL_REPRESENTATION('',(#7187),#7191);
#7187 = LINE('',#7188,#7189);
#7188 = CARTESIAN_POINT('',(0.,0.));
#7189 = VECTOR('',#7190,1.);
#7190 = DIRECTION('',(0.,-1.));
#7191 = ( GEOMETRIC_REPRESENTATION_CONTEXT(2) 
PARAMETRIC_REPRESENTATION_CONTEXT() REPRESENTATION_CONTEXT('2D SPACE',''
  ) );
#7192 = ORIENTED_EDGE('',*,*,#3105,.F.);
#7193 = ADVANCED_FACE('',(#7194),#4437,.T.);
#7194 = FACE_BOUND('',#7195,.T.);
#7195 = EDGE_LOOP('',(#7196,#7217,#7218,#7219));
#7196 = ORIENTED_EDGE('',*,*,#7197,.T.);
#7197 = EDGE_CURVE('',#4394,#6166,#7198,.T.);
#7198 = SURFACE_CURVE('',#7199,(#7203,#7210),.PCURVE_S1.);
#7199 = LINE('',#7200,#7201);
#7200 = CARTESIAN_POINT('',(-16.19005119514,6.,-275.9984687121));
#7201 = VECTOR('',#7202,1.);
#7202 = DIRECTION('',(0.,-1.,1.110223024625E-16));
#7203 = PCURVE('',#4437,#7204);
#7204 = DEFINITIONAL_REPRESENTATION('',(#7205),#7209);
#7205 = LINE('',#7206,#7207);
#7206 = CARTESIAN_POINT('',(0.,0.));
#7207 = VECTOR('',#7208,1.);
#7208 = DIRECTION('',(0.,-1.));
#7209 = ( GEOMETRIC_REPRESENTATION_CONTEXT(2) 
PARAMETRIC_REPRESENTATION_CONTEXT() REPRESENTATION_CONTEXT('2D SPACE',''
  ) );
#7210 = PCURVE('',#4409,#7211);
#7211 = DEFINITIONAL_REPRESENTATION('',(#7212),#7216);
#7212 = LINE('',#7213,#7214);
#7213 = CARTESIAN_POINT('',(52.673130786219,-3.32318213912E-16));
#7214 = VECTOR('',#7215,1.);
#7215 = DIRECTION('',(0.,-1.));
#7216 = ( GEOMETRIC_REPRESENTATION_CONTEXT(2) 
PARAMETRIC_REPRESENTATION_CONTEXT() REPRESENTATION_CONTEXT('2D SPACE',''
  ) );
#7217 = ORIENTED_EDGE('',*,*,#6188,.T.);
#7218 = ORIENTED_EDGE('',*,*,#7143,.F.);
#7219 = ORIENTED_EDGE('',*,*,#4421,.F.);
#7220 = ADVANCED_FACE('',(#7221),#3149,.T.);
#7221 = FACE_BOUND('',#7222,.T.);
#7222 = EDGE_LOOP('',(#7223,#7224,#7225,#7246));
#7223 = ORIENTED_EDGE('',*,*,#7172,.T.);
#7224 = ORIENTED_EDGE('',*,*,#5130,.T.);
#7225 = ORIENTED_EDGE('',*,*,#7226,.F.);
#7226 = EDGE_CURVE('',#3134,#5131,#7227,.T.);
#7227 = SURFACE_CURVE('',#7228,(#7232,#7239),.PCURVE_S1.);
#7228 = LINE('',#7229,#7230);
#7229 = CARTESIAN_POINT('',(37.991945252795,6.,-155.0080547472));
#7230 = VECTOR('',#7231,1.);
#7231 = DIRECTION('',(0.,-1.,1.110223024625E-16));
#7232 = PCURVE('',#3149,#7233);
#7233 = DEFINITIONAL_REPRESENTATION('',(#7234),#7238);
#7234 = LINE('',#7235,#7236);
#7235 = CARTESIAN_POINT('',(75.983890505589,0.));
#7236 = VECTOR('',#7237,1.);
#7237 = DIRECTION('',(0.,-1.));
#7238 = ( GEOMETRIC_REPRESENTATION_CONTEXT(2) 
PARAMETRIC_REPRESENTATION_CONTEXT() REPRESENTATION_CONTEXT('2D SPACE',''
  ) );
#7239 = PCURVE('',#3177,#7240);
#7240 = DEFINITIONAL_REPRESENTATION('',(#7241),#7245);
#7241 = LINE('',#7242,#7243);
#7242 = CARTESIAN_POINT('',(0.,0.));
#7243 = VECTOR('',#7244,1.);
#7244 = DIRECTION('',(0.,-1.));
#7245 = ( GEOMETRIC_REPRESENTATION_CONTEXT(2) 
PARAMETRIC_REPRESENTATION_CONTEXT() REPRESENTATION_CONTEXT('2D SPACE',''
  ) );
#7246 = ORIENTED_EDGE('',*,*,#3133,.F.);
#7247 = ADVANCED_FACE('',(#7248),#4409,.T.);
#7248 = FACE_BOUND('',#7249,.T.);
#7249 = EDGE_LOOP('',(#7250,#7271,#7272,#7273));
#7250 = ORIENTED_EDGE('',*,*,#7251,.T.);
#7251 = EDGE_CURVE('',#4366,#6143,#7252,.T.);
#7252 = SURFACE_CURVE('',#7253,(#7257,#7264),.PCURVE_S1.);
#7253 = LINE('',#7254,#7255);
#7254 = CARTESIAN_POINT('',(-2.99359289226,6.,-326.9917250808));
#7255 = VECTOR('',#7256,1.);
#7256 = DIRECTION('',(0.,-1.,1.110223024625E-16));
#7257 = PCURVE('',#4409,#7258);
#7258 = DEFINITIONAL_REPRESENTATION('',(#7259),#7263);
#7259 = LINE('',#7260,#7261);
#7260 = CARTESIAN_POINT('',(0.,0.));
#7261 = VECTOR('',#7262,1.);
#7262 = DIRECTION('',(0.,-1.));
#7263 = ( GEOMETRIC_REPRESENTATION_CONTEXT(2) 
PARAMETRIC_REPRESENTATION_CONTEXT() REPRESENTATION_CONTEXT('2D SPACE',''
  ) );
#7264 = PCURVE('',#4381,#7265);
#7265 = DEFINITIONAL_REPRESENTATION('',(#7266),#7270);
#7266 = LINE('',#7267,#7268);
#7267 = CARTESIAN_POINT('',(5.98718578452,0.));
#7268 = VECTOR('',#7269,1.);
#7269 = DIRECTION('',(0.,-1.));
#7270 = ( GEOMETRIC_REPRESENTATION_CONTEXT(2) 
PARAMETRIC_REPRESENTATION_CONTEXT() REPRESENTATION_CONTEXT('2D SPACE',''
  ) );
#7271 = ORIENTED_EDGE('',*,*,#6165,.T.);
#7272 = ORIENTED_EDGE('',*,*,#7197,.F.);
#7273 = ORIENTED_EDGE('',*,*,#4393,.F.);
#7274 = ADVANCED_FACE('',(#7275),#3177,.T.);
#7275 = FACE_BOUND('',#7276,.T.);
#7276 = EDGE_LOOP('',(#7277,#7278,#7279,#7300));
#7277 = ORIENTED_EDGE('',*,*,#7226,.T.);
#7278 = ORIENTED_EDGE('',*,*,#5153,.T.);
#7279 = ORIENTED_EDGE('',*,*,#7280,.F.);
#7280 = EDGE_CURVE('',#3162,#5154,#7281,.T.);
#7281 = SURFACE_CURVE('',#7282,(#7286,#7293),.PCURVE_S1.);
#7282 = LINE('',#7283,#7284);
#7283 = CARTESIAN_POINT('',(38.,6.,-211.));
#7284 = VECTOR('',#7285,1.);
#7285 = DIRECTION('',(0.,-1.,1.110223024625E-16));
#7286 = PCURVE('',#3177,#7287);
#7287 = DEFINITIONAL_REPRESENTATION('',(#7288),#7292);
#7288 = LINE('',#7289,#7290);
#7289 = CARTESIAN_POINT('',(55.991945832154,-8.942565804804E-19));
#7290 = VECTOR('',#7291,1.);
#7291 = DIRECTION('',(0.,-1.));
#7292 = ( GEOMETRIC_REPRESENTATION_CONTEXT(2) 
PARAMETRIC_REPRESENTATION_CONTEXT() REPRESENTATION_CONTEXT('2D SPACE',''
  ) );
#7293 = PCURVE('',#3205,#7294);
#7294 = DEFINITIONAL_REPRESENTATION('',(#7295),#7299);
#7295 = LINE('',#7296,#7297);
#7296 = CARTESIAN_POINT('',(0.,0.));
#7297 = VECTOR('',#7298,1.);
#7298 = DIRECTION('',(0.,-1.));
#7299 = ( GEOMETRIC_REPRESENTATION_CONTEXT(2) 
PARAMETRIC_REPRESENTATION_CONTEXT() REPRESENTATION_CONTEXT('2D SPACE',''
  ) );
#7300 = ORIENTED_EDGE('',*,*,#3161,.F.);
#7301 = ADVANCED_FACE('',(#7302),#4381,.T.);
#7302 = FACE_BOUND('',#7303,.T.);
#7303 = EDGE_LOOP('',(#7304,#7325,#7326,#7327));
#7304 = ORIENTED_EDGE('',*,*,#7305,.T.);
#7305 = EDGE_CURVE('',#4338,#6120,#7306,.T.);
#7306 = SURFACE_CURVE('',#7307,(#7311,#7318),.PCURVE_S1.);
#7307 = LINE('',#7308,#7309);
#7308 = CARTESIAN_POINT('',(2.99359289226,6.,-326.9917250808));
#7309 = VECTOR('',#7310,1.);
#7310 = DIRECTION('',(0.,-1.,1.110223024625E-16));
#7311 = PCURVE('',#4381,#7312);
#7312 = DEFINITIONAL_REPRESENTATION('',(#7313),#7317);
#7313 = LINE('',#7314,#7315);
#7314 = CARTESIAN_POINT('',(0.,0.));
#7315 = VECTOR('',#7316,1.);
#7316 = DIRECTION('',(0.,-1.));
#7317 = ( GEOMETRIC_REPRESENTATION_CONTEXT(2) 
PARAMETRIC_REPRESENTATION_CONTEXT() REPRESENTATION_CONTEXT('2D SPACE',''
  ) );
#7318 = PCURVE('',#4353,#7319);
#7319 = DEFINITIONAL_REPRESENTATION('',(#7320),#7324);
#7320 = LINE('',#7321,#7322);
#7321 = CARTESIAN_POINT('',(52.673130786219,3.32318213912E-16));
#7322 = VECTOR('',#7323,1.);
#7323 = DIRECTION('',(0.,-1.));
#7324 = ( GEOMETRIC_REPRESENTATION_CONTEXT(2) 
PARAMETRIC_REPRESENTATION_CONTEXT() REPRESENTATION_CONTEXT('2D SPACE',''
  ) );
#7325 = ORIENTED_EDGE('',*,*,#6142,.T.);
#7326 = ORIENTED_EDGE('',*,*,#7251,.F.);
#7327 = ORIENTED_EDGE('',*,*,#4365,.F.);
#7328 = ADVANCED_FACE('',(#7329),#3205,.T.);
#7329 = FACE_BOUND('',#7330,.T.);
#7330 = EDGE_LOOP('',(#7331,#7332,#7333,#7354));
#7331 = ORIENTED_EDGE('',*,*,#7280,.T.);
#7332 = ORIENTED_EDGE('',*,*,#5176,.T.);
#7333 = ORIENTED_EDGE('',*,*,#7334,.F.);
#7334 = EDGE_CURVE('',#3190,#5177,#7335,.T.);
#7335 = SURFACE_CURVE('',#7336,(#7340,#7347),.PCURVE_S1.);
#7336 = LINE('',#7337,#7338);
#7337 = CARTESIAN_POINT('',(38.034220554505,6.,-211.5221047688));
#7338 = VECTOR('',#7339,1.);
#7339 = DIRECTION('',(0.,-1.,1.110223024625E-16));
#7340 = PCURVE('',#3205,#7341);
#7341 = DEFINITIONAL_REPRESENTATION('',(#7342),#7346);
#7342 = LINE('',#7343,#7344);
#7343 = CARTESIAN_POINT('',(0.523225033841,5.796527356774E-17));
#7344 = VECTOR('',#7345,1.);
#7345 = DIRECTION('',(0.,-1.));
#7346 = ( GEOMETRIC_REPRESENTATION_CONTEXT(2) 
PARAMETRIC_REPRESENTATION_CONTEXT() REPRESENTATION_CONTEXT('2D SPACE',''
  ) );
#7347 = PCURVE('',#3233,#7348);
#7348 = DEFINITIONAL_REPRESENTATION('',(#7349),#7353);
#7349 = LINE('',#7350,#7351);
#7350 = CARTESIAN_POINT('',(0.,0.));
#7351 = VECTOR('',#7352,1.);
#7352 = DIRECTION('',(0.,-1.));
#7353 = ( GEOMETRIC_REPRESENTATION_CONTEXT(2) 
PARAMETRIC_REPRESENTATION_CONTEXT() REPRESENTATION_CONTEXT('2D SPACE',''
  ) );
#7354 = ORIENTED_EDGE('',*,*,#3189,.F.);
#7355 = ADVANCED_FACE('',(#7356),#4353,.T.);
#7356 = FACE_BOUND('',#7357,.T.);
#7357 = EDGE_LOOP('',(#7358,#7379,#7380,#7381));
#7358 = ORIENTED_EDGE('',*,*,#7359,.T.);
#7359 = EDGE_CURVE('',#4310,#6097,#7360,.T.);
#7360 = SURFACE_CURVE('',#7361,(#7365,#7372),.PCURVE_S1.);
#7361 = LINE('',#7362,#7363);
#7362 = CARTESIAN_POINT('',(16.19005119514,6.,-275.9984687121));
#7363 = VECTOR('',#7364,1.);
#7364 = DIRECTION('',(0.,-1.,1.110223024625E-16));
#7365 = PCURVE('',#4353,#7366);
#7366 = DEFINITIONAL_REPRESENTATION('',(#7367),#7371);
#7367 = LINE('',#7368,#7369);
#7368 = CARTESIAN_POINT('',(-0.,0.));
#7369 = VECTOR('',#7370,1.);
#7370 = DIRECTION('',(0.,-1.));
#7371 = ( GEOMETRIC_REPRESENTATION_CONTEXT(2) 
PARAMETRIC_REPRESENTATION_CONTEXT() REPRESENTATION_CONTEXT('2D SPACE',''
  ) );
#7372 = PCURVE('',#4325,#7373);
#7373 = DEFINITIONAL_REPRESENTATION('',(#7374),#7378);
#7374 = LINE('',#7375,#7376);
#7375 = CARTESIAN_POINT('',(0.526707006935,5.55267730527E-17));
#7376 = VECTOR('',#7377,1.);
#7377 = DIRECTION('',(0.,-1.));
#7378 = ( GEOMETRIC_REPRESENTATION_CONTEXT(2) 
PARAMETRIC_REPRESENTATION_CONTEXT() REPRESENTATION_CONTEXT('2D SPACE',''
  ) );
#7379 = ORIENTED_EDGE('',*,*,#6119,.T.);
#7380 = ORIENTED_EDGE('',*,*,#7305,.F.);
#7381 = ORIENTED_EDGE('',*,*,#4337,.F.);
#7382 = ADVANCED_FACE('',(#7383),#3233,.T.);
#7383 = FACE_BOUND('',#7384,.T.);
#7384 = EDGE_LOOP('',(#7385,#7386,#7387,#7408));
#7385 = ORIENTED_EDGE('',*,*,#7334,.T.);
#7386 = ORIENTED_EDGE('',*,*,#5199,.T.);
#7387 = ORIENTED_EDGE('',*,*,#7388,.F.);
#7388 = EDGE_CURVE('',#3218,#5200,#7389,.T.);
#7389 = SURFACE_CURVE('',#7390,(#7394,#7401),.PCURVE_S1.);
#7390 = LINE('',#7391,#7392);
#7391 = CARTESIAN_POINT('',(38.136296694844,6.,-212.0352761804));
#7392 = VECTOR('',#7393,1.);
#7393 = DIRECTION('',(0.,-1.,1.110223024625E-16));
#7394 = PCURVE('',#3233,#7395);
#7395 = DEFINITIONAL_REPRESENTATION('',(#7396),#7400);
#7396 = LINE('',#7397,#7398);
#7397 = CARTESIAN_POINT('',(0.523225033841,5.697347166599E-17));
#7398 = VECTOR('',#7399,1.);
#7399 = DIRECTION('',(0.,-1.));
#7400 = ( GEOMETRIC_REPRESENTATION_CONTEXT(2) 
PARAMETRIC_REPRESENTATION_CONTEXT() REPRESENTATION_CONTEXT('2D SPACE',''
  ) );
#7401 = PCURVE('',#3261,#7402);
#7402 = DEFINITIONAL_REPRESENTATION('',(#7403),#7407);
#7403 = LINE('',#7404,#7405);
#7404 = CARTESIAN_POINT('',(0.,0.));
#7405 = VECTOR('',#7406,1.);
#7406 = DIRECTION('',(0.,-1.));
#7407 = ( GEOMETRIC_REPRESENTATION_CONTEXT(2) 
PARAMETRIC_REPRESENTATION_CONTEXT() REPRESENTATION_CONTEXT('2D SPACE',''
  ) );
#7408 = ORIENTED_EDGE('',*,*,#3217,.F.);
#7409 = ADVANCED_FACE('',(#7410),#4325,.T.);
#7410 = FACE_BOUND('',#7411,.T.);
#7411 = EDGE_LOOP('',(#7412,#7433,#7434,#7435));
#7412 = ORIENTED_EDGE('',*,*,#7413,.T.);
#7413 = EDGE_CURVE('',#4282,#6074,#7414,.T.);
#7414 = SURFACE_CURVE('',#7415,(#7419,#7426),.PCURVE_S1.);
#7415 = LINE('',#7416,#7417);
#7416 = CARTESIAN_POINT('',(16.355216392737,6.,-275.4983280032));
#7417 = VECTOR('',#7418,1.);
#7418 = DIRECTION('',(0.,-1.,1.110223024625E-16));
#7419 = PCURVE('',#4325,#7420);
#7420 = DEFINITIONAL_REPRESENTATION('',(#7421),#7425);
#7421 = LINE('',#7422,#7423);
#7422 = CARTESIAN_POINT('',(-0.,0.));
#7423 = VECTOR('',#7424,1.);
#7424 = DIRECTION('',(0.,-1.));
#7425 = ( GEOMETRIC_REPRESENTATION_CONTEXT(2) 
PARAMETRIC_REPRESENTATION_CONTEXT() REPRESENTATION_CONTEXT('2D SPACE',''
  ) );
#7426 = PCURVE('',#4297,#7427);
#7427 = DEFINITIONAL_REPRESENTATION('',(#7428),#7432);
#7428 = LINE('',#7429,#7430);
#7429 = CARTESIAN_POINT('',(0.526707006935,5.26360697335E-17));
#7430 = VECTOR('',#7431,1.);
#7431 = DIRECTION('',(0.,-1.));
#7432 = ( GEOMETRIC_REPRESENTATION_CONTEXT(2) 
PARAMETRIC_REPRESENTATION_CONTEXT() REPRESENTATION_CONTEXT('2D SPACE',''
  ) );
#7433 = ORIENTED_EDGE('',*,*,#6096,.T.);
#7434 = ORIENTED_EDGE('',*,*,#7359,.F.);
#7435 = ORIENTED_EDGE('',*,*,#4309,.F.);
#7436 = ADVANCED_FACE('',(#7437),#3261,.T.);
#7437 = FACE_BOUND('',#7438,.T.);
#7438 = EDGE_LOOP('',(#7439,#7440,#7441,#7462));
#7439 = ORIENTED_EDGE('',*,*,#7388,.T.);
#7440 = ORIENTED_EDGE('',*,*,#5222,.T.);
#7441 = ORIENTED_EDGE('',*,*,#7442,.F.);
#7442 = EDGE_CURVE('',#3246,#5223,#7443,.T.);
#7443 = SURFACE_CURVE('',#7444,(#7448,#7455),.PCURVE_S1.);
#7444 = LINE('',#7445,#7446);
#7445 = CARTESIAN_POINT('',(38.304481869955,6.,-212.5307337294));
#7446 = VECTOR('',#7447,1.);
#7447 = DIRECTION('',(0.,-1.,1.110223024625E-16));
#7448 = PCURVE('',#3261,#7449);
#7449 = DEFINITIONAL_REPRESENTATION('',(#7450),#7454);
#7450 = LINE('',#7451,#7452);
#7451 = CARTESIAN_POINT('',(0.523225033841,5.5006837868E-17));
#7452 = VECTOR('',#7453,1.);
#7453 = DIRECTION('',(0.,-1.));
#7454 = ( GEOMETRIC_REPRESENTATION_CONTEXT(2) 
PARAMETRIC_REPRESENTATION_CONTEXT() REPRESENTATION_CONTEXT('2D SPACE',''
  ) );
#7455 = PCURVE('',#3289,#7456);
#7456 = DEFINITIONAL_REPRESENTATION('',(#7457),#7461);
#7457 = LINE('',#7458,#7459);
#7458 = CARTESIAN_POINT('',(0.,0.));
#7459 = VECTOR('',#7460,1.);
#7460 = DIRECTION('',(0.,-1.));
#7461 = ( GEOMETRIC_REPRESENTATION_CONTEXT(2) 
PARAMETRIC_REPRESENTATION_CONTEXT() REPRESENTATION_CONTEXT('2D SPACE',''
  ) );
#7462 = ORIENTED_EDGE('',*,*,#3245,.F.);
#7463 = ADVANCED_FACE('',(#7464),#4297,.T.);
#7464 = FACE_BOUND('',#7465,.T.);
#7465 = EDGE_LOOP('',(#7466,#7487,#7488,#7489));
#7466 = ORIENTED_EDGE('',*,*,#7467,.T.);
#7467 = EDGE_CURVE('',#4254,#6051,#7468,.T.);
#7468 = SURFACE_CURVE('',#7469,(#7473,#7480),.PCURVE_S1.);
#7469 = LINE('',#7470,#7471);
#7470 = CARTESIAN_POINT('',(16.58466372415,6.,-275.0242244351));
#7471 = VECTOR('',#7472,1.);
#7472 = DIRECTION('',(0.,-1.,1.110223024625E-16));
#7473 = PCURVE('',#4297,#7474);
#7474 = DEFINITIONAL_REPRESENTATION('',(#7475),#7479);
#7475 = LINE('',#7476,#7477);
#7476 = CARTESIAN_POINT('',(-0.,0.));
#7477 = VECTOR('',#7478,1.);
#7478 = DIRECTION('',(0.,-1.));
#7479 = ( GEOMETRIC_REPRESENTATION_CONTEXT(2) 
PARAMETRIC_REPRESENTATION_CONTEXT() REPRESENTATION_CONTEXT('2D SPACE',''
  ) );
#7480 = PCURVE('',#4269,#7481);
#7481 = DEFINITIONAL_REPRESENTATION('',(#7482),#7486);
#7482 = LINE('',#7483,#7484);
#7483 = CARTESIAN_POINT('',(0.526707006935,-8.39345697832E-16));
#7484 = VECTOR('',#7485,1.);
#7485 = DIRECTION('',(0.,-1.));
#7486 = ( GEOMETRIC_REPRESENTATION_CONTEXT(2) 
PARAMETRIC_REPRESENTATION_CONTEXT() REPRESENTATION_CONTEXT('2D SPACE',''
  ) );
#7487 = ORIENTED_EDGE('',*,*,#6073,.T.);
#7488 = ORIENTED_EDGE('',*,*,#7413,.F.);
#7489 = ORIENTED_EDGE('',*,*,#4281,.F.);
#7490 = ADVANCED_FACE('',(#7491),#3289,.T.);
#7491 = FACE_BOUND('',#7492,.T.);
#7492 = EDGE_LOOP('',(#7493,#7494,#7495,#7516));
#7493 = ORIENTED_EDGE('',*,*,#7442,.T.);
#7494 = ORIENTED_EDGE('',*,*,#5245,.T.);
#7495 = ORIENTED_EDGE('',*,*,#7496,.F.);
#7496 = EDGE_CURVE('',#3274,#5246,#7497,.T.);
#7497 = SURFACE_CURVE('',#7498,(#7502,#7509),.PCURVE_S1.);
#7498 = LINE('',#7499,#7500);
#7499 = CARTESIAN_POINT('',(38.535898384862,6.,-213.));
#7500 = VECTOR('',#7501,1.);
#7501 = DIRECTION('',(0.,-1.,1.110223024625E-16));
#7502 = PCURVE('',#3289,#7503);
#7503 = DEFINITIONAL_REPRESENTATION('',(#7504),#7508);
#7504 = LINE('',#7505,#7506);
#7505 = CARTESIAN_POINT('',(0.523225033841,5.209902182331E-17));
#7506 = VECTOR('',#7507,1.);
#7507 = DIRECTION('',(0.,-1.));
#7508 = ( GEOMETRIC_REPRESENTATION_CONTEXT(2) 
PARAMETRIC_REPRESENTATION_CONTEXT() REPRESENTATION_CONTEXT('2D SPACE',''
  ) );
#7509 = PCURVE('',#3317,#7510);
#7510 = DEFINITIONAL_REPRESENTATION('',(#7511),#7515);
#7511 = LINE('',#7512,#7513);
#7512 = CARTESIAN_POINT('',(0.,0.));
#7513 = VECTOR('',#7514,1.);
#7514 = DIRECTION('',(0.,-1.));
#7515 = ( GEOMETRIC_REPRESENTATION_CONTEXT(2) 
PARAMETRIC_REPRESENTATION_CONTEXT() REPRESENTATION_CONTEXT('2D SPACE',''
  ) );
#7516 = ORIENTED_EDGE('',*,*,#3273,.F.);
#7517 = ADVANCED_FACE('',(#7518),#4269,.T.);
#7518 = FACE_BOUND('',#7519,.T.);
#7519 = EDGE_LOOP('',(#7520,#7541,#7542,#7543));
#7520 = ORIENTED_EDGE('',*,*,#7521,.T.);
#7521 = EDGE_CURVE('',#4226,#6028,#7522,.T.);
#7522 = SURFACE_CURVE('',#7523,(#7527,#7534),.PCURVE_S1.);
#7523 = LINE('',#7524,#7525);
#7524 = CARTESIAN_POINT('',(16.874414855572,6.,-274.5843783791));
#7525 = VECTOR('',#7526,1.);
#7526 = DIRECTION('',(0.,-1.,1.110223024625E-16));
#7527 = PCURVE('',#4269,#7528);
#7528 = DEFINITIONAL_REPRESENTATION('',(#7529),#7533);
#7529 = LINE('',#7530,#7531);
#7530 = CARTESIAN_POINT('',(-0.,0.));
#7531 = VECTOR('',#7532,1.);
#7532 = DIRECTION('',(0.,-1.));
#7533 = ( GEOMETRIC_REPRESENTATION_CONTEXT(2) 
PARAMETRIC_REPRESENTATION_CONTEXT() REPRESENTATION_CONTEXT('2D SPACE',''
  ) );
#7534 = PCURVE('',#4241,#7535);
#7535 = DEFINITIONAL_REPRESENTATION('',(#7536),#7540);
#7536 = LINE('',#7537,#7538);
#7537 = CARTESIAN_POINT('',(0.526707006935,4.418267481895E-17));
#7538 = VECTOR('',#7539,1.);
#7539 = DIRECTION('',(0.,-1.));
#7540 = ( GEOMETRIC_REPRESENTATION_CONTEXT(2) 
PARAMETRIC_REPRESENTATION_CONTEXT() REPRESENTATION_CONTEXT('2D SPACE',''
  ) );
#7541 = ORIENTED_EDGE('',*,*,#6050,.T.);
#7542 = ORIENTED_EDGE('',*,*,#7467,.F.);
#7543 = ORIENTED_EDGE('',*,*,#4253,.F.);
#7544 = ADVANCED_FACE('',(#7545),#3317,.T.);
#7545 = FACE_BOUND('',#7546,.T.);
#7546 = EDGE_LOOP('',(#7547,#7548,#7549,#7570));
#7547 = ORIENTED_EDGE('',*,*,#7496,.T.);
#7548 = ORIENTED_EDGE('',*,*,#5268,.T.);
#7549 = ORIENTED_EDGE('',*,*,#7550,.F.);
#7550 = EDGE_CURVE('',#3302,#5269,#7551,.T.);
#7551 = SURFACE_CURVE('',#7552,(#7556,#7563),.PCURVE_S1.);
#7552 = LINE('',#7553,#7554);
#7553 = CARTESIAN_POINT('',(38.826586638835,6.,-213.435045716));
#7554 = VECTOR('',#7555,1.);
#7555 = DIRECTION('',(0.,-1.,1.110223024625E-16));
#7556 = PCURVE('',#3317,#7557);
#7557 = DEFINITIONAL_REPRESENTATION('',(#7558),#7562);
#7558 = LINE('',#7559,#7560);
#7559 = CARTESIAN_POINT('',(0.523225033841,4.829977707065E-17));
#7560 = VECTOR('',#7561,1.);
#7561 = DIRECTION('',(0.,-1.));
#7562 = ( GEOMETRIC_REPRESENTATION_CONTEXT(2) 
PARAMETRIC_REPRESENTATION_CONTEXT() REPRESENTATION_CONTEXT('2D SPACE',''
  ) );
#7563 = PCURVE('',#3345,#7564);
#7564 = DEFINITIONAL_REPRESENTATION('',(#7565),#7569);
#7565 = LINE('',#7566,#7567);
#7566 = CARTESIAN_POINT('',(0.,0.));
#7567 = VECTOR('',#7568,1.);
#7568 = DIRECTION('',(0.,-1.));
#7569 = ( GEOMETRIC_REPRESENTATION_CONTEXT(2) 
PARAMETRIC_REPRESENTATION_CONTEXT() REPRESENTATION_CONTEXT('2D SPACE',''
  ) );
#7570 = ORIENTED_EDGE('',*,*,#3301,.F.);
#7571 = ADVANCED_FACE('',(#7572),#4241,.T.);
#7572 = FACE_BOUND('',#7573,.T.);
#7573 = EDGE_LOOP('',(#7574,#7595,#7596,#7597));
#7574 = ORIENTED_EDGE('',*,*,#7575,.T.);
#7575 = EDGE_CURVE('',#4198,#6005,#7576,.T.);
#7576 = SURFACE_CURVE('',#7577,(#7581,#7588),.PCURVE_S1.);
#7577 = LINE('',#7578,#7579);
#7578 = CARTESIAN_POINT('',(17.219445859663,6.,-274.1864162234));
#7579 = VECTOR('',#7580,1.);
#7580 = DIRECTION('',(0.,-1.,1.110223024625E-16));
#7581 = PCURVE('',#4241,#7582);
#7582 = DEFINITIONAL_REPRESENTATION('',(#7583),#7587);
#7583 = LINE('',#7584,#7585);
#7584 = CARTESIAN_POINT('',(-0.,0.));
#7585 = VECTOR('',#7586,1.);
#7586 = DIRECTION('',(0.,-1.));
#7587 = ( GEOMETRIC_REPRESENTATION_CONTEXT(2) 
PARAMETRIC_REPRESENTATION_CONTEXT() REPRESENTATION_CONTEXT('2D SPACE',''
  ) );
#7588 = PCURVE('',#4213,#7589);
#7589 = DEFINITIONAL_REPRESENTATION('',(#7590),#7594);
#7590 = LINE('',#7591,#7592);
#7591 = CARTESIAN_POINT('',(0.526707006935,3.876655466797E-17));
#7592 = VECTOR('',#7593,1.);
#7593 = DIRECTION('',(0.,-1.));
#7594 = ( GEOMETRIC_REPRESENTATION_CONTEXT(2) 
PARAMETRIC_REPRESENTATION_CONTEXT() REPRESENTATION_CONTEXT('2D SPACE',''
  ) );
#7595 = ORIENTED_EDGE('',*,*,#6027,.T.);
#7596 = ORIENTED_EDGE('',*,*,#7521,.F.);
#7597 = ORIENTED_EDGE('',*,*,#4225,.F.);
#7598 = ADVANCED_FACE('',(#7599),#3345,.T.);
#7599 = FACE_BOUND('',#7600,.T.);
#7600 = EDGE_LOOP('',(#7601,#7602,#7603,#7624));
#7601 = ORIENTED_EDGE('',*,*,#7550,.T.);
#7602 = ORIENTED_EDGE('',*,*,#5291,.T.);
#7603 = ORIENTED_EDGE('',*,*,#7604,.F.);
#7604 = EDGE_CURVE('',#3330,#5292,#7605,.T.);
#7605 = SURFACE_CURVE('',#7606,(#7610,#7617),.PCURVE_S1.);
#7606 = LINE('',#7607,#7608);
#7607 = CARTESIAN_POINT('',(39.171572875254,6.,-213.8284271247));
#7608 = VECTOR('',#7609,1.);
#7609 = DIRECTION('',(0.,-1.,1.110223024625E-16));
#7610 = PCURVE('',#3345,#7611);
#7611 = DEFINITIONAL_REPRESENTATION('',(#7612),#7616);
#7612 = LINE('',#7613,#7614);
#7613 = CARTESIAN_POINT('',(0.523225033841,4.367410974108E-17));
#7614 = VECTOR('',#7615,1.);
#7615 = DIRECTION('',(0.,-1.));
#7616 = ( GEOMETRIC_REPRESENTATION_CONTEXT(2) 
PARAMETRIC_REPRESENTATION_CONTEXT() REPRESENTATION_CONTEXT('2D SPACE',''
  ) );
#7617 = PCURVE('',#3373,#7618);
#7618 = DEFINITIONAL_REPRESENTATION('',(#7619),#7623);
#7619 = LINE('',#7620,#7621);
#7620 = CARTESIAN_POINT('',(0.,0.));
#7621 = VECTOR('',#7622,1.);
#7622 = DIRECTION('',(0.,-1.));
#7623 = ( GEOMETRIC_REPRESENTATION_CONTEXT(2) 
PARAMETRIC_REPRESENTATION_CONTEXT() REPRESENTATION_CONTEXT('2D SPACE',''
  ) );
#7624 = ORIENTED_EDGE('',*,*,#3329,.F.);
#7625 = ADVANCED_FACE('',(#7626),#4213,.T.);
#7626 = FACE_BOUND('',#7627,.T.);
#7627 = EDGE_LOOP('',(#7628,#7649,#7650,#7651));
#7628 = ORIENTED_EDGE('',*,*,#7629,.T.);
#7629 = EDGE_CURVE('',#4170,#5982,#7630,.T.);
#7630 = SURFACE_CURVE('',#7631,(#7635,#7642),.PCURVE_S1.);
#7631 = LINE('',#7632,#7633);
#7632 = CARTESIAN_POINT('',(17.613774324253,6.,-273.8372381411));
#7633 = VECTOR('',#7634,1.);
#7634 = DIRECTION('',(0.,-1.,1.110223024625E-16));
#7635 = PCURVE('',#4213,#7636);
#7636 = DEFINITIONAL_REPRESENTATION('',(#7637),#7641);
#7637 = LINE('',#7638,#7639);
#7638 = CARTESIAN_POINT('',(-0.,0.));
#7639 = VECTOR('',#7640,1.);
#7640 = DIRECTION('',(0.,-1.));
#7641 = ( GEOMETRIC_REPRESENTATION_CONTEXT(2) 
PARAMETRIC_REPRESENTATION_CONTEXT() REPRESENTATION_CONTEXT('2D SPACE',''
  ) );
#7642 = PCURVE('',#4185,#7643);
#7643 = DEFINITIONAL_REPRESENTATION('',(#7644),#7648);
#7644 = LINE('',#7645,#7646);
#7645 = CARTESIAN_POINT('',(0.526707006935,3.267827026025E-17));
#7646 = VECTOR('',#7647,1.);
#7647 = DIRECTION('',(0.,-1.));
#7648 = ( GEOMETRIC_REPRESENTATION_CONTEXT(2) 
PARAMETRIC_REPRESENTATION_CONTEXT() REPRESENTATION_CONTEXT('2D SPACE',''
  ) );
#7649 = ORIENTED_EDGE('',*,*,#6004,.T.);
#7650 = ORIENTED_EDGE('',*,*,#7575,.F.);
#7651 = ORIENTED_EDGE('',*,*,#4197,.F.);
#7652 = ADVANCED_FACE('',(#7653),#3373,.T.);
#7653 = FACE_BOUND('',#7654,.T.);
#7654 = EDGE_LOOP('',(#7655,#7656,#7657,#7678));
#7655 = ORIENTED_EDGE('',*,*,#7604,.T.);
#7656 = ORIENTED_EDGE('',*,*,#5314,.T.);
#7657 = ORIENTED_EDGE('',*,*,#7658,.F.);
#7658 = EDGE_CURVE('',#3358,#5315,#7659,.T.);
#7659 = SURFACE_CURVE('',#7660,(#7664,#7671),.PCURVE_S1.);
#7660 = LINE('',#7661,#7662);
#7661 = CARTESIAN_POINT('',(39.564954283965,6.,-214.1734133611));
#7662 = VECTOR('',#7663,1.);
#7663 = DIRECTION('',(0.,-1.,1.110223024625E-16));
#7664 = PCURVE('',#3373,#7665);
#7665 = DEFINITIONAL_REPRESENTATION('',(#7666),#7670);
#7666 = LINE('',#7667,#7668);
#7667 = CARTESIAN_POINT('',(0.523225033841,3.830116628509E-17));
#7668 = VECTOR('',#7669,1.);
#7669 = DIRECTION('',(0.,-1.));
#7670 = ( GEOMETRIC_REPRESENTATION_CONTEXT(2) 
PARAMETRIC_REPRESENTATION_CONTEXT() REPRESENTATION_CONTEXT('2D SPACE',''
  ) );
#7671 = PCURVE('',#3401,#7672);
#7672 = DEFINITIONAL_REPRESENTATION('',(#7673),#7677);
#7673 = LINE('',#7674,#7675);
#7674 = CARTESIAN_POINT('',(0.,0.));
#7675 = VECTOR('',#7676,1.);
#7676 = DIRECTION('',(0.,-1.));
#7677 = ( GEOMETRIC_REPRESENTATION_CONTEXT(2) 
PARAMETRIC_REPRESENTATION_CONTEXT() REPRESENTATION_CONTEXT('2D SPACE',''
  ) );
#7678 = ORIENTED_EDGE('',*,*,#3357,.F.);
#7679 = ADVANCED_FACE('',(#7680),#4185,.T.);
#7680 = FACE_BOUND('',#7681,.T.);
#7681 = EDGE_LOOP('',(#7682,#7703,#7704,#7705));
#7682 = ORIENTED_EDGE('',*,*,#7683,.T.);
#7683 = EDGE_CURVE('',#4142,#5959,#7684,.T.);
#7684 = SURFACE_CURVE('',#7685,(#7689,#7696),.PCURVE_S1.);
#7685 = LINE('',#7686,#7687);
#7686 = CARTESIAN_POINT('',(18.050563079995,6.,-273.5428984496));
#7687 = VECTOR('',#7688,1.);
#7688 = DIRECTION('',(0.,-1.,1.110223024625E-16));
#7689 = PCURVE('',#4185,#7690);
#7690 = DEFINITIONAL_REPRESENTATION('',(#7691),#7695);
#7691 = LINE('',#7692,#7693);
#7692 = CARTESIAN_POINT('',(-0.,0.));
#7693 = VECTOR('',#7694,1.);
#7694 = DIRECTION('',(0.,-1.));
#7695 = ( GEOMETRIC_REPRESENTATION_CONTEXT(2) 
PARAMETRIC_REPRESENTATION_CONTEXT() REPRESENTATION_CONTEXT('2D SPACE',''
  ) );
#7696 = PCURVE('',#4157,#7697);
#7697 = DEFINITIONAL_REPRESENTATION('',(#7698),#7702);
#7698 = LINE('',#7699,#7700);
#7699 = CARTESIAN_POINT('',(0.526707006935,2.602338494025E-17));
#7700 = VECTOR('',#7701,1.);
#7701 = DIRECTION('',(0.,-1.));
#7702 = ( GEOMETRIC_REPRESENTATION_CONTEXT(2) 
PARAMETRIC_REPRESENTATION_CONTEXT() REPRESENTATION_CONTEXT('2D SPACE',''
  ) );
#7703 = ORIENTED_EDGE('',*,*,#5981,.T.);
#7704 = ORIENTED_EDGE('',*,*,#7629,.F.);
#7705 = ORIENTED_EDGE('',*,*,#4169,.F.);
#7706 = ADVANCED_FACE('',(#7707),#3401,.T.);
#7707 = FACE_BOUND('',#7708,.T.);
#7708 = EDGE_LOOP('',(#7709,#7710,#7711,#7732));
#7709 = ORIENTED_EDGE('',*,*,#7658,.T.);
#7710 = ORIENTED_EDGE('',*,*,#5337,.T.);
#7711 = ORIENTED_EDGE('',*,*,#7712,.F.);
#7712 = EDGE_CURVE('',#3386,#5338,#7713,.T.);
#7713 = SURFACE_CURVE('',#7714,(#7718,#7725),.PCURVE_S1.);
#7714 = LINE('',#7715,#7716);
#7715 = CARTESIAN_POINT('',(40.,6.,-214.4641016151));
#7716 = VECTOR('',#7717,1.);
#7717 = DIRECTION('',(0.,-1.,1.110223024625E-16));
#7718 = PCURVE('',#3401,#7719);
#7719 = DEFINITIONAL_REPRESENTATION('',(#7720),#7724);
#7720 = LINE('',#7721,#7722);
#7721 = CARTESIAN_POINT('',(0.523225033841,3.227287925487E-17));
#7722 = VECTOR('',#7723,1.);
#7723 = DIRECTION('',(0.,-1.));
#7724 = ( GEOMETRIC_REPRESENTATION_CONTEXT(2) 
PARAMETRIC_REPRESENTATION_CONTEXT() REPRESENTATION_CONTEXT('2D SPACE',''
  ) );
#7725 = PCURVE('',#3429,#7726);
#7726 = DEFINITIONAL_REPRESENTATION('',(#7727),#7731);
#7727 = LINE('',#7728,#7729);
#7728 = CARTESIAN_POINT('',(0.,0.));
#7729 = VECTOR('',#7730,1.);
#7730 = DIRECTION('',(0.,-1.));
#7731 = ( GEOMETRIC_REPRESENTATION_CONTEXT(2) 
PARAMETRIC_REPRESENTATION_CONTEXT() REPRESENTATION_CONTEXT('2D SPACE',''
  ) );
#7732 = ORIENTED_EDGE('',*,*,#3385,.F.);
#7733 = ADVANCED_FACE('',(#7734),#4157,.T.);
#7734 = FACE_BOUND('',#7735,.T.);
#7735 = EDGE_LOOP('',(#7736,#7757,#7758,#7759));
#7736 = ORIENTED_EDGE('',*,*,#7737,.T.);
#7737 = EDGE_CURVE('',#4114,#5936,#7738,.T.);
#7738 = SURFACE_CURVE('',#7739,(#7743,#7750),.PCURVE_S1.);
#7739 = LINE('',#7740,#7741);
#7740 = CARTESIAN_POINT('',(18.522238748447,6.,-273.3085006361));
#7741 = VECTOR('',#7742,1.);
#7742 = DIRECTION('',(0.,-1.,1.110223024625E-16));
#7743 = PCURVE('',#4157,#7744);
#7744 = DEFINITIONAL_REPRESENTATION('',(#7745),#7749);
#7745 = LINE('',#7746,#7747);
#7746 = CARTESIAN_POINT('',(-0.,0.));
#7747 = VECTOR('',#7748,1.);
#7748 = DIRECTION('',(0.,-1.));
#7749 = ( GEOMETRIC_REPRESENTATION_CONTEXT(2) 
PARAMETRIC_REPRESENTATION_CONTEXT() REPRESENTATION_CONTEXT('2D SPACE',''
  ) );
#7750 = PCURVE('',#4129,#7751);
#7751 = DEFINITIONAL_REPRESENTATION('',(#7752),#7756);
#7752 = LINE('',#7753,#7754);
#7753 = CARTESIAN_POINT('',(0.526707006935,1.891728621359E-17));
#7754 = VECTOR('',#7755,1.);
#7755 = DIRECTION('',(0.,-1.));
#7756 = ( GEOMETRIC_REPRESENTATION_CONTEXT(2) 
PARAMETRIC_REPRESENTATION_CONTEXT() REPRESENTATION_CONTEXT('2D SPACE',''
  ) );
#7757 = ORIENTED_EDGE('',*,*,#5958,.T.);
#7758 = ORIENTED_EDGE('',*,*,#7683,.F.);
#7759 = ORIENTED_EDGE('',*,*,#4141,.F.);
#7760 = ADVANCED_FACE('',(#7761),#3429,.T.);
#7761 = FACE_BOUND('',#7762,.T.);
#7762 = EDGE_LOOP('',(#7763,#7764,#7765,#7786));
#7763 = ORIENTED_EDGE('',*,*,#7712,.T.);
#7764 = ORIENTED_EDGE('',*,*,#5360,.T.);
#7765 = ORIENTED_EDGE('',*,*,#7766,.F.);
#7766 = EDGE_CURVE('',#3414,#5361,#7767,.T.);
#7767 = SURFACE_CURVE('',#7768,(#7772,#7779),.PCURVE_S1.);
#7768 = LINE('',#7769,#7770);
#7769 = CARTESIAN_POINT('',(40.46926627054,6.,-214.69551813));
#7770 = VECTOR('',#7771,1.);
#7771 = DIRECTION('',(0.,-1.,1.110223024625E-16));
#7772 = PCURVE('',#3429,#7773);
#7773 = DEFINITIONAL_REPRESENTATION('',(#7774),#7778);
#7774 = LINE('',#7775,#7776);
#7775 = CARTESIAN_POINT('',(0.523225033841,2.569239431287E-17));
#7776 = VECTOR('',#7777,1.);
#7777 = DIRECTION('',(0.,-1.));
#7778 = ( GEOMETRIC_REPRESENTATION_CONTEXT(2) 
PARAMETRIC_REPRESENTATION_CONTEXT() REPRESENTATION_CONTEXT('2D SPACE',''
  ) );
#7779 = PCURVE('',#3457,#7780);
#7780 = DEFINITIONAL_REPRESENTATION('',(#7781),#7785);
#7781 = LINE('',#7782,#7783);
#7782 = CARTESIAN_POINT('',(0.,0.));
#7783 = VECTOR('',#7784,1.);
#7784 = DIRECTION('',(0.,-1.));
#7785 = ( GEOMETRIC_REPRESENTATION_CONTEXT(2) 
PARAMETRIC_REPRESENTATION_CONTEXT() REPRESENTATION_CONTEXT('2D SPACE',''
  ) );
#7786 = ORIENTED_EDGE('',*,*,#3413,.F.);
#7787 = ADVANCED_FACE('',(#7788),#4129,.T.);
#7788 = FACE_BOUND('',#7789,.T.);
#7789 = EDGE_LOOP('',(#7790,#7811,#7812,#7813));
#7790 = ORIENTED_EDGE('',*,*,#7791,.T.);
#7791 = EDGE_CURVE('',#4086,#5913,#7792,.T.);
#7792 = SURFACE_CURVE('',#7793,(#7797,#7804),.PCURVE_S1.);
#7793 = LINE('',#7794,#7795);
#7794 = CARTESIAN_POINT('',(19.020623055119,6.,-273.1381088698));
#7795 = VECTOR('',#7796,1.);
#7796 = DIRECTION('',(0.,-1.,1.110223024625E-16));
#7797 = PCURVE('',#4129,#7798);
#7798 = DEFINITIONAL_REPRESENTATION('',(#7799),#7803);
#7799 = LINE('',#7800,#7801);
#7800 = CARTESIAN_POINT('',(-0.,0.));
#7801 = VECTOR('',#7802,1.);
#7802 = DIRECTION('',(0.,-1.));
#7803 = ( GEOMETRIC_REPRESENTATION_CONTEXT(2) 
PARAMETRIC_REPRESENTATION_CONTEXT() REPRESENTATION_CONTEXT('2D SPACE',''
  ) );
#7804 = PCURVE('',#4101,#7805);
#7805 = DEFINITIONAL_REPRESENTATION('',(#7806),#7810);
#7806 = LINE('',#7807,#7808);
#7807 = CARTESIAN_POINT('',(0.526707006935,1.148318507E-17));
#7808 = VECTOR('',#7809,1.);
#7809 = DIRECTION('',(0.,-1.));
#7810 = ( GEOMETRIC_REPRESENTATION_CONTEXT(2) 
PARAMETRIC_REPRESENTATION_CONTEXT() REPRESENTATION_CONTEXT('2D SPACE',''
  ) );
#7811 = ORIENTED_EDGE('',*,*,#5935,.T.);
#7812 = ORIENTED_EDGE('',*,*,#7737,.F.);
#7813 = ORIENTED_EDGE('',*,*,#4113,.F.);
#7814 = ADVANCED_FACE('',(#7815),#3457,.T.);
#7815 = FACE_BOUND('',#7816,.T.);
#7816 = EDGE_LOOP('',(#7817,#7818,#7819,#7840));
#7817 = ORIENTED_EDGE('',*,*,#7766,.T.);
#7818 = ORIENTED_EDGE('',*,*,#5383,.T.);
#7819 = ORIENTED_EDGE('',*,*,#7820,.F.);
#7820 = EDGE_CURVE('',#3442,#5384,#7821,.T.);
#7821 = SURFACE_CURVE('',#7822,(#7826,#7833),.PCURVE_S1.);
#7822 = LINE('',#7823,#7824);
#7823 = CARTESIAN_POINT('',(40.96472381959,6.,-214.8637033051));
#7824 = VECTOR('',#7825,1.);
#7825 = DIRECTION('',(0.,-1.,1.110223024625E-16));
#7826 = PCURVE('',#3457,#7827);
#7827 = DEFINITIONAL_REPRESENTATION('',(#7828),#7832);
#7828 = LINE('',#7829,#7830);
#7829 = CARTESIAN_POINT('',(0.523225033841,1.86723053809E-17));
#7830 = VECTOR('',#7831,1.);
#7831 = DIRECTION('',(0.,-1.));
#7832 = ( GEOMETRIC_REPRESENTATION_CONTEXT(2) 
PARAMETRIC_REPRESENTATION_CONTEXT() REPRESENTATION_CONTEXT('2D SPACE',''
  ) );
#7833 = PCURVE('',#3485,#7834);
#7834 = DEFINITIONAL_REPRESENTATION('',(#7835),#7839);
#7835 = LINE('',#7836,#7837);
#7836 = CARTESIAN_POINT('',(0.,0.));
#7837 = VECTOR('',#7838,1.);
#7838 = DIRECTION('',(0.,-1.));
#7839 = ( GEOMETRIC_REPRESENTATION_CONTEXT(2) 
PARAMETRIC_REPRESENTATION_CONTEXT() REPRESENTATION_CONTEXT('2D SPACE',''
  ) );
#7840 = ORIENTED_EDGE('',*,*,#3441,.F.);
#7841 = ADVANCED_FACE('',(#7842),#4101,.T.);
#7842 = FACE_BOUND('',#7843,.T.);
#7843 = EDGE_LOOP('',(#7844,#7865,#7866,#7867));
#7844 = ORIENTED_EDGE('',*,*,#7845,.T.);
#7845 = EDGE_CURVE('',#4058,#5890,#7846,.T.);
#7846 = SURFACE_CURVE('',#7847,(#7851,#7858),.PCURVE_S1.);
#7847 = LINE('',#7848,#7849);
#7848 = CARTESIAN_POINT('',(19.537074630668,6.,-273.0346775338));
#7849 = VECTOR('',#7850,1.);
#7850 = DIRECTION('',(0.,-1.,1.110223024625E-16));
#7851 = PCURVE('',#4101,#7852);
#7852 = DEFINITIONAL_REPRESENTATION('',(#7853),#7857);
#7853 = LINE('',#7854,#7855);
#7854 = CARTESIAN_POINT('',(-0.,0.));
#7855 = VECTOR('',#7856,1.);
#7856 = DIRECTION('',(0.,-1.));
#7857 = ( GEOMETRIC_REPRESENTATION_CONTEXT(2) 
PARAMETRIC_REPRESENTATION_CONTEXT() REPRESENTATION_CONTEXT('2D SPACE',''
  ) );
#7858 = PCURVE('',#4073,#7859);
#7859 = DEFINITIONAL_REPRESENTATION('',(#7860),#7864);
#7860 = LINE('',#7861,#7862);
#7861 = CARTESIAN_POINT('',(0.526707006935,3.849979656673E-18));
#7862 = VECTOR('',#7863,1.);
#7863 = DIRECTION('',(0.,-1.));
#7864 = ( GEOMETRIC_REPRESENTATION_CONTEXT(2) 
PARAMETRIC_REPRESENTATION_CONTEXT() REPRESENTATION_CONTEXT('2D SPACE',''
  ) );
#7865 = ORIENTED_EDGE('',*,*,#5912,.T.);
#7866 = ORIENTED_EDGE('',*,*,#7791,.F.);
#7867 = ORIENTED_EDGE('',*,*,#4085,.F.);
#7868 = ADVANCED_FACE('',(#7869),#3485,.T.);
#7869 = FACE_BOUND('',#7870,.T.);
#7870 = EDGE_LOOP('',(#7871,#7872,#7873,#7894));
#7871 = ORIENTED_EDGE('',*,*,#7820,.T.);
#7872 = ORIENTED_EDGE('',*,*,#5406,.T.);
#7873 = ORIENTED_EDGE('',*,*,#7874,.F.);
#7874 = EDGE_CURVE('',#3470,#5407,#7875,.T.);
#7875 = SURFACE_CURVE('',#7876,(#7880,#7887),.PCURVE_S1.);
#7876 = LINE('',#7877,#7878);
#7877 = CARTESIAN_POINT('',(41.47789523112,6.,-214.9657794454));
#7878 = VECTOR('',#7879,1.);
#7879 = DIRECTION('',(0.,-1.,1.110223024625E-16));
#7880 = PCURVE('',#3485,#7881);
#7881 = DEFINITIONAL_REPRESENTATION('',(#7882),#7886);
#7882 = LINE('',#7883,#7884);
#7883 = CARTESIAN_POINT('',(0.523225033841,1.133272812692E-17));
#7884 = VECTOR('',#7885,1.);
#7885 = DIRECTION('',(0.,-1.));
#7886 = ( GEOMETRIC_REPRESENTATION_CONTEXT(2) 
PARAMETRIC_REPRESENTATION_CONTEXT() REPRESENTATION_CONTEXT('2D SPACE',''
  ) );
#7887 = PCURVE('',#3513,#7888);
#7888 = DEFINITIONAL_REPRESENTATION('',(#7889),#7893);
#7889 = LINE('',#7890,#7891);
#7890 = CARTESIAN_POINT('',(0.,0.));
#7891 = VECTOR('',#7892,1.);
#7892 = DIRECTION('',(0.,-1.));
#7893 = ( GEOMETRIC_REPRESENTATION_CONTEXT(2) 
PARAMETRIC_REPRESENTATION_CONTEXT() REPRESENTATION_CONTEXT('2D SPACE',''
  ) );
#7894 = ORIENTED_EDGE('',*,*,#3469,.F.);
#7895 = ADVANCED_FACE('',(#7896),#4073,.T.);
#7896 = FACE_BOUND('',#7897,.T.);
#7897 = EDGE_LOOP('',(#7898,#7919,#7920,#7921));
#7898 = ORIENTED_EDGE('',*,*,#7899,.T.);
#7899 = EDGE_CURVE('',#4030,#5867,#7900,.T.);
#7900 = SURFACE_CURVE('',#7901,(#7905,#7912),.PCURVE_S1.);
#7901 = LINE('',#7902,#7903);
#7902 = CARTESIAN_POINT('',(20.062638841586,6.,-273.));
#7903 = VECTOR('',#7904,1.);
#7904 = DIRECTION('',(0.,-1.,1.110223024625E-16));
#7905 = PCURVE('',#4073,#7906);
#7906 = DEFINITIONAL_REPRESENTATION('',(#7907),#7911);
#7907 = LINE('',#7908,#7909);
#7908 = CARTESIAN_POINT('',(-0.,0.));
#7909 = VECTOR('',#7910,1.);
#7910 = DIRECTION('',(0.,-1.));
#7911 = ( GEOMETRIC_REPRESENTATION_CONTEXT(2) 
PARAMETRIC_REPRESENTATION_CONTEXT() REPRESENTATION_CONTEXT('2D SPACE',''
  ) );
#7912 = PCURVE('',#4045,#7913);
#7913 = DEFINITIONAL_REPRESENTATION('',(#7914),#7918);
#7914 = LINE('',#7915,#7916);
#7915 = CARTESIAN_POINT('',(3.93580013476,7.367775877737E-19));
#7916 = VECTOR('',#7917,1.);
#7917 = DIRECTION('',(0.,-1.));
#7918 = ( GEOMETRIC_REPRESENTATION_CONTEXT(2) 
PARAMETRIC_REPRESENTATION_CONTEXT() REPRESENTATION_CONTEXT('2D SPACE',''
  ) );
#7919 = ORIENTED_EDGE('',*,*,#5889,.T.);
#7920 = ORIENTED_EDGE('',*,*,#7845,.F.);
#7921 = ORIENTED_EDGE('',*,*,#4057,.F.);
#7922 = ADVANCED_FACE('',(#7923),#3513,.T.);
#7923 = FACE_BOUND('',#7924,.T.);
#7924 = EDGE_LOOP('',(#7925,#7926,#7927,#7948));
#7925 = ORIENTED_EDGE('',*,*,#7874,.T.);
#7926 = ORIENTED_EDGE('',*,*,#5429,.T.);
#7927 = ORIENTED_EDGE('',*,*,#7928,.F.);
#7928 = EDGE_CURVE('',#3498,#5430,#7929,.T.);
#7929 = SURFACE_CURVE('',#7930,(#7934,#7941),.PCURVE_S1.);
#7930 = LINE('',#7931,#7932);
#7931 = CARTESIAN_POINT('',(42.,6.,-215.));
#7932 = VECTOR('',#7933,1.);
#7933 = DIRECTION('',(0.,-1.,1.110223024625E-16));
#7934 = PCURVE('',#3513,#7935);
#7935 = DEFINITIONAL_REPRESENTATION('',(#7936),#7940);
#7936 = LINE('',#7937,#7938);
#7937 = CARTESIAN_POINT('',(0.523225033841,3.799244752664E-18));
#7938 = VECTOR('',#7939,1.);
#7939 = DIRECTION('',(0.,-1.));
#7940 = ( GEOMETRIC_REPRESENTATION_CONTEXT(2) 
PARAMETRIC_REPRESENTATION_CONTEXT() REPRESENTATION_CONTEXT('2D SPACE',''
  ) );
#7941 = PCURVE('',#3541,#7942);
#7942 = DEFINITIONAL_REPRESENTATION('',(#7943),#7947);
#7943 = LINE('',#7944,#7945);
#7944 = CARTESIAN_POINT('',(0.,0.));
#7945 = VECTOR('',#7946,1.);
#7946 = DIRECTION('',(0.,-1.));
#7947 = ( GEOMETRIC_REPRESENTATION_CONTEXT(2) 
PARAMETRIC_REPRESENTATION_CONTEXT() REPRESENTATION_CONTEXT('2D SPACE',''
  ) );
#7948 = ORIENTED_EDGE('',*,*,#3497,.F.);
#7949 = ADVANCED_FACE('',(#7950),#4045,.T.);
#7950 = FACE_BOUND('',#7951,.T.);
#7951 = EDGE_LOOP('',(#7952,#7973,#7974,#7975));
#7952 = ORIENTED_EDGE('',*,*,#7953,.T.);
#7953 = EDGE_CURVE('',#4002,#5844,#7954,.T.);
#7954 = SURFACE_CURVE('',#7955,(#7959,#7966),.PCURVE_S1.);
#7955 = LINE('',#7956,#7957);
#7956 = CARTESIAN_POINT('',(23.998433381481,6.,-272.9933636974));
#7957 = VECTOR('',#7958,1.);
#7958 = DIRECTION('',(0.,-1.,1.110223024625E-16));
#7959 = PCURVE('',#4045,#7960);
#7960 = DEFINITIONAL_REPRESENTATION('',(#7961),#7965);
#7961 = LINE('',#7962,#7963);
#7962 = CARTESIAN_POINT('',(-0.,0.));
#7963 = VECTOR('',#7964,1.);
#7964 = DIRECTION('',(0.,-1.));
#7965 = ( GEOMETRIC_REPRESENTATION_CONTEXT(2) 
PARAMETRIC_REPRESENTATION_CONTEXT() REPRESENTATION_CONTEXT('2D SPACE',''
  ) );
#7966 = PCURVE('',#4017,#7967);
#7967 = DEFINITIONAL_REPRESENTATION('',(#7968),#7972);
#7968 = LINE('',#7969,#7970);
#7969 = CARTESIAN_POINT('',(36.096766894332,1.521326914262E-17));
#7970 = VECTOR('',#7971,1.);
#7971 = DIRECTION('',(0.,-1.));
#7972 = ( GEOMETRIC_REPRESENTATION_CONTEXT(2) 
PARAMETRIC_REPRESENTATION_CONTEXT() REPRESENTATION_CONTEXT('2D SPACE',''
  ) );
#7973 = ORIENTED_EDGE('',*,*,#5866,.T.);
#7974 = ORIENTED_EDGE('',*,*,#7899,.F.);
#7975 = ORIENTED_EDGE('',*,*,#4029,.F.);
#7976 = ADVANCED_FACE('',(#7977),#3541,.T.);
#7977 = FACE_BOUND('',#7978,.T.);
#7978 = EDGE_LOOP('',(#7979,#7980,#7981,#8002));
#7979 = ORIENTED_EDGE('',*,*,#7928,.T.);
#7980 = ORIENTED_EDGE('',*,*,#5452,.T.);
#7981 = ORIENTED_EDGE('',*,*,#7982,.F.);
#7982 = EDGE_CURVE('',#3526,#5453,#7983,.T.);
#7983 = SURFACE_CURVE('',#7984,(#7988,#7995),.PCURVE_S1.);
#7984 = LINE('',#7985,#7986);
#7985 = CARTESIAN_POINT('',(71.997091273458,6.,-215.0074777596));
#7986 = VECTOR('',#7987,1.);
#7987 = DIRECTION('',(0.,-1.,1.110223024625E-16));
#7988 = PCURVE('',#3541,#7989);
#7989 = DEFINITIONAL_REPRESENTATION('',(#7990),#7994);
#7990 = LINE('',#7991,#7992);
#7991 = CARTESIAN_POINT('',(29.997092205496,8.301980925521E-19));
#7992 = VECTOR('',#7993,1.);
#7993 = DIRECTION('',(0.,-1.));
#7994 = ( GEOMETRIC_REPRESENTATION_CONTEXT(2) 
PARAMETRIC_REPRESENTATION_CONTEXT() REPRESENTATION_CONTEXT('2D SPACE',''
  ) );
#7995 = PCURVE('',#3569,#7996);
#7996 = DEFINITIONAL_REPRESENTATION('',(#7997),#8001);
#7997 = LINE('',#7998,#7999);
#7998 = CARTESIAN_POINT('',(0.,0.));
#7999 = VECTOR('',#8000,1.);
#8000 = DIRECTION('',(0.,-1.));
#8001 = ( GEOMETRIC_REPRESENTATION_CONTEXT(2) 
PARAMETRIC_REPRESENTATION_CONTEXT() REPRESENTATION_CONTEXT('2D SPACE',''
  ) );
#8002 = ORIENTED_EDGE('',*,*,#3525,.F.);
#8003 = ADVANCED_FACE('',(#8004),#4017,.T.);
#8004 = FACE_BOUND('',#8005,.T.);
#8005 = EDGE_LOOP('',(#8006,#8027,#8028,#8029));
#8006 = ORIENTED_EDGE('',*,*,#8007,.T.);
#8007 = EDGE_CURVE('',#3974,#5821,#8008,.T.);
#8008 = SURFACE_CURVE('',#8009,(#8013,#8020),.PCURVE_S1.);
#8009 = LINE('',#8010,#8011);
#8010 = CARTESIAN_POINT('',(56.287330498046,6.,-256.8563347509));
#8011 = VECTOR('',#8012,1.);
#8012 = DIRECTION('',(0.,-1.,1.110223024625E-16));
#8013 = PCURVE('',#4017,#8014);
#8014 = DEFINITIONAL_REPRESENTATION('',(#8015),#8019);
#8015 = LINE('',#8016,#8017);
#8016 = CARTESIAN_POINT('',(-0.,0.));
#8017 = VECTOR('',#8018,1.);
#8018 = DIRECTION('',(0.,-1.));
#8019 = ( GEOMETRIC_REPRESENTATION_CONTEXT(2) 
PARAMETRIC_REPRESENTATION_CONTEXT() REPRESENTATION_CONTEXT('2D SPACE',''
  ) );
#8020 = PCURVE('',#3989,#8021);
#8021 = DEFINITIONAL_REPRESENTATION('',(#8022),#8026);
#8022 = LINE('',#8023,#8024);
#8023 = CARTESIAN_POINT('',(0.535538024153,2.297021769066E-17));
#8024 = VECTOR('',#8025,1.);
#8025 = DIRECTION('',(0.,-1.));
#8026 = ( GEOMETRIC_REPRESENTATION_CONTEXT(2) 
PARAMETRIC_REPRESENTATION_CONTEXT() REPRESENTATION_CONTEXT('2D SPACE',''
  ) );
#8027 = ORIENTED_EDGE('',*,*,#5843,.T.);
#8028 = ORIENTED_EDGE('',*,*,#7953,.F.);
#8029 = ORIENTED_EDGE('',*,*,#4001,.F.);
#8030 = ADVANCED_FACE('',(#8031),#3569,.T.);
#8031 = FACE_BOUND('',#8032,.T.);
#8032 = EDGE_LOOP('',(#8033,#8034,#8035,#8056));
#8033 = ORIENTED_EDGE('',*,*,#7982,.T.);
#8034 = ORIENTED_EDGE('',*,*,#5475,.T.);
#8035 = ORIENTED_EDGE('',*,*,#8036,.F.);
#8036 = EDGE_CURVE('',#3554,#5476,#8037,.T.);
#8037 = SURFACE_CURVE('',#8038,(#8042,#8049),.PCURVE_S1.);
#8038 = LINE('',#8039,#8040);
#8039 = CARTESIAN_POINT('',(95.991955757114,6.,-237.0027719933));
#8040 = VECTOR('',#8041,1.);
#8041 = DIRECTION('',(0.,-1.,1.110223024625E-16));
#8042 = PCURVE('',#3569,#8043);
#8043 = DEFINITIONAL_REPRESENTATION('',(#8044),#8048);
#8044 = LINE('',#8045,#8046);
#8045 = CARTESIAN_POINT('',(32.550675722882,-2.225670499341E-16));
#8046 = VECTOR('',#8047,1.);
#8047 = DIRECTION('',(0.,-1.));
#8048 = ( GEOMETRIC_REPRESENTATION_CONTEXT(2) 
PARAMETRIC_REPRESENTATION_CONTEXT() REPRESENTATION_CONTEXT('2D SPACE',''
  ) );
#8049 = PCURVE('',#3597,#8050);
#8050 = DEFINITIONAL_REPRESENTATION('',(#8051),#8055);
#8051 = LINE('',#8052,#8053);
#8052 = CARTESIAN_POINT('',(-0.,0.));
#8053 = VECTOR('',#8054,1.);
#8054 = DIRECTION('',(0.,-1.));
#8055 = ( GEOMETRIC_REPRESENTATION_CONTEXT(2) 
PARAMETRIC_REPRESENTATION_CONTEXT() REPRESENTATION_CONTEXT('2D SPACE',''
  ) );
#8056 = ORIENTED_EDGE('',*,*,#3553,.F.);
#8057 = ADVANCED_FACE('',(#8058),#3989,.T.);
#8058 = FACE_BOUND('',#8059,.T.);
#8059 = EDGE_LOOP('',(#8060,#8081,#8082,#8083));
#8060 = ORIENTED_EDGE('',*,*,#8061,.T.);
#8061 = EDGE_CURVE('',#3946,#5798,#8062,.T.);
#8062 = SURFACE_CURVE('',#8063,(#8067,#8074),.PCURVE_S1.);
#8063 = LINE('',#8064,#8065);
#8064 = CARTESIAN_POINT('',(56.781288462977,6.,-256.6494374233));
#8065 = VECTOR('',#8066,1.);
#8066 = DIRECTION('',(0.,-1.,1.110223024625E-16));
#8067 = PCURVE('',#3989,#8068);
#8068 = DEFINITIONAL_REPRESENTATION('',(#8069),#8073);
#8069 = LINE('',#8070,#8071);
#8070 = CARTESIAN_POINT('',(-0.,0.));
#8071 = VECTOR('',#8072,1.);
#8072 = DIRECTION('',(0.,-1.));
#8073 = ( GEOMETRIC_REPRESENTATION_CONTEXT(2) 
PARAMETRIC_REPRESENTATION_CONTEXT() REPRESENTATION_CONTEXT('2D SPACE',''
  ) );
#8074 = PCURVE('',#3961,#8075);
#8075 = DEFINITIONAL_REPRESENTATION('',(#8076),#8080);
#8076 = LINE('',#8077,#8078);
#8077 = CARTESIAN_POINT('',(0.535538024153,1.543854297436E-17));
#8078 = VECTOR('',#8079,1.);
#8079 = DIRECTION('',(0.,-1.));
#8080 = ( GEOMETRIC_REPRESENTATION_CONTEXT(2) 
PARAMETRIC_REPRESENTATION_CONTEXT() REPRESENTATION_CONTEXT('2D SPACE',''
  ) );
#8081 = ORIENTED_EDGE('',*,*,#5820,.T.);
#8082 = ORIENTED_EDGE('',*,*,#8007,.F.);
#8083 = ORIENTED_EDGE('',*,*,#3973,.F.);
#8084 = ADVANCED_FACE('',(#8085),#3597,.T.);
#8085 = FACE_BOUND('',#8086,.T.);
#8086 = EDGE_LOOP('',(#8087,#8088,#8089,#8110));
#8087 = ORIENTED_EDGE('',*,*,#8036,.T.);
#8088 = ORIENTED_EDGE('',*,*,#5498,.T.);
#8089 = ORIENTED_EDGE('',*,*,#8090,.F.);
#8090 = EDGE_CURVE('',#3582,#5499,#8091,.T.);
#8091 = SURFACE_CURVE('',#8092,(#8096,#8103),.PCURVE_S1.);
#8092 = LINE('',#8093,#8094);
#8093 = CARTESIAN_POINT('',(87.99393092265,6.,-284.9887226512));
#8094 = VECTOR('',#8095,1.);
#8095 = DIRECTION('',(0.,-1.,1.110223024625E-16));
#8096 = PCURVE('',#3597,#8097);
#8097 = DEFINITIONAL_REPRESENTATION('',(#8098),#8102);
#8098 = LINE('',#8099,#8100);
#8099 = CARTESIAN_POINT('',(48.647917342872,-1.559790303675E-18));
#8100 = VECTOR('',#8101,1.);
#8101 = DIRECTION('',(0.,-1.));
#8102 = ( GEOMETRIC_REPRESENTATION_CONTEXT(2) 
PARAMETRIC_REPRESENTATION_CONTEXT() REPRESENTATION_CONTEXT('2D SPACE',''
  ) );
#8103 = PCURVE('',#3625,#8104);
#8104 = DEFINITIONAL_REPRESENTATION('',(#8105),#8109);
#8105 = LINE('',#8106,#8107);
#8106 = CARTESIAN_POINT('',(0.,0.));
#8107 = VECTOR('',#8108,1.);
#8108 = DIRECTION('',(0.,-1.));
#8109 = ( GEOMETRIC_REPRESENTATION_CONTEXT(2) 
PARAMETRIC_REPRESENTATION_CONTEXT() REPRESENTATION_CONTEXT('2D SPACE',''
  ) );
#8110 = ORIENTED_EDGE('',*,*,#3581,.F.);
#8111 = ADVANCED_FACE('',(#8112),#3961,.T.);
#8112 = FACE_BOUND('',#8113,.T.);
#8113 = EDGE_LOOP('',(#8114,#8135,#8136,#8137));
#8114 = ORIENTED_EDGE('',*,*,#8115,.T.);
#8115 = EDGE_CURVE('',#3918,#5775,#8116,.T.);
#8116 = SURFACE_CURVE('',#8117,(#8121,#8128),.PCURVE_S1.);
#8117 = LINE('',#8118,#8119);
#8118 = CARTESIAN_POINT('',(57.298457525117,6.,-256.5103793905));
#8119 = VECTOR('',#8120,1.);
#8120 = DIRECTION('',(0.,-1.,1.110223024625E-16));
#8121 = PCURVE('',#3961,#8122);
#8122 = DEFINITIONAL_REPRESENTATION('',(#8123),#8127);
#8123 = LINE('',#8124,#8125);
#8124 = CARTESIAN_POINT('',(-0.,0.));
#8125 = VECTOR('',#8126,1.);
#8126 = DIRECTION('',(0.,-1.));
#8127 = ( GEOMETRIC_REPRESENTATION_CONTEXT(2) 
PARAMETRIC_REPRESENTATION_CONTEXT() REPRESENTATION_CONTEXT('2D SPACE',''
  ) );
#8128 = PCURVE('',#3933,#8129);
#8129 = DEFINITIONAL_REPRESENTATION('',(#8130),#8134);
#8130 = LINE('',#8131,#8132);
#8131 = CARTESIAN_POINT('',(0.535538024153,7.63013143415E-18));
#8132 = VECTOR('',#8133,1.);
#8133 = DIRECTION('',(0.,-1.));
#8134 = ( GEOMETRIC_REPRESENTATION_CONTEXT(2) 
PARAMETRIC_REPRESENTATION_CONTEXT() REPRESENTATION_CONTEXT('2D SPACE',''
  ) );
#8135 = ORIENTED_EDGE('',*,*,#5797,.T.);
#8136 = ORIENTED_EDGE('',*,*,#8061,.F.);
#8137 = ORIENTED_EDGE('',*,*,#3945,.F.);
#8138 = ADVANCED_FACE('',(#8139),#3625,.T.);
#8139 = FACE_BOUND('',#8140,.T.);
#8140 = EDGE_LOOP('',(#8141,#8142,#8143,#8164));
#8141 = ORIENTED_EDGE('',*,*,#8090,.T.);
#8142 = ORIENTED_EDGE('',*,*,#5521,.T.);
#8143 = ORIENTED_EDGE('',*,*,#8144,.F.);
#8144 = EDGE_CURVE('',#3610,#5522,#8145,.T.);
#8145 = SURFACE_CURVE('',#8146,(#8150,#8157),.PCURVE_S1.);
#8146 = LINE('',#8147,#8148);
#8147 = CARTESIAN_POINT('',(70.005397247451,6.,-276.9945572069));
#8148 = VECTOR('',#8149,1.);
#8149 = DIRECTION('',(0.,-1.,1.110223024625E-16));
#8150 = PCURVE('',#3625,#8151);
#8151 = DEFINITIONAL_REPRESENTATION('',(#8152),#8156);
#8152 = LINE('',#8153,#8154);
#8153 = CARTESIAN_POINT('',(19.684867917639,6.477658055273E-19));
#8154 = VECTOR('',#8155,1.);
#8155 = DIRECTION('',(0.,-1.));
#8156 = ( GEOMETRIC_REPRESENTATION_CONTEXT(2) 
PARAMETRIC_REPRESENTATION_CONTEXT() REPRESENTATION_CONTEXT('2D SPACE',''
  ) );
#8157 = PCURVE('',#3653,#8158);
#8158 = DEFINITIONAL_REPRESENTATION('',(#8159),#8163);
#8159 = LINE('',#8160,#8161);
#8160 = CARTESIAN_POINT('',(0.,0.));
#8161 = VECTOR('',#8162,1.);
#8162 = DIRECTION('',(0.,-1.));
#8163 = ( GEOMETRIC_REPRESENTATION_CONTEXT(2) 
PARAMETRIC_REPRESENTATION_CONTEXT() REPRESENTATION_CONTEXT('2D SPACE',''
  ) );
#8164 = ORIENTED_EDGE('',*,*,#3609,.F.);
#8165 = ADVANCED_FACE('',(#8166),#3933,.T.);
#8166 = FACE_BOUND('',#8167,.T.);
#8167 = EDGE_LOOP('',(#8168,#8189,#8190,#8191));
#8168 = ORIENTED_EDGE('',*,*,#8169,.T.);
#8169 = EDGE_CURVE('',#3890,#5752,#8170,.T.);
#8170 = SURFACE_CURVE('',#8171,(#8175,#8182),.PCURVE_S1.);
#8171 = LINE('',#8172,#8173);
#8172 = CARTESIAN_POINT('',(57.829567397502,6.,-256.4416532763));
#8173 = VECTOR('',#8174,1.);
#8174 = DIRECTION('',(0.,-1.,1.110223024625E-16));
#8175 = PCURVE('',#3933,#8176);
#8176 = DEFINITIONAL_REPRESENTATION('',(#8177),#8181);
#8177 = LINE('',#8178,#8179);
#8178 = CARTESIAN_POINT('',(-0.,0.));
#8179 = VECTOR('',#8180,1.);
#8180 = DIRECTION('',(0.,-1.));
#8181 = ( GEOMETRIC_REPRESENTATION_CONTEXT(2) 
PARAMETRIC_REPRESENTATION_CONTEXT() REPRESENTATION_CONTEXT('2D SPACE',''
  ) );
#8182 = PCURVE('',#3905,#8183);
#8183 = DEFINITIONAL_REPRESENTATION('',(#8184),#8188);
#8184 = LINE('',#8185,#8186);
#8185 = CARTESIAN_POINT('',(0.535538024153,-3.150506771315E-19));
#8186 = VECTOR('',#8187,1.);
#8187 = DIRECTION('',(0.,-1.));
#8188 = ( GEOMETRIC_REPRESENTATION_CONTEXT(2) 
PARAMETRIC_REPRESENTATION_CONTEXT() REPRESENTATION_CONTEXT('2D SPACE',''
  ) );
#8189 = ORIENTED_EDGE('',*,*,#5774,.T.);
#8190 = ORIENTED_EDGE('',*,*,#8115,.F.);
#8191 = ORIENTED_EDGE('',*,*,#3917,.F.);
#8192 = ADVANCED_FACE('',(#8193),#3653,.T.);
#8193 = FACE_BOUND('',#8194,.T.);
#8194 = EDGE_LOOP('',(#8195,#8196,#8197,#8218));
#8195 = ORIENTED_EDGE('',*,*,#8144,.T.);
#8196 = ORIENTED_EDGE('',*,*,#5544,.T.);
#8197 = ORIENTED_EDGE('',*,*,#8198,.F.);
#8198 = EDGE_CURVE('',#3638,#5545,#8199,.T.);
#8199 = SURFACE_CURVE('',#8200,(#8204,#8211),.PCURVE_S1.);
#8200 = LINE('',#8201,#8202);
#8201 = CARTESIAN_POINT('',(61.717650789896,6.,-258.7788317377));
#8202 = VECTOR('',#8203,1.);
#8203 = DIRECTION('',(0.,-1.,1.110223024625E-16));
#8204 = PCURVE('',#3653,#8205);
#8205 = DEFINITIONAL_REPRESENTATION('',(#8206),#8210);
#8206 = LINE('',#8207,#8208);
#8207 = CARTESIAN_POINT('',(20.012480998459,6.421834764856E-16));
#8208 = VECTOR('',#8209,1.);
#8209 = DIRECTION('',(0.,-1.));
#8210 = ( GEOMETRIC_REPRESENTATION_CONTEXT(2) 
PARAMETRIC_REPRESENTATION_CONTEXT() REPRESENTATION_CONTEXT('2D SPACE',''
  ) );
#8211 = PCURVE('',#3681,#8212);
#8212 = DEFINITIONAL_REPRESENTATION('',(#8213),#8217);
#8213 = LINE('',#8214,#8215);
#8214 = CARTESIAN_POINT('',(0.,0.));
#8215 = VECTOR('',#8216,1.);
#8216 = DIRECTION('',(0.,-1.));
#8217 = ( GEOMETRIC_REPRESENTATION_CONTEXT(2) 
PARAMETRIC_REPRESENTATION_CONTEXT() REPRESENTATION_CONTEXT('2D SPACE',''
  ) );
#8218 = ORIENTED_EDGE('',*,*,#3637,.F.);
#8219 = ADVANCED_FACE('',(#8220),#3905,.T.);
#8220 = FACE_BOUND('',#8221,.T.);
#8221 = EDGE_LOOP('',(#8222,#8243,#8244,#8245));
#8222 = ORIENTED_EDGE('',*,*,#8223,.T.);
#8223 = EDGE_CURVE('',#3862,#5729,#8224,.T.);
#8224 = SURFACE_CURVE('',#8225,(#8229,#8236),.PCURVE_S1.);
#8225 = LINE('',#8226,#8227);
#8226 = CARTESIAN_POINT('',(58.365097903295,6.,-256.4444910005));
#8227 = VECTOR('',#8228,1.);
#8228 = DIRECTION('',(0.,-1.,1.110223024625E-16));
#8229 = PCURVE('',#3905,#8230);
#8230 = DEFINITIONAL_REPRESENTATION('',(#8231),#8235);
#8231 = LINE('',#8232,#8233);
#8232 = CARTESIAN_POINT('',(0.,0.));
#8233 = VECTOR('',#8234,1.);
#8234 = DIRECTION('',(0.,-1.));
#8235 = ( GEOMETRIC_REPRESENTATION_CONTEXT(2) 
PARAMETRIC_REPRESENTATION_CONTEXT() REPRESENTATION_CONTEXT('2D SPACE',''
  ) );
#8236 = PCURVE('',#3877,#8237);
#8237 = DEFINITIONAL_REPRESENTATION('',(#8238),#8242);
#8238 = LINE('',#8239,#8240);
#8239 = CARTESIAN_POINT('',(0.535538024153,-8.254585485815E-18));
#8240 = VECTOR('',#8241,1.);
#8241 = DIRECTION('',(0.,-1.));
#8242 = ( GEOMETRIC_REPRESENTATION_CONTEXT(2) 
PARAMETRIC_REPRESENTATION_CONTEXT() REPRESENTATION_CONTEXT('2D SPACE',''
  ) );
#8243 = ORIENTED_EDGE('',*,*,#5751,.T.);
#8244 = ORIENTED_EDGE('',*,*,#8169,.F.);
#8245 = ORIENTED_EDGE('',*,*,#3889,.F.);
#8246 = ADVANCED_FACE('',(#8247),#3681,.T.);
#8247 = FACE_BOUND('',#8248,.T.);
#8248 = EDGE_LOOP('',(#8249,#8250,#8251,#8272));
#8249 = ORIENTED_EDGE('',*,*,#8198,.T.);
#8250 = ORIENTED_EDGE('',*,*,#5567,.T.);
#8251 = ORIENTED_EDGE('',*,*,#8252,.F.);
#8252 = EDGE_CURVE('',#3666,#5568,#8253,.T.);
#8253 = SURFACE_CURVE('',#8254,(#8258,#8265),.PCURVE_S1.);
#8254 = LINE('',#8255,#8256);
#8255 = CARTESIAN_POINT('',(61.463903927391,6.,-258.3072243745));
#8256 = VECTOR('',#8257,1.);
#8257 = DIRECTION('',(0.,-1.,1.110223024625E-16));
#8258 = PCURVE('',#3681,#8259);
#8259 = DEFINITIONAL_REPRESENTATION('',(#8260),#8264);
#8260 = LINE('',#8261,#8262);
#8261 = CARTESIAN_POINT('',(0.535538024153,-5.235893532755E-17));
#8262 = VECTOR('',#8263,1.);
#8263 = DIRECTION('',(0.,-1.));
#8264 = ( GEOMETRIC_REPRESENTATION_CONTEXT(2) 
PARAMETRIC_REPRESENTATION_CONTEXT() REPRESENTATION_CONTEXT('2D SPACE',''
  ) );
#8265 = PCURVE('',#3709,#8266);
#8266 = DEFINITIONAL_REPRESENTATION('',(#8267),#8271);
#8267 = LINE('',#8268,#8269);
#8268 = CARTESIAN_POINT('',(0.,0.));
#8269 = VECTOR('',#8270,1.);
#8270 = DIRECTION('',(0.,-1.));
#8271 = ( GEOMETRIC_REPRESENTATION_CONTEXT(2) 
PARAMETRIC_REPRESENTATION_CONTEXT() REPRESENTATION_CONTEXT('2D SPACE',''
  ) );
#8272 = ORIENTED_EDGE('',*,*,#3665,.F.);
#8273 = ADVANCED_FACE('',(#8274),#3877,.T.);
#8274 = FACE_BOUND('',#8275,.T.);
#8275 = EDGE_LOOP('',(#8276,#8297,#8298,#8299));
#8276 = ORIENTED_EDGE('',*,*,#8277,.T.);
#8277 = EDGE_CURVE('',#3834,#5706,#8278,.T.);
#8278 = SURFACE_CURVE('',#8279,(#8283,#8290),.PCURVE_S1.);
#8279 = LINE('',#8280,#8281);
#8280 = CARTESIAN_POINT('',(58.895449625535,6.,-256.5188416968));
#8281 = VECTOR('',#8282,1.);
#8282 = DIRECTION('',(0.,-1.,1.110223024625E-16));
#8283 = PCURVE('',#3877,#8284);
#8284 = DEFINITIONAL_REPRESENTATION('',(#8285),#8289);
#8285 = LINE('',#8286,#8287);
#8286 = CARTESIAN_POINT('',(0.,0.));
#8287 = VECTOR('',#8288,1.);
#8288 = DIRECTION('',(0.,-1.));
#8289 = ( GEOMETRIC_REPRESENTATION_CONTEXT(2) 
PARAMETRIC_REPRESENTATION_CONTEXT() REPRESENTATION_CONTEXT('2D SPACE',''
  ) );
#8290 = PCURVE('',#3849,#8291);
#8291 = DEFINITIONAL_REPRESENTATION('',(#8292),#8296);
#8292 = LINE('',#8293,#8294);
#8293 = CARTESIAN_POINT('',(0.535538024153,-1.604615634649E-17));
#8294 = VECTOR('',#8295,1.);
#8295 = DIRECTION('',(0.,-1.));
#8296 = ( GEOMETRIC_REPRESENTATION_CONTEXT(2) 
PARAMETRIC_REPRESENTATION_CONTEXT() REPRESENTATION_CONTEXT('2D SPACE',''
  ) );
#8297 = ORIENTED_EDGE('',*,*,#5728,.T.);
#8298 = ORIENTED_EDGE('',*,*,#8223,.F.);
#8299 = ORIENTED_EDGE('',*,*,#3861,.F.);
#8300 = ADVANCED_FACE('',(#8301),#3709,.T.);
#8301 = FACE_BOUND('',#8302,.T.);
#8302 = EDGE_LOOP('',(#8303,#8304,#8305,#8326));
#8303 = ORIENTED_EDGE('',*,*,#8252,.T.);
#8304 = ORIENTED_EDGE('',*,*,#5590,.T.);
#8305 = ORIENTED_EDGE('',*,*,#8306,.F.);
#8306 = EDGE_CURVE('',#3694,#5591,#8307,.T.);
#8307 = SURFACE_CURVE('',#8308,(#8312,#8319),.PCURVE_S1.);
#8308 = LINE('',#8309,#8310);
#8309 = CARTESIAN_POINT('',(61.149431994457,6.,-257.8737403739));
#8310 = VECTOR('',#8311,1.);
#8311 = DIRECTION('',(0.,-1.,1.110223024625E-16));
#8312 = PCURVE('',#3709,#8313);
#8313 = DEFINITIONAL_REPRESENTATION('',(#8314),#8318);
#8314 = LINE('',#8315,#8316);
#8315 = CARTESIAN_POINT('',(0.535538024153,-4.812639181882E-17));
#8316 = VECTOR('',#8317,1.);
#8317 = DIRECTION('',(0.,-1.));
#8318 = ( GEOMETRIC_REPRESENTATION_CONTEXT(2) 
PARAMETRIC_REPRESENTATION_CONTEXT() REPRESENTATION_CONTEXT('2D SPACE',''
  ) );
#8319 = PCURVE('',#3737,#8320);
#8320 = DEFINITIONAL_REPRESENTATION('',(#8321),#8325);
#8321 = LINE('',#8322,#8323);
#8322 = CARTESIAN_POINT('',(0.,0.));
#8323 = VECTOR('',#8324,1.);
#8324 = DIRECTION('',(0.,-1.));
#8325 = ( GEOMETRIC_REPRESENTATION_CONTEXT(2) 
PARAMETRIC_REPRESENTATION_CONTEXT() REPRESENTATION_CONTEXT('2D SPACE',''
  ) );
#8326 = ORIENTED_EDGE('',*,*,#3693,.F.);
#8327 = ADVANCED_FACE('',(#8328),#3849,.T.);
#8328 = FACE_BOUND('',#8329,.T.);
#8329 = EDGE_LOOP('',(#8330,#8351,#8352,#8353));
#8330 = ORIENTED_EDGE('',*,*,#8331,.T.);
#8331 = EDGE_CURVE('',#3806,#5683,#8332,.T.);
#8332 = SURFACE_CURVE('',#8333,(#8337,#8344),.PCURVE_S1.);
#8333 = LINE('',#8334,#8335);
#8334 = CARTESIAN_POINT('',(59.411115977272,6.,-256.6633726243));
#8335 = VECTOR('',#8336,1.);
#8336 = DIRECTION('',(0.,-1.,1.110223024625E-16));
#8337 = PCURVE('',#3849,#8338);
#8338 = DEFINITIONAL_REPRESENTATION('',(#8339),#8343);
#8339 = LINE('',#8340,#8341);
#8340 = CARTESIAN_POINT('',(0.,0.));
#8341 = VECTOR('',#8342,1.);
#8342 = DIRECTION('',(0.,-1.));
#8343 = ( GEOMETRIC_REPRESENTATION_CONTEXT(2) 
PARAMETRIC_REPRESENTATION_CONTEXT() REPRESENTATION_CONTEXT('2D SPACE',''
  ) );
#8344 = PCURVE('',#3821,#8345);
#8345 = DEFINITIONAL_REPRESENTATION('',(#8346),#8350);
#8346 = LINE('',#8347,#8348);
#8347 = CARTESIAN_POINT('',(0.535538024153,-2.355009887653E-17));
#8348 = VECTOR('',#8349,1.);
#8349 = DIRECTION('',(0.,-1.));
#8350 = ( GEOMETRIC_REPRESENTATION_CONTEXT(2) 
PARAMETRIC_REPRESENTATION_CONTEXT() REPRESENTATION_CONTEXT('2D SPACE',''
  ) );
#8351 = ORIENTED_EDGE('',*,*,#5705,.T.);
#8352 = ORIENTED_EDGE('',*,*,#8277,.F.);
#8353 = ORIENTED_EDGE('',*,*,#3833,.F.);
#8354 = ADVANCED_FACE('',(#8355),#3737,.T.);
#8355 = FACE_BOUND('',#8356,.T.);
#8356 = EDGE_LOOP('',(#8357,#8358,#8359,#8380));
#8357 = ORIENTED_EDGE('',*,*,#8306,.T.);
#8358 = ORIENTED_EDGE('',*,*,#5613,.T.);
#8359 = ORIENTED_EDGE('',*,*,#8360,.F.);
#8360 = EDGE_CURVE('',#3722,#5614,#8361,.T.);
#8361 = SURFACE_CURVE('',#8362,(#8366,#8373),.PCURVE_S1.);
#8362 = LINE('',#8363,#8364);
#8363 = CARTESIAN_POINT('',(60.779871919661,6.,-257.4861499633));
#8364 = VECTOR('',#8365,1.);
#8365 = DIRECTION('',(0.,-1.,1.110223024625E-16));
#8366 = PCURVE('',#3737,#8367);
#8367 = DEFINITIONAL_REPRESENTATION('',(#8368),#8372);
#8368 = LINE('',#8369,#8370);
#8369 = CARTESIAN_POINT('',(0.535538024153,-4.303117980308E-17));
#8370 = VECTOR('',#8371,1.);
#8371 = DIRECTION('',(0.,-1.));
#8372 = ( GEOMETRIC_REPRESENTATION_CONTEXT(2) 
PARAMETRIC_REPRESENTATION_CONTEXT() REPRESENTATION_CONTEXT('2D SPACE',''
  ) );
#8373 = PCURVE('',#3765,#8374);
#8374 = DEFINITIONAL_REPRESENTATION('',(#8375),#8379);
#8375 = LINE('',#8376,#8377);
#8376 = CARTESIAN_POINT('',(0.,0.));
#8377 = VECTOR('',#8378,1.);
#8378 = DIRECTION('',(0.,-1.));
#8379 = ( GEOMETRIC_REPRESENTATION_CONTEXT(2) 
PARAMETRIC_REPRESENTATION_CONTEXT() REPRESENTATION_CONTEXT('2D SPACE',''
  ) );
#8380 = ORIENTED_EDGE('',*,*,#3721,.F.);
#8381 = ADVANCED_FACE('',(#8382),#3821,.T.);
#8382 = FACE_BOUND('',#8383,.T.);
#8383 = EDGE_LOOP('',(#8384,#8405,#8406,#8407));
#8384 = ORIENTED_EDGE('',*,*,#8385,.T.);
#8385 = EDGE_CURVE('',#3778,#5660,#8386,.T.);
#8386 = SURFACE_CURVE('',#8387,(#8391,#8398),.PCURVE_S1.);
#8387 = LINE('',#8388,#8389);
#8388 = CARTESIAN_POINT('',(59.902853607717,6.,-256.8754930573));
#8389 = VECTOR('',#8390,1.);
#8390 = DIRECTION('',(0.,-1.,1.110223024625E-16));
#8391 = PCURVE('',#3821,#8392);
#8392 = DEFINITIONAL_REPRESENTATION('',(#8393),#8397);
#8393 = LINE('',#8394,#8395);
#8394 = CARTESIAN_POINT('',(0.,0.));
#8395 = VECTOR('',#8396,1.);
#8396 = DIRECTION('',(0.,-1.));
#8397 = ( GEOMETRIC_REPRESENTATION_CONTEXT(2) 
PARAMETRIC_REPRESENTATION_CONTEXT() REPRESENTATION_CONTEXT('2D SPACE',''
  ) );
#8398 = PCURVE('',#3793,#8399);
#8399 = DEFINITIONAL_REPRESENTATION('',(#8400),#8404);
#8400 = LINE('',#8401,#8402);
#8401 = CARTESIAN_POINT('',(0.535538024153,-3.063190444866E-17));
#8402 = VECTOR('',#8403,1.);
#8403 = DIRECTION('',(0.,-1.));
#8404 = ( GEOMETRIC_REPRESENTATION_CONTEXT(2) 
PARAMETRIC_REPRESENTATION_CONTEXT() REPRESENTATION_CONTEXT('2D SPACE',''
  ) );
#8405 = ORIENTED_EDGE('',*,*,#5682,.T.);
#8406 = ORIENTED_EDGE('',*,*,#8331,.F.);
#8407 = ORIENTED_EDGE('',*,*,#3805,.F.);
#8408 = ADVANCED_FACE('',(#8409),#3765,.T.);
#8409 = FACE_BOUND('',#8410,.T.);
#8410 = EDGE_LOOP('',(#8411,#8412,#8413,#8434));
#8411 = ORIENTED_EDGE('',*,*,#8360,.T.);
#8412 = ORIENTED_EDGE('',*,*,#5636,.T.);
#8413 = ORIENTED_EDGE('',*,*,#8414,.F.);
#8414 = EDGE_CURVE('',#3750,#5637,#8415,.T.);
#8415 = SURFACE_CURVE('',#8416,(#8420,#8427),.PCURVE_S1.);
#8416 = LINE('',#8417,#8418);
#8417 = CARTESIAN_POINT('',(60.361848089871,6.,-257.1514007242));
#8418 = VECTOR('',#8419,1.);
#8419 = DIRECTION('',(0.,-1.,1.110223024625E-16));
#8420 = PCURVE('',#3765,#8421);
#8421 = DEFINITIONAL_REPRESENTATION('',(#8422),#8426);
#8422 = LINE('',#8423,#8424);
#8423 = CARTESIAN_POINT('',(0.535538024153,-3.716463126632E-17));
#8424 = VECTOR('',#8425,1.);
#8425 = DIRECTION('',(0.,-1.));
#8426 = ( GEOMETRIC_REPRESENTATION_CONTEXT(2) 
PARAMETRIC_REPRESENTATION_CONTEXT() REPRESENTATION_CONTEXT('2D SPACE',''
  ) );
#8427 = PCURVE('',#3793,#8428);
#8428 = DEFINITIONAL_REPRESENTATION('',(#8429),#8433);
#8429 = LINE('',#8430,#8431);
#8430 = CARTESIAN_POINT('',(0.,0.));
#8431 = VECTOR('',#8432,1.);
#8432 = DIRECTION('',(0.,-1.));
#8433 = ( GEOMETRIC_REPRESENTATION_CONTEXT(2) 
PARAMETRIC_REPRESENTATION_CONTEXT() REPRESENTATION_CONTEXT('2D SPACE',''
  ) );
#8434 = ORIENTED_EDGE('',*,*,#3749,.F.);
#8435 = ADVANCED_FACE('',(#8436),#3793,.T.);
#8436 = FACE_BOUND('',#8437,.T.);
#8437 = EDGE_LOOP('',(#8438,#8439,#8440,#8441));
#8438 = ORIENTED_EDGE('',*,*,#8414,.T.);
#8439 = ORIENTED_EDGE('',*,*,#5659,.T.);
#8440 = ORIENTED_EDGE('',*,*,#8385,.F.);
#8441 = ORIENTED_EDGE('',*,*,#3777,.F.);
#8442 = ADVANCED_FACE('',(#8443),#4802,.F.);
#8443 = FACE_BOUND('',#8444,.T.);
#8444 = EDGE_LOOP('',(#8445,#8466,#8467,#8468));
#8445 = ORIENTED_EDGE('',*,*,#8446,.T.);
#8446 = EDGE_CURVE('',#4782,#6489,#8447,.T.);
#8447 = SEAM_CURVE('',#8448,(#8452,#8459),.PCURVE_S1.);
#8448 = LINE('',#8449,#8450);
#8449 = CARTESIAN_POINT('',(48.5,6.,-239.));
#8450 = VECTOR('',#8451,1.);
#8451 = DIRECTION('',(0.,-1.,1.110223024625E-16));
#8452 = PCURVE('',#4802,#8453);
#8453 = DEFINITIONAL_REPRESENTATION('',(#8454),#8458);
#8454 = LINE('',#8455,#8456);
#8455 = CARTESIAN_POINT('',(-0.,0.));
#8456 = VECTOR('',#8457,1.);
#8457 = DIRECTION('',(-0.,-1.));
#8458 = ( GEOMETRIC_REPRESENTATION_CONTEXT(2) 
PARAMETRIC_REPRESENTATION_CONTEXT() REPRESENTATION_CONTEXT('2D SPACE',''
  ) );
#8459 = PCURVE('',#4802,#8460);
#8460 = DEFINITIONAL_REPRESENTATION('',(#8461),#8465);
#8461 = LINE('',#8462,#8463);
#8462 = CARTESIAN_POINT('',(-6.28318530718,0.));
#8463 = VECTOR('',#8464,1.);
#8464 = DIRECTION('',(-0.,-1.));
#8465 = ( GEOMETRIC_REPRESENTATION_CONTEXT(2) 
PARAMETRIC_REPRESENTATION_CONTEXT() REPRESENTATION_CONTEXT('2D SPACE',''
  ) );
#8466 = ORIENTED_EDGE('',*,*,#6488,.T.);
#8467 = ORIENTED_EDGE('',*,*,#8446,.F.);
#8468 = ORIENTED_EDGE('',*,*,#4781,.F.);
#8469 = ADVANCED_FACE('',(#8470),#4837,.F.);
#8470 = FACE_BOUND('',#8471,.T.);
#8471 = EDGE_LOOP('',(#8472,#8493,#8494,#8495));
#8472 = ORIENTED_EDGE('',*,*,#8473,.T.);
#8473 = EDGE_CURVE('',#4817,#6519,#8474,.T.);
#8474 = SEAM_CURVE('',#8475,(#8479,#8486),.PCURVE_S1.);
#8475 = LINE('',#8476,#8477);
#8476 = CARTESIAN_POINT('',(-25.5,6.,-239.));
#8477 = VECTOR('',#8478,1.);
#8478 = DIRECTION('',(0.,-1.,1.110223024625E-16));
#8479 = PCURVE('',#4837,#8480);
#8480 = DEFINITIONAL_REPRESENTATION('',(#8481),#8485);
#8481 = LINE('',#8482,#8483);
#8482 = CARTESIAN_POINT('',(-0.,0.));
#8483 = VECTOR('',#8484,1.);
#8484 = DIRECTION('',(-0.,-1.));
#8485 = ( GEOMETRIC_REPRESENTATION_CONTEXT(2) 
PARAMETRIC_REPRESENTATION_CONTEXT() REPRESENTATION_CONTEXT('2D SPACE',''
  ) );
#8486 = PCURVE('',#4837,#8487);
#8487 = DEFINITIONAL_REPRESENTATION('',(#8488),#8492);
#8488 = LINE('',#8489,#8490);
#8489 = CARTESIAN_POINT('',(-6.28318530718,0.));
#8490 = VECTOR('',#8491,1.);
#8491 = DIRECTION('',(-0.,-1.));
#8492 = ( GEOMETRIC_REPRESENTATION_CONTEXT(2) 
PARAMETRIC_REPRESENTATION_CONTEXT() REPRESENTATION_CONTEXT('2D SPACE',''
  ) );
#8493 = ORIENTED_EDGE('',*,*,#6518,.T.);
#8494 = ORIENTED_EDGE('',*,*,#8473,.F.);
#8495 = ORIENTED_EDGE('',*,*,#4816,.F.);
#8496 = ( GEOMETRIC_REPRESENTATION_CONTEXT(3) 
GLOBAL_UNCERTAINTY_ASSIGNED_CONTEXT((#8500)) 
GLOBAL_UNIT_ASSIGNED_CONTEXT((#8497,#8498,#8499)) REPRESENTATION_CONTEXT
('Context #1','3D Context with UNIT and UNCERTAINTY') );
#8497 = ( LENGTH_UNIT() NAMED_UNIT(*) SI_UNIT(.MILLI.,.METRE.) );
#8498 = ( NAMED_UNIT(*) PLANE_ANGLE_UNIT() SI_UNIT($,.RADIAN.) );
#8499 = ( NAMED_UNIT(*) SI_UNIT($,.STERADIAN.) SOLID_ANGLE_UNIT() );
#8500 = UNCERTAINTY_MEASURE_WITH_UNIT(LENGTH_MEASURE(1.E-07),#8497,
  'distance_accuracy_value','confusion accuracy');
#8501 = CONTEXT_DEPENDENT_SHAPE_REPRESENTATION(#8502,#8504);
#8502 = ( REPRESENTATION_RELATIONSHIP('','',#2521,#10) 
REPRESENTATION_RELATIONSHIP_WITH_TRANSFORMATION(#8503) 
SHAPE_REPRESENTATION_RELATIONSHIP() );
#8503 = ITEM_DEFINED_TRANSFORMATION('','',#11,#19);
#8504 = PRODUCT_DEFINITION_SHAPE('Placement','Placement of an item',
  #8505);
#8505 = NEXT_ASSEMBLY_USAGE_OCCURRENCE('104','','',#5,#2516,$);
#8506 = PRODUCT_RELATED_PRODUCT_CATEGORY('part',$,(#2518));
ENDSEC;
END-ISO-10303-21;
